reason_type,bitmap_index,max_cost,mean_cost,min_cost,std_cost,n_samples,robustness
anti_reasons,11011001111011011001100110110110110110110110110110111100111100111101111111111111111111111110111111111111111111110110110110110110110111100110110111011011101101101101100011000110001101100110001101100011011001101100110110110110110111110111111111111111011101111111111111011111111101111111111111111111011101111111110111111111111101111111111111111111100111100110011011011000110110001100110011001101101101101101101101101100110110111011101101111100110110110110110110110,102.57620966296753,84.03281403315275,79.71102448695731,7.046820761849503,10,0.7996558405020165
anti_reasons,11011001111011011001100110111110110110110110110110111100111100111101111111111111111111111110111111111111111111110110110110110110110111100110110111011011101101101101100011000110001101100110001101100011011001101100110110110110110111110111111111111111011101111111111111011111111001111111111111111100011101111110000111111111111101111111111111111111111111100110011011011000110110001100110011001101101101101101101101101100110110111011101101111100110110110110110110110,102.54944679547408,84.07534599026164,79.62829384087291,6.996417589952127,10,0.7997081117275897
anti_reasons,11011011111011011001100110110110110110110110110110111101111100111100111111111110111110111111111111111111110111111110110110110110110111100110110111011011101101111101100011000110001101100110001101100011011001101100110110110110110111110110111111111111111101111111111111111111011111110111111011111111111101111111111111111111111101111110111111111111111111100110011011011000110110001100110011001101101101101101101101101111110110110011001101101100110110110110110110110,102.44645537511362,83.54479821112685,78.8913007481888,7.121639347076889,10,0.7999092668454812
anti_reasons,11011001111011011001100110110110110110110110110110111100111100111101111111111111101111111110111111111111111111110110110110110110110111100110110111011011101101101101100011000110001101100110001101100011011001101100110110110110110111110111111111111111011101111111111111011111111101111111111111101111011101111110000111111111111101111111111111111111111111100110011011011000110110001100110011001101101101101101101101101100110110111011101101111100110110110110110110110,102.4363030384844,83.68110340294888,79.40815936928432,7.114573704496525,10,0.7999290956279601
anti_reasons,11011001111011011001100110111110110110110110110110111100111100111101111111111111111111111110111111111111111111110110110110110110110111100110110111011011101101101101100011000110001101100110001101100011011001101100110110110110110111110111111111111111011101111111111111011111111101111110111111111110011101111111110111111111111101111111111111111111000111100110011011011000110110001100110011001101101101101101101101101100110110011011101101111100110110110110110110110,102.26574074914734,83.77101935398272,79.2975373510859,7.016315152555454,10,0.8002622250993217
anti_reasons,11011011111011011001100110110110110110110110110110111101111100111100111111111110111110111111111111111111110111111110110110110110110111100110110111011011101101111101100011000110001101100110001101100011011001101100110110110110110111110110111111111111111101111111111111111111011111110111111011111111111101111110001111111111111101111110111111111111111111100110011011011000110110001100110011001101101101101101101101101111110110110011001101101100110110110110110110110,102.24414136447353,83.29814993079266,78.70531984473853,7.14828198521973,10,0.8003044113975126
anti_reasons,11011001111011011001100110111110110110110110110110111100111100111101111111111111111111111110111111111111111111100110110110110110110111100110110111011011101101101101100011000110001101100110001101100011011001101100110110110110110111110111111111111111011101111111111111011111111101111111111111111111011101111111100111111111111101111111111111111111100111100110011011011000110110001100110011001101101101101101101101101100110110011011101101111100110110110110110110110,102.13742079839116,83.63244310182691,79.14960618195086,6.962808544904326,10,0.8005128500031422
anti_reasons,11011001111011011001100110111110110110110110110110111100111100111101111111111111101111111110111111111111111111110110110110110110110111100110110111011011101101101101100011000110001101100110001101100011011001101100110110110110110111110111111111111111011101111111111111011111111001111111111111111111011101111111000111111111111101101111111111111111000111100110011011011000110110001100110011001101101101101101101101101100110110111011101101111100110110110110110110110,102.05878292617331,83.60560124377716,79.27228291344437,6.997460973507164,10,0.8006664395973178
anti_reasons,11011001111011011001100110110110110110110110110110111100111100111101111111111111111111111110111111111111111111110110110110110110110111100110110111011011101101101101100011000110001101100110001101100011011001101100110110110110110111110111111111111111011101111111111111011111111101111111111111101111011101111100000111111111111001111111111111111111100111100110011011011000110110001100110011001101101101101101101101101100110110111011101101111100110110110110110110110,102.02521070639617,83.34081816710442,78.6429326050282,7.135819891244165,10,0.80073201033907
anti_reasons,11011001111011011001100110110110110110110110110110111100111100111101111111111101111111111110111111111111111111110110110110110110110111100110110111011011101101101101100011000110001101100110001101100011011001101100110110110110110111110111111111111111011101111001111111011111111101111111111111111111011101111100000111110011111101111111111111111111110111100110011011011000110110001100110011001101101101101101101101101100110110111011101101111100110110110110110110110,101.98982473281747,83.23248667142526,78.63001369921466,7.144889557674503,10,0.8008011235687159
anti_reasons,11011011111011011001100110110110110110110110110110111101101100111100111111111110111110111111111111111111110111111110110110110110110111100110110111011011101101111101100011000110001101100110001101100011011001101100110110110110110111110110111111111111111101111111111111111111011111110111111011111111111101111111101111111111111101111110111111111111111111100110011011011000110110001100110011001101101101101101101101101111110110110011001101101100110110110110110110110,101.98720454735847,82.82597318810178,78.37287623190973,7.173008334367156,10,0.8008062411184405
anti_reasons,11011001111011011001100110111110110110110110110110111100111100111101111111111111111111111110111111111111111111110110110110110110110111100110110111011011101101101101100011000110001101100110001101100011011001101100110110110110110111110111111111111111011001111111111111011110111101111111111111111111011101111111000111110011111101111111111111111100000111100110011011011000110110001100110011001101101101101101101101101100110110111011101101111100110110110110110110110,101.93468393635578,83.5010195087527,78.94041896678985,7.021408815922329,10,0.8009088204368051
anti_reasons,11011011111011011001100110110110110110110110110110111101111100111100111111111110111110111111111111111111110111111110110110110110110111100110110111011011101101111101100011000110001101100110001101100011011001101100110110110110110111110111111111111111111101111111111111111111011101110111111011111111111101111110001111111111111101111110111111111111111111100110011011011000110110001100110011001101101101101101101101101110110110110011011101101100110110110110110110110,101.78287238448424,83.32446159929506,78.9186928941812,6.959114288899976,10,0.8012053273740543
anti_reasons,11011011111011011001100110110110110110110110110110111101111100111100111111111110111110111111111111111111110111111110110110110110110111100110110111011011101101111101100011000110001101100110001101100011011001101100110110110110110111110110111111111111111101111111110111111111011111110111111011101111111101111111001111111011111101111110111111111111111111100110011011011000110110001100110011001101101101101101101101101110110110110011001101101100110110110110110110110,101.68259915123146,82.4864386661913,77.97949292416226,7.274829310530234,10,0.8014011735327511
anti_reasons,11011011111011011001100110111110110110110110110110111101111100111100111111111110111110111111111111111111110111111110110110110110110111100110110111011011101101111101100011000110001101100110001101100011011001101100110110110110110111110111111111111111111101111111111111111111011101110110111011111111111101111111111111111111111101111110111111111111111111100110011011011000110110001100110011001101101101101101101101101110110110110011001101101100110110110110110110110,101.65497109127271,83.22717421872504,78.54882842313367,6.930121849777906,10,0.801455134587358
anti_reasons,11011011111011011001100110110110110110110110110110111101111100111100111111111110111110111111111111111111110111111110110110110110110111100110110111011011101101111101100011000110001101100110001101100011011001101100110110110110110111110110111111111111111101111111110111111111011111110111111011101111111101111111001111111111111101111110111111111111110111100110011011011000110110001100110011001101101101101101101101101110110110110011001101101100110110110110110110110,101.54536800708554,82.42438496501805,77.90296934289515,7.2555189158728055,10,0.8016692031111611
anti_reasons,11011011111011011001100110110110110110110110110110111101111100111100111111111110111110111111111111111111110111111110110110110110110111100110110111011011101101111101100011000110001101100110001101100011011001101100110110110110110111110110111111111111111101111111110111111111011111110111111011111111111101111111001111111011111101111110111111111111110111100110011011011000110110001100110011001101101101101101101101101110110110110011001101101100110110110110110110110,101.53834753677683,82.42121700178521,77.9029237376779,7.253206864305013,10,0.8016829149672328
anti_reasons,11011011111011011001100110110110110110110110110110111101111100111100111111111110111110111111111111111111110111111110110110110110110111100110110111011011101101111101100011000110001101100110001101100011011001101100110110110110110111110110111111111111111101111111110111111111011111110111111011111111111101111111001111111011111101111110111111111111100111100110011011011000110110001100110011001101101101101101101101101110110110110011001101101100110110110110110110110,101.49444818960588,82.39293062602452,77.85497678649642,7.251096220523483,10,0.801768655879676
anti_reasons,11011011111011011001100110110110110110110110110110111101111100111100111111111110111110111111111111111111110111111110110110110110110111100110110111011011101101111101100011000110001101100110001101100011011001101100110110110110110111110110111111111111111101111111110111111111011111110111111011101111111101111111101111111011111101111110111111111111110111100110011011011000110110001100110011001101101101101101101101101110110110110011001101101100110110110110110110110,101.41121328966281,82.26390855133282,77.604663565925,7.272441434711933,10,0.8019312240436274
anti_reasons,11011001111011011001100110111110110110110110110110111100111100111101111111111111111111111110111111111111101111110110110110110110110111100110110111011011101101101101100011000110001101100110001101100011011001101100110110110110110111110111111111111110011101111101111111011111111101111110111111001111011101111111000111111011111101111111111111111110000111100110011011011000110110001100110011001101101101101101101101101100110110111001101101111100110110110110110110110,101.38995577622741,82.67897040766323,77.72749406659513,7.117611772429966,10,0.8019727426245559
anti_reasons,11011011111011011001100110110110110110110110110110111101111100111100111111111110111110111111111111111111110111111110110110110110110111100110110111011011101101111101100011000110001101100110001101100011011001101100110110110110110111110111111111111111111101111111111111111111011101110111111011111111111101111111101111111111111101111110111111111111110111100110011011011000110110001100110011001101101101101101101101101110110110110011001101101100110110110110110110110,101.26236021332682,82.66708618068678,78.22096093905256,7.029775791233061,10,0.8022219527083461
anti_reasons,11011011111011011001100110110110110110110110110110111101111100111100111111111110111110111111111111111111110111111110110110110110110111100110110111011011101101111101100011000110001101100110001101100011011001101100110110110110110111110111111111111111111101111111111111111111011101110111111011111111110001111111111111111111111101111110111111111111110111100110011011011000110110001100110011001101101101101101101101101110110110110011001101101100110110110110110110110,101.2290744932071,82.61165087063625,78.18598276081083,7.041954587552905,10,0.8022869638804548
anti_reasons,11011011111011011001100110110110110110110110110110111101111100111100111111101110111110111111111111111111110111111110110110110110110111100110110111011011101101111101100011000110001101100110001101100011011001101100110110110110110111110111111111111111111101111111111111111111011101110111111011111111111101111111001111111111111101111110111111111111100111100110011011011000110110001100110011001101101101101101111101101110110110110011001101101100110110110110110110110,101.22499986556004,82.73573546445365,78.3849391936951,6.970837045157831,10,0.802294922137578
anti_reasons,11011011111011011001100110110110110110110110110110111101111100111100111111111110111110111111111111111111110111111110110110110110110111100110110111011011101101111101100011000110001101100110001101100011011001101100110110110110110111110111111111111111111101111111110111111111011101110111111011111111111001111110001111111111111101111110111111111111111111100110011011011000110110001100110011001101101101101101101101101110110110110011001101101100110110110110110110110,101.17438760426157,82.42510890277168,78.05844239214565,7.0949784052067795,10,0.8023937742104266
anti_reasons,11011011111011011001100110110110110110110110110110111101111100111100111111111110111110111101111111111111110111111110110110110110110111100110110111111011101101111101100011000110001101100110001101100011011001101100110110110110110111110111111111111111111101111111111111111111011101110111111011111110111101111111111111111111111101111110111111111100000111100110011011011000110110001100110011001101101101101101101101101110110110110011001101101100110110110110110110110,101.10092585305611,82.51728089236342,78.13573146642818,7.032893734852617,10,0.8025372541932498
anti_reasons,11011011111011011001100110110110110110110110110110111101111100111100111111111110111110111111111111111111110111111110110110110110110111100110110111011011101101111101100011000110001101100110001101100011011001101100110110110110110110110110111111111111111001111111111111111111011111110111110011111110111101111100001111111111111001111110111111111111100111100110011011011000110110001100110011001101101101101101101101101111110110110011001101101100110110110110110110110,101.06282201754806,81.64068464260671,76.78201482162245,7.392741187056386,10,0.8026116757469764
anti_reasons,11011011111011011001100110110110110110110110110110111101111100111100111111111110111110111111111111111111110111111110110110110110110111100110110111011011101101111101100011000110001101100110001101100011011001101100110110110110110111110111111111111111111101111111111111111111011101110110111011111110111101111110001111111111111101111110111111111111000111100110011011011000110110001100110011001101101101101101101111101110110110110011001101101100110110110110110110110,100.95444557210908,82.49003359745332,78.15376739778057,7.004610301226514,10,0.8028233484919745
anti_reasons,11011011111011011001100110110110110110110110110110111101111100111100111111111110111110111111111111111111110111111110110110110110110111100110110111011011101101111101100011000110001101100110001101100011011001101100110110110110110111110111111111111111111101111111111111111111011101110111111011111111111101111100001111111111111101111100111111111111100111100110011011011000110110001100110011001101101101101101101101101110110110110011001101101100110110110110110110110,100.92867504878475,82.2750105245346,77.92575245192232,7.075739723236073,10,0.8028736815453423
anti_reasons,11011011111011011001100110110110110110110110110110111101111100111100111111101110111110111111111111111111110111101110110110110110110111101110110111011011101101111101100011000110001101100110001101100011011001101100110110110110110111110111111111111111111101111111111111111111011101110111111011111111111101111110001111111111111101111110111111111111110111100110011011011000110110001100110011001101101101101101101101101110110110110011001101101100110110110110110110110,100.8342103858909,82.04717446976387,77.78069337950969,7.04757758549457,10,0.8030581828400568
anti_reasons,11011011111011011001100110111110110110110110110110111101111100111100111111111110111110111111111111101101110111111110110110110110110111100110110111011011101101111101100011000110001101100110001101100011011001101100110110110110110111110111111111110111111101111111111111111111011101110111111011101111111101111110001111100011111101111110111111111111111111100110011011011000110110001100110011001101101101101101101101101110110110110011001101101100110110110110110110110,100.80380606005735,82.11832249976598,77.72490297865312,7.007681625143416,10,0.8031175662889505
anti_reasons,11011011111011011001100110110110110110110110110110111101111100111100111111111100111110111111111111111111110111111110110110110110110111100110110111011011101101111101100011000110001101100110001101100011011001101100110110110110110111110111111111111111111101111111111111111110011101110111111011111111111001111111111111111111111101111110111111101111100111100110011011011000110110001100110011001101101101101101101111101110110110110011001101101100110110110110110110110,100.80356862444684,82.31732226958448,78.02564287886261,7.003407291692104,10,0.8031180300303773
anti_reasons,11011011111011011001100110110110110110110110110110111101111100111100111111111110111110111111111111101111110111111110110110110110110111100110110111011011101101111101100011000110001101100110001101100011011001101100110110110110110111110111111111111111111001111111111111111111011101110111111011111111111101111111001111110011111101111110111111111111111111000110011011011000110110001100110011001111101101101101101101101110110110110011001101101100110110110110110110110,100.75352579321888,82.4120707765242,78.24215335018656,6.992243151857853,10,0.8032157699351193
anti_reasons,11011011111011011001100110110110110110110110110110111101111100111100111111111110111110111111111111111101110111101110110110110110111111100110110111011001101101111101100011000110001101100110001101100011011001101100110110110110110111110111111111111111111101111111111111111111011101110111111011111111111001111100001111100011111101111110111111111111000111100110011011011000110110001100110011001101101101101101101101100110110110110011001101101100110110110110110110110,100.58532964091371,81.8091386534425,77.6512394799621,7.044220191073438,10,0.8035442780450904
anti_reasons,11011011111011011001100111110110110110110110110110111101111100111100111111111110111110111111111111111111110111101110110110110110110111100110110111011001101101111101100011000110001101100110001101100011011001101100110110110110110111110111111111111111111101111111111111111111011101110111111011111111110001111111001111111111111101111110111111111110000110000110011011011000110110001100110011001111101101101101101101101110110110110011001101101100110110110110110110110,100.39263022484451,82.45461377380732,78.18533049703034,6.8115909761160545,10,0.8039206440921005
anti_reasons,11011011111011011001100110110110110110110110110110111101111100111100111111111110111110111111111111111111110111111110110110110110110111100110110111011011101101111101100011000110001101100110001101100011011001101100110110110110110111110111111111111110111101111101111111111111011001110111111011111111111101111111001111110011111101111110111111111110000111000110011011011000110110001100110011001101101101101101101101101110110110110011001101101100110110110110110110110,100.12764123663374,81.53528978740933,76.87576081274074,7.10052734324395,10,0.8044382007096997
anti_reasons,11011011011011011001100110110110110110110110110110111101101101101101101101101101100111101101101101100111101101101100110110110110110111100110110011011001101101101101100011000110001101100110001101100011011001101100110110110110110011110110110110011110110011011001100110110110110001101100011110001100110001111000000111100011011011001101101101101100000001100110011011011000110110001100110011001101101101101101101101100110110110110001101101101100110110110110110110110,96.1856196199025,72.79400426740747,64.40529395417971,8.92895908174629,10,0.812137461679878
anti_reasons,11011011011011011001100110110110110110110110110110111101101101101101101101101101100111101101101101100111101101100110110110110110110111100110110011011001101101101101100011000110001101100110001101100011011001101100110110110110110011110110110110011110110011011001100110110110110001101100011110001100110001111000000111100011011011001101101101101100000011000110011011011000110110001100110011001101101101101101101101100110110110110001101101101100110110110110110110110,95.58230483621485,72.40502026470409,63.650697017907824,8.977554938038127,10,0.8133158108667679
anti_reasons,11011011011011011001100110110110110110110110110110111101101101101101101101101101100111101101101101100111101100111100110110110110110111100110110011011001101101101101100011000110001101100110001101100011011001101100110110110110110011110110110110011110110011011001100110110110110001101100011110001100110001111000000111100011011011001101101101101100000011000110011011011000110110001100110011001101101101101101101101100110110110110001101101101100110110110110110110110,95.5359038238188,72.3719062731926,63.57810903012876,8.96571215923168,10,0.8134064378441039
anti_reasons,11011011011011011001100110110110110110110110110110111100111101101101101101101101100111101101101101100111101101101100110110110110110111100110110011011001101101101101100011000110001101100110001101100011011001101100110110110110110011110110110110011110110011011001100110110110110001101100011110001100110001111000000111100011011011001101101101101100000011000110011011011000110110001100110011001101101101101101101101100110110110110001101101101100110110110110110110110,95.43841619355567,72.62174155937893,63.67379527497536,8.817260456497369,10,0.8135968433719616
anti_reasons,11011011011011011001100110110110110110110110110110111101101101101101101101101101100111101101101101100111101101101100110110110110110111100110110011011001101101101101100011000110001101100110001101100011011001101100110110110110110011110110110110011110110011011001100110110110110001101100011110001100110001111000000111100011011011001101100111101100000011000110011011011000110110001100110011001101101101101101101101100110110110110001101101101100110110110110110110110,95.41258506801104,72.13207586566325,64.02364843302645,8.854772732356185,10,0.813647294789041
anti_reasons,11011011011011011001100110110110110110110110110110111101101101101101101101101101101101101101100111101100110110111100110110110110110111100110110011011011001100111101100011000110001101100110001101100011011001101100110110110110110110110110011011011110110011011001100110110110110011001100110001101100110011001100001101100001111001101101101101101100000001100110011011011000110110001100110011001101101101101101101101100110110110110001101100111100110110110110110110110,95.40941709976836,72.50792255999275,63.99815307902848,8.902700660750725,10,0.813653482227015
anti_reasons,11011001111011011001100110110110110110110110110110111101101100111101101101101101100111101100111101101100110110111100110110110110110111100110110011011001101101101101100011000110001101100110001101100011011001101100110110110110110110110110011110110110110011011001100110110110110001101100110110001100110001111000001101100011011011001100111101100110000110000110011011011000110110001100110011001101101101101101101101100110110110011011001100111100110110110110110110110,95.40105854391183,73.27045928359743,63.407375229005346,8.807672768969926,10,0.8136698075314222
anti_reasons,11011011011011011001100110110110110110110110110110111101101101101101101101101101100111101101101101100111101101101100110110110110110111100110110011011001101101101101100011000110001101100110001101100011011001101100110110110110110011110011110110011110110011011001100110110110110000111100011110001100110001111000000111100011011011001101101101101100000011000110011011011000110110001100110011001101101101101101101101100110110110110001101101101100110110110110110110110,95.36369685961313,72.81647168110851,64.73335247918956,8.625443931366727,10,0.8137427795710681
anti_reasons,11011011011011011001100110110110110110110110110110111101101101101101101101101101100111101101101101100111101101101100110110110110110111100110110011011001101101101101100011000110001101100110001101100011011001101100110110110110110011110110110110011110110011011001100110110110110001101100011110001100110001111000000111100011011011001101101101100110000011000110011011011000110110001100110011001101101101101101101101100110110110110001101101101100110110110110110110110,95.33095511320987,71.90933543747687,63.57249429756946,8.924560466321784,10,0.813806728294512
anti_reasons,11011011011011011001100110110110110110110110110110111101101101101101101101101101100111101101101101100111101101101100110110110110110111100110110011011001101101101101100011000110001101100110001101100011011001101100110110110110110011110110011110011110110011011001100110110110110001101100011110001100110001111000000111100011011011001101101101101100000011000110011011011000110110001100110011001101101101101101101101100110110110110001101101101100110110110110110110110,95.32969660602679,72.5330069016687,64.68427554375448,8.662259903619212,10,0.8138091863163539
anti_reasons,11011011011011011001100110110110110110110110110110111101101101101101101101101101100111101101101101100111100111101100110110110110110111100110110011011001101101101101100011000110001101100110001101100011011001101100110110110110110011110110110110011110110011011001100110110110110001101100011110001100110001111000000111100011011011001101101101101100000011000110011011011000110110001100110011001101101101101101101101100110110110110001101101101100110110110110110110110,95.29756438213956,72.15204006022239,63.370110390268486,8.940557415872409,10,0.8138719445661337
anti_reasons,11011011011011011001100110110110110110110110110110111101101101101101101101101101100111101101101101100110111101101100110110110110110111100110110011011001101101101101100011000110001101100110001101100011011001101100110110110110110011110110110110011110110011011001100110110110110001101100011110001100110001111000000111100011011011001101101101101100000011000110011011011000110110001100110011001101101101101101101101100110110110110001101101101100110110110110110110110,95.23127912510509,72.07848955129586,63.30523920833089,8.929214938183211,10,0.8140014079587792
anti_reasons,11011011011011011001100110110110110110110110110110111101101101101101101101101101100110111101101101100111101101101100110110110110110111100110110011011001101101101101100011000110001101100110001101100011011001101100110110110110110011110110110110011110110011011001100110110110110001101100011110001100110001111000000111100011011011001101101101101100000011000110011011011000110110001100110011001101101101101101101101100110110110110001101101101100110110110110110110110,95.20409806682491,72.16050431881192,63.301988726448165,8.874396189505534,10,0.8140544959632325
anti_reasons,11011011011011011001100110110110110110110110110110111101101101101101101101101101100111101101101101100111101101101100110110110110110111100110110011011001101101101101100011000110001101100110001101100011011001101100110110110110110011110110110110011110110011011001100110110110110001101100011110001100110001111000000111100011001111001101101101101100000011000110011011011000110110001100110011001101101101101101101101100110110110110001101101101100110110110110110110110,95.20174490650639,72.03573443713978,63.917595261107714,8.820771675981865,10,0.8140590919794797
anti_reasons,11011011011011011001100110110110110110110110110110111101101101101101101101101101100111101101101101100111101101101100110110110110110111100110110011011001101101101101100011000110001101100110001101100011011001101100110110110110110011110110110110011110110011011001100110110110110001101100011110001100110001111000000111100001111011001101101101101100000011000110011011011000110110001100110011001101101101101101101101100110110110110001101101101100110110110110110110110,95.20110630148359,72.03725930907333,63.91768378091745,8.819317859528747,10,0.8140603392549148
anti_reasons,11011011011011011001100110110110110110110110110110111101101101101101101101101101100111101101101101100111101101101100110110110110110111100110110110011001101101101101100011000110001101100110001101100011011001101100110110110110110011110110110110011110110011011001100110110110110001101100011110001100110001111000000111100011011011001101101101101100000011000110011011011000110110001100110011001101101101101101101101100110110110110001101101101100110110110110110110110,95.19614280195823,71.97405022482732,63.40337919963613,8.894737844831953,10,0.8140700335899254
anti_reasons,11011011011011011001100110110110110110110110110110111101101100111101101101101101100111101101101101100111101101101100110110110110110111100110110011011001101101101101100011000110001101100110001101100011011001101100110110110110110011110110110110011110110011011001100110110110110001101100011110001100110001111000000111100011011011001101101101101100000011000110011011011000110110001100110011001101101101101101101101100110110110110001101101101100110110110110110110110,95.19488744169706,72.47814466437288,63.36941207328946,8.78025956146778,10,0.8140724854654354
anti_reasons,11011011011011011001100110110110110110110110110110111101101101101101101101101101101101101101100111101100110110111100110110110110110111100110110011011011001100111101100011000110001101100110001101100011011001101100110110110110110110110110011011011110110011011001100110110110110011001100110001101100110011001100001101100001111000111101101101101100000011000110011011011000110110001100110011001101101101101101101101100110110110110001101100111100110110110110110110110,95.18727668594002,72.42748608998106,63.8967783735309,8.862617069171518,10,0.8140873502227735
anti_reasons,11011011011011011001100110110110110110110110110110111101101101101101101101101101100111101101101101100111101101101100110110110110110111100110110011011001101101101101100011000110001101100110001101100011011001101100110110110110110011110110110110011110110011011001100110110110110001101100011110001100110001111000000111100011011011001100111101101100000011000110011011011000110110001100110011001101101101101101101101100110110110110001101101101100110110110110110110110,95.16588398657886,71.93458894794918,63.70621808068882,8.861425738036779,10,0.8141291328387131
anti_reasons,11011011011011011001100110110110110110110110110110111101101101101101101101101101100111101101100111100111101101101100110110110110110111100110110011011001101101101101100011000110001101100110001101100011011001101100110110110110110011110110110110011110110011011001100110110110110001101100011110001100110001111000000111100011011011001101101101101100000011000110011011011000110110001100110011001101101101101101101101100110110110110001101101101100110110110110110110110,95.14714767872499,71.98837158750155,63.23725880845764,8.909686456371816,10,0.8141657271899903
anti_reasons,11011001111011011001100110110110110110110110110110111101101101101101101101101101100111101101101101100111101101101100110110110110110111100110110011011001101101101101100011000110001101100110001101100011011001101100110110110110110011110110110110011110110011011001100110110110110001101100011110001100110001111000000111100011011011001101101101101100000011000110011011011000110110001100110011001101101101101101101101100110110110110001101101101100110110110110110110110,95.13693544022775,72.58633205656203,64.49469200877293,8.607151761627405,10,0.8141856729683052
anti_reasons,11011011011011011001100110110110110110110110110110111101101101101101101101101101100111101101101101100111101101101100110110110110110111100110110011011001101101101101100011000110001101100110001101100011011001101100110110110110110011110110110110011110110011011001100110110011110001101100011110001100110001111000000111100011011011001101101101101100000011000110011011011000110110001100110011001101101101101101101101100110110110110001101101101100110110110110110110110,95.11861659829928,71.94756514117111,63.76313519012222,8.819115292841596,10,0.8142214519564467
anti_reasons,11011011011011011001100110110110110110110110110110111101101101101101101101101101100111100111101101100111101101101100110110110110110111100110110011011001101101101101100011000110001101100110001101100011011001101100110110110110110011110110110110011110110011011001100110110110110001101100011110001100110001111000000111100011011011001101101101101100000011000110011011011000110110001100110011001101101101101101101101100110110110110001101101101100110110110110110110110,95.11246037018532,71.98297308013517,63.22159740219661,8.893394082464425,10,0.8142334758394818
anti_reasons,11011011011011011001100110110110110110110110110110111101101101101101101100111101100111101101101101100111101101101100110110110110110111100110110011011001101101101101100011000110001101100110001101100011011001101100110110110110110011110110110110011110110011011001100110110110110001101100011110001100110001111000000111100011011011001101101101101100000011000110011011011000110110001100110011001101101101101101101101100110110110110001101101101100110110110110110110110,95.09644966515052,72.04812683524763,63.22166056058286,8.849890139103097,10,0.8142647467477528
anti_reasons,11011011011011011001100110110110110110110110110110111101101101101101101101101101100111101101101101100111101101101100110110110110110111100110110011011001101101101101100011000110001101100110001101100011011001101100110110110110110011110110110110011110110011011001100110011110110001101100011110001100110001111000000111100011011011001101101101101100000011000110011011011000110110001100110011001101101101101101101101100110110110110001101101101100110110110110110110110,95.09522290296192,71.90496876411167,63.68220120765144,8.832310072987402,10,0.8142671427676524
anti_reasons,11011011011011011001100110110110110110110110110110111101101101101101100111101101100111101101101101100111101101101100110110110110110111100110110011011001101101101101100011000110001101100110001101100011011001101100110110110110110011110110110110011110110011011001100110110110110001101100011110001100110001111000000111100011011011001101101101101100000011000110011011011000110110001100110011001101101101101101101101100110110110110001101101101100110110110110110110110,95.07753244291752,72.05774140438157,63.19957912295946,8.853147728077436,10,0.8143016944474267
anti_reasons,11011011011011011001100110110110110110110110110110111101101101101101101101101101100111101100111101100111101101101100110110110110110111100110110011011001101101101101100011000110001101100110001101100011011001101100110110110110110011110110110110011110110011011001100110110110110001101100011110001100110001111000000111100011011011001101101101101100000011000110011011011000110110001100110011001101101101101101101101100110110110110001101101101100110110110110110110110,95.07714735277723,71.90369737890084,63.18418601251241,8.901583479766687,10,0.814302446576607
anti_reasons,11011011011011011001100110110110110110110110110110111101101101101101101101101100110111101101101101100111101101101100110110110110110111100110110011011001101101101101100011000110001101100110001101100011011001101100110110110110110011110110110110011110110011011001100110110110110001101100011110001100110001111000000111100011011011001101101101101100000011000110011011011000110110001100110011001101101101101101101101100110110110110001101101101100110110110110110110110,95.04664848265135,71.90461729847655,63.16658621779769,8.878231805219533,10,0.8143620146823216
anti_reasons,11011011011011011001100110110110110110110110110110111101101101101101101101101101100111101101101101100111101101101100110110110110110111100110110011011001101101101101100011000110001101100110001101100011011001101100110110110110110011110110110110011110110011011001100110110110110001101100011110001100110001101100000111100011011011001101101101101100000011000110011011011000110110001100110011001101101101101101101101100110110110110001101101101100110110110110110110110,95.03318208002143,71.80100079789767,63.48083798039719,8.864790381359649,10,0.8143883162499581
anti_reasons,11011011011011011001100110110110110110110110110110111101101101101101101101101101100111101101101101100111101101101100110110110110110111100110110011011001101101101101100011000110001101100110001101100011011001101100110110110110110011110110110110011110110011011001100110110110110001101100011110001100110001111000000110110011011011001101101101101100000011000110011011011000110110001100110011001101101101101101101101100110110110110001101101101100110110110110110110110,95.03009356915092,71.81293961567712,63.4986319404855,8.861012157535626,10,0.814394348497752
anti_reasons,11011011011011011001100110110110110110110110110110111101101101101101101101101101100111101101101101100111101101101100110110110110110111100110110011011001101101101101100011000110001101100110001101100011011001101100110110110110110011110110110110011110110011011001100110110110110001101100011110001100110001111000000111100011011001101101101101101100000011000110011011011000110110001100110011001101101101101101101101100110110110110001101101101100110110110110110110110,95.02754826327514,71.80920974316103,63.4765570904997,8.862035099426581,10,0.8143993197982907
anti_reasons,11011011011011011001100110110110110110110110110110111101101101101101101101101101100111101101101101100111101101101100110110110110110111100110110011011011001101101101100011000110001101100110001101100011011001101100110110110110110011110110110110011110110011011001100110110110110001101100011110001100110001111000000111100011011011001101101101101100000011000110011011011000110110001100110011001101101101101101101101100110110110110001101101101100110110110110110110110,95.02649555894018,71.77272279854414,63.19052381455366,8.904785846494697,10,0.814401375861445
anti_reasons,11011011011011011001100110110110110110110110110110111101101101101101101101100111100111101101101101100111101101101100110110110110110111100110110011011001101101101101100011000110001101100110001101100011011001101100110110110110110011110110110110011110110011011001100110110110110001101100011110001100110001111000000111100011011011001101101101101100000011000110011011011000110110001100110011001101101101101101101101100110110110110001101101101100110110110110110110110,95.00824802867572,71.84672502688997,63.13052739159744,8.881070277350943,10,0.8144370155689927
anti_reasons,11011011011011011001100110110110110110110110110110111101101101101101101101101101101101101101100111101100110110111100110110110110110111100110110011011011001100111101100011000110001101100110001101100011011001101100110110110110110110110110011011011110110011011001100110110110110011001100110001101100110011000110001101100001111001101101101101101100000011000110011011011000110110001100110011001101101101101101101101100110110110110001101100111100110110110110110110110,95.00737805245193,72.20619971949066,63.481692312296076,8.900491301365141,10,0.8144387147413048
anti_reasons,11011011011011011001100110110110110110110110110110111101101101101101101101101101100111101101101101100111101101101100110110110110110111100110110011011001101101101101100011000110001101100110001101100011011001101100110110110110110011110110110110011110110011011001100110110110011001101100011110001100110001111000000111100011011011001101101101101100000011000110011011011000110110001100110011001101101101101101101101100110110110110001101101101100110110110110110110110,94.99581445802983,71.79967720072008,63.501220730834675,8.84459032298788,10,0.8144612998866605
anti_reasons,11011011011011011001100110110110110110110110110110111101101101101101101101101101100111101101101101100111101101101100110110110110110111100110110011011001101101101101100011000110001101100110001101100011011001101100110110110110110011110110110110011110110011011001100110110110110001100110011110001100110001111000000111100011011011001101101101101100000011000110011011011000110110001100110011001101101101101101101101100110110110110001101101101100110110110110110110110,94.98842944381005,71.77917147836192,63.449656130371714,8.853886926227224,10,0.8144757237425585
anti_reasons,11011011011011011001100110110110110110110110110110111101101101101101101101101101100111101101101101100111101101101100110110110110110111100110110011011001101101101101100011000110001101100110001101100011011001101100110110110110110011110110110110011110110011011001100110110110110001101100011110001100110001111000000111100011011011001101101101101100000011000110011011011000110110001100110011001101101101101101101101101100110110110001101101101100110110110110110110110,94.97573115548545,71.8818491081191,63.684168069570504,8.808323148979527,10,0.8145005250869425
anti_reasons,11011011011011011001100110110110110110110110110110111101101101101101101101101101100111101101101101100111101101101100110110110110110111100110110011011001101101101101100011000110001101100110001101100011011001101100110110110110110011110110110110011110110011011001100110110110110001101100011011001100110001111000000111100011011011001101101101101100000011000110011011011000110110001100110011001101101101101101101101100110110110110001101101101100110110110110110110110,94.96804633033528,71.73449231048349,63.36220218814828,8.871559580990922,10,0.814515534511064
anti_reasons,11011011011011011001100110110110110110110110110110111101101101101101101101101101100111101101101101100111101101101100110110110110110111100110110011011001101101101101100011000110001101100110001101100011011001101100110110110110110011110110110110011110110011011001100110110110110001101100011110000110110001111000000111100011011011001101101101101100000011000110011011011000110110001100110011001101101101101101101101100110110110110001101101101100110110110110110110110,94.96773176308085,71.73017818810807,63.35950846547273,8.873665159249898,10,0.8145161489002327
anti_reasons,11011011011011011001100110110110110110110110110110111101101101101101101101101101100111101101101101100111101101101100110110110110110111100110110011011001101101101101100011000110001101100110001101100011011001101100110110110110110011110110110110011110011011011001100110110110110001101100011110001100110001111000000111100011011011001101101101101100000011000110011011011000110110001100110011001101101101101101101101100110110110110001101101101100110110110110110110110,94.96738841480203,71.75863116917444,63.42912276239142,8.854908298381245,10,0.8145168195023398
anti_reasons,11011011011011011001100110110110110110110110110110111101101100111101100110111101100111101101101101101101101100111100110110110110110111100110110011011001101100111101100011000110001101100110001101100011011001101100110110110110110011110110110110110110011001111000110011110110110011001100110110000110110011011000000111100011011011001101101101100110000001100110011011011000110110001100110011001101101101101101101101100110110110011001101100111100110110110110110110110,94.93411216863868,72.1371540767885,62.09664287071593,8.950944641417113,10,0.8145818121706276
anti_reasons,11011011011011011001100110110110110110110110110110111101101101101101101101101101101101101101100111101100110110111100110110110110110111100110110011011011001100111101100011000110001101100110001101100011011001101100110110110110110110110110011110011110110011011001100110110110110011001100110001101100110011001100001101100001111001100111101101101100000011000110011011011000110110001100110011001101101101101101101101100110110110110001101100111100110110110110110110110,94.9172937543638,71.76423207385882,62.73855142483697,9.058026351709076,10,0.8146146606360082
anti_reasons,11011011011011011001100110110110110110110110110110111101101101101101101101101101100111101101101101100111101101101100110110110110110111100110110011011001101101101101100011000110001101100110001101100011011001101100110110110110110011110011110110011110110011011001100110110110110001101100011110001100110001111000000111100011011011001101101100111100000011000110011011011000110110001100110011001101101101101101101101100110110110110001101101101100110110110110110110110,94.85693550775554,72.25524289188562,64.50534674072377,8.605308054654103,10,0.8147325478364149
anti_reasons,11011001111011011001100110110110110110110110110110111100111101101101101101101101101101101101101101101101100111101100110110110110110111100110110011011011001101101101100011000110001101100110001101100011011001101100110110110110110110110110110110110110110011011000011011011011110011001100110110001100110001111000001101100001111011001100111101100110000110000110011011011000110110001100110011001101101101101101101101101100110110011001101100111100110110110110110110110,94.8445991288089,72.02520934910379,63.77614543631177,8.726249392641403,10,0.8147566423265451
anti_reasons,11011011011011011001100110110110110110110110110110111101101101101101101101101101101101101101100111101100110110110110110110110110110111100110110011011011001100111101100011000110001101100110001101100011011001101100110110110110110110110110011011011110110011011001100110110110110011001100110001101100110011001100001101100001111001101101101101101100000011000110011011011000110110001100110011001101101101101101101101100110110110110001101100111100110110110110110110110,94.80610231608071,72.11893855728937,63.24355614275659,8.971470091217283,10,0.8148318314139049
anti_reasons,11011011011011011001100110110110110110110110110110111101101101101101101101101101100111101101101101100111101101101100110110110110110111100110110011011001101101101101100011000110001101100110001101100011011001101100110110110110110011110011110011011110110011011001100110110110110001101100011110001100110001111000000111100011011011001101101101101100000011000110011011011000110110001100110011001101101101101101101101100110110110110001101101101100110110110110110110110,94.79266899679993,72.69257023897089,65.27140662923497,8.40188854035732,10,0.8148580683656251
anti_reasons,11011011011011011001100110110110110110110110110110111101101100111101100110111101100111101101101101101101101100111100110110110110110111100110110011011001101100111101100011000110001101100110001101100011011001101100110110110110110011110110110110110110001101111000110011110110110011001100110110000110110011011000000111100011011011001101101101100110000011000110011011011000110110001100110011001101101101101101101101100110110110011001101100111100110110110110110110110,94.6909779197324,72.05020568151892,62.008895268748475,8.898328090180854,10,0.8150566837505226
anti_reasons,11011011011011011001100110110110110110110110110110111101101100111101100110111101100111101101101101101101101100111100110110110110110111100110110011011001101100111101100011000110001101100110001101100011011001101100110110110110110011110110110110110110011001111000110011110110110011001100110110000011110011011000000111100011011011001101101101100110000011000110011011011000110110001100110011001101101101101101101101100110110110011001101100111100110110110110110110110,94.68586719223649,72.02620258787559,61.95116288674193,8.913781089980166,10,0.8150666656401631
anti_reasons,11011011011011011001100110110110110110110110110110111101101100111101100110111101100111101101101101101101101100111100110110110110110111100110110011011001101100111101100011000110001101100110001101100011011001101100110110110110110011110110110110110110011001111000011011110110110011001100110110000110110011011000000111100011011011001101101101100110000011000110011011011000110110001100110011001101101101101101101101100110110110011001101100111100110110110110110110110,94.6808307716807,72.02502316309472,61.947052737703814,8.909644245841807,10,0.8150765023990612
anti_reasons,11011011011011011001100110110110110110110110110110111101101101101101101101101101101101101101100111101100110110111100110110110110110111100110110011011011001100111101100011000110001101100110001101100011011001101100110110110110110110110110011011011110110011011001100110110110110011001100110001101100110011001100001101100001111001101101101100111100000011000110011011011000110110001100110011001101101101101101101101100110110110110001101100111100110110110110110110110,94.62671730727504,71.78790666211412,63.51460675672914,8.852785724857492,10,0.8151821927592284
anti_reasons,11011011011011011001100110110110110110110110110110111101101101101101101101101101100111101101101101100111101101101100110110110110110111100110110011011001101101101101100011000110001101100110001101100011011001101100110110110110110011110011110110011110110011011001100110110110110001101100011110001100110001111000000111100011011011001101101101101100000011000110011011011000110110001100110011001101101101101101101101100110110110110011001101101100110110110110110110110,94.60050632734016,72.31227371887786,64.76305238689244,8.4791019136447,10,0.8152333860794138
anti_reasons,11011011011011011001100110110110110110110110110110111101101101101101101101101101101101101101100111101100110110111100110110110110110111100110110011011011001100111101100011000110001101100110001101100011011001101100110110110110110110110011011011011110110011011001100110110110110011001100110000111100110011001100001101100001111001101101101101101100000011000110011011011000110110001100110011001101101101101101101101100110110110110001101100111100110110110110110110110,94.59495683809253,72.54728212959027,64.3632897511922,8.611466828056948,10,0.8152442249256006
anti_reasons,11011011011011011001100110110110110110110110110110111101101101101101100110111101100111101101101101101101101100111100110110110110110111100110110011011001101100111101100011000110001101100110001101100011011001101100110110110110110011110110110110110110011001111000110011110110110011001100110110000110110011011000000111100011011011000111101101100110000011000110011011011000110110001100110011001101101101101101101101100110110110011001101100111100110110110110110110110,94.58575469799061,71.42663464289578,62.15543666362655,8.964174958552663,10,0.815262197855487
anti_reasons,11011011011011011001100110110110110110110110110110111101101101101101101101101101100111101101101100110111101101101100110110110110110111100110110011011001101101101101100011000110001101100110001101100011011001101100110110110110110011110011110110011110110011011001100110110110110001101100011110001100110001111000000111100011011011001101101101101100000011000110011011011000110110001100110011001101101101101101101101100110110110110001101101101100110110110110110110110,94.5708670537651,72.1295220031579,63.79957593745117,8.637573120343424,10,0.8152912752856151
anti_reasons,11011011011011011001100110110110110110110110110110111101101101101101101101101101100111101101101101100111101101101100110110110110110111100110110011011001101101101101100011000110001101100110001101100011011001101100110110110110110011110011110110011110110011011001100011110110110001101100011110001100110001111000000111100011011011001101101101101100000011000110011011011000110110001100110011001101101101101101101101100110110110110001101101101100110110110110110110110,94.57063669247499,72.13261962179067,64.37504198028546,8.541529033469969,10,0.8152917252100098
anti_reasons,11011011011011011001100110110110110110110110110110111101101101101101101101101101100111101101101101100111101101101100110110110110110111100110110011011001101101101101100011000110001101100110001101100011011001101100110110110110110011110011110110011110110001111001100110110110110001101100011110001100110001111000000111100011011011001101101101101100000011000110011011011000110110001100110011001101101101101101101101100110110110110001101101101100110110110110110110110,94.54609239464017,72.09002292945652,64.30196696546447,8.552694899221608,10,0.8153396632917185
anti_reasons,11011011011011011000110110110110110110110110110110111101101101101101101101101101100111101101101101100111101101101100110110110110110111100110110011011001101101101101100011000110001101100110001101100011011001101100110110110110110011110110110110011110110011011001100110110110110001101100011110001100110001111000000111100011011011000111101101101100000011000110011011011000110110001100110011001101101101101101101101100110110110110001101101101100110110110110110110110,94.54428313417309,71.90019760934767,63.670751826376446,8.65895149228824,10,0.8153431970035682
anti_reasons,11011011011011011001100110110110110110110110110110111101101101101101101101101101100111101101101101100111101101101100110110110110110111100110110011011001101101101101100011000110001101100110001101100011011001101100110110110110110011110011110110011011110011011001100110110110110001101100011110001100110001111000000111100011011011001101101101101100000011000110011011011000110110001100110011001101101101101101101101100110110110110001101101101100110110110110110110110,94.53792547540138,72.08935145686101,64.32167715068627,8.5491850798532,10,0.8153556143058567
anti_reasons,11011011011011011001100110110110110110110110110110111101101101101100111101101101100111101101101101100111101101101100110110110110110111100110110011011001101101101101100011000110001101100110001101100011011001101100110110110110110011110011110110011110110011011001100110110110110001101100011110001100110001111000000111100011011011001101101101101100000011000110011011011000110110001100110011001101101101101101101101100110110110110001101101101100110110110110110110110,94.53246154003216,72.2601672246353,63.786460669236114,8.569192510979917,10,0.8153662860546247
anti_reasons,11011001111011011001100110110110110110110110110110111100111101101101101101101101101101101101101101101101100111100110110110110110110111100110110011011011001101101101100011000110001101100110001101100011011001101100110110110110110110110110110110110110110011011000110011011011110011001100110110001100110001111000001101100001111011001100111101100110000110000110011011011000110110001100110011001101101101101101101101101100110110011001101100111100110110110110110110110,94.49456574207922,71.74835626009417,63.171138633052,8.816294945376354,10,0.8154403012850016
anti_reasons,11011011011011011001100110110110110110110110110110111101101101101101101101101101101101101101100111101100110110111100110110110110110111100110110011011011001100111101100011000110001101100110001101100011011001101100110110110110110110110110011011011110110011011001100110110110110011001100110001101100110011001100000111100001111001101101101101101100000011000110011011011000110110001100110011001101101101101101101101100110110110110001101100111100110110110110110110110,94.48396050903293,71.77634242114826,63.56723252032411,8.798298696364707,10,0.815461014630795
anti_reasons,11011011011011011001100110110110110110110110110110111101101100111101100110111101100111101101101101101101101100111100110110110110110111100110110011011001101100110111100011000110001101100110001101100011011001101100110110110110110011110110110110110110011001111000110011110110110011001100110110000110110011011000000111100011011011001101101101100011000011000110011011011000110110001100110011001101101101101101101101100110110110011001101100111100110110110110110110110,94.48284749858169,71.98958791299066,61.76702188391554,8.901607659287176,10,0.8154631884793326
anti_reasons,11011011011011011001100110110110110110110110110110111101101101101101101101101101100111101101101101100111101101101100110110110110110111100110110011011001101101101101100011000110001101100110001101100011011001101100110110110110110011110011110110011110110011011001100110110110110001101100011110001100011001111000000111100011011011001101101101101100000011000110011011011000110110001100110011001101101101101101101101100110110110110001101101101100110110110110110110110,94.4302798251567,71.92122042114667,63.96207167487227,8.596916126962736,10,0.8155658597164908
anti_reasons,11011011011011011001100110110110110110110110110110111101101101101101101101101101101100111101100111101100110110111100110110110110110111100110110011011011001100111101100011000110001101100110001101100011011001101100110110110110110110110110011011011110110011011001100110110110110011001100110001101100110011001100001101100001111001101101101101101100000011000110011011011000110110001100110011001101101101101101101101100110110110110001101100111100110110110110110110110,94.42789554669078,71.8744226113972,62.89484785129692,8.857843563066192,10,0.8155705165103696
anti_reasons,11011011011011011001100110110110110110110110110110111101101101101101101101101101101101101101100111101100110110111100110110110110110111100110110011011011001100111101100011000110001101100110001101100011011001101100110110110110110110110110011011011110110011011001100110110110110011001100110001101100110011001100001101100001101101101101101101101100000011000110011011011000110110001100110011001101101101101101101101100110110110110001101100111100110110110110110110110,94.42554238637226,71.74965272972506,63.51045438595648,8.794743108505587,10,0.8155751125266166
anti_reasons,11011011011011011001100110110110110110110110110110111101101101101101101101101101101101101101100111101100110110111100110110110110110111100110110110011011001100111101100011000110001101100110001101100011011001101100110110110110110110110110011011011110110011011001100110110110110011001100110001101100110011001100001101100001111001101101101101101100000011000110011011011000110110001100110011001101101101101101101101100110110110110001101100111100110110110110110110110,94.4199402818241,71.6879685174126,62.996238324484885,8.87737491013311,10,0.8155860541370623
anti_reasons,11011011011011011001100110110110110110110110110110111101101101101101101101101101100111101101101101100111101101101100110110110110110111100110110011011001101101101101100011000110001101100110001101100011011001101100110110110110110011110011110110011110110011011000110110110110110001101100011110001100110001111000000111100011011011001101101101101100000011000110011011011000110110001100110011001101101101101101101101100110110110110001101101101100110110110110110110110,94.41891205250053,71.92853819221948,63.98322123765011,8.585138715177495,10,0.8155880623974598
anti_reasons,11011011011011011001100110110110110110110110110110111101101100111101101101101101101101101101100111101100110110111100110110110110110111100110110011011011001100111101100011000110001101100110001101100011011001101100110110110110110110110110011011011110110011011001100110110110110011001100110001101100110011001100001101100001111001101101101101101100000011000110011011011000110110001100110011001101101101101101101101100110110110110001101100111100110110110110110110110,94.41868492156293,72.19206295695815,62.962271198138225,8.755067392898209,10,0.8155885060125724
anti_reasons,11011011011011011001100110110110110110110110110110111101101101101101101101101101100111101101101101100111101101101100110110110110110111100110110011011001101101101101100011000110001101100110001101100011011001101100110110110110110011110011110110011110110011001101100110110110110001101100011110001100110001111000000111100011011011001101101101101100000011000110011011011000110110001100110011001101101101101101101101100110110110110001101101101100110110110110110110110,94.4170625642549,71.92525357943494,63.98052043469296,8.5858428933811,10,0.8155916746791896
anti_reasons,11011011011011011001100110110110110110110110110110111101101101101101101101101101101101101101100111101100110110111100110110110110110111100110110011011011001100111101100011000110001101100110001101100011011001101100110110110110110110110110011011011110110011011001100110110110110011001100110001101100110011001100001101100001111001101100111101101100000011000110011011011000110110001100110011001101101101101101101101100110110110110001101100111100110110110110110110110,94.38968146644473,71.64850724053446,63.299077205537586,8.83596375035301,10,0.8156451533858502
anti_reasons,11011011011011011001100110110110110110110110110110111101101101101101101100111101100110111100111100111100111101101100110110110110110111100110110110011011001100111101100011000110001101100110001101100011011001101100110110110110110110110110110110110110011011011001100011110011110011001100110110001100110011011000001100011011011011001101100111101100000011000110011011011000110110001100110011001101101101101101101101100110110110011001101100111100110110110110110110110,94.372559472579,70.7837929790055,60.01854322309849,9.360493654862337,10,0.8156785947801192
anti_reasons,11011011011011011001100110110110110110110110110110111101101101101101101101101101101101101101100111101100110110111100110110110110110111100110110011011011001100111101100011000110001101100110001101100011011001101100110110110110110011110110011011011110110011011001100110110110110011001100110001101100110011001100001101100001111001101101101101101100000011000110011011011000110110001100110011001101101101101101101101100110110110110001101100111100110110110110110110110,94.37093441066027,72.22544614176743,63.86287420702726,8.66065977477926,10,0.8156817687291792
anti_reasons,11011011011011011001100110110110110110110110110110111101101101101101101100111101100110111100110110111100111101101100110110110110110111100110110110011011001100111101100011000110001101100110001101100011011001101100110110110110110110110110110110110110001111011001100011110011110011001100110110001100110011011000001100011011011011001101100111101100000110000110011011011000110110001100110011001101101101101101101101100110110110011001101100111100110110110110110110110,94.37091444272406,71.11020084731919,60.150819410820475,9.313337703544187,10,0.8156818077290546
anti_reasons,11011011011011011001100110110110110110110110110110111101101101101101101101101101101101101101100111101100110110111100110110110110110111100110110011011011001100111101100011000110001101100110001101100011011001101100110110110110110110110110011011011110110011011001100110110110110011001100110001101100110011001100001101100001111001101101101101101100000011000110011011011000110110001100110011001101101101101101101101100110110110110011001100111100110110110110110110110,94.37028812685966,71.84493748910637,63.7723124028978,8.729406805834452,10,0.8156830310022272
anti_reasons,11011011011011011001100110110110110110110110110110111101101101101101101101101101101101101101100111100110110110111100110110110110110111100110110011011011001100111101100011000110001101100110001101100011011001101100110110110110110110110110011011011110110011011001100110110110110011001100110001101100110011001100001101100001111001101101101101101100000011000110011011011000110110001100110011001101101101101101101101100110110110110001101100111100110110110110110110110,94.36126106646883,71.69668150745674,62.82953129622847,8.90243091450399,10,0.815700661979553
anti_reasons,11011001111011011001100110110110110110110110110110111101101101101101101101101101101101101101100111101100110110111100110110110110110111100110110011011011001100111101100011000110001101100110001101100011011001101100110110110110110110110110011011011110110011011001100110110110110011001100110001101100110011001100001101100001111001101101101101101100000011000110011011011000110110001100110011001101101101101101101101100110110110110001101100111100110110110110110110110,94.36073292009362,72.30025034914732,64.0875511336217,8.574965850524348,10,0.8157016935154422
anti_reasons,11011011011011011001100110110110110110110110110110111101101101101101101100111101100110111100110110111100111101101100110110110110110111100110110110011011001100111101100011000110001101100110001101100011011001101100110110110110110110110110110110110110011011011001100011110011110011001100110110001100110011011000001100001111011011001101100111101100000110000110011011011000110110001100110011001101101101101101101101100110110110011001101100111100110110110110110110110,94.35166903716538,71.06054601934775,60.02779010860799,9.343695144049486,10,0.8157193964117864
anti_reasons,11011011011011011001100110110110110110110110110110111101101101101101101101101101101101101101100111101100110110111100110110110110110111100110110011011011001100111101100011000110001101100110001101100011011001101100110110110110110110110110011011011110110011011001100110110011110011001100110001101100110011001100001101100001111001101101101101101100000011000110011011011000110110001100110011001101101101101101101101100110110110110001101100111100110110110110110110110,94.34241407816515,71.66148343375639,63.355994314970985,8.794693694174017,10,0.8157374725035837
anti_reasons,11011011011011011001100110110110110110110110110110111101101101101101101101101101101101101101100111101100110110111100110110110110110111100110110011011011001100111101100011000110001101100110001101100011011001101100110110110110110110110110011011011110110011011001100110110110110011001100110001101100110011001100001101100001111001101101101101101100000011000110011011011000110110001100110011001101101101101101101101100110110110110001101101101100110110110110110110110,94.34234931410381,71.62442601643733,63.35104271472753,8.82714616636834,10,0.815737598995891
anti_reasons,11011011011011011001100110110110110110110110110110111101101101101101101101101101101101101101100110111100110110111100110110110110110111100110110011011011001100111101100011000110001101100110001101100011011001101100110110110110110110110110011011011110110011011001100110110110110011001100110001101100110011001100001101100001111001101101101101101100000011000110011011011000110110001100110011001101101101101101101101100110110110110001101100111100110110110110110110110,94.3406488532846,71.66218577338641,62.80883595345653,8.897906502074294,10,0.8157409202084285
anti_reasons,11011011011011011001100110110110110110110110110110111101101101101101101101101101101101101101100111101100110110111100110110110110110111100110110011011011001100111101100011000110001101100110001101100011011001101100110110110110110110110110011011011110110011011001100011110110110011001100110001101100110011001100001101100001111001101101101101101100000011000110011011011000110110001100110011001101101101101101101101100110110110110001101100111100110110110110110110110,94.3404184919945,71.66528339201918,63.38430199629083,8.791685364865407,10,0.8157413701328232
anti_reasons,11011011011011011001100110110110110110110110110110111101101101101101101101101101101101101101100111101100110110111100110110110110110111100110110011011011001100111101100011000110001101100110001101100011011001101100110110110110110110110110011011011110110011011001100110110110110011001100011001101100110011001100001101100001111001101101101101101100000011000110011011011000110110001100110011001101101101101101101101100110110110110001101100111100110110110110110110110,94.34003528017594,71.63845110606981,63.31366212812951,8.809744974667149,10,0.8157421185934064
anti_reasons,11011011011011011001100110110110110110110110110110111101101101101101101101101101101101100111100111101100110110111100110110110110110111100110110011011011001100111101100011000110001101100110001101100011011001101100110110110110110110110110011011011110110011011001100110110110110011001100110001101100110011001100001101100001111001101101101101101100000011000110011011011000110110001100110011001101101101101101101101100110110110110001101100111100110110110110110110110,94.33625785005118,71.69689137272046,62.814456527045365,8.875191875558397,10,0.8157494963866188
anti_reasons,11011011011011011001100110110110110110110110110110111101101100111101100110111101100111101101101101101101101100110110110110110110110111100110110011011001101100111101100011000110001101100110001101100011011001101100110110110110110011110110110110110110011001111000110011110110110011001100110110000110110011011000000111100011011011001101101101100110000011000110011011011000110110001100110011001101101101101101101101100110110110011001101100111100110110110110110110110,94.33079738495103,71.7481700740851,61.342045934444045,9.022144550053321,10,0.8157601613575175
anti_reasons,11011001111011011001100110110110110110110110110110111100111101101101101101101101101101101101101101101101100111101100110110110110110111100110110011011011001101101101100011000110001101100110001101100011011001101100110110110110110110110110110110110110110011011000110011011011110011001100110110001100110001111000001101100001111011001100110111100110000110000110011011011000110110001100110011001101101101101101101101101100110110011001101100111100110110110110110110110,94.32484597387541,71.47541186105333,63.544090048170624,8.700201324644919,10,0.8157717852072746
anti_reasons,11011011011011011001100110110110110110110110110110111101101101101101101100111101101101101101100111101100110110111100110110110110110111100110110011011011001100111101100011000110001101100110001101100011011001101100110110110110110110110110011011011110110011011001100110110110110011001100110001101100110011001100001101100001111001101101101101101100000011000110011011011000110110001100110011001101101101101101101101100110110110110001101100111100110110110110110110110,94.32024714501638,71.76204512783292,62.81451968543163,8.826873751341623,10,0.8157807672948899
anti_reasons,11011011011011011001100110110110110110110110110110111101101101101101101101101101101101101101100111101100110110111100110110110110110111100110110011011011001100111101100011000110001101100110001101100011011001101100110110110110110110110110011011011110110011011001100110011110110011001100110001101100110011001100001101100001111001101101101101101100000011000110011011011000110110001100110011001101101101101101101101100110110110110001101100111100110110110110110110110,94.31902038282779,71.61888705669696,63.2750603325002,8.80824024704952,10,0.8157831633147895
anti_reasons,11011011011011011001100110110110110110110110110110111101101101101101101101101101101101101101100111101100110110111100110110110110110111100110110011011011001100111101100011000110001101100110001101100011011001101100110110110110110110110110011011011011110011011001100110110110110011001100110001101100110011001100001101100001111001101101101101101100000011000110011011011000110110001100110011001101101101101101101101100110110110110001101100111100110110110110110110110,94.30770727492089,71.6220152270895,63.33093716669164,8.800419450667146,10,0.8158052592286702
anti_reasons,11011011011011011001100110110110110110110110110110111101101101101100111101101101101101101101100111101100110110111100110110110110110111100110110011011011001100111101100011000110001101100110001101100011011001101100110110110110110110110110011011011110110011011001100110110110110011001100110001101100110011001100001101100001111001101101101101101100000011000110011011011000110110001100110011001101101101101101101101100110110110110001101100111100110110110110110110110,94.30224333955167,71.7928309948638,62.79572068524148,8.828088693341368,10,0.8158159309774382
anti_reasons,11011011011011011001100110110110110110110110110110111101101101101101100111101101101101101101100111101100110110111100110110110110110111100110110011011011001100111101100011000110001101100110001101100011011001101100110110110110110110110110011011011110110011011001100110110110110011001100110001101100110011001100001101100001111001101101101101101100000011000110011011011000110110001100110011001101101101101101101101100110110110110001101100111100110110110110110110110,94.30132992278338,71.77165969696685,62.79243824780823,8.830678094353026,10,0.8158177149945637
anti_reasons,11011011011011011001100110110110110110110110110110111101101101101101101101101101101101101100110111101100110110111100110110110110110111100110110011011011001100111101100011000110001101100110001101100011011001101100110110110110110110110110011011011110110011011001100110110110110011001100110001101100110011001100001101100001111001101101101101101100000011000110011011011000110110001100110011001101101101101101101101100110110110110001101100111100110110110110110110110,94.3009448326431,71.61761567148612,62.77704513736118,8.881644217345434,10,0.815818467123744
anti_reasons,11011011011011011001100110110110110110110110110110111101101101101101101100111101100110111100110110111100111101101100110110110110110111100110110110011011001100111101100011000110001101100110001101100011011001101100110110110110110110110110110110110110011011011001100110110011110011001100110110001100110001111000001100011011011011001101100111101100000110000110011011011000110110001100110011001101101101101101101101100110110110011001101100111100110110110110110110110,94.29268815570768,70.95667903339458,59.827007575919524,9.37779239984259,10,0.8158345934458835
anti_reasons,11011011011011011001100110110110110110110110110110111101101101101101101101101100111101101101100111101100110110111100110110110110110111100110110011011011001100111101100011000110001101100110001101100011011001101100110110110110110110110110011011011110110011011001100110110110110011001100110001101100110011001100001101100001111001101101101101101100000011000110011011011000110110001100110011001101101101101101101101100110110110110001101100111100110110110110110110110,94.27044596251721,71.61853559106183,62.75944534264646,8.855205472761345,10,0.8158780352294586
anti_reasons,11011011011011011001100110110110110110110110110110111101101101101101101101101101101101101101100111101100110110111100110110110110110111100110110011011011001100111101100011000110001101100110001101100011011001101100110110110110110110110110011011011110110011011001100110110110110011001100110001101100110011001100001100110001111001101101101101101100000011000110011011011000110110001100110011001101101101101101101101100110110110110001101100111100110110110110110110110,94.25389104901679,71.5268579082624,63.09149106533427,8.836278302307429,10,0.8159103690448891
anti_reasons,11011011011011011001100110110110110110110110110110111101101101101101101101101101101101101101100111101100110110111100110110110110110111100110110011011011001100111101100011000110001101100110001101100011011001101100110110110110110110110110011011011110110011011001100110110110110001101100110001101100110011001100001101100001111001101101101101101100000011000110011011011000110110001100110011001101101101101101101101100110110110110001101100111100110110110110110110110,94.24169813993213,71.55012762431457,63.16044558102383,8.809781618579452,10,0.8159341833204451
anti_reasons,11011011011011011001100110110110110110110110110110111101101101101101101101100111101101101101100111101100110110111100110110110110110111100110110011011011001100111101100011000110001101100110001101100011011001101100110110110110110110110110011011011110110011011001100110110110110011001100110001101100110011001100001101100001111001101101101101101100000011000110011011011000110110001100110011001101101101101101101101100110110110110001101100111100110110110110110110110,94.23204550854159,71.56064331947525,62.7233865164462,8.857928587857089,10,0.8159530361161297
anti_reasons,11011011011011011001100110110110110110110110110110111101101101101101101101101101101101101101100111101100110110111100110110110110110111100110110011011011001100111101100011000110001101100110001101100011011001101100110110110110110110110110011011011110110011011001100110110110011011001100110001101100110011001100001101100001111001101101101101101100000011000110011011011000110110001100110011001101101101101101101101100110110110110001101100111100110110110110110110110,94.21961193789569,71.51359549330536,63.09407985568344,8.820348045991036,10,0.8159773204337974
anti_reasons,11011011011011011001100110110110110110110110110110111101101101101101101101101101101101101101100111101100110110111100110110110110110111100110110011011011001100111101100011000110001101100110001101100011011001101100110110110110110110110110011011011110110011011001100110110110110011000110110001101100110011001100001101100001111001101101101101101100000011000110011011011000110110001100110011001101101101101101101101100110110110110001101100111100110110110110110110110,94.21222692367591,71.4930897709472,63.04251525522048,8.829392411878445,10,0.8159917442896955
anti_reasons,11011011011011011001100110110110110110110110110110111101101101101101101101101101101101101101100111101100110110111100110110110110110111100110110011011011001100111101100011000110001101100110001101100011011001101100110110110110110110110110011011011110110011011001100110110110110011001100110001101100011011001100001101100001111001101101101101101100000011000110011011011000110110001100110011001101101101101101101101100110110110110001101100111100110110110110110110110,94.20006162467621,71.45388419137518,62.97133169087763,8.848029731959798,10,0.8160155046393043
anti_reasons,11011011011011011001100110110110110110110110110110111101101101101101101101101101101101101101100111101100110110111100110110110110110111100110110011011011001100111101100011000110001101100110001101100011011001101100110110110110110110110110011011011110110011011001100110110110110011001100110001100110110011001100001101100001111001101101101101101100000011000110011011011000110110001100110011001101101101101101101101100110110110110001101100111100110110110110110110110,94.1915292429467,71.44409648069335,62.952367590321494,8.8495452502964,10,0.8160321694473698
anti_reasons,11011011011011011001100110110110110110110110110110111101101101101101101101101101101101101101100111101100110110111100110110110110110111100110110011011011001100111101100011000110001101100110001101100011011001101100110110110110110110110110011011011110011011011001100110110110110011001100110001101100110011001100001101100001111001101101101101101100000011000110011011011000110110001100110011001101101101101101101101100110110110110001101100111100110110110110110110110,94.19118589466788,71.47254946175971,63.02198188724019,8.83210371224464,10,0.8160328400494767
anti_reasons,11011011011011011001100110110110110110110110110110111101101101101101101101101101101101101101100111101100110110111100110110110110110111100110110011011011001100111101100011000110001101100110001101100011011001101100110110110110110110110110011011011110110011011000110110110110110011001100110001101100110011001100001101100001111001101101101101101100000011000110011011011000110110001100110011001101101101101101101101100110110110110001101100111100110110110110110110110,94.18869385202004,71.46120196244797,62.99248125365548,8.836534222006327,10,0.8160377073202734
anti_reasons,11011011011011011001100110110110110110110110110110111100111100111101100110111101100111101101101101101101101100111100110110110110110111100110110011011001101100111101100011000110001101100110001101100011011001101100110110110110110011110110110110110110011001111000110011110110110011001100110110000110110011011000000111100011011011001101101101100110000011000110011011011000110110001100110011001101101101101101101101100110110110011001101100111100110110110110110110110,94.18690874229186,71.96489136875995,61.36514419151159,8.874499859995412,10,0.8160411938627112
anti_reasons,11011011011011011001100110110110110110110110110110111101101101101101101101101101101101101101100111101100110110111100110110110110110111100110110011011011001100111101100011000110001101100110001101100011011001101100110110110110110110110110011011011110110011001101100110110110110011001100110001101100110011001100001101100001111001101101101101101100000011000110011011011000110110001100110011001101101101101101101101100110110110110001101100111100110110110110110110110,94.18684436377441,71.45791734966343,62.989780450698326,8.83743415174922,10,0.8160413196020031
anti_reasons,11011011011011011001100110110110110110110110110110111101101100111101100110111101100111101101101101101101101100111100110110110110110111100110110011011001101100111101100011000110001101100110001101100011011001101100110110110110110011110110110110110110011001111000110011110110110011001100110110000110110011011000000111100011011011001101100111100110000011000110011011011000110110001100110011001101101101101101101101100110110110011001101100111100110110110110110110110,94.16107761674722,71.47522567504426,61.714997349562665,8.868786327792826,10,0.8160916452797906
anti_reasons,11011011011011011001100110110110110110110110110110111101101100111101100110111101100111101101101101101101101100111100110110110110110111100110110011011001101100111101100011000110001101100110001101100011011001101100110110110110110011110110110110110110011001111000110011110110110011001100110110000110110011011000000111100011011011001101101100110110000011000110011011011000110110001100110011001101101101101101101101100110110110011001101100111100110110110110110110110,94.15141237614536,71.41713817890987,61.61309654841659,8.896151470467016,10,0.8161105227028411
anti_reasons,11011001111011011001100110110110110110110110110110111100111101101101101101101101101101101101101101101101100111101100110110110110110111100110110011011011001101101101100011000110001101100110001101100011011001101100110110110110011110110110110110110110110011011000110011011011110011001100110110001100110001111000001101100001111011001100111101100011000110000110011011011000110110001100110011001101101101101101101101101100110110011001101100111100110110110110110110110,94.14678439869887,71.96626257110397,63.825627785425056,8.519035179991127,10,0.8161195617212913
anti_reasons,11011001111011011001100110110110110110110110110110111100111101101101101101101101101101101101101101101100110111101100110110110110110111100110110011011011001101101101100011000110001101100110001101100011011001101100110110110110110110110110110110110110110011011000110011011011110011001100110110001100110001111000001101100001111011001100111101100110000110000110011011011000110110001100110011001101101101101101101101101100110110011001101100111100110110110110110110110,94.14354003096946,71.42182554668594,62.82568082347507,8.766280110696647,10,0.8161258983770128
anti_reasons,11011011011011011001100110110110110110110110110110111100111101101101101101101101101101101101100111101100110110111100110110110110110111100110110011011011001100111101100011000110001101100110001101100011011001101100110110110110110110110011011011011110110011011001100110110110110011001100110001101100110011001100001101100001111001101101101101101100000011000110011011011000110110001100110011001101101101101101101101100110110110110001101100111100110110110110110110110,94.11622935376789,72.51691437432099,63.85025350866753,8.53878164419533,10,0.8161792395434221
anti_reasons,11011001111011011001100110110110110110110110110110111100111101101101101101101101101101101101101101101101100111101100110110110110110111100110110110011011001101101101100011000110001101100110001101100011011001101100110110110110110110110110110110110110110011011000110011011011110011001100110110001100110001111000001101100001111011001100111101100110000110000110011011011000110110001100110011001101101101101101101101101100110110011001101100111100110110110110110110110,94.1084037078226,71.3173862202174,62.9238208147803,8.738026723879365,10,0.816194524008159
anti_reasons,11011001111011011001100110110110110110110110110110111100111100111101101101101101101101101101101101101101100111101100110110110110110111100110110011011011001101101101100011000110001101100110001101100011011001101100110110110110110110110110110110110110110011011000110011011011110011001100110110001100110001111000001101100001111011001100111101100110000110000110011011011000110110001100110011001101101101101101101101101100110110011001101100111100110110110110110110110,94.10714834756143,71.82148065976295,62.88985368843364,8.639859562510656,10,0.8161969758836691
anti_reasons,11011011011011011001100110110110110110110110110110111101101101101101101101101101101101101101100111101100110110111100110110110110110111100110110011011011001100111101100011000110001101100110001101100011011001101100110110110110110110110011011011011110110011011001100110110110110011001100110001101100110011001100001101100001111001101101100111101100000011000110011011011000110110001100110011001101101101101101101101100110110110110001101100111100110110110110110110110,94.09039822822326,72.0272486806053,64.20010666671861,8.564758076126626,10,0.8162296909605015
anti_reasons,11011011011011011001100110110110110110110110110110111101101100111101100110111101100111101101101101101101101100111100110110110110110111100110110011011001101100111101100011000110001101100110001101100011011001101100110110110110110011110110110011110110011001111000110011110110110011001100110110000110110011011000000111100011011011001101101101100110000011000110011011011000110110001100110011001101101101101101101101100110110110011001101100111100110110110110110110110,94.08714586518975,71.85446552599512,62.3791564369278,8.667342309153938,10,0.8162360432320512
anti_reasons,11011011011011011001100110110110110110110110110110111101101100111101100110111101100111101101101101101101101100111100110110110110110111100110110011011001101100111101100011000110001101100110001101100011011001101100110110110110110011110110011110110110011001111000110011110110110011001100110110000110110011011000000111100011011011001101101101100110000011000110011011011000110110001100110011001101101101101101101101100110110110011001101100111100110110110110110110110,94.07818915476297,71.8761567110497,62.37562446029071,8.65811899155691,10,0.8162535368071036
anti_reasons,11011001111011011001100110110110110110110110110110111100111101101101101101101101101101101101101101101101100111101100110110110110110111100110110011011011001101101101100011000110001101100110001101100011011001101100110110110110110110110110110110110110110011011000110011011011110011001100110110001100110001111000001101100001111011001100111101100110000110000110011011011000110110001100110011001101101101101101101101101100110110011011001100111100110110110110110110110,94.05875155285817,71.47435519191117,63.69989489319322,8.594061866540864,10,0.8162915008733239
anti_reasons,11011001111011011001100110110110110110110110110110111100111101101101101101101101101101101101101101100111100111101100110110110110110111100110110011011011001101101101100011000110001101100110001101100011011001101100110110110110110110110110110110110110110011011000110011011011110011001100110110001100110001111000001101100001111011001100111101100110000110000110011011011000110110001100110011001101101101101101101101101100110110011001101100111100110110110110110110110,94.04972449246733,71.32609921026155,62.75711378652389,8.754701564124513,10,0.8163091318506497
anti_reasons,11011011011011011001100110110110110110110110110110111101101100111101100110111101100111101101101101101101100110111100110110110110110111100110110011011001101100111101100011000110001101100110001101100011011001101100110110110110110011110110110110110110011001111000110011110110110011001100110110000110110011011000000111100011011011001101101101100110000011000110011011011000110110001100110011001101101101101101101101100110110110011001101100111100110110110110110110110,94.04605693087574,71.4951898696034,61.06145930680471,8.98031346660781,10,0.8163162950568833
anti_reasons,11011001111011011001100110110110110110110110110110111100111101101101101101101101101101101101101100111101100111101100110110110110110111100110110011011011001101101101100011000110001101100110001101100011011001101100110110110110110110110110110110110110110011011000110011011011110011001100110110001100110001111000001101100001111011001100111101100110000110000110011011011000110110001100110011001101101101101101101101101100110110011001101100111100110110110110110110110,94.0291122792831,71.29160347619121,62.73641844375195,8.753048681705467,10,0.8163493900795252
anti_reasons,11011001111011011001100110110110110110110110110110111100111101101101101101101101101101101101101101101101100111101100110110110110110111100110110011011011001101101101100011000110001101100110001101100011011001101100110110110110110110110110110110110110110011011000110011011011110011001100011110001100110001111000001101100001111011001100111101100110000110000110011011011000110110001100110011001101101101101101101101101100110110011001101100111100110110110110110110110,94.02849870617445,71.2678688088746,63.24124461842492,8.67919864815755,10,0.816350588464503
anti_reasons,11011001111011011001100110110110110110110110110110111100111101101101101101101101101101100111101101101101100111101100110110110110110111100110110011011011001101101101100011000110001101100110001101100011011001101100110110110110110110110110110110110110110011011000110011011011110011001100110110001100110001111000001101100001111011001100111101100110000110000110011011011000110110001100110011001101101101101101101101101100110110011001101100111100110110110110110110110,94.02472127604968,71.32630907552524,62.74203901734079,8.734989444612495,10,0.8163579662577155
anti_reasons,11011011011011011001100110110110110110110110110110111101101101101101101100111101100110111100110110111100111101100110110110110110110111100110110110011011001100111101100011000110001101100110001101100011011001101100110110110110110110110110110110110110011011011001100011110011110011001100110110001100110011011000001100011011011011001101100111101100000110000110011011011000110110001100110011001101101101101101101101100110110110011001101100111100110110110110110110110,94.0107339079427,70.80816523988538,59.483970076516044,9.452796450243822,10,0.8163852853360494
anti_reasons,11011011011011011001100110110110110110110110110110111101101101101100111100111101101101101100111101100111100111101100110110110110110111100110110110011001101101101101100011000110001101100110001101100011011001101100110110110110110110110110110110011110110011001101100110110110001101101100110110000110110011011000001101100011011011000111101101101100000110000110011011011000110110001100110011001101101101101101101101100110110110011001101101101100110110110110110110110,94.01001506745554,70.61424752507817,60.29659361513901,9.241154842950122,10,0.8163866893213759
anti_reasons,11011011011011011001100110110110110110110110110110111101101101101101101101101101101101101101100111101100110110111100110110110110110111100110110011011011001100111101100011000110001101100110001101100011011001101100110110110110110110110011011011011110110011011001100110110110110011001100110001101100110011001100001101100001111001101101101101100110000011000110011011011000110110001100110011001101101101101101101101100110110110110001101100111100110110110110110110110,94.00876827342209,71.80450825241893,63.74895253126163,8.633784005021155,10,0.8163891244659724
anti_reasons,11011001111011011001100110110110110110110110110110111100111101101101101100111101101101101101101101101101100111101100110110110110110111100110110011011011001101101101100011000110001101100110001101100011011001101100110110110110110110110110110110110110110011011000110011011011110011001100110110001100110001111000001101100001111011001100111101100110000110000110011011011000110110001100110011001101101101101101101101101100110110011001101100111100110110110110110110110,94.00871057101487,71.39146283063772,62.74210217572705,8.695058012271488,10,0.8163892371659865
anti_reasons,11011001111011011001100110110110110110110110110110111100111101101101101101101101101101101101101101101101100111101100110110110110110111100110110011011011001101101101100011000110001101100110001101100011011001101100110110110110110110110110110110110110110001111000110011011011110011001100110110001100110001111000001101100001111011001100111101100110000110000110011011011000110110001100110011001101101101101101101101101100110110011001101100111100110110110110110110110,94.00433762015818,71.25210440248983,63.23880947176526,8.670659673824046,10,0.8163977780856285
anti_reasons,11011001111011011001100110110110110110110110110110111100111101101101101101101101101101101101101101101101100111101100110110110110110111100110110011011011001101101101100011000110001101100110001101100011011001101100110110110110110110110110110110110011110011011000110011011011110011001100110110001100110001111000001101100001111011001100111101100110000110000110011011011000110110001100110011001101101101101101101101101100110110011001101100111100110110110110110110110,93.9961707009194,71.2514329298943,63.258519656987055,8.666434977548773,10,0.8164137290997668
anti_reasons,11011001111011011001100110110110110110110110110110111100111101101101101101101101101101101101101101101101100111101100110110110110110111100110110011011011001101101101100011000110001101100110001101100011011001101100110110110110110110110110110110011110110011011000110011011011110011001100110110001100110001111000001101100001111011001100111101100110000110000110011011011000110110001100110011001101101101101101101101101100110110011001101100111100110110110110110110110,93.99217940302802,71.24745639626329,63.23229784647997,8.667616711574848,10,0.816421524603461
anti_reasons,11011001111011011001100110110110110110110110110110111100111101101100111101101101101101101101101101101101100111101100110110110110110111100110110011011011001101101101100011000110001101100110001101100011011001101100110110110110110110110110110110110110110011011000110011011011110011001100110110001100110001111000001101100001111011001100111101100110000110000110011011011000110110001100110011001101101101101101101101101100110110011001101100111100110110110110110110110,93.99070676555016,71.42224869766859,62.7233031755369,8.697165752936248,10,0.8164244008485348
anti_reasons,11011001111011011001100110110110110110110110110110111100111101101101101101101101101101101100111101101101100111101100110110110110110111100110110011011011001101101101100011000110001101100110001101100011011001101100110110110110110110110110110110110110110011011000110011011011110011001100110110001100110001111000001101100001111011001100111101100110000110000110011011011000110110001100110011001101101101101101101101101100110110011001101100111100110110110110110110110,93.9894082586416,71.24703337429092,62.7046276276566,8.742986026220455,10,0.8164269369948406
anti_reasons,11011011011011011001100110110110110110110110110110111101101100111101100110111101100111101101101101101100111100111100110110110110110111100110110011011001101100111101100011000110001101100110001101100011011001101100110110110110110011110110110110110110011001111000110011110110110011001100110110000110110011011000000111100011011011001101101101100110000011000110011011011000110110001100110011001101101101101101101101100110110110011001101100111100110110110110110110110,93.97977167384128,71.42163936067688,60.99658812486711,8.969840529160939,10,0.8164457584495287
anti_reasons,11011011011011011001100110110110110110110110110110111101101101101101101100111101100110111100110110111100111100111100110110110110110111100110110110011011001100111101100011000110001101100110001101100011011001101100110110110110110110110110110110110110011011011001100011110011110011001100110110001100110011011000001100011011011011001101100111101100000110000110011011011000110110001100110011001101101101101101101101100110110110011001101100111100110110110110110110110,93.96433289554665,70.77505124837388,59.41138208873698,9.437717276808474,10,0.8164759123133855
anti_reasons,11011011011011011001100110110110110110110110110110111101101100111101100110111101100110111101101101101101101100111100110110110110110111100110110011011001101100111101100011000110001101100110001101100011011001101100110110110110110011110110110110110110011001111000110011110110110011001100110110000110110011011000000111100011011011001101101101100110000011000110011011011000110110001100110011001101101101101101101101100110110110011001101100111100110110110110110110110,93.9525906155611,71.50365412819293,60.993337642984386,8.929495992714461,10,0.8164988464539822
anti_reasons,11011011011011011001100110110110110110110110110110111101101100111101100110111101100111101101101101101101101100111100110110110110110111100110110011011001101100111101100011000110001101100110001101100011011001101100110110110110110011110110110110110110011001111000110011110110110011001100110110000110110011011000000111100011001111001101101101100110000011000110011011011000110110001100110011001101101101101101101101100110110110011001101100111100110110110110110110110,93.95023745524257,71.3788842465208,61.608944177643934,8.83799555919966,10,0.8165034424702293
anti_reasons,11011011011011011001100110110110110110110110110110111101101100111101100110111101100111101101101101101101101100111100110110110110110111100110110011011001101100111101100011000110001101100110001101100011011001101100110110110110110011110110110110110110011001111000110011110110110011001100110110000110110011011000000111100001111011001101101101100110000011000110011011011000110110001100110011001101101101101101101101100110110110011001101100111100110110110110110110110,93.94959885021977,71.38040911845437,61.60903269745367,8.837294123908533,10,0.8165046897456645
anti_reasons,11011011011011011001100110110110110110110110110110110111101101101101101101101101101101101101100111101100110110111100110110110110110111100110110011011011001101101101100011000110001101100110001101100011011001101100110110110110110110110110011011011110110011011001100110110110110011001100110001101100110011001100001101100001111001101101101101101100000011000110011011011000110110001100110011001101101101101101101101100110110110110001101100111100110110110110110110110,93.94722495584247,71.52035503829754,62.44010537221301,8.853308489688178,10,0.8165093262581202
anti_reasons,11011011011011011001100110110110110110110110110110111101101100111101100110111101100111101101101101101101101100111100110110110110110111100110110110011001101100111101100011000110001101100110001101100011011001101100110110110110110011110110110110110110011001111000110011110110110011001100110110000110110011011000000111100011011011001101101101100110000011000110011011011000110110001100110011001101101101101101101101100110110110011001101100111100110110110110110110110,93.94463535069441,71.31720003420833,61.09472811617234,8.927604007890679,10,0.816514384080675
anti_reasons,11011001111011011001100110110110110110110110110110111100111101101101101101101101101101101101101101101101100111101100110110110110110111100110110011011011001101101101100011000110001101100110001101100011011001101100110110110110110110110110110110110110110011011000110011011011110011001100110110001100110001111000001100110001111011001100111101100110000110000110011011011000110110001100110011001101101101101101101101101100110110011001101100111100110110110110110110110,93.94235447501529,71.1562756110672,63.01907355562968,8.705278579480257,10,0.8165188389159858
anti_reasons,11011001111011011001100110110110110110110110110110111100111101101101101101100111101101101101101101101101100111101100110110110110110111100110110011011011001101101101100011000110001101100110001101100011011001101100110110110110110110110110110110110110110011011000110011011011110011001100110110001100110001111000001101100001111011001100111101100110000110000110011011011000110110001100110011001101101101101101101101101100110110011001101100111100110110110110110110110,93.92050893454008,71.19006102228005,62.65096900674162,8.724562974148641,10,0.8165615059872264
anti_reasons,11011011011011011001100110110110110110110110110110111101101100111101100110111101100111101101101101101101101100111100110110110110110111100110110011011001101100111101100011000110001101100110001101100011011001101100110110110110110011110110110110110110011001111000110011110110110011001100110110000110110011011000000111100011011011001100111101100110000011000110011011011000110110001100110011001101101101101101101101100110110110011001101100111100110110110110110110110,93.91437653531504,71.27773875733018,61.39756699722504,8.881321272827162,10,0.8165734833294628
anti_reasons,11011001111011011001100110110110110110110110110110111100111101101101101101101101101101101101101101101101100111101100110110110110110111100110110011011011001101101101100011000110001101100110001101100011011001101100110110110110110110110110110110110110110011011000110011011011011011001100110110001100110001111000001101100001111011001100111101100110000110000110011011011000110110001100110011001101101101101101101101101100110110011001101100111100110110110110110110110,93.9080753638942,71.14301319611016,63.021662345978854,8.688811275198722,10,0.8165857903048941
anti_reasons,11011001111011011001100110110110110110110110110110111100111101101101101101101101101101101101101101101101100110111100110110110110110111100110110011011011001101101101100011000110001101100110001101100011011001101100110110110110110110110011110110110110110011011000110011011011110011001100110110001100110001111000001101100001111011001100111101100110000110000110011011011000110110001100110011001101101101101101101101101100110110011001101100111100110110110110110110110,93.90218041002952,71.89649679093945,63.68214975411634,8.518923508499624,10,0.8165973038866611
anti_reasons,11011001111011011001100110110110110110110110110110111100111101101101101101101101101101101101101101101101100111101100110110110110110111100110110011011011001101101101100011000110001101100110001101100011011001101100110110110110110110110110110110110110110011011000110011011011110011000110110110001100110001111000001101100001111011001100111101100110000110000110011011011000110110001100110011001101101101101101101101101100110110011001101100111100110110110110110110110,93.90069034967442,71.122507473752,62.97009774551589,8.69807831518015,10,0.8166002141607922
anti_reasons,11011011011011011001100110110110110110110110110110111101101100111101100110111101100111101101100111101101101100111100110110110110110111100110110011011001101100111101100011000110001101100110001101100011011001101100110110110110110011110110110110110110011001111000110011110110110011001100110110000110110011011000000111100011011011001101101101100110000011000110011011011000110110001100110011001101101101101101101101100110110110011001101100111100110110110110110110110,93.89564022746117,71.33152139688256,60.92860772499386,8.954112427216439,10,0.8166100776807399
anti_reasons,11011011011011011001100110110110110110110110110110111101101100111101100110111101100111101101101101101101101100111100110110110110110111100110110011011001101100111101100011000110001101100110001101100011011001101100110110110110110011110110110110110110011001111000110011110110110011001100110110000110110011011000000111100011011011001101101101100110000011000110011011011000110110001100110011001101101101101101101101100110110110011011001100111100110110110110110110110,93.89498319572998,71.4741690059021,61.87080219458526,8.764768603594014,10,0.8166113609458399
anti_reasons,11011011011011011001100110110110110110110110110110111101101100111101100110111101100111101101101101100111101100111100110110110110110111100110110011011001101100111101100011000110001101100110001101100011011001101100110110110110110011110110110110110110011001111000110011110110110011001100110110000110110011011000000111100011011011001101101101100110000011000110011011011000110110001100110011001101101101101101101101100110110110011001101100111100110110110110110110110,93.88595613533916,71.32591302425247,60.92802108791592,8.95669592724216,10,0.8166289919231657
anti_reasons,11011001111011011001100110110110110110110110110110111101101100111101100110111101100111101101101101101101101100111100110110110110110111100110110011011001101100111101100011000110001101100110001101100011011001101100110110110110110011110110110110110110011001111000110011110110110011001100110110000110110011011000000111100011011011001101101101100110000011000110011011011000110110001100110011001101101101101101101101100110110110011001101100111100110110110110110110110,93.88542798896394,71.92948186594305,62.186040925309165,8.629231229401604,10,0.8166300234590548
anti_reasons,11011001111011011001100110110110110110110110110110111100111101101101101101101101101101101101101101101101100111101100110110110110110111100110110011011011001101101101100011000110001101100110001101100011011001101100110110110110110110110110110110110110110011011000110011011011110011001100110110000110110001111000001101100001111011001100111101100110000110000110011011011000110110001100110011001101101101101101101101101100110110011001101100111100110110110110110110110,93.8799926689452,71.07351418349815,62.87995008061691,8.717468873126089,10,0.8166406393184664
anti_reasons,11011001111011011001100110110110110110110110110110111100111101101101101101101101101101101101101101101101100111101100110110110110110111100110110011011011001101101101100011000110001101100110001101100011011001101100110110110110110110110110110110110110011011011000110011011011110011001100110110001100110001111000001101100001111011001100111101100110000110000110011011011000110110001100110011001101101101101101101101101100110110011001101100111100110110110110110110110,93.87964932066639,71.10196716456451,62.9495643775356,8.698402578010933,10,0.8166413099205735
anti_reasons,11011011011011011001100110110110110110110110110110111101101100111101100110111101100111101101101101101101101100111100110110110110110111100110110011011001101100111101100011000110001101100110001101100011011001101100110110110110110011110110110110110110011001111000110011110011110011001100110110000110110011011000000111100011011011001101101101100110000011000110011011011000110110001100110011001101101101101101101101100110110110011001101100111100110110110110110110110,93.86710914703546,71.29071495055213,61.45448410665844,8.840519428581812,10,0.8166658024471963
anti_reasons,11011011011011011001100110110110110110110110110110111101101100111101100110111101100111101101101101101101101100111100110110110110110111100110110011011001101100111101100011000110001101100110001101100011011001101100110110110110110011110110110110110110011001111000110011110110110011001100110110000110110011011000000111100011011011001101101101100110000011000110011011011000110110001100110011001101101101101101101101100110110110011001101101101100110110110110110110110,93.86704438297413,71.25365753323307,61.44953250641498,8.867123854973723,10,0.8166659289395036
anti_reasons,11011011011011011001100110110110110110110110110110111100111101101101101100111101100110111100110110111100111101101100110110110110110111100110110110011011001100111101100011000110001101100110001101100011011001101100110110110110110110110110110110110110011011011001100011110011110011001100110110001100110011011000001100011011011011001101100111101100000110000110011011011000110110001100110011001101101101101101101101100110110110011001101100111100110110110110110110110,93.86684526528352,71.02488653456024,59.50706833358358,9.287478696909549,10,0.8166663178412431
anti_reasons,11011011011011011001100110110110110110110110110110111101101100111101100110111101100111101101101100111101101100111100110110110110110111100110110011011001101100111101100011000110001101100110001101100011011001101100110110110110110011110110110110110110011001111000110011110110110011001100110110000110110011011000000111100011011011001101101101100110000011000110011011011000110110001100110011001101101101101101101101100110110110011001101100111100110110110110110110110,93.86534392215492,71.29141729018215,60.90732574514399,8.954769793262656,10,0.8166692501520412
anti_reasons,11011011011011011001100110110110110110110110110110111101101100111101100110111101100111101101101101101101101100111100110110110110110111100110110011011001101100111101100011000110001101100110001101100011011001101100110110110110110011110110110110110110011001111000110011110110110011001100011110000110110011011000000111100011011011001101101101100110000011000110011011011000110110001100110011001101101101101101101101100110110110011001101100111100110110110110110110110,93.86473034904625,71.26768262286552,61.412151919816964,8.85601921855665,10,0.8166704485370191
anti_reasons,11011011011011011001100110110110110110110110110110111101101100111101100110111101100111100111101101101101101100111100110110110110110111100110110011011001101100111101100011000110001101100110001101100011011001101100110110110110110011110110110110110110011001111000110011110110110011001100110110000110110011011000000111100011011011001101101101100110000011000110011011011000110110001100110011001101101101101101101101100110110110011001101100111100110110110110110110110,93.8609529189215,71.32612288951618,60.91294631873283,8.94022030844239,10,0.8166778263302314
anti_reasons,11011011011011011001100110110110110110110110110110111101101100111101100110111101100111101101101101101101101100111100110110110110110111100110110011011001101100111101100011000110001101100110001101100011011001101100110110110110110011110110110110110110011001111000110011011110110011001100110110000110110011011000000111100011011011001101101101100110000011000110011011011000110110001100110011001101101101101101101101100110110110011001101100111100110110110110110110110,93.8437154516981,71.24811857349269,61.37355012418766,8.854574771547972,10,0.8167114932584021
anti_reasons,11011011011011011001100110110110110110110110110110111101101100111101100110111101100111101101101101101101101100111100110110110110110111100110110011011001101100111101100011000110001101100110001101100011011001101100110110110110110011110110110110110110011001111000110011110110110011001100110110000110110011011000000111100011011011001101101101100110000011000110011011011000110110001100110011001101101101101101101101100110110110110001101100111100110110110110110110110,93.84342816554691,71.48635527179388,61.63373116441887,8.774377683199704,10,0.8167120543641662
anti_reasons,11011011011011011001100110110110110110110110110110111101101100111101100110111101100111101101101101101101101100111100110110110110110111100110110011011001101100111101100011000110001101100110001101100011011001101100110110110110110011110110110110110011011001111000110011110110110011001100110110000110110011011000000111100011011011001101101101100110000011000110011011011000110110001100110011001101101101101101101101100110110110011001101100111100110110110110110110110,93.8324023437912,71.25124674388523,61.429426958379096,8.843210976744954,10,0.8167335891722828
anti_reasons,11011011011011011001100110110110110110110110110110111101101101101101101100111101100110111100110110111100111101101100110110110110110111100110110110011011001100111101100011000110001101100110001101100011011001101100110110110110110110110110110110110110011011011001100011110011110011001100110110001100110011011000001100011011011011001101100110111100000110000110011011011000110110001100110011001101101101101101101101100110110110011001101100111100110110110110110110110,93.83134889913703,70.47713334471014,59.75502069048859,9.308437864769635,10,0.816735646681373
anti_reasons,11011011011011011001100110110110110110110110110110111101101100111101100110111101100111101101101101101101101100111100110110110110110111100110110011011001101100111101100011000110001101100110001101100011011001101100110110110110110011110110110110011110011001111000110011110110110011001100110110000110110011011000000111100011011011001101101101100110000011000110011011011000110110001100110011001101101101101101101101100110110110011001101100111100110110110110110110110,93.82841104589983,71.24727021025421,61.403205147872015,8.844501461456451,10,0.8167413846759769
anti_reasons,11011011011011011001100110110110110110110110110110111101101100111100110110111101100111101101101101101101101100111100110110110110110111100110110011011001101100111101100011000110001101100110001101100011011001101100110110110110110011110110110110110110011001111000110011110110110011001100110110000110110011011000000111100011011011001101101101100110000011000110011011011000110110001100110011001101101101101101101101100110110110011001101100111100110110110110110110110,93.82693840842198,71.42206251165953,60.89421047692893,8.918925868142058,10,0.8167442609210508
anti_reasons,11011011011011011001100110110110110110110110110110111101101100111101100110111101100111101100111101101101101100111100110110110110110111100110110011011001101100111101100011000110001101100110001101100011011001101100110110110110110011110110110110110110011001111000110011110110110011001100110110000110110011011000000111100011011011001101101101100110000011000110011011011000110110001100110011001101101101101101101101100110110110011001101100111100110110110110110110110,93.82563990151343,71.24684718828186,60.875534929048634,8.945745549580149,10,0.8167467970673565
anti_reasons,11011011011011011001100110110110110110110110110110111101101100111101100110111100110111101101101101101101101100111100110110110110110111100110110011011001101100111101100011000110001101100110001101100011011001101100110110110110110011110110110110110110011001111000110011110110110011001100110110000110110011011000000111100011011011001101101101100110000011000110011011011000110110001100110011001101101101101101101101100110110110011001101100111100110110110110110110110,93.79514103138753,71.24776710785757,60.857935134333914,8.927498645993968,10,0.8168063651730713
anti_reasons,11011011011011011001100110110110110110110110110110111100111101101101101101101100110111101101101101100111100110111100110110110110110111100110110011011001101100111101100011000110001101100110001101100011011001101100110110110110110011110011110011011110110001111001100110011110110011000110110110001100110011011000001101100011011001101101101101101100000011000110011011011000110110001100110011001101101101101101101101100110110110011001101101101100110110110110110110110,93.79429987762667,72.26162969504007,63.171158171940334,8.534852210811847,10,0.8168080080515104
anti_reasons,11011011011011011001100110110110110110110110110110111101101100111101100110111101100111101101101101101101101100111100110110110110110111100110110011011001101100111101100011000110001101100110001101100011011001101100110110110110110011110110110110110110011001111000110011110110110011001100110110000110110011001100000111100011011011001101101101100110000011000110011011011000110110001100110011001101101101101101101101100110110110011001101100111100110110110110110110110,93.78167462875761,71.1441506072787,61.17218689693341,8.888064505254958,10,0.8168326667407078
anti_reasons,11011011011011011001100110110110110110110110110110111101101100111101100110111101100111101101101101101101101100111100110110110110110111100110110011011001101100111101100011000110001101100110001101100011011001101100110110110110110011110110110110110110011001111000110011110110110011001100110110000110110011011000000110110011011011001101101101100110000011000110011011011000110110001100110011001101101101101101101101100110110110011001101100111100110110110110110110110,93.7785861178871,71.15608942505813,61.18998085702172,8.883407814175905,10,0.8168386989885017
anti_reasons,11011011011011011001100110110110110110110110110110111101101100111101100110111101100111101101101101101101101100111100110110110110110111100110110011011001101100111101100011000110001101100110001101100011011001101100110110110110110011110110110110110110011001111000110011110110110011001100110110000110110011011000000111100011011001101101101101100110000011000110011011011000110110001100110011001101101101101101101101100110110110011001101100111100110110110110110110110,93.77604081201132,71.15235955254205,61.167906007035924,8.884861843484826,10,0.8168436702890404
anti_reasons,11011011011011011001100110110110110110110110110110111101101100111101100110111101100111101101101101101101101100111100110110110110110111100110110011011011001100111101100011000110001101100110001101100011011001101100110110110110110011110110110110110110011001111000110011110110110011001100110110000110110011011000000111100011011011001101101101100110000011000110011011011000110110001100110011001101101101101101101101100110110110011001101100111100110110110110110110110,93.77498810767636,71.11587260792516,60.88187273108988,8.935930624292002,10,0.8168457263521947
anti_reasons,11011011011011011001100110110110110110110110110110111101101101101101101101101101101101101101100111101100110110111100110110110110110111100110110011011011001100111101100011000110001101100110001101100011011001101100110110110110110110110011011011011110110001111001100110110110110011001100110001101100110011001100001101100001111001101101101101101100000011000110011011011000110110001100110011001101101101101101101101100110110110110001101100111100110110110110110110110,93.76988987450603,71.8039412220418,63.894826090313245,8.54355224073531,10,0.8168556838388554
anti_reasons,11011001111011011001100110110110110110110110110110111100111101101101101101101101101101101101101101101101100111101100110110110110110111100110110011011011001101101101100011000110001101100110001101100011011001101100110110110110110110110011110110110110110011011000110011011011110011001100110110001100110001111000001101100001111011001100111100110110000110000110011011011000110110001100110011001101101101101101101101101100110110011001101100111100110110110110110110110,93.76919641361991,71.5985788872757,64.02578835586796,8.441930457509864,10,0.8168570382546486
anti_reasons,11011011011011011001100110110110110110110110110110111101101101101101101100111101100110111100110110111100111101101100110110110110110111100110110110011011001100111101100011000110001101100110001101100011011001101100110110110110110110110110110011110110011011011001100011110011110011001100110110001100110011011000001100011011011011001101100111101100000110000110011011011000110110001100110011001101101101101101101101100110110110011001101100111100110110110110110110110,93.76708238818142,70.91446069179541,60.52108057899979,9.071688045616952,10,0.8168611672105832
anti_reasons,11011011011011011001100110110110110110110110110110111101101100111101100110111101100111101101101101101101101100111100110110110110110111100110110011011001101100111101100011000110001101100110001101100011011001101100110110110110110011110110110110110110011001111000110011110110110001101100110110000110110011011000000111100011011011001101101101100110000011000110011011011000110110001100110011001101101101101101101101100110110110011001101100111100110110110110110110110,93.76639320880244,71.1793591411103,61.258935372711285,8.85757394218909,10,0.8168625132640577
anti_reasons,11011011011011011001100110110110110110110110110110111101101101101101101100111101100110111100110110111100111101101100110110110110110111100110110110011011001100111101100011000110001101100110001101100011011001101100110110110110110110110110110110110110011011011001100011110011110011001100110110001100110011011000001100011011011011001101100111100110000110000110011011011000110110001100110011001101101101101101101101100110110110011001101100111100110110110110110110110,93.75938418493772,70.31248041265818,59.405767356177684,9.356917842356394,10,0.8168762027637935
anti_reasons,11011011011011011001100110110110110110110110110110111101101101101101101100111101100110111100110110111100111101101100110110110110110111100110110110011011001100111101100011000110001101100110001101100011011001101100110110110110110110110110011110110110011011011001100011110011110011001100110110001100110011011000001100011011011011001101100111101100000110000110011011011000110110001100110011001101101101101101101101100110110110011001101100111100110110110110110110110,93.75812567775463,70.93615187684999,60.51754860236271,9.064415962135874,10,0.8168786607856355
anti_reasons,11011011011011011001100110110110110110110110110110111101101100111101100110110111100111101101101101101101101100111100110110110110110111100110110011011001101100111101100011000110001101100110001101100011011001101100110110110110110011110110110110110110011001111000110011110110110011001100110110000110110011011000000111100011011011001101101101100110000011000110011011011000110110001100110011001101101101101101101101100110110110011001101100111100110110110110110110110,93.7567405774119,71.18987483627097,60.82187630813366,8.92813535924967,10,0.8168813660597424
anti_reasons,11011011011011011001100110110110110110110110110110111101101100111101100110111101100111101101101101101101101100111100110110110110110111100110110011011001101100111101100011000110001101100110001101100011011001101100110110110110110011110110110110110110011001111000110011110110011011001100110110000110110011011000000111100011011011001101101101100110000011000110011011011000110110001100110011001101101101101101101101100110110110011001101100111100110110110110110110110,93.74430700676601,71.14282701010109,61.192569647370895,8.86842427724297,10,0.8169056503774101
anti_reasons,11011011011011011001100110110110110110110110110110111101101100111101100110111101100111101101101101101101101100111100110110110110110111100110110011011001101100111101100011000110001101100110001101100011011001101100110110110110110011110110110110110110011001111000110011110110110011000110110110000110110011011000000111100011011011001101101101100110000011000110011011011000110110001100110011001101101101101101101101100110110110011001101100111100110110110110110110110,93.73692199254623,71.12232128774293,61.141005046907935,8.878340999703225,10,0.8169200742333081
anti_reasons,11011011011011011001100110110110110110110110110110111101101101101101101100111101100110111100110110111100110111101100110110110110110111100110110110011011001100111101100011000110001101100110001101100011011001101100110110110110110110110110110110110110011011011001100011110011110011001100110110001100110011011000001100011011011011001101100111101100000110000110011011011000110110001100110011001101101101101101101101100110110110011001101100111100110110110110110110110,93.7259934538674,70.55518503540367,59.20338344887671,9.410280255852676,10,0.8169414190354152
anti_reasons,11011011011011011001100110110110110110110110110110111101101100111101100110111101100111101101101101101101101100111100110110110110110111100110110011011001101100111101100011000110001101100110001101100011011001101100110110110110110011110110110110110110011001111000110011110110110011001100110110000110011011011000000111100011011011001101101101100110000011000110011011011000110110001100110011001101101101101101101101100110110110011001101100111100110110110110110110110,93.72475669354654,71.08311570817092,61.06982148256509,8.897132966273748,10,0.816943834582917
anti_reasons,11011011011011011001100110110110110110110110110110111101101100111101100110111101100111101101101101101101101100111100110110110110110111100110110011011001101100111101100011000110001101100110001101100011011001101100110110110110110011110110110110110110011001111000110011110110110011001100110110000110110011011000000111100011011011001101101101100110000011000110011011011000110110001100110011001101101101101101101101101100110110011001101100111100110110110110110110110,93.72422370422163,71.22499891750012,61.375516986106724,8.825763849581143,10,0.8169448755776921
anti_reasons,11011011011011011001100110110110110110110110110110111101101100111101100110111101100111101101101101101101101100111100110110110110110111100110110011011001101100111101100011000110001101100110001101100011011001101100110110110110110011110110110110110110011001111000110011110110110011001100110011000110110011011000000111100011011011001101101101100110000011000110011011011000110110001100110011001101101101101101101101100110110110011001101100111100110110110110110110110,93.71653887907148,71.0776421198645,61.0535511046845,8.896636833081077,10,0.8169598850018135
anti_reasons,11011011011011011001100110110110110110110110110110111101101100111101100110111101100111101101101101101101101100111100110110110110110111100110110011011001101100111101100011000110001101100110001101100011011001101100110110110110110011110110110110110110011001101100110011110110110011001100110110000110110011011000000111100011011011001101101101100110000011000110011011011000110110001100110011001101101101101101101101100110110110011001101100111100110110110110110110110,93.71153943264474,71.08714886645917,61.08827024238578,8.885688921002481,10,0.8169696495456158
anti_reasons,11011001111011011001100110110110110110110110110110111100111101101101101101101101101101101101101101101101100111101100110110110110110111100110110011011011001101101101100011000110001101100110001101100011011001101100110110110110110110110011110011110110110011011000110011011011110011001100110110001100110001111000001101100001111011001100111101100110000110000110011011011000110110001100110011001101101101101101101101101100110110011001101100111100110110110110110110110,93.7049299026643,72.03590623436097,64.79184824437915,8.235854688987429,10,0.8169825587838588
anti_reasons,11011011011011011001100110110110110110110110110110111101101101101100111101101101101100111101101100110111101101101100110110110110110111100110110110011001101100111101100011000110001101100110001101100011011001101100110110110110110110110110110110011011110011011001100110011011001111001100110011001100110011001100000111100011011011000111101100111100000110000110011011011000110110001100110011001101101101101101101101100110110110011001101100111100110110110110110110110,93.70457040637052,70.41870396171399,61.65366884093108,8.942463970915039,10,0.8169832609250576
anti_reasons,11011011011011011001100110110110110110110110110110111101101101101101101101101101100111101101100110111100110111101100110110110110110111100110110011011001101101101101100011000110001101100110001101100011011001101100110110110110110110110110011110110011110011001101100110110110110001101100011110001100110011011000001101100001111011001101101101101100000110000110011011011000110110001100110011001101101101101101101101101100110110011011001101101100110110110110110110110,93.70104811211814,70.9244393819099,62.386159785695426,8.83099570087971,10,0.8169901404060192
anti_reasons,11011011011011011001100110110110110110110110110110111101101101101101101101101101100111101101100110110110110111101100110110110110110111100110110011011001101100111101100011000110001101100110001101100011011001101100110110110110110110110110011110110011110011001101100110110110110000111100011110001100110011011000001101100001111011001101101101101100000110000110011011011000110110001100110011001101101101101101101101101100110110011011001101101100110110110110110110110,93.69813075477093,71.13032652143428,62.54727616337959,8.798241351325265,10,0.816995838369588
anti_reasons,11011001111011011001100110110110110110110110110110111100111101101101101101101101101101101101101101101101100111101100110110110110110111100110110011011011001101101101100011000110001101100110001101100011011001101100110110110110110110110011011110110110110011011000110011011011110011001100110110001100110001111000001101100001111011001100111101100110000110000110011011011000110110001100110011001101101101101101101101101100110110011001101100111100110110110110110110110,93.69597319223752,72.05759741941554,64.78831626774206,8.22891507276091,10,0.8170000523589112
anti_reasons,11011011011011011001100110110110110110110110110110111101101101101101101101101101100111101101100110110110110111101100110110110110110111100110110011011001101100111101100011000110001101100110001101100011011001101100110110110110110110110110011110110011110011000111100110110110110001101100011110001100110011011000001101100001111011001101101101101100000110000110011011011000110110001100110011001101101101101101101101101100110110011011001101101100110110110110110110110,93.69441990494815,71.12650426844814,62.53854647222736,8.797745320153208,10,0.8170030861231481
anti_reasons,11011011011011011001100110110110110110110110110110111101101101101101101100111101100110111100110110111100111101101100110110110110110111100110110110011011001100111101100011000110001101100110001101100011011001101100110110110110110110110110110110110110011011011001100011110011110011001100110110001100110011011000000110011011011011001101100111101100000110000110011011011000110110001100110011001101101101101101101101100110110110011001101100111100110110110110110110110,93.6885921008949,70.46556910374427,59.80764645408357,9.253285863736108,10,0.8170144685529397
anti_reasons,11011011011011011001100110110110110110110110110110111101101101101100111101101101101100111101101101100111101101101100110110110110110111100110110110011001101100111101100011000110001101100110001101100011011001101100110110110110110110110110110110011011110011011001100110011011011011001100110011001100110001101100000111100011011011000111101100111100000110000110011011011000110110001100110011001101101101101101101101100110110110011001101100111100110110110110110110110,93.6798471899485,70.37838481591602,62.16309941168804,8.857772306384643,10,0.8170315484571318
anti_reasons,11011011011011011001100110110110110110110110110110111101101101101101101100111101100110111100110110111100111101101100110110110110110111100110110110011011001101100111100011000110001101100110001101100011011001101100110110110110110110110110110110110110011011011001100011110011110011001100110110001100110011011000001100011011011011001101100111101100000110000110011011011000110110001100110011001101101101101101101101100110110110011001101100111100110110110110110110110,93.66831802016999,70.4764672804391,59.34283963646485,9.333373078747995,10,0.8170540663668555
anti_reasons,11011011011011011001100110110110110110110110110110111101101101101101101101101101101101101101100111101100110110111100110110110110110111100110110011011011001100111101100011000110001101100110001101100011011001101100110110110110110110110011011011011110110011011001100110110110110011001100110001101100110011001100001101100001111001101101101101101100000011000110011011011000110110001100110011001101101101101101101101101100110110110001101100111100110110110110110110110,93.65354431569767,71.77702192306114,63.86062630326267,8.529605066178885,10,0.817082921258403
anti_reasons,11011011011011011001100110110110110110110110110110111101101101101101101101101101101101101101100111101100110110111100110110110110110111100110110011011011001100111101100011000110001101100110001101100011011001101100110110110110110110110110011011011110110011011001100110110110110011001100110001101100110001101100001101100001111001101101101101101100000011000110011011011000110110001101100011001101101101101101101101100110110110110001101100111100110110110110110110110,93.6522257933801,71.37945758428198,63.03556227276994,8.689005862775945,10,0.8170854964973044
anti_reasons,11011001111011011001100110110110110110110110110110111100111101101101101101101101100111101101101101101101100111101100110110110110110111100110110011011011001101101101100011000011001101100110001101100011011001101100110110110110110110110110110110110110110011011000110011011011110011001100110110001100110001111000001101100001111011001100111101100110000110000110011011011000110110001100110011001101101101101101101101101100110110011001101100111100110110110110110110110,93.63466085012412,71.00311250871795,62.497158615217714,8.705639734718707,10,0.8171198030271013
anti_reasons,11011011011011011001100110110110110110110110110110111101101101101101101100111101100110111100110110111100111101101100110110110110110111100110110110011011001100111101100011000110001101100110001101100011011001101100110110110110110110110110110110110110011011011001100011110011110011001100110110001100110011011000001100011011001111001101100111101100000110000110011011011000110110001100110011001101101101101101101101100110110110011001101100111100110110110110110110110,93.63017397823423,70.43887941232107,59.750868319715934,9.25002988303985,10,0.8171285664487613
anti_reasons,11011011011011011001100110110110110110110110110110111101101101101101101100111101100110111100110110111100111101101100110110110110110111100110110110011011001100111101100011000110001101100110001101100011011001101100110110110110110110110110110110110110011011011001100011110011110011001100110110001100110011011000001100011001111011001101100111101100000110000110011011011000110110001100110011001101101101101101101101100110110110011001101100111100110110110110110110110,93.62953537321143,70.44040428425464,59.75095683952567,9.24935832062844,10,0.8171298137241965
anti_reasons,11011001111011011001100110110110110110110110110110111100111101101101101101101101101101101101101101101101100111101100110110110110110111100110110011011011001101101101100011000110001101100110001101100011011001101100110110110110110110110011110110110110110011011000110011011011110011001100110110001100110001111000000111100001111011001100111101100110000110000110011011011000110110001100110011001101101101101101101101101100110110011001101100111100110110110110110110110,93.62643961537778,71.58701464630983,64.07841411946293,8.38786546003,10,0.8171358601262153
anti_reasons,11011011011011011001100110110110110110110110110110111101101101101100111101101101101100111101101100110111101101101100110110110110110111100110110110011001101100111101100011000110001101100110001101100011011001101100110110110110110110110110110110011011110011011001100110011011011011001100110001101100110011001100000111100011011011000111101100111100000110000110011011011000110110001100110011001101101101101101101101100110110110011001101100111100110110110110110110110,93.62398661787572,70.35021927564985,61.55551722136674,8.941288677188767,10,0.8171406511369614
anti_reasons,11011011011011011001100110110110110110110110110110111101101100111101101100111101100110111100110110111100111101101100110110110110110111100110110110011011001100111101100011000110001101100110001101100011011001101100110110110110110110110110110110110110011011011001100011110011110011001100110110001100110011011000001100011011011011001101100111101100000110000110011011011000110110001100110011001101101101101101101101100110110110011001101100111100110110110110110110110,93.62331651342491,70.88128963955418,59.20268513189768,9.271564856770269,10,0.8171419599347169
anti_reasons,11011011011011011001100110110110110110110110110110111101101101101101101101101101100111101101100110110110110111101100110110110110110111100110110011011001101100111101100011000110001101100110001101100011011001101100110110110110110110110110011110110011110011001101100110110110110001101100011110001100110011011000001101100011011011000111101101101100000110000110011011011000110110001100110011001101101101101101101101101100110110011011001101101100110110110110110110110,93.61949286497206,71.01947955149686,62.31333883249576,8.825244485752314,10,0.8171494279981014
anti_reasons,11011011011011011001100110110110110110110110110110111101101101101100111101101101101100111101101100110111101101101100110110110110110111100110110110011001101100111101100011000110001101100110001101100011011001101100110110110110110110110110110110011011110011011001100110011011011011001100110011001100110011000110000111100011011011000111101100111100000110000110011011011000110110001100110011001101101101101101101101100110110110011001101100111100110110110110110110110,93.59939903984485,70.31403456597533,61.48273203898975,8.951355503966782,10,0.817188673750303
anti_reasons,11011011011011011001100110110110110110110110110110111101101101101101101100111101100110111100110110111100111101101100110110110110110111100110110110011011001100111101100011000110001101100110001101100011011001101100110110110110110110110110110110110110011011011001100011110011110011001100110110001100110011011000001100011011011011001100110111101100000110000110011011011000110110001100110011001101101101101101101101100110110110011001101100111100110110110110110110110,93.59431305830671,70.33773392313046,59.53949113929704,9.295504537246881,10,0.8171986073079947
anti_reasons,11011011011011011001100110110110110110110110110110111101101101101101101100111101100110111100110110111100111101101100110110110110110111100110110110011011001100111101100011000110001101100110001101100011011001101100110110110110110011110110110110110110011011011001100011110011110011001100110110001100110011011000001100011011011011001101100111101100000110000110011011011000110110001100110011001101101101101101101101100110110110011001101100111100110110110110110110110,93.57556600252225,70.91467282436344,60.10328814078671,9.097386383044773,10,0.8172352226513238
anti_reasons,11011011011011011001100110110110110110110110110110111101101101101101101100111101100110111100110110111100111101101100110110110110110111100110110110011011001100111101100011000110001101100110001101100011011001101100110110110110110110110110110110110110011011011001100011110011110011001100110110001100110011011000001100011011011011001101100111101100000110000110011011011000110110001100110011001101101101101101101101100110110110011011001100111100110110110110110110110,93.57491971872165,70.53416417170237,60.01272633665726,9.174963519878126,10,0.8172364849243718
anti_reasons,11011001111011011001100110110110110110110110110110111100111101101101101101101101101100111101101101101101100111101100110110110110110111100110110011011011001101101101100011000110001101100110001101100011011001101100110110110110110110110011110110110110110011011000110011011011110011001100110110001100110001111000001101100001111011001100111101100110000110000110011011011000110110001100110011001101101101101101101101101100110110011001101100111100110110110110110110110,93.57037465303564,71.68509483655876,63.406029450435746,8.429277634206128,10,0.8172453620057898
anti_reasons,11011001111011011001100110110110110110110110110110111100111101101101101101101101101101101101101101101101100111101100110110110110110111100110110011011011001101101101100011000110001101100110001101100011011001101100110110110110110110110011110110110110110011011000110011011011110011001100110110001100110001111000001101100001101111001100111101100110000110000110011011011000110110001100110011001101101101101101101101101100110110011001101100111100110110110110110110110,93.56802149271712,71.56032495488662,64.0216359850953,8.382668555582873,10,0.8172499580220369
anti_reasons,11011011011011011001100110110110110110110110110110111101101101101101101100111101100110111100110110110110111101101100110110110110110111100110110110011011001100111101100011000110001101100110001101100011011001101100110110110110110110110110110110110110011011011001100011110011110011001100110110001100110011011000001100011011011011001101100111101100000110000110011011011000110110001100110011001101101101101101101101100110110110011001101100111100110110110110110110110,93.56589265833081,70.38590819005276,59.06994522998793,9.384824426771742,10,0.8172541159016976
anti_reasons,11011001111011011001100110110110110110110110110110111101101101101101101100111101100110111100110110111100111101101100110110110110110111100110110110011011001100111101100011000110001101100110001101100011011001101100110110110110110110110110110110110110011011011001100011110011110011001100110110001100110011011000001100011011011011001101100111101100000110000110011011011000110110001100110011001101101101101101101101100110110110011001101100111100110110110110110110110,93.5653645119556,70.98947703174332,60.32796506738116,9.041310738930152,10,0.8172551474375868
anti_reasons,11011011011011011001100110110110110110110110110110111101101101101101101100111101100110111100110110111100111101101100110110110110110111100110110110011011001100111101100011000110001101100110001101100011011001101100110110110110110110110110110110110110011011011001100011110011110011001100110110001100110011011000001100011011011011001101100111101100000110000110011011011000110110001100110011001101101101101101101101100110110110011001101101101100110110110110110110110,93.5469809059658,70.31365269903334,59.59145664848698,9.281423603933682,10,0.8172910529180355
anti_reasons,11011011011011011001100110110110110110110110110110111101101101101101101100111101100110111100110110111100111101101100110110110110110111100110110110011011001100111101100011000110001101100110001101100011011001101100110110110110110110110110110110110110011011011001100011110011110011001100011110001100110011011000001100011011011011001101100111101100000110000110011011011000110110001100110011001101101101101101101101100110110110011001101100111100110110110110110110110,93.54466687203792,70.32767778866581,59.55407606188896,9.268137578338914,10,0.817295572515551
anti_reasons,11011011011011011001100110110110110110110110110110111101101101101101101100111101100110110110110110111100111101101100110110110110110111100110110110011011001100111101100011000110001101100110001101100011011001101100110110110110110110110110110110110110011011011001100011110011110011001100110110001100110011011000001100011011011011001101100111101100000110000110011011011000110110001100110011001101101101101101101101100110110110011001101100111100110110110110110110110,93.54088944191315,70.38611805531647,59.05487046080483,9.366564033166064,10,0.8173029503087634
anti_reasons,11011001111011011001100110110110110110110110110110111100111101101101101101101101101101101101101101101101100111101100110110110110110111100110110011011011001101101101100011000110001101100110001101100011011001101100110110110110110110110110110110110110110011011000110011011011110011001100110110001100110001111000001101100001111011001100111101100110000011000110011011011001100110001100110011001101101101101101101101101100110110011001101100111100110110110110110110110,93.53161968440895,70.88493738182787,62.591348410557956,8.68443972185451,10,0.8173210553038888
anti_reasons,11011011011011011001100110110110110110110110110110111101101101101101101100111101100110111100110110111100111101101100110110110110110111100110110110011011001100111101100011000110001101100110001101100011011001101100110110110110110110110110110110110110011011011001100011011011110011001100110110001100110011011000001100011011011011001101100111101100000110000110011011011000110110001100110011001101101101101101101101100110110110011001101100111100110110110110110110110,93.52365197468977,70.30811373929296,59.51547426625966,9.266730647114326,10,0.8173366172369341
anti_reasons,11011011011011011001100110110110110110110110110110111101101101101101101100111101100110111100110110111100111101101100110110110110110111100110110110011011001100111101100011000110001101100110001101100011011001101100110110110110110110110110110110110110011011011001100011110011110011001100110110001100110011011000001100011011011011001101100111101100000110000110011011011000110110001100110011001101101101101101101101100110110110110001101100111100110110110110110110110,93.52336468853858,70.54635043759416,59.77565530649087,9.186834612290188,10,0.8173371783426981
anti_reasons,11011011011011011001100110110110110110110110110110111101101101101101101100111101100110111100110110111100111101101100110110110110110111100110110110011011001100111101100011000110001101100110001101100011011001101100110110110110110110110110110110110110011001111001100011110011110011001100110110001100110011011000001100011011011011001101100111101100000110000110011011011000110110001100110011001101101101101101101101100110110110011001101100111100110110110110110110110,93.52050578602166,70.31191338228105,59.5516409152293,9.26025828745667,10,0.8173427621366764
anti_reasons,11011011011011011001100110110110110110110110110110111101101100111101101101100111101101101100111100111100110111101100110110110110110111100110110011011001101100111101100011000110001101100110001101100011011001101100110110110110110110110110110011110110110011011001100110110011110001100110110011001100110001100110001101100011001111001101101101101100000110000110011011011000110110001100110011001101101101101101101101100110110110011011001100111100110110110110110110110,93.516376024368,71.16034480869277,61.92160443257992,8.732976202474097,10,0.8173508280774062
anti_reasons,11011001111011011001100110110110110110110110110110111100111101101101101101101101101101101101100111101101100111101100110110110110110111100110110011011011001101101101100011000110001101100110001101100011011001101100110110110110110110110011110110110110110011011000110011011011110011001100110110001100110001111000001101100001111011001100111101100110000110000110011011011000110110001100110011001101101101101101101101101100110110011001101100111100110110110110110110110,93.51342426493571,71.5129621052484,63.34129953244522,8.46387763251982,10,0.8173565932325475
anti_reasons,11011001111011011001100110110110110110110110110110111100111101101101101101101101101101101101101101101101100111101100110110110110110111100110110011011011001101101101100011000110001101100110001101100011011001101100110110110110110011110011110110110110110011011000110011011011110011001100110110001100110001111000001101100001111011001100111101100110000110000110011011011000110110001100110011001101101101101101101101101100110110011001101100111100110110110110110110110,93.51341351700513,72.036118366929,64.37405580616607,8.228668419468796,10,0.8173566142245994
anti_reasons,11011011011011011001100110110110110110110110110110111101101101101101101100111101100110111100110110111100111101101100110110110110110111100110110110011011001100111101100011000110001101100110001101100011011001101100110110110110110110110110110110110011011011011001100011110011110011001100110110001100110011011000001100011011011011001101100111101100000110000110011011011000110110001100110011001101101101101101101101100110110110011001101100111100110110110110110110110,93.51233886678286,70.3112419096855,59.571351100451096,9.254996417314574,10,0.8173587131508148
anti_reasons,11011011011011011001100110110110110110110110110110111101101101101101101100111101100110111100110110111100111101101100110110110110110111100110110110011011001100111101100011000110001101100110001101100011011001101100110110110110110110110110110110011110011011011001100011110011110011001100110110001100110011011000001100011011011011001101100111101100000110000110011011011000110110001100110011001101101101101101101101100110110110011001101100111100110110110110110110110,93.50834756889148,70.30726537605449,59.545129289944015,9.256537433880641,10,0.8173665086545088
anti_reasons,11011011011011011001100110110110110110110110110110111101101101101100111100111101100110111100110110111100111101101100110110110110110111100110110110011011001100111101100011000110001101100110001101100011011001101100110110110110110110110110110110110110011011011001100011110011110011001100110110001100110011011000001100011011011011001101100111101100000110000110011011011000110110001100110011001101101101101101101101100110110110011001101100111100110110110110110110110,93.50687493141362,70.4820576774598,59.03613461900094,9.344594080110129,10,0.8173693848995828
anti_reasons,11011011011011011001100110110110110110110110110110111101101101101101100110111101100110111100110110111100111101101100110110110110110111100110110110011011001100111101100011000110001101100110001101100011011001101100110110110110110110110110110110110110011011011001100011110011110011001100110110001100110011011000001100011011011011001101100111101100000110000110011011011000110110001100110011001101101101101101101101100110110110011001101100111100110110110110110110110,93.50596151464535,70.46088637956287,59.03285218156769,9.343745333609036,10,0.8173711689167082
anti_reasons,11011011011011011001100110110110110110110110110110111101101100111101100110111101100111101101101101101101101100111100110110110110110111100110110011011001101101101101100011000110001101100110001101100011011001101100110110110110011011110110110110110110011001111000110011110110110011001100110110000110110011011000000111100011011011001101101101100110000011000110011011011000110110001100110011001101101101101101101101100110110110011001101100111100110110110110110110110,93.48855004016733,71.39296058674306,61.4304286972944,8.721743786826032,10,0.8174051757027982
anti_reasons,11011001111011011001100110110110110110110110110110111100111101101101101101101101101101101101101101101101100111101100110110110110110111100110110011011011001101101101100011000110001101100110001101100011011001101100110110110110110110110011110110110110110011011000110011011011110011001100110110001100110001111000001101100001111011001100111101100110000110000110011011011000110110001100110011001101101101101101101101101100110110011001101101101100110110110110110110110,93.48482842044868,71.43509824159891,63.86222431386634,8.409199675749655,10,0.8174124444913111
anti_reasons,11011011011011011001100110110110110110110110110110111101101101101101101100111100110110111100110110111100111101101100110110110110110111100110110110011011001100111101100011000110001101100110001101100011011001101100110110110110110110110110110110110110011011011001100011110011110011001100110110001100110011011000001100011011011011001101100111101100000110000110011011011000110110001100110011001101101101101101101101100110110110011001101100111100110110110110110110110,93.47507755437917,70.30776227365784,58.99985927640592,9.351818692483791,10,0.8174314891516032
anti_reasons,11011011011011011001100110110110110110110110110110111101101101101101101100111101100110111100110110111100111101101100110110110110110111100110110110011011001100111101100011000110001101100110001101100011011001101100110110110110110110110110110110110110011011011001100011110011110011001100110110001100110011001100001100011011011011001101100111101100000110000110011011011000110110001100110011001101101101101101101101100110110110011001101100111100110110110110110110110,93.46161115174927,70.20414577307898,59.31411103900541,9.302055634329648,10,0.8174577907192397
anti_reasons,11011001111011011001100110110110110110110110110110111100111101101101101101101101101101101101101101101101100111101100110110110110110111100110110011011011001101101101100011000110001101100110001101100011011001101100110110110110110110110011110110110110110011011000110011011011110011001100110110001100110001111000001101100001111011001100111101100110000110000110011011011000110110001100110011001101101101101101101101101100110110110001101100111100110110110110110110110,93.46121220302146,71.66779598015972,64.04642297187023,8.32276738031855,10,0.8174585699159738
anti_reasons,11011011011011011001100110110110110110110110110110111101101101101101101100111101100110111100110110111100111101101100110110110110110111100110110110011011001100111101100011000110001101100110001101100011011001101100110110110110110110110110110110110110011011011001100011110011110011001100110110001100110011011000001100011011011001101101100111101100000110000110011011011000110110001100110011001101101101101101101101100110110110011001101100111100110110110110110110110,93.45597733500298,70.21235471834233,59.309830149107924,9.299489562578543,10,0.8174687942675722
anti_reasons,11011011011011011001100110110110110110110110110110111101101101101101101100111101100110111100110110111100111101101100110110110110110111100110110110011011001100111101100011000110001101100110001101100011011001101100110110110110110110110110110110110110011011011001100011110011110001101100110110001100110011011000001100011011011011001101100111101100000110000110011011011000110110001100110011001101101101101101101101100110110110011001101100111100110110110110110110110,93.4463297317941,70.23935430691057,59.400859514783285,9.269805372764937,10,0.8174876372425897
anti_reasons,11011001111011011001100110110110110110110110110110111100111101101101100111101101101101101101101101101101100111101100110110110110110111100110110011011011001101101101100011000110001101100110001101100011011001101100110110110110110110110011110110110110110011011000110011011011110011001100110110001100110001111000001101100001111011001100111101100110000110000110011011011000110110001100110011001101101101101101101101101100110110011001101100111100110110110110110110110,93.44380902912825,71.58233192212842,63.30361984694705,8.409860079707713,10,0.8174925604899839
anti_reasons,11011011011011011001100110110110110110110110110110111101101101101101101100110111100110111100110110111100111101101100110110110110110111100110110110011011001100111101100011000110001101100110001101100011011001101100110110110110110110110110110110110110011011011001100011110011110011001100110110001100110011011000001100011011011011001101100111101100000110000110011011011000110110001100110011001101101101101101101101100110110110011001101100111100110110110110110110110,93.43667710040354,70.24987000207125,58.96380045020566,9.351112987030671,10,0.8175064900382744
anti_reasons,11011011011011011001100110110110110110110110110110111101101101101101101100111101100110111100110110111100111101101100110110110110110111100110110110011011001100111101100011000110001101100110001101100011011001101100110110110110110110110110110110110110011011011001100011110011011011001100110110001100110011011000001100011011011011001101100111101100000110000110011011011000110110001100110011001101101101101101101101100110110110011001101100111100110110110110110110110,93.42424352975766,70.20282217590137,59.334493789442895,9.281510360327454,10,0.8175307743559421
anti_reasons,11011011011011011001100110110110110110110110110110111101101101101101101100111101100110111100110110111100111101101100110110110110110111100110110110011011001100111101100011000110001101100110001101100011011001101100110110110110110110110110110110110110011011011001100011110011110011000110110110001100110011011000001100011011011011001101100111101100000110000110011011011000110110001100110011001101101101101101101101100110110110011001101100111100110110110110110110110,93.41685851553788,70.18231645354321,59.282929188979935,9.291996875825335,10,0.81754519821184
anti_reasons,11011001111011011001100110110110110110110110110110111100111101101101101101101100111101101101101101101101100111101100110110110110110111100110110011011011001101101101100011000110001101100110001101100011011001101100110110110110110110110011110110110110110011011000110011011011110011001100110110001100110001111000001101100001111011001100111101100110000110000110011011011000110110001100110011001101101101101101101101101100110110011001101100111100110110110110110110110,93.41292506886207,71.4292078162234,63.27062694178528,8.433905476414251,10,0.8175528807248787
anti_reasons,11011011011011011001100110110110110110110110110110111101101101101101101100111101100110111100110110111100111101101100110110110110110111100110110110011011001100111101100011000110001101100110001101100011011001101100110110110110110110110110110110110110011011011001100011110011110011001100110110001100011011011000001100011011011011001101100111101100000110000110011011011000110110001100110011001101101101101101101101100110110110011001101100111100110110110110110110110,93.40469321653819,70.14311087397121,59.21174562463709,9.312008534790248,10,0.8175689585614488
anti_reasons,11011011011011011001100110110110110110110110110110111101101101101101101100111101100110111100110110111100111101101100110110110110110111100110110110011011001100111101100011000110001101100110001101100011011001101100110110110110110110110110110110110110011011011001100011110011110011001100110110001100110011011000001100011011011011001101100111101100000110000110011011011000110110001100110011001101101101101101101101101100110110011001101100111100110110110110110110110,93.4041602272133,70.28499408330039,59.517441128178724,9.238944765096294,10,0.817569999556224
anti_reasons,11011001111011011001100110110110110110110110110110111100111101101101101101101101101101101101101101101101100111101100110110110110110111100110110011011011001101101101100011000110001101100110001101100011011001101100110110110110110110110011110110110110110011011000110011011011110011001100110110001100110001101100001101100001111011001100111101100110000110000110011011011000110110001100110011001101101101101101101101101100110110011001101100111100110110110110110110110,93.39945866623215,71.32559131564453,63.58487870438477,8.425545274113631,10,0.8175791822925154
anti_reasons,11011011011011011001100110110110110110110110110110111101101101101100111101101101101100111101101100110111101101100110110110110110110111100110110110011001101100111101100011000110001101100110001101100011011001101100110110110110110110110110110110011011110011011001100110011011011011001100110011001100110011001100000111100011011011000111101100111100000110000110011011011000110110001100110011001101101101101101101101100110110110011001101100111100110110110110110110110,93.39812330347362,70.22677340377406,61.24459586945026,9.012007213242986,10,0.817581790422903
anti_reasons,11011011011011011001100110110110110110110110110110111101101101101101101100111101100110111100110110111100111101101100110110110110110111100110110110011011001100111101100011000110001101100110001101100011011001101100110110110110110110110110110110110110011011011001100011110011110011001100110011001100110011011000001100011011011011001101100111101100000110000110011011011000110110001100110011001101101101101101101101100110110110011001101100111100110110110110110110110,93.39647540206312,70.13763728566478,59.1954752467565,9.311392053814618,10,0.8175850089803455
anti_reasons,11011011011011011001100110110110110110110110110110111101101101101101101100111101100110111100110110111100111101101100110110110110110111100110110110011011001100111101100011000110001101100110001101100011011001101100110110110110110110110110110110110110011011011001100011110011110011001100110110000110110011011000001100011011011011001101100111101100000110000110011011011000110110001100110011001101101101101101101101100110110110011001101100111100110110110110110110110,93.39616083480868,70.13332316328936,59.19278152408095,9.313584674516417,10,0.8175856233695142
anti_reasons,11011001111011011001100110110110110110110110110110111100111101101101101101101101101101101101101101101101100111101100110110110110110111100110110011011011001101101101100011000110001101100110001101100011011001101100110110110110110110110011110110110110110011011000110011011011110011001100110110001100110001111000001101100001111001101100111101100110000110000110011011011000110110001100110011001101101101101101101101101100110110011001101100111100110110110110110110110,93.39382484948587,71.33380026090789,63.580597814487284,8.42240746342919,10,0.8175901858408479
anti_reasons,11011011011011011001100110110110110110110110110110111101101101101101101100111101100110111100110110111100111101101100110110110110110111100110110110011011001100111101100011000110001101100110001101100011011001101100110110110110110110110110110110110110011011011000110011110011110011001100110110001100110011011000001100011011011011001101100111101100000110000110011011011000110110001100110011001101101101101101101101100110110110011001101100111100110110110110110110110,93.39332544388202,70.150428645044,59.23289518741493,9.299088461814053,10,0.8175911612424179
anti_reasons,11011011011011011001100110110110110110110110110110111101101101101101101100111101100110111100110110111100111101101100110110110110110111100110110110011011001100111101100011000110001101100110001101100011011001101100110110110110110110110110110110110110011011001101100011110011110011001100110110001100110011011000001100011011011011001101100111101100000110000110011011011000110110001100110011001101101101101101101101100110110110011001101100111100110110110110110110110,93.39147595563638,70.14714403225945,59.23019438445778,9.300081739919637,10,0.8175947735241477
anti_reasons,11011001111011011001100110110110110110110110110110111100111101101101101101101101101101101101101101101101100111101100110110110110110111100110110011011011001101101101100011000110001101100110001101100011011001101100110110110110110110110011110110110110110011011000110011011011110001101100110110001100110001111000001101100001111011001100111101100110000110000110011011011000110110001100110011001101101101101101101101101100110110011001101100111100110110110110110110110,93.38417724627699,71.36079984947614,63.671627180162645,8.39620381880142,10,0.8176090288158653
anti_reasons,11011011011011011001100110110110110110110110110110111101101101101101101101101101100111101101100110110110110111100110110110110110110111100110110011011001101100111101100011000110001101100110001101100011011001101100110110110110110110110110011110110011110011001101100110110110110001101100011110001100110011011000001101100001111011001101101101101100000110000110011011011000110110001100110011001101101101101101101101101100110110011011001101101100110110110110110110110,93.370754411719,70.90012962738663,62.04821981094125,8.897338622674702,10,0.8176352452896113
anti_reasons,11011001111011011001100110110110110110110110110110111100111101101101101101101101101101101101101101101101100111101100110110110110110111100110110011011011001101101101100011000110001101100110001101100011011001101100110110110110110110110011110110110110110011011000110011011011110011001100110110001100011001111000001101100001111011001100111101100110000110000110011011011000110110001100110011001101101101101101101101101100110110011001101100111100110110110110110110110,93.34254073102107,71.26455641653676,63.48251329001645,8.432437107342034,10,0.8176903501347245
anti_reasons,11011001111011011001100110110110110110110110110110111100111101101101101101101101101101101101101101101101100111101100110110110110110111100110110011011011001101101101100011000110001101100110001101100011011001101100110110110110110110110011110110110110110011011000110011011011110011001100110011001100110001111000001101100001111011001100111101100110000110000110011011011000110110001100110011001101101101101101101101101100110110011001101100111100110110110110110110110,93.33432291654601,71.25908282823033,63.46624291213586,8.431799758587013,10,0.8177064005536211
anti_reasons,11011001111011011001100110110110110110110110110110111100111101101101101101101101101101101101101101101101100111101100110110110110110111100110110011011011001101101101100011000110001101100110001101100011011001101100110110110110110110110011110110110110110011001100110011011011110011001100110110001100110001111000001101100001111011001100111101100110000110000110011011011000110110001100110011001101101101101101101101101100110110011001101100111100110110110110110110110,93.32932347011928,71.26858957482501,63.50096204983714,8.421110337562194,10,0.8177161650974233
anti_reasons,11011011001111011001100110110110110110110110110110111101101100111101100110111101100111101101101101101101101100111100110110110110110111100110110011011001101100111101100011000110001101100110001101100011011001101100110110110110110011110110110110110110011001111000110011110110110011001100110110000110110001111000000111100011011011001101101101100110000011000110011011011000110110001100110011001101101101101101101101100110110110011001101100111100110110110110110110110,93.32931645764522,71.44141792755174,62.202160516656726,8.524855721582899,10,0.8177161787936617
anti_reasons,11011011011011011001100110110110110110110110110110111101101101101101101101101101100111101101100110110110110110111100110110110110110111100110110011011001101100111101100011000110001101100110001101100011011001101100110110110110110110110110011110110011110011001101100110110110110001101100011110001100110011011000001101100001111011001101101101101100000110000110011011011000110110001100110011001101101101101101101101101100110110011011001101101100110110110110110110110,93.32435339932296,70.86701563587515,61.97563182316218,8.885597267226665,10,0.8177258722669474
anti_reasons,11011011011011011001100110110110110110110110110110111101101100111101100110111101100111101101101101101101101100111100110110110110110111100110110011011001101100111101100011000110001101100110001101100011011001101100110110110110110011110011110110110110011001111000110011110110110011001100011110000110110011011000000111100011011011001101101101100110000011000110011011011000110110001100110011001101101101101101101101100110110110011001101100111100110110110110110110110,93.31874602939263,71.4489371452223,61.995751028660365,8.561436283626081,10,0.8177368241613425
anti_reasons,11011011011011011001100110110110110110110110110110111100111101101100111101101101101100111101101100110111101101101100110110110110110111100110110110011001101100111101100011000110001101100110001101100011011001101100110110110110110110110110110110011011110011011001100110011011011011001100110011001100110011001100000111100011011011000111101100111100000110000110011011011000110110001100110011001101101101101101101101100110110110011001101100111100110110110110110110110,93.25423466081445,70.4434946984489,61.267694126517796,8.855429708307584,10,0.8178628229280968
anti_reasons,11011011011011011001100110110110110110110110110110111101101101101100111101101101101100111101101100110111101101101100110110110110110111100110110110011001101100111101100011000110001101100110001101100011011001101100110110110110110110110011110110011011110011011001100110011110011011001100110011001100110011001100000111100011011011000111101100111100000011000110011011011000110110001100110011001101101101101101101101100110110110011001101100111100110110110110110110110,93.242495628882,70.42446211158139,61.83689174321154,8.770982693818736,10,0.8178857507248398
anti_reasons,11011011011011011001100110110110110110110110110110111101101101101100111101101101101100111101101100110111101101101100110110110110110111100110110110011001101100111101100011000110001101100110001101100011011001101100110110110110110110110110110110011011110011011001100110011011011011001100110011001100110011001100000111100011011011000111100110111100000110000110011011011000110110001100110011001101101101101101101101100110110110011001101100111100110110110110110110110,93.22840353526982,69.95382900473321,61.617547284568886,8.879815935719712,10,0.8179132743451761
anti_reasons,11011011011011011001100110110110110110110110110110111100111101101101101101101101100111101101100110110110110111101100110110110110110111100110110011011001101100111101100011000110001101100110001101100011011001101100110110110110110110110110011110110011110011001101100110110110110001101100011110001100110011011000001101100001111011001101101101101100000110000110011011011000110110001100110011001101101101101101101101101100110110011011001101101100110110110110110110110,93.22686576905983,71.11685092206149,62.071318068008786,8.720516946128239,10,0.817916277794805
anti_reasons,11011011011011011001100110110110110110110110110110111101101101101101101101101101100111101101100111101100110110111100110110110110110111100110110011011011001100111101100011000110001101100110001101100011011001101100110110110110110110110011011011011110110011011001100110110110110011001100110001101100110011001100001101100001111001101101101101101100000011000110011011011000110110001100110011001101101101101101101101100110110110110001101100110110110110110110110110110,93.2099011310771,71.60334195021964,62.874898779537396,8.517403538992344,10,0.817949411853365
anti_reasons,11011011011011011001100110110110110110110110110110111101101101101101101101101101100111101101100110110110110111101100110110110110110111100110110011011001101100111101100011000110001101100110001101100011011001101100110110110110110110110110011110110011110011001101100110110110110001101100011110001100110011011000001101100001111011001101100111101100000110000110011011011000110110001100110011001101101101101101101101101100110110011011001101101100110110110110110110110,93.2010346435152,70.6271852283458,62.42117122605987,8.742634170797915,10,0.8179667292118844
anti_reasons,11011011011011011001100110110110110110110110110110111101101100111101100110111101100111101101101101101101101100111100110110110110110111100110110011011001101100111101100011000110001101100110001101100011011001101100110110110110110011110011110110110110011001111000110011110110110011001100110011000110110011011000000111100011011011001101101101100110000011000110011011011000110110001100110011001101101101101101101101100110110110011001101100111100110110110110110110110,93.17055455941784,71.25889664222127,61.6371502135279,8.601612571346344,10,0.818026260626137
anti_reasons,11011001111011011001100110110110110110110110110110111100111101101101101101101101101101101101101101101101100111101100110110110110110111100110110011011011001101101101100011000110001101100110001101100011011001101100110110110011110110110011110110110110110011011000110011011011110011001100110110001100110001111000001101100001111011000110111101100110000110000110011011011000110110001100110011001101101101101101101101101100110110011001101100111100110110110110110110110,93.16362435062575,71.81044683603622,64.4877435197091,8.165757149063635,10,0.8180397961901841
anti_reasons,11011011011011011001100110110110110110110110110110111101101101101100111101101101101100111101101100110111101101101100110110110110110111100110110110011001101100111101100011000110001101100110001101100011011001101100110110110110110110110110110110011011110011011001100110011011011011001100110011001100110011001100000111100011011011000111101100110110000110000110011011011000110110001100110011001101101101101101101101100110110110011001101100111100110110110110110110110,93.14677358046865,69.73108857654685,61.166393149111904,8.950883930464677,10,0.8180727078506471
anti_reasons,11011011011011011001100110110110110110110110110110110111101101101101101100111101100110111100110110111100111101101100110110110110110111100110110110011011001100111101100011000110001101100110001101100011011001101100110110110110110110110110110110110110011011011001100011110011110011001100110110001100110011011000001100011011011011000111100111101100000110000110011011011000110110001100110011001101101101101101101101100110110110011001101100111100110110110110110110110,93.133944015439,70.3591179846824,59.28870996231055,9.197043221086371,10,0.8180977655948457
anti_reasons,11011011011011011001100110110110110110110110110110111101101101101101101101101101100111101101100110110110110111101100110110110110110111100110110011011001101100111101100011000110001101100110001101100011011001101100110110110110110110110110011011110011110011001101100110110110110001101100011110001100110011011000001101100001111011001101101101101100000110000110011011011000110110001100110011001101101101101101101101101100110110011011001101101100110110110110110110110,93.12710289195773,71.00642507929666,63.085330313425004,8.56269896060888,10,0.818111127164145
anti_reasons,11011011011011011001100110110110110110110110110110111101101100111101100110111101100111101101101101101101101100111100110110110110110111100110110011011001101101101101100011000110001101100110001101100011011001101100110110011110110011110011110110110110011001111000110011110110110011001100110110000110110011011000000111100011011011001101101101100110000011000110011011011000110110001100110011001101101101101101101101100110110110011001101100111100110110110110110110110,93.05258931085194,71.683388601328,62.05425496718226,8.456885149179513,10,0.8182566615022423
anti_reasons,11011011011011011001100110110110110110110110110110111101101101101101101101101101100111101101100110110110110111101100110110110110110111100110110011011001101100111101100011000110001101100110001101100011011001101100110110110110110110110110011110110011110011001101100110110110110001101100011110001100110011011000000111100001111011001101101101101100000110000110011011011000110110001100110011001101101101101101101101101100110110011011001101101100110110110110110110110,93.0486126046712,70.55753349124552,62.37189618850877,8.715676134901527,10,0.8182644285065015
anti_reasons,11011011011011011001100110110110110110110110110110111101101101101100111101101101101100111101101100110110111101101100110110110110110111100110110110011001101100111101100011000110001101100110001101100011011001101100110110110110110110110110110110011011110011011001100110011011011011001100110011001100110011001100000111100011011011000111101100111100000110000110011011011000110110001100110011001101101101101101101101100110110110011001101100111100110110110110110110110,93.04709759236387,69.90024269036583,60.89913805987332,8.962052405607075,10,0.8182673875149143
anti_reasons,11011011011011011001100110110110110110110110110110111101101101101101101101101101100110111101100110110110110111101100110110110110110111100110110011011001101100111101100011000110001101100110001101100011011001101100110110110110110110110110011110110011110011001101100110110110110001101100011110001100110011011000001101100001111011001101101101101100000110000110011011011000110110001100110011001101101101101101101101101100110110011011001101101100110110110110110110110,92.99254764232907,70.65561368149447,61.69951151948159,8.787792509562639,10,0.818373930386076
anti_reasons,11011011011011011001100110110110110110110110110110111101101101101101101101101101100111101101100110110110110111101100110110110110110111100110110011011001101100111101100011000110001101100110001101100011011001101100110110110110110110110110011110110011110011001101100110110110110001101100011110001100110011011000001101100001101111001101101101101100000110000110011011011000110110001100110011001101101101101101101101101100110110011011001101101100110110110110110110110,92.99019448201055,70.53084379982234,62.31511805414114,8.711936508546279,10,0.8183785264023231
anti_reasons,11011011011011011001100110110110110110110110110110111101101100111101101101101101100111101101100110110110110111101100110110110110110111100110110011011001101100111101100011000110001101100110001101100011011001101100110110110110110110110110011110110011110011001101100110110110110001101100011110001100110011011000001101100001111011001101101101101100000110000110011011011000110110001100110011001101101101101101101101101100110110011011001101101100110110110110110110110,92.98333701720122,70.97325402705543,61.766934866322885,8.683880661326342,10,0.8183919198882789
anti_reasons,11011011011011011001100110110110110110110110110110111101101101101100111101101101101100111101101100110111101101101100110110110110110111100110110110011001101100111101100011000110001101100110001101100011011001101100110110110110110110110110110110011011110011011001100110011011011011001100110011001100110011001100000111100011011011000110111100111100000110000110011011011000110110001100110011001101101101101101101101100110110110011001101100111100110110110110110110110,92.98170245383764,69.75634208701914,61.30011693223126,8.88783144298026,10,0.8183951123948483
anti_reasons,11011011011011011001100110110110110110110110110110111101101101101100111101101101101100111101100110110111101101101100110110110110110111100110110110011001101100111101100011000110001101100110001101100011011001101100110110110110110110110110110110011011110011011001100110011011011011001100110011001100110011001100000111100011011011000111101100111100000110000110011011011000110110001100110011001101101101101101101101100110110110011001101100111100110110110110110110110,92.96296614598376,69.8101247265715,60.83115766000008,8.946204391563203,10,0.8184317067461255
anti_reasons,11011011011011011001100110110110110110110110110110111101101101101101101101101101100111101101100110110110110111101100110110110110110111100110110011011001101100111101100011000110001101100110001101100011011001101100110110110110110110110110011110110011110011001101100110110110110001101100011110001100110011011000001101100001111011001100111101101100000110000110011011011000110110001100110011001101101101101101101101101100110110011011001101101100110110110110110110110,92.95433356208302,70.42969831063172,62.103740873722245,8.75430044422858,10,0.8184485672615566
anti_reasons,11011011011011011001100110110110110110110110110110111101101101101101101101101101100111101101100110110110110111101100110110110110110111100110110011011001101100111101100011000110001101100110001101100011011001101100110110110110110011110110011110110011110011001101100110110110110001101100011110001100110011011000001101100001111011001101101101101100000110000110011011011000110110001100110011001101101101101101101101101100110110011011001101101100110110110110110110110,92.93558650629856,71.00663721186469,62.66753787521192,8.572289456764581,10,0.8184851826048856
anti_reasons,11011011011011011001100110110110110110110110110110111101101101101100111101101101101100111101101100110111101101101100110110110110110111100110110110011001101100111101100011000110001101100110001101100011011001101100110110110110110110110110110110011011110011011001100110011011011011001100011011001100110011001100000111100011011011000111101100111100000110000110011011011000110110001100110011001101101101101101101101100110110110011001101100111100110110110110110110110,92.93205626756884,69.74628595255447,61.314701854823184,8.861552049869065,10,0.8184920776024046
anti_reasons,11011011011011011001100110110110110110110110110110111101101101101100111101101101101100110111101100110111101101101100110110110110110111100110110110011001101100111101100011000110001101100110001101100011011001101100110110110110110110110110110110011011110011011001100110011011011011001100110011001100110011001100000111100011011011000111101100111100000110000110011011011000110110001100110011001101101101101101101101100110110110011001101100111100110110110110110110110,92.92827883744407,69.80472621920514,60.81549625373904,8.931406893618707,10,0.8184994553956171
anti_reasons,11011001111011011001100110110110110110110110110110111101101101101101101101101101100111101101100110110110110111101100110110110110110111100110110011011001101100111101100011000110001101100110001101100011011001101100110110110110110110110110011110110011110011001101100110110110110001101100011110001100110011011000001101100001111011001101101101101100000110000110011011011000110110001100110011001101101101101101101101101100110110011011001101101100110110110110110110110,92.9253850157319,71.08144141924458,62.89221480180636,8.49374151485922,10,0.8185051073911487
anti_reasons,11011011011011011001100110110110110110110110110110111101101101101101101101100111101100111101100110111100110111101100110110110110110111100110110110011011001100111101100011000110001101100110001101100011011001101100110110110110110110110110011110110110001111011001100110011110110011001100110011001100110011011000001100110011001111001100111101101100000110000110011011011000110110001100110011001101101101101101101101101100110110011001101100111100110110110110110110110,92.91699392800527,70.20372982709429,60.70083372092058,8.944808068892552,10,0.8185214962343648
anti_reasons,11011011011011011001100110110110110110110110110110111101101101101100111100111101101100111101101100110111101101101100110110110110110111100110110110011001101100111101100011000110001101100110001101100011011001101100110110110110110110110110110110011011110011011001100110011011011011001100110011001100110011001100000111100011011011000111101100111100000110000110011011011000110110001100110011001101101101101101101101100110110110011001101100111100110110110110110110110,92.91226813240927,69.8698799743176,60.8155594121253,8.89671983956657,10,0.8185307263038881
anti_reasons,11011011011011011001100110110110110110110110110110111101101101101100111101101101101100111101101100110111101101101100110110110110110111100110110110011001101100111101100011000110001101100110001101100011011001101100110110110110110110110110110110011011110011011001100110011011011011001100110011001100110011001100000111100011011011000111101100111100000110000110011011011000110110001100110011001101101101101101101101100110110110110001101100111100110110110110110110110,92.91075408406951,69.96495860148283,61.53628109942509,8.778906575372002,10,0.8185336834295518
anti_reasons,11011011011011011001100110110110110110110110110110111101101101101100111101101101101100111101101100110111101101101100110110110110110111100110110110011001101100111101100011000110001101100110001101100011011001101100110110110110110110110110110110011011110001111001100110011011011011001100110011001100110011001100000111100011011011000111101100111100000110000110011011011000110110001100110011001101101101101101101101100110110110011001101100111100110110110110110110110,92.90789518155258,69.73052154616971,61.31226670816352,8.853498550414688,10,0.8185392672235301
anti_reasons,11011011011011011001100110110110110110110110110110111101101101101101101101101101100111101101100110110110110111101100110110110110110111100110110011011001101100111101100011000110001101100110001101100011011001101100110110110110110110110110011110110011110011001101100011110110110001101100011110001100110011011000001101100001111011001101101101101100000110000110011011011000110110001100110011001101101101101101101101101100110110011011001101101100110110110110110110110,92.90507058763279,70.44647446211646,62.18896566447549,8.710452845926508,10,0.8185447840085297
anti_reasons,11011011011011011001100110110110110110110110110110111101101100111100111101101101101100111101100111101101100111101100110110110110110111100110110011011011001101101101100011000110001101100110001101100011011001101100110110110110110011110110110110110110110001111001100011011110110011001100011110001100110011001100001100110011011011001100111101101100000110000110011011011000110110001100110011001101101101101101101101100110110110110001101100111100110110110110110110110,92.90296539365423,70.91497877481774,60.9722327550898,8.708148939358368,10,0.8185488957155191
anti_reasons,11011011011011011001100110110110110110110110110110111101101101101101101101101101100111100111100110110110110111101100110110110110110111100110110011011001101100111101100011000110001101100110001101100011011001101100110110110110110110110110011110110011110011001101100110110110110001101100011110001100110011011000001101100001111011001101101101101100000110000110011011011000110110001100110011001101101101101101101101101100110110011011001101101100110110110110110110110,92.90090994568946,70.47808244281772,61.61912019523003,8.802378408585083,10,0.8185529102623252
anti_reasons,11011011011011011001100110110110110110110110110110111101101101101101101100111101100111101101100110110110110111101100110110110110110111100110110011011001101100111101100011000110001101100110001101100011011001101100110110110110110110110110011110110011110011001101100110110110110001101100011110001100110011011000001101100001111011001101101101101100000110000110011011011000110110001100110011001101101101101101101101101100110110011011001101101100110110110110110110110,92.88489924065466,70.54323619793017,61.61918335361629,8.759376481804201,10,0.8185841811705964
anti_reasons,11011011011011011001100110110110110110110110110110111101101101101101101101101101100111101101100110110110110111101100110110110110110111100110110011011001101100111101100011000110001101100110001101100011011001101100110110110110110110110110011110110011110011001101100110011110110001101100011110001100110011011000001101100001111011001101101101101100000110000110011011011000110110001100110011001101101101101101101101101100110110011011001101101100110110110110110110110,92.88367247846608,70.40007812679423,62.07972400068486,8.727355941684884,10,0.8185865771904959
anti_reasons,11011011011011011001100110110110110110110110110110111101101101101101101101101101100111101101100110110110110111101100110110110110110111100110110011011001101100111101100011000110001101100110001101100011011001101100110110110110110110110110011110110011110011001101100110110110110001101100011110001100110011011000001101100001111011001101101101101100000110000110011011011000110110001100110011001101101101101101101101101100110110110011001101101100110110110110110110110,92.88338519231489,70.63831482509542,62.33990504091607,8.655622433498321,10,0.81858713829626
anti_reasons,11011011011011011001100110110110110110110110110110111101101101101101101101101101100111101101100110110110110111101100110110110110110111100110110011011001101100111101100011000110001101100110001101100011011001101100110110110110110110110110011110110011110001101101100110110110110001101100011110001100110011011000001101100001111011001101101101101100000110000110011011011000110110001100110011001101101101101101101101101100110110011011001101101100110110110110110110110,92.88052628979797,70.4038777697823,62.1158906496545,8.722539832081674,10,0.8185927220902384
anti_reasons,11011011011011011001100110110110110110110110110110111101101101101101101101101101100111101101100110110110110111101100110110110110110111100110110011011001101100111101100011000110001101100110001101100011011001101100110110110110110110110110011110011011110011001101100110110110110001101100011110001100110011011000001101100001111011001101101101101100000110000110011011011000110110001100110011001101101101101101101101101100110110011011001101101100110110110110110110110,92.8683680726678,70.39922976355575,62.10937902436922,8.720702443070504,10,0.8186164686080707
anti_reasons,11011011011011011001100110110110110110110110110110111101101101101100111101101101100111101101100110110110110111101100110110110110110111100110110011011001101100111101100011000110001101100110001101100011011001101100110110110110110110110110011110110011110011001101100110110110110001101100011110001100110011011000001101100001111011001101101101101100000110000110011011011000110110001100110011001101101101101101101101101100110110011011001101101100110110110110110110110,92.86689543518995,70.57402206496106,61.60038435342614,8.762726555456542,10,0.8186193448531447
anti_reasons,11011011011011011001100110110110110110110110110110111101101101101101100111101101100111101101100110110110110111101100110110110110110111100110110011011001101100111101100011000110001101100110001101100011011001101100110110110110110110110110011110110011110011001101100110110110110001101100011110001100110011011000001101100001111011001101101101101100000110000110011011011000110110001100110011001101101101101101101101101100110110011011001101101100110110110110110110110,92.86598201842168,70.55285076706411,61.597101915992894,8.764303386489523,10,0.8186211288702702
anti_reasons,11011011011011011001100110110110110110110110110110111101101101101101101101101101100111101100110110110110110111101100110110110110110111100110110011011001101100111101100011000110001101100110001101100011011001101100110110110110110110110110011110110011110011001101100110110110110001101100011110001100110011011000001101100001111011001101101101101100000110000110011011011000110110001100110011001101101101101101101101101100110110011011001101101100110110110110110110110,92.86559692828139,70.3988067415834,61.581708805545844,8.808405063598991,10,0.8186218809994504
anti_reasons,11011011011011011001100110110110110110110110110110111101101101101100111101101101101100111101101100110111101101101100110110110110110111100110110110011001101100111101100011000110001101100110001101100011011001101100110110110110110110110110110110011011110011011001100110011011011011001100110011001100110011001100000111100011011001100111101100111100000110000110011011011000110110001100110011001101101101101101101101100110110110011001101100111100110110110110110110110,92.84336673053392,69.630962882231,61.070455942042145,8.888916686865274,10,0.8186652993544259
anti_reasons,11011011011011011001100110110110110110110110110110111101101101101101101101101100110111101101100110110110110111101100110110110110110111100110110011011001101100111101100011000110001101100110001101100011011001101100110110110110110110110110011110110011110011001101100110110110110001101100011110001100110011011000001101100001111011001101101101101100000110000110011011011000110110001100110011001101101101101101101101101100110110011011001101101100110110110110110110110,92.8350980581555,70.3997266611591,61.564109010831125,8.784084423786766,10,0.818681449105165
anti_reasons,11011011011011011001100110110110110110110110110110111101101101101100111101101101101100111101101100110111101101101100110110110110110111100110110110011001101100111101100011000110001101100110001101100011011001101100110110110110110110110110110110011011110011011001100110011011011001101100110011001100110011001100000111100011011011000111101100111100000110000110011011011000110110001100110011001101101101101101101101100110110110011001101100111100110110110110110110110,92.83371912732503,69.65796247079923,61.161485307717506,8.86165202509342,10,0.8186841423294433
anti_reasons,11011011011011011001100110110110110110110110110110111101101101101100111101100111101100111101101100110111101101101100110110110110110111100110110110011001101100111101100011000110001101100110001101100011011001101100110110110110110110110110110110011011110011011001100110011011011011001100110011001100110011001100000111100011011011000111101100111100000110000110011011011000110110001100110011001101101101101101101101100110110110011001101100111100110110110110110110110,92.82406649593447,69.66847816595993,60.724426243139874,8.920119968798499,10,0.818702995125128
anti_reasons,11011011011011011001100110110110110110110110110110111101101101101101101101101101100111101101100110110110110111101100110110110110110111100110110011011001101100111101100011000110001101100110001101100011011001101100110110110110110110110110011110110011110011001101100110110110110001101100011110001100110011001100001101100001111011001101101101101100000110000110011011011000110110001100110011001101101101101101101101101100110110011011001101101100110110110110110110110,92.82163165552558,70.29611016058024,61.878360773430614,8.758619349589747,10,0.8187077506728015
anti_reasons,11011011011011011001100110110110110110110110110110111101101101101101101101101101100111101101100110110110110111101100110110110110110111100110110011011001101100111101100011000110001101100110001101100011011001101100110110110110110110110110011110110011110011001101100110110110110001101100011110001100110011011000001100110001111011001101101101101100000110000110011011011000110110001100110011001101101101101101101101101100110110011011001101101100110110110110110110110,92.81854314465508,70.30804897835966,61.89615473351893,8.754672456067194,10,0.8187137829205955
anti_reasons,11011011011011011001100110110110110110110110110110111101101101101101101101101101100111101101100110110110110111101100110110110110110111100110110011011001101100111101100011000110001101100110001101100011011001101100110110110110110110110110011110110011110011001101100110110110110001101100011110001100110011011000001101100001111001101101101101101100000110000110011011011000110110001100110011001101101101101101101101101100110110011011001101101100110110110110110110110,92.8159978387793,70.30431910584358,61.87407988353313,8.755708591285346,10,0.8187187542211342
anti_reasons,11011011011011011001100110110110110110110110110110111101101101101101101101101101100111101101100110110110110111101100110110110110110111100110110011011011001100111101100011000110001101100110001101100011011001101100110110110110110110110110011110110011110011001101100110110110110001101100011110001100110011011000001101100001111011001101101101101100000110000110011011011000110110001100110011001101101101101101101101101100110110011011001101101100110110110110110110110,92.81494513444434,70.26783216122669,61.58804660758708,8.804834490952272,10,0.8187208102842884
anti_reasons,11011011011011011001100110110110110110110110110110111101101101101100111101101101101100111101101100110111101100111100110110110110110111100110110110011001101100111101100011000110001101100110001101100011011001101100110110110110110110110011110110011011110011011001100110011011011011001100110011001100110011001100000111100011011011000111101100111100000110000110011011011000110110001100110011001101101101101101101101100110110110011001101100111100110110110110110110110,92.80573797142391,70.37491393461933,61.75560699051459,8.707327524186674,10,0.8187387930245626
anti_reasons,11011011011011011001100110110110110110110110110110111101101101101100110111100111101101100110110110111101100111100110110110110110110111100110110011011001101100111101100011000110001101100110001101100011011001101100110110110110110110110011110110011110110001111000110110110110110011001100110110001100110001111000001101100011011011001100111100111100000110000110011011011000110110001100110011001101101101101101101101100110110110011011001100111100110110110110110110110,92.797657815162,70.72896330939264,60.68270418688894,8.925119605449352,10,0.8187545745797618
anti_reasons,11011011011011011001100110110110110110110110110110111101101101101101101101101101100111101101100110110110110111101100110110110110110111100110110011011001101100111101100011000110001101100110001101100011011001101100110110110110110110110110011110110011110011001101100110110110011001101100011110001100110011011000001101100001111011001101101101101100000110000110011011011000110110001100110011001101101101101101101101101100110110011011001101101100110110110110110110110,92.78426403353399,70.29478656340262,61.8987435238681,8.739422843624762,10,0.8187807343095039
anti_reasons,11011011011011011001100110110110110110110110110110111101101101101100111101101101101100111101101100110111101101101100110110110110110111100110110110011001101100111101100011000110001101100110001101100011011001101100110110110110110110110110110110011011110011011001100110011011011011001100110011000110110011001100000111100011011011000111101100111100000110000110011011011000110110001100110011001101101101101101101101100110110110011001101100111100110110110110110110110,92.78355023033961,69.55193132717804,60.95340731701517,8.901132847469233,10,0.8187821284563679
anti_reasons,11011011011011011001100110110110110110110110110110111101101101101101101101101101100111101101100110110110110111101100110110110110110111100110110011011001101100111101100011000110001101100110001101100011011001101100110110110110110110110110011110110011110011001101100110110110110001100110011110001100110011011000001101100001111011001101101101101100000110000110011011011000110110001100110011001101101101101101101101101100110110011011001101101100110110110110110110110,92.77687901931421,70.27428084104446,61.84717892340514,8.748589007502796,10,0.8187951581654019
anti_reasons,11011011011011011001100110110110110110110110110110111101101101101101101101101101100111101101100110110110110111101100110110110110110111100110110011011001101100111101100011000110001101100110001101100011011001101100110110110110110110110110011110110011110011001101100110110110110001101100011110001100011011011000001101100001111011001101101101101100000110000110011011011000110110001100110011001101101101101101101101101100110110011011001101101100110110110110110110110,92.7647137203145,70.23507526147246,61.77599535906229,8.767507669386632,10,0.8188189185150108
anti_reasons,11011011011011011001100110110110110110110110110110111101101101101101101101101101100111101101100110110110110111101100110110110110110111100110110011011001101100111101100011000110001101100110001101100011011001101100110110110110110110110110011110110011110011001101100110110110110001101100011011001100110011011000001101100001111011001101101101101100000110000110011011011000110110001100110011001101101101101101101101101100110110011011001101101100110110110110110110110,92.75649590583944,70.22960167316603,61.759724981181705,8.766849259061306,10,0.8188349689339074
anti_reasons,11011011011011011001100110110110110110110110110110111101101101101101101101101101100111101101100110110110110111101100110110110110110111100110110011011001101100111101100011000110001101100110001101100011011001101100110110110110110110110110011110110011110011001101100110110110110001101100011110000110110011011000001101100001111011001101101101101100000110000110011011011000110110001100110011001101101101101101101101101100110110011011001101101100110110110110110110110,92.756181338585,70.22528755079063,61.75703125850615,8.769032472363222,10,0.8188355833230762
anti_reasons,11011011011011011001100110110110110110110110110110111101101101101101101101101101100111101101100110110110110111101100110110110110110111100110110011011001101100111101100011000110001101100110001101100011011001101100110110110110110110110110011110110011110011001100110110110110110001101100011110001100110011011000001101100001111011001101101101101100000110000110011011011000110110001100110011001101101101101101101101101100110110011011001101101100110110110110110110110,92.75334594765833,70.24239303254525,61.797144921840136,8.756058735774033,10,0.8188411211959798
anti_reasons,11011011011011011001100110110110110110110110110110111101101101101101101101101101100111101101100110110110110111101100110110110110110111100110110011011001101100111101100011000110001101100110001101100011011001101100110110110110110110110011011110110011110011001101100110110110110001101100011110001100110011011000001101100001111011001101101100111100000110000110011011011000110110001100110011001101101101101101101101101100110110011011001101101100110110110110110110110,92.6453850832597,70.75035225456817,62.9028695337572,8.498613714303776,10,0.8190519822592583
anti_reasons,11011011011011011001100110110110110110110110110110111101101101101100111101101101101100111101101100110111101101101100110110110110110111100110110110011001101100111101100011000110001101100110001101100011011001101100110110110110110110110011110011011011110011011001100110011011011011001100110011001100110011001100000111100011011011000111101100111100000110000110011011011000110110001100110011001101101101101101101101100110110110011001101100111100110110110110110110110,92.6084874640587,70.51432337804086,62.86530548077742,8.396084643637744,10,0.8191240479217603
anti_reasons,11011011011011011001100110110110110110110110110110111101101101101100111101101101101100111101101100110111101101101100110110110110110111100110110110011001101100111101100011000110001101100110001101100011011001101100110110110110110110110011011110011011110011011001100110011011011011001100110011001100110011001100000111100011011011000111101100111100000110000110011011011000110110001100110011001101101101101101101101100110110110011001101100111100110110110110110110110,92.59953075363191,70.53601456309543,62.86177350414033,8.388048221491799,10,0.8191415414968126
anti_reasons,11011011011011011001100110110110110110110110110110111101101101101101101101101101100111101101100110110110110111101100110110110110110111100110110011011001101100111101100011000110001101100110001101100011011001101100110110110110110110110011011110110011110011001101100110110110110001101100011110001100110011011000001101100001111011001101101101100110000110000110011011011000110110001100110011001101101101101101101101101100110110011011001101101100110110110110110110110,92.57342036906039,70.5856993225162,62.55361619944629,8.542130128807527,10,0.8191925383416789
anti_reasons,11011011011011011001100110110110110110110110110110111101101101101100111101101101101100111101101100110111100111101100110110110110110111100110110110011001101100111101100011000110001101100110001101100011011001101100110110110110110110110011110110011011110011011001100110011011011011001100110011001100110011001100000111100011011011000111101100111100000110000110011011011000110110001100110011001101101101101101101101100110110110011001101100111100110110110110110110110,92.56739852974466,70.15504772164911,61.54760835065432,8.682028110229037,10,0.8192042997465925
anti_reasons,11011011011011011001100110110110110110110110110110111101101101101101101101100111101100111101100110111100110111100110110110110110110111100110110110011011001100111101100011000110001101100110001101100011011001101100110110110110110110110110011110110110011011011001100110011110110011001100110011001100110011011000001100110011001111001100111101101100000110000110011011011000110110001100110011001101101101101101101101101100110110011001101100111100110110110110110110110,92.55681339322389,69.90169421966048,60.03398438661615,9.078567630676618,10,0.8192249738413596
anti_reasons,11011011011011011001100110110110110110110110110110111101101101101101101101101101101100111101100110111100110111101100110110110110110111100110110110011011001100111101100011000110001101100110001101100011011001101100110110110110110110110011011110110110011011011001100110011110110011001100110011001100110011011000001100110011001111001100111101101100000011000110011011011000110110001100110011001101101101101101101101101100110110011001101100111100110110110110110110110,92.51155428825582,70.20022304174897,61.2588880589022,8.755712227853566,10,0.8193133705307504
anti_reasons,11011011011011011001100110110110110110110110110110111101101101101101101101100111101100111101100110111100110110111100110110110110110111100110110110011011001100111101100011000110001101100110001101100011011001101100110110110110110110110110011110110110011011011001100110011110110011001100110011001100110011011000001100110011001111001100111101101100000110000110011011011000110110001100110011001101101101101101101101101100110110011001101100111100110110110110110110110,92.51041238082784,69.868580228149,59.96139639883708,9.065832033219545,10,0.8193156008186956
anti_reasons,11011011011011011001100110110110110110110110110110111101101101101100111101101101101100111101101100110111101101101100110110110110110111100110110110011001101100111101100011000110001101100110001101100011011001101100110110110110110110110011110110011011110011011001100110011011011011001100110011001100110011001100000111100011001111000111101100111100000110000110011011011000110110001100110011001101101101101101101101100110110110011001101100111100110110110110110110110,92.47157905411152,70.03874209856652,62.095093221493556,8.555215186211159,10,0.8193914471599384
anti_reasons,11011011011011011001100110110110110110110110110110111101101101101100111101101101101100111101101100110111101101101100110110110110110111100110110110011001101100111101100011000110001101100110001101100011011001101100110110110110110110110011110110011011110011011001100110011011011011001100110011001100110011001100000111100001111011000111101100111100000110000110011011011000110110001100110011001101101101101101101101100110110110011001101100111100110110110110110110110,92.4709404490887,70.04026697050008,62.09518174130329,8.554180584089659,10,0.8193926944353737
anti_reasons,11011011011011011001100110110110110110110110110110111101101100111100111101101101101100111101101100110111101101101100110110110110110111100110110110011001101100111101100011000110001101100110001101100011011001101100110110110110110110110011110110011011110011011001100110011011011011001100110011001100110011001100000111100011011011000111101100111100000110000110011011011000110110001100110011001101101101101101101101100110110110011001101100111100110110110110110110110,92.46472158930219,70.48115232579963,61.546910033675296,8.532866762076416,10,0.8194048406458941
anti_reasons,11011011011011011001100110110110110110110110110110111101101101101101101101101101100111101101100110110110110111101100110110110110110111100110110110011001101100111101100011000110001101100110001101100011011001101100110110110110110110110011011110110011110011001101100110110110110001101100011110001100110011011000001101100001111011001101101101101100000110000110011011011000110110001100110011001101101101101101101101101100110110011011001101101100110110110110110110110,92.43860805780874,70.65041410986663,62.384501101512946,8.527980546545274,10,0.8194558436370923
anti_reasons,11011011011011011001100110110110110110110110110110111101101101101100111101101101101100111101101100110111101101101100110110110110110111100110110110011001101100111101100011000110001101100110001101100011011001101100110110110110110011110011110110011011110011011001100110011011011011001100110011001100110011001100000111100011011011000111101100111100000110000110011011011000110110001100110011001101101101101101101101100110110110011001101100111100110110110110110110110,92.41697107839953,70.51453551060888,62.44751304256434,8.398242045434973,10,0.819498103362501
anti_reasons,11011011011011011001100110110110110110110110110110111101101101101100111101101101101100111101101100110111101101101100110110110110110111100110110110011001101100111101100011000110001101100110001101100011011001101100110110110110110110110011110110011011110011011001100110011011011011001100110011001100110011001100000111100011011011000111101100111100000110000110011011011000110110001100110011001101101101101101101101100110110110011011001100111100110110110110110110110,92.41632479459894,70.13402685794783,62.35695123843488,8.484696994376918,10,0.8194993656355489
anti_reasons,11011001111011011001100110110110110110110110110110111101101101101100111101101101101100111101101100110111101101101100110110110110110111100110110110011001101100111101100011000110001101100110001101100011011001101100110110110110110110110011110110011011110011011001100110011011011011001100110011001100110011001100000111100011011011000111101100111100000110000110011011011000110110001100110011001101101101101101101101100110110110011001101100111100110110110110110110110,92.40676958783287,70.58933971798876,62.67218996915878,8.336069959304565,10,0.819518028148764
anti_reasons,11011011011011011001100110110110110110110110110110111101101101101100111101101101101100111101101100110111101101101100110110110110110111100110110110011001101100111101100011000110001101100110001101100011011001101100110110110110110110110011110110011011110011011001100110011011011011001100110011001100110011001100000111100011011011000111101100111100000110000110011011011000110110001100110011001101101101101101101101100110110110011001101101101100110110110110110110110,92.38838598184309,69.91351538527879,61.935681550264604,8.5833920515242,10,0.8195539336292127
anti_reasons,11011011011011011001100110110110110110110110110110111101101101101100111101101101101100111101101100110111101101101100110110110110110111100110110110011001101100111101100011000110001101100110001101100011011001101100110110110110110110110011110110011011110011011001100011011011011011001100110011001100110011001100000111100011011011000111101100111100000110000110011011011000110110001100110011001101101101101101101101100110110110011001101100111100110110110110110110110,92.38645515973376,69.95437276086064,61.96894083182791,8.551538489011078,10,0.819557704766145
anti_reasons,11011011011011011001100110110110110110110110110110111101101101101101101101100111101100111101100110111100110111101100110110110110110111100110110110011011001100111101100011000110001101100110001101100011011001101100110110110110110110110110011110110110011011011001100110011110110011001100110011001100110011011000001100110011001111001100111100111100000110000110011011011000110110001100110011001101101101101101101101101100110110011001101100111100110110110110110110110,92.37742838441822,69.57066232448526,60.305035000588695,8.94331241572892,10,0.8195753351866831
anti_reasons,11011011011011011001100110110110110110110110110110111101101101101101101101101101100111101101100110110110110111101100110110110110110111100110110011011001101100111101100011000110001101100110001101100011011001101100110110110110110110110011011110110011110011001101100110110011110001101100011110001100110011011000001101100001111011001101101101101100000110000110011011011000110110001100110011001101101101101101101101101100110110011011001101101100110110110110110110110,92.36108185414979,70.62392902621043,62.744257091999046,8.44378446524316,10,0.8196072620036137
anti_reasons,11011011011011011001100110110110110110110110110110111101101101101100110111101101101100111101101100110111101101101100110110110110110111100110110110011001101100111101100011000110001101100110001101100011011001101100110110110110110110110011110110011011110011011001100110011011011011001100110011001100110011001100000111100011011011000111101100111100000110000110011011011000110110001100110011001101101101101101101101100110110110011001101100111100110110110110110110110,92.34736659052264,70.06074906580831,61.377077083345306,8.60605324448087,10,0.8196340496278854
anti_reasons,11011011011011011001100110110110110110110110110110111101101101101100111101101101101100111100111100110111101101101100110110110110110111100110110110011001101100111101100011000110001101100110001101100011011001101100110110110110110110110011110110011011110011011001100110011011011011001100110011001100110011001100000111100011011011000111101100111100000110000110011011011000110110001100110011001101101101101101101101100110110110011001101100111100110110110110110110110,92.34698150038236,69.90670504032758,61.361683972898255,8.644659804677403,10,0.8196348017570657
anti_reasons,11011011011011011001100110110110110110110110110110111101101101101100111101101100111100111101101100110111101101101100110110110110110111100110110110011001101100111101100011000110001101100110001101100011011001101100110110110110110110110011110110011011110011011001100110011011011011001100110011001100110011001100000111100011011011000111101100111100000110000110011011011000110110001100110011001101101101101101101101100110110110011001101100111100110110110110110110110,92.31648263025646,69.90762495990329,61.344084178183536,8.623464388868355,10,0.8196943698627803
anti_reasons,11011011011011011001100110110110110110110110110110111101101101101101101101100111101100111101100110111100110111101100110110110110110111100110110110011011001100111101100011000110001101100110001101100011011001101100110110110110110110110110011110110110011011011001100110011110110011001100110011001100110011011000001100110011001111001100111101100110000110000110011011011000110110001100110011001101101101101101101101101100110110011001101100111100110110110110110110110,92.30546367021891,69.40600939243328,59.95578166627779,8.989175161931751,10,0.8197158912691037
anti_reasons,11011011011011011001100110110110110110110110110110111101101101101100111101101101101100111101101100110111101101101100110110110110110111100110110110011001101100111101100011000110001101100110001101100011011001101100110110110110110110110011110110011011110011011001100110011011011011001100110011001100110011001100000110110011011011000111101100111100000110000110011011011000110110001100110011001101101101101101101101100110110110011001101100111100110110110110110110110,92.29992771675605,69.81594727710385,61.676129900871345,8.595930213409563,10,0.8197267036782109
anti_reasons,11011011011011011001100110110110110110110110110110111101101101101101101101101101100111101101100110110110110111101100110110110110110111100110110011011001101100111101100011000110001101100110001101100011011001101100110110110110110110110110011110110011110011001101100110110110110001101100011110001100110001111000001101100001111011001101101101101100000110000110011011011001100110001100110011001101101101101101101101101100110110011011001101101100110110110110110110110,92.29741037058106,70.17259031544177,61.83107800425265,8.631853160465495,10,0.8197316203699588
anti_reasons,11011011011011011001100110110110110110110110110110111101101101101100111101101101101100111101101100110111101101101100110110110110110111100110110110011011001100111101100011000110001101100110001101100011011001101100110110110110110110110011110110011011110011011001100110011011011011001100110011001100110011001100000111100011011011000111101100111100000110000110011011011000110110001100110011001101101101101101101101100110110110011001101100111100110110110110110110110,92.29632970654531,69.77573045997087,61.36802177493949,8.641895120065767,10,0.8197337310419037
anti_reasons,11011011011011011001100110110110110110110110110110111101101101101101101101101101100111101101100110110110110111101100110110110110110111100110110011011001101100111101100011000110001101100110001101100011011001101100110110110110110110110110011110110011110011001101100110110110110001101100011110001100110011011000001101100001111011001101101101101100000011000110011011011000110110001100110011011001101101101101101101101100110110011011001101101100110110110110110110110,92.26584792552048,69.97645190051003,61.42059117621709,8.715615597121467,10,0.8197932657704678
anti_reasons,11011011011011011001100110110110110110110110110110111101101101101100111101101101101100111101101100110111101101101100110110110110110111100110110110011001101100111101100011000110001101100110001101100011011001101100110110110110110110110011110110011011110011011001100110011011011011000110110011001100110011001100000111100011011011000111101100111100000110000110011011011000110110001100110011001101101101101101101101100110110110011001101100111100110110110110110110110,92.25826359141517,69.78217913978865,61.62715409075756,8.589755777620871,10,0.8198080789230172
anti_reasons,11011011011011011001100110110110110110110110110110111101101101101100111101101101101100111101101100110111101101101100110110110110110111100110110110011001101101101101100011000110001101100110001101100011011001101100110110110110110110110110110110011011110011011001100110011011011011001100110011001100110011001100000111100011011011000111101100111100000110000110011011011000110110001100110011011001101101101101101101100110110110011001101100111100110110110110110110110,92.2520008609159,69.34616931967051,60.41974742581989,8.846447390234855,10,0.8198203108185236
anti_reasons,11011011011011011001100110110110110110110110110110111101101101101101101101100111100111101101100110110110110111101100110110110110110111100110110011011001101100111101100011000110001101100110001101100011011001101100110110110110110110110011011110110011110011001101100110110110110001101100011110001100110011011000001101100001111011001101101101101100000110000110011011011000110110001100110011001101101101101101101101101100110110011011001101101100110110110110110110110,92.25071328452621,70.52308891192928,62.111649293474265,8.511656694098683,10,0.8198228256161597
anti_reasons,11011011011011011001100110110110110110110110110110111101101101101100111101101101101100111101101100110111101101101100110110110110110111100110110110011001101100111101100011000110001101100110001101100011011001101100110110110110110110110011110110011011110011011001100110011011011011001100110011001100011011001100000111100011011011000111101100111100000110000110011011011000110110001100110011001101101101101101101101100110110110011001101100111100110110110110110110110,92.24609829241548,69.74297356021665,61.55597052641471,8.60795815337655,10,0.819831839272626
anti_reasons,11011011011011011001100110110110110110110110110110111101101101101100111101101101101100111101101100110111101101101100110110110110110111100110110110011001101100111101100011000110001101100110001101100011011001101100110110110110110110110011110110011011110011011001100110011011011011001100110011001100110011001100000111100011011011000111101100111100000110000110011011011000110110001100110011001101101101101101101101101100110110011001101100111100110110110110110110110,92.24556530309059,69.88485676954583,61.861666029956346,8.541426118494382,10,0.8198328802674012
anti_reasons,11011011011011011001100110110110110110110110110110111101101101101100111101101101101100111101101100110111101101101100110110110110110111100110110110011001101100111101100011000110001101100110001101100011011001101100110110110110110110110011110110011011011011011001100110011011011011001100110011001100110011001100000111100011011011000111101100111100000110000110011011011000110110001100110011001101101101101101101101100110110110011001101100111100110110110110110110110,92.23722256240715,69.76163883060117,61.606620722777265,8.590808867501266,10,0.8198491746827985
anti_reasons,11011011011011011001100110110110110110110110110110111101101101101101101101100111101100111101100110111100110111101100110110110110110111100110110110011011001100111101100011000110001101100110001101100011011001101100110110110110110110110011011110110110011011011001100110011110110011001100110001101100110011011000001100110011001111001100111101101100000110000110011011011000110110001100110011001101101101101101101101101100110110011001101100111100110110110110110110110,92.23669238797235,70.20639461389305,60.92850484737603,8.709605625140345,10,0.8198502101797415
anti_reasons,11011011011011011001100110110110110110110110110110111101101101101100111101101101101100111101101100110111101101101100110110110110110111100110110110011001101100111101100011000110001101100110001101100011011001101100110110110110110110110011110110011011110011011000110110011011011011001100110011001100110011001100000111100011011011000111101100111100000110000110011011011000110110001100110011001101101101101101101101100110110110011001101100111100110110110110110110110,92.23473051975931,69.75029133128945,61.577120089192555,8.595912908670563,10,0.8198540419535951
anti_reasons,11011011011011011001100110110110110110110110110110111101101101101100111101101101101100111101101100110111101101101100110110110110110111100110110110011001101100111101100011000110001101100110001101100011011001101100110110110110110110110011110110011011110011001101100110011011011011001100110011001100110011001100000111100011011011000111101100111100000110000110011011011000110110001100110011001101101101101101101101100110110110011001101100111100110110110110110110110,92.23288103151367,69.74700671850489,61.574419286235404,8.596770730810004,10,0.8198576542353249
anti_reasons,11011011011011011001100110110110110110110110110110111101101101101101101101100111101100111101100110111100110111101100110110110110110111100110110110011011001100111101100011000110001101100110001101100011011001101100110110110110110110110011011110110110011011011001100110011110110011001100110011001100110011011000001100011011001111001100111101101100000110000110011011011000110110001100110011001101101101101101101101101100110110011001101100111100110110110110110110110,92.2105652778461,70.16556929348454,60.848852882892324,8.722250021291185,10,0.8199012396917068
anti_reasons,11011011011011011001100110110110110110110110110110111101101101101101101101101101100111101101100110110110110111101100110110110110110111100110110011011001101100111101100011000110001101100110001101100011011001101100110110110110110110110011011110110011011011001101100110110110110001101100011110001100110011011000001101100001111011001101101101101100000110000110011011011000110110001100110011001101101101101101101101101100110110011011001101101100110110110110110110110,92.20985367065254,70.43499505421376,62.41024466426825,8.481397579103167,10,0.8199026295495068
anti_reasons,11011011011011011001100110110110110110110110110110111101101100111101101101100111101100111101100110111100110111101100110110110110110111100110110110011011001100111101100011000110001101100110001101100011011001101100110110110110110110110110011110110110011011011001100110011110110011001100110011001100110011011000001100110011001111001100111101101100000110000110011011011000110110001100110011001101101101101101101101101100110110011001101100111100110110110110110110110,92.16939599870611,69.97481861932928,59.752699441997784,8.876315551592633,10,0.8199816484400271
anti_reasons,11011011011011011001100110110110110110110110110110111101101101101101101101100111101100111101100110111100110111101100110110110110110111100110110110011011001100111101100011000110001101100110001101100011011001101100110110110110110110110110011110110110011011011001100110011110110011001100110011001100110011011000001100110011001111001100111101101100000110000110011011011000110110001100110011001101101101101101101101101100110110011011001100111100110110110110110110110,92.12099920400284,69.62769315147749,60.56274064675736,8.815996213872346,10,0.820076173429682
anti_reasons,11011001111011011001100110110110110110110110110110111101101101101101101101100111101100111101100110111100110111101100110110110110110111100110110110011011001100111101100011000110001101100110001101100011011001101100110110110110110110110110011110110110011011011001100110011110110011001100110011001100110011011000001100110011001111001100111101101100000110000110011011011000110110001100110011001101101101101101101101101100110110011001101100111100110110110110110110110,92.11144399723679,70.08300601151844,60.87797937748126,8.66867827580698,10,0.8200948359428969
anti_reasons,11011011011011011001100110110110110110110110110110111101101101101101101101100111101100111101100110111100110111101100110110110110110111100110110110011011001100111101100011000110001101100110001101100011011001101100110110110110110110110110011110110110011011011001100110011011110011001100110011001100110011011000001100110011001111001100111101101100000110000110011011011000110110001100110011001101101101101101101101101100110110011001101100111100110110110110110110110,92.09312515530833,69.44423909612752,60.146422558830544,8.886735288712991,10,0.8201306149310384
anti_reasons,11011011011011011001100110110110110110110110110110111101101101101101101101100111101100111101100110111100110111101100110110110110110111100110110110011011001100111101100011000110001101100110001101100011011001101100110110110110110110110110011110110110011011011001100110011110110011001100110011001100110011011000001100110011001111001100111101101100000110000110011011011000110110001100110011001101101101101101101101101100110110011001101101101100110110110110110110110,92.093060391247,69.40718167880844,60.141470958587085,8.918101835321442,10,0.8201307414233457
anti_reasons,11011011011011011001100110110110110110110110110110111101101101101101101101100111101100111101100110111100110111101100110110110110110111100110110110011011001100111101100011000110001101100110001101100011011001101100110110110110110110110110011110110110011011011001100110011110110011001100011011001100110011011000001100110011001111001100111101101100000110000110011011011000110110001100110011001101101101101101101101101100110110011001101100111100110110110110110110110,92.09074635731912,69.42120676844091,60.10409037198907,8.90220279424733,10,0.8201352610208611
anti_reasons,11011011011011011001100110110110110110110110110110111101101101101101101100110111101100111101100110111100110111101100110110110110110111100110110110011011001100111101100011000110001101100110001101100011011001101100110110110110110110110110011110110110011011011001100110011110110011001100110011001100110011011000001100110011001111001100111101101100000110000110011011011000110110001100110011001101101101101101101101101100110110011001101100111100110110110110110110110,92.07095822215956,69.54480079020404,59.60494792929119,8.945218234812817,10,0.8201739097223446
anti_reasons,11011011011011011001100110110110110110110110110110111101101101101101101101100111101100111101100110111100110111101100110110110110110111100110110110011011001100111101100011000110001101100110001101100011011001101100110110110110110110110110011110110110011011011001100110011110110011001100110011001100110011011000001100110011001111001100111101101100000110000110011011011000110110001100110011001101101101101101101101101100110110110001101100111100110110110110110110110,92.06944417381978,69.63987941736926,60.32566961659097,8.82792145732793,10,0.8201768668480083
anti_reasons,11011011011011011001100110110110110110110110110110111101101101101101101101100111101100111101100110111100110111101100110110110110110111100110110110011011001100111101100011000110001101100110001101100011011001101100110110110110110110110110011110110110011001111001100110011110110011001100110011001100110011011000001100110011001111001100111101101100000110000110011011011000110110001100110011001101101101101101101101101100110110011001101100111100110110110110110110110,92.06658527130286,69.40544236205615,60.1016552253294,8.895506552928813,10,0.8201824506419866
anti_reasons,11011011011011011001100110110110110110110110110110111101101101101101101101100111101100111101100110111100110111101100110110110110110111100110110110011011001100111101100011000110001101100110001101100011011001101100110110110110110110110110011110110011011011011001100110011110110011001100110011001100110011011000001100110011001111001100111101101100000110000110011011011000110110001100110011001101101101101101101101101100110110011001101100111100110110110110110110110,92.05841835206407,69.40477088946062,60.1213654105512,8.891563727376452,10,0.8201984016561249
anti_reasons,11011011011011011001100110110110110110110110110110111101101101101101100111100111101100111101100110111100110111101100110110110110110111100110110110011011001100111101100011000110001101100110001101100011011001101100110110110110110110110110011110110110011011011001100110011110110011001100110011001100110011011000001100110011001111001100111101101100000110000110011011011000110110001100110011001101101101101101101101101100110110011001101100111100110110110110110110110,92.05204099992656,69.55441535933797,59.582866491667794,8.95160400408905,10,0.8202108574220184
anti_reasons,11011011011011011001100110110110110110110110110110111101101101101101101101100110111100111101100110111100110111101100110110110110110111100110110110011011001100111101100011000110001101100110001101100011011001101100110110110110110110110110011110110110011011011001100110011110110011001100110011001100110011011000001100110011001111001100111101101100000110000110011011011000110110001100110011001101101101101101101101101100110110011001101100111100110110110110110110110,92.0211570396604,69.40129125343294,59.549873586506024,8.967365356065788,10,0.8202711776569133
anti_reasons,11011011011011011001100110110110110110110110110110111101101101101101101101100111101100111101100110111100110111101100110110110110110111100110110110011011001100111101100011000110001101100110001101100011011001101100110110110110110110110110011110110110011011011001100110011110110011001100110011001100011011011000001100110011001111001100111101101100000110000110011011011000110110001100110011001101101101101101101101101100110110011001101100111100110110110110110110110,91.9507727018194,69.23663985374631,59.76175993473719,8.943177419716388,10,0.820408647066759
anti_reasons,11011011011011011001100110110110110110110110110110111101101101101101101101100111101100111101100110111100110111101100110110110110110111100110110110011011001100111101100011000110001101100110001101100011011001101100110110110110110110110110011110110110011011011001100110011110110011001100110011000110110011011000001100110011001111001100111101101100000110000110011011011000110110001100110011001101101101101101101101101100110110011001101100111100110110110110110110110,91.9422403200899,69.22685214306446,59.74279583418105,8.944743226886546,10,0.8204253118748244
anti_reasons,11011011011011011001100110110110110110110110110110111101101101101100111101101101100110111101101100110111101101101100110110110110110111100110110110011001101100111101100011000110001101100110001101100011011001101100110110110011110110110011110110011011110011011001100110011011011011001100110011001100110011001100000111100011011011000111101100111100000110000110011011011000110110001100110011001101101101101101101101100110110110011001101100111100110110110110110110110,91.92763039764,70.18663992204947,61.84894528538804,8.40638482349209,10,0.8204538468796094
anti_reasons,11011011011011011001100110110110110110110110110110111100111101101101101101100111101100111101100110111100110111101100110110110110110111100110110110011011001100111101100011000110001101100110001101100011011001101100110110110110110110110011011110110110011011011001100110011110110011001100110011001100110011011000001100110011001111001100111101101100000110000110011011011000110110001100110011001101101101101101101101101100110110011001101100111100110110110110110110110,91.86694043091107,70.2996700366921,60.640681752527094,8.629239398836454,10,0.8205723819708768
anti_reasons,11011011011011011001100110110110110110110110110110111101101101101101101101100111101100111101100110111100110111101100110110110110110111100110110110011011001100111101100011000110001101100110001101100011011001101100110110110110110110110011011110110110011011011001100110011110110011001100110011001100110011011000001100110011001111001100110111101100000110000110011011011000110110001100110011001101101101101101101101101100110110011001101100111100110110110110110110110,91.84110930536644,69.81000434297641,60.99053491057818,8.636897194633846,10,0.8206228333879562
anti_reasons,11011011011011011001100110110110110110110110110110111101101101101101101101100111101100111101100110111100110111101100110110110110110111100110110110011011001100111101100011000110001101100110001101100011011001101100110110110110110110110011011011110110011011011001100110011110110011001100110011001100110011011000001100110011001111001100111101101100000110000110011011011000110110001100110011001101101101101101101101101100110110011001101100111100110110110110110110110,91.76717755380898,70.1892441939273,61.65469399794331,8.45872539630779,10,0.8207672313402168
anti_reasons,11011011011011011001100110110110110110110110110110111101101101101101101101100111101100111101100110111100110111101100110110110110110111100110110110011011001100111101100011000110001101100110001101100011011001101100110110110110110110110011011110110110011011011001100110011110110011001100110011001100110011011000000110110011001111001100111101101100000110000110011011011000110110001100110011001101101101101101101101101100110110011001101100111100110110110110110110110,91.68868726652245,69.74035260587615,60.94125987302708,8.610372658336273,10,0.8209205326825734
anti_reasons,11011011011011011001100110110110110110110110110110111101101101101101101101100111101100111101100110111100110111101100110110110110110111100110110110011011001100111101100011000110001101100110001101100011011001101100110110110110110110110011011110110110011011011001100110011110110011001100110011001100110011011000001100110001101111001100111101101100000110000110011011011000110110001100110011001101101101101101101101101100110110011001101100111100110110110110110110110,91.62963053883898,69.71518778638651,60.88457025846918,8.606105007779423,10,0.8210358778538301
anti_reasons,11011011011011011001100110110110110110110110110110111101101101101101101101100111101100111101100110111100110111101100110110110110110111100110110110011011001100111101100011000110001101100110001101100011011001101100110110110110110011110011011110110110011011011001100110011110110011001100110011001100110011011000001100110011001111001100111101101100000110000110011011011000110110001100110011001101101101101101101101101100110110011001101100111100110110110110110110110,91.57566116814981,70.18945632649532,61.236901559730214,8.474194732532318,10,0.8211412867809574
anti_reasons,11011011011011011001100110110110110110110110110110111101101101101101101101100111101100111101100110110110110111101100110110110110110111100110110110011011001100111101100011000110001101100110001101100011011001101100110110110110110110110011011110110110011011011001100110011110110011001100110011001100110011011000001100110011001111001100111101101100000110000110011011011000110110001100110011001101101101101101101101101100110110011001101100111100110110110110110110110,91.56598782395837,69.66069169218464,60.20355864893144,8.730395652283669,10,0.8211601800313313
anti_reasons,11011011001111011001100110110110110110110110110110111101101101101101101101100111101100111101100110111100110111101100110110110110110111100110110110011011001100111101100011000110001101100110001101100011011001101100110110110110110110110110011110110110011011011001100110011110110011001100110011001100110001111000001100110011001111001100111101101100000110000110011011011000110110001100110011001101101101101101101101101100110110011001101100111100110110110110110110110,91.55533246591807,69.59494207312711,60.89409896882882,8.558668440683473,10,0.8211809912775038
anti_reasons,11011011011011011001100110110110110110110110110110111101101101101101101101100111101100111101100110111100110111101100110110110110110111100110110110011011001100111101100011000110001101100110001101100011011001101100110110110110110110110011011110110110011011011001100011011110110011001100110011001100110011011000001100110011001111001100111101101100000110000110011011011000110110001100110011001101101101101101101101101100110110011001101100111100110110110110110110110,91.54514524948404,69.62929357674707,60.7583293489938,8.606137933429187,10,0.8212008881846015
anti_reasons,11011011011011011001100110110110110110110110110110111101101101101101101101100111101100110111100110111100110111101100110110110110110111100110110110011011001100111101100011000110001101100110001101100011011001101100110110110110110110110011011110110110011011011001100110011110110011001100110011001100110011011000001100110011001111001100111101101100000110000110011011011000110110001100110011001101101101101101101101101100110110011001101100111100110110110110110110110,91.54098460754072,69.66090155744834,60.18848387974834,8.705227224670368,10,0.821209014438397
anti_reasons,11001111011011011001100110110110110110110110110110111101101101101101101101100111101100111101100110111100110111101100110110110110110111100110110110011011001101101101100011000110001101100110001101100011011001101100110110110110110110110110011110110110011011011001100110011110110011001100110011001100110011011000001100110011001111001100111101101100000110000110011011011000110110001100110011001101101101101101101101101100110110011001101100111100110110110110110110110,91.5395101380332,69.42607948586809,60.22226286818244,8.702033270290482,10,0.821211894261654
anti_reasons,11011011011011011001100110110110110110110110110110111101101101101101101101100111101100111101100110111100110111101100110110110110110111100110110110011011001100111101100011000110001101100110001101100011011001101100110110110110110110110011011110011110011011011001100110011110110011001100110011001100110011011000001100110011001111001100111101101100000110000110011011011000110110001100110011001101101101101101101101101100110110011001101100111100110110110110110110110,91.50844273451905,69.58204887818638,60.678742708887526,8.616807067230743,10,0.8212725727841425
anti_reasons,11011011011011011001100110110110110110110110110110111101101101101100111101100111101100111101100110111100110111101100110110110110110111100110110110011011001100111101100011000110001101100110001101100011011001101100110110110110110110110011011110110110011011011001100110011110110011001100110011001100110011011000001100110011001111001100111101101100000110000110011011011000110110001100110011001101101101101101101101101100110110011001101100111100110110110110110110110,91.5069700970412,69.75684117959169,60.16974803794445,8.667362465006196,10,0.8212754490292165
anti_reasons,11011011011011011001100110110110110110110110110110111101101101101101101101100111101100111100110110111100110111101100110110110110110111100110110110011011001100111101100011000110001101100110001101100011011001101100110110110110110110110011011110110110011011011001100110011110110011001100110011001100110011011000001100110011001111001100111101101100000110000110011011011000110110001100110011001101101101101101101101101100110110011001101100111100110110110110110110110,91.50567159013264,69.58162585621402,60.15107249006415,8.710318645934656,10,0.8212779851755222
anti_reasons,11011011011011011001100110110110110110110110110110111101101101101101101101100111101100111101100110111100110111101100110110110110110111100110110110011011001100111101100011000110001101100110001101100011011001101100110110110110110110110011011110110110011011011001100110011110110011001100110011001100110011001100001100110011001111001100111101101100000110000110011011011000110110001100110011001101101101101101101101101100110110011001101100111100110110110110110110110,91.46170631737682,69.47892927521085,60.44772445794892,8.65547944295244,10,0.8213638548488734
anti_reasons,11011011011011011001100110110110110110110110110110111101101101101101101101100111101100111101100110111100110111101100110110110110110111100110110110011011001100111101100011000110001101100110001101100011011001101100110110110110110110110011011110110110011011011001100110011110110011001100110011001100110011011000001100110011001101101100111101101100000110000110011011011000110110001100110011001101101101101101101101101100110110011001101100111100110110110110110110110,91.45607250063054,69.48713822047421,60.443443568051435,8.65284669744939,10,0.821374858397206
anti_reasons,11011011011011011001100110110110110110110110110110111101101101101101101101100111101100111101100110111100110111101100110110110110110111100110110110011011001100111101100011000110001101100110001101100011011001101100110110110110110110110011011110110110011011011001100110011110110001101100110011001100110011011000001100110011001111001100111101101100000110000110011011011000110110001100110011001101101101101101101101101100110110011001101100111100110110110110110110110,91.44642489742166,69.51413780904245,60.534472933726796,8.625107926296936,10,0.8213937013722233
anti_reasons,11011011011011011001100110110110110110110110110110111101101101101101101101100111101100111101100110111100110111101100110110110110110111100110110110011011001100111101100011000110001101100110001101100011011001101100110110110110110110110011011110110110011011011001100110011110011011001100110011001100110011011000001100110011001111001100111101101100000110000110011011011000110110001100110011001101101101101101101101101100110110011001101100111100110110110110110110110,91.42433869538523,69.47760567803326,60.46810720838641,8.636308354787554,10,0.8214368384855757
anti_reasons,11011011011011011001100110110110110110110110110110111101101101101101101101100111101100111101100110111100110111101100110110110110110111100110110110011011001100111101100011000110001101100110001101100011011001101100110110110110110110110011011110110110011011011001100110011110110011000110110011001100110011011000001100110011001111001100111101101100000110000110011011011000110110001100110011001101101101101101101101101100110110011001101100111100110110110110110110110,91.41695368116545,69.45709995567509,60.416542607923446,8.645706454257162,10,0.8214512623414737
anti_reasons,11011011011011011001100110110110110110110110110110111101101101101101101101100111101100111101100110111100110111101100110110110110110111100110110110011011001100111101100011000110001101100110001101100011011001101100110110110110110110110011011110110110011011011000110110011110110011001100110011001100110011011000001100110011001111001100111101101100000110000110011011011000110110001100110011001101101101101101101101101100110110011001101100111100110110110110110110110,91.39342060950958,69.42521214717587,60.366508606358444,8.653309779249877,10,0.8214972253720516
anti_reasons,11011011011011011001100110110110110110110110110110111101101101101101101101100111101100111101100110111100110111101100110110110110110111100110110110011011001100111101100011000110001101100110001101100011011001101100110110110110110110110011011110110110011011001101100110011110110011001100110011001100110011011000001100110011001111001100111101101100000110000110011011011000110110001100110011001101101101101101101101101100110110011001101100111100110110110110110110110,91.39157112126395,69.42192753439133,60.36380780340129,8.654325016076777,10,0.8215008376537813
anti_reasons,11011011011011011001100110110110110110110110110110111101101101101101101101100111101100111101100110111100110111101100110110110110110111100110110110011011001100111101100011000110001101100110001101100011011001101100110110110110110110110011011110110110011011011001100110011110110011001100110011001100110011011000001100110011001111000110111101101100000110000110011011011000110110001100110011011001101101101101101101101100110110011001101100111100110110110110110110110,90.84679409874707,69.35188092170253,60.400925708167264,8.506878759685442,10,0.8225648552758846
anti_reasons,11011011011011011001100110110110110110110110110110111101101101101101101101100111100110111101100110111100110111101100110110110110110111100110110110011011001100111101100011000110001101100110001101100011011001101100110110110110110110110011011110110110011011011001100110011110110011001100110011001100110011011000001100110011001111001100111101101100000110000110011011011000110110001100110011011001101101101101101101101100110110011001101100111100110110110110110110110,90.70724258436694,69.24965686403593,59.688670237447944,8.594003239614342,10,0.8228374168274083
anti_reasons,01101101101111001101100111100111101101100110111100110110110110110110111100111101101101101101100110111101100110111101101101101101101101100110110110011001101111001101100011000110001101100110001101100011011001101100110110011011011011011011011011110011110001111001100011110011110011001100110110001100110001111000000110110001101111000110110111101100000110011000110011110110000110110011000011110011011011011011011011011001101100110011011000110011011011011011011011011,80.42282804117298,69.06895277317479,60.87804352364438,5.187413204902258,10,0.842924163982084
anti_reasons,01101101101111001101100111100111101101101100110110110110110110110110110110110111101100111100111100111100110110111101101101101101101101100110110110011001101111001101100011000110001101100110001101100011011001101100110110011011011011011011011011110110110011011001100011110110001111001100011110001100001111001100001101100011011011001101100111101100000001111000110110110110001101100001100011110011011011011011011011011001101100110011011001100110011011011011011011011,80.34477597228968,69.64187328647472,60.03007017632456,5.5479873806079985,10,0.8430766094291218
anti_reasons,01101101101111001101100111100111101101101100110110110110110110110110110110110111101100111100111100111100110110111101101101101101101101100110110110011001101111001101100011000110001101100110001101100011011001101100110110011011011011011011011011110110110011011001100011110110001111001100011110001100011011001100001101100011011011001101100111101100000001111000110110110110001101100000110011110011011011011011011011011001101100110011011001100110011011011011011011011,80.33834602998772,69.78735195703048,60.63683890253496,5.416230888803525,10,0.8430891679101802
anti_reasons,01101101101111001101100111100111101101100110111100110110110110110110111100111101101101101101100110111101100110111101101101101101101101100110110110011001101111001101100011000110001101100110001101100011011001101100110110011011011011011011011011110011110001111001100011110011110011001100110110001100110001111000000110110001101111000110110111101100000110011000011011110110000110110011000110110011011011011011011011011001101100110011011000110011011011011011011011011,80.33041955421686,68.9193357370919,60.56836086475343,5.234128287904409,10,0.8431046493081702
anti_reasons,01101101101111001101100111100111101101100110111100110110110110110110111100111101101101101101100110111101100110111101101101101101101101100110110110011001101111001101100011000110001101100110001101100011011001101100110110011011011011011011011011110011110001111001100011110011110011001100110110001100110001111000000110110001101111000110110111101100000110011000110011110110000110011011000110110011011011011011011011011001101100110011011000110011011011011011011011011,80.102250071902,68.61489270171384,60.02653191667458,5.295753494148672,10,0.8435502928283164
anti_reasons,01101101101111001101100111100111101101100110111100110110110110110110111100111101101101101101100110111101100110111101101101101101101101100110110110011001101111001101100011000110001101100110001101100011011001101100110110011011011011011011011011110011110001111001100011110011110011001100110110001100110001111000000110011001101111000110110111101100000110011000110011110110000110110011000110110011011011011011011011011001101100110011011000110011011011011011011011011,80.09984701102516,68.63400868444958,60.04393184105164,5.287622128031733,10,0.8435549863065914
anti_reasons,01101101101111001101100111100111101101101100111100110110110110110111101101101100110110111101101101101101101101100111101101101101101101100110110110011011001111001101100011000110001101100110001101100011011001101100110110011011011011011011011011110110110001111001100110110110011011000011110110000110110011011000000110110001111011000111100110110011000011011001100110110011001101100011000110110011011011011011011011011001101100110011011001100110011011011011011011011,80.09440548690074,68.67031859958172,58.68537049997196,5.490911385033445,10,0.8435656142833969
anti_reasons,01101101101111001101100111100111101101101100110110110110110110110110110110110111101100111100111100111100110110111101101101101101101101100110110110011001101111001101100011000110001101100110001101100011011001101100110110011011011011011011011011110110110011011001100011110110001111001100011110001100011011000110001101100011011011001101100111101100000001111000110110110110001101100001100011110011011011011011011011011001101100110011011001100110011011011011011011011,80.07546784504348,69.44027351798536,59.867967692526804,5.542885927287237,10,0.8436026018651495
anti_reasons,01101101101111001101100111100111101101100110110110110110110110110110111100111101101101101101100110111101100110111101101101101101101101100110110110011001101111001101100011000110001101100110001101100011011001101100110110011011011011011011011011110011110001111001100011110011110011001100110110001100110001111000000110110001101111000110110111101100000110011000110011110110000110110011000110110011011011011011011011011001101100110011011000110011011011011011011011011,80.06700174414308,68.80315769477788,60.74488566029812,5.218424220975745,10,0.8436191372184705
anti_reasons,01101101101111001101100111100111101101101100110110110110110110110111100110110111101100111100111100111100110110111101101101101101101101100110110110011001101111001101100011000110001101100110001101100011011001101100110110011011011011011011011011110110110011011001100011110110001111001100011110001100011011001100001101100011011011000111100111101100000001111000110110110110001101100001100011110011011011011011011011011001101100110011011001100110011011011011011011011,79.95049769836032,69.43070888668912,60.03809085120643,5.374530379010004,10,0.84384668418289
anti_reasons,01101101101111001101100111100111101101100110111100110110110110110110111100111101101101101100110110111101100110111101101111101101101101100110110110011001101111001101100011000110001101100110001101100011011001101100110110011011011011011011011011110011110001111001100011110011110011001100110110001100110001111000000110110001101111000110110111101100000110011000110011110110000110110011000110110011011011011011011011011001101100110011011000110011011011011011011011011,79.92979877220452,68.6102721949971,59.865116001549076,5.2946204748783625,10,0.843887111773038
anti_reasons,01101101101111001101100111100111101101100110111100110110110110110110110110111101101101101101100110111101100110111101101101101101101101100110110110011001101111001101100011000110001101100110001101100011011001101100110110011011011011011011011011110011110001111001100011110011110011001100110110001100110001111000000110110001101111000110110111101100000110011000110011110110000110110011000110110011011011011011011011011001101100110011011000110011011011011011011011011,79.89712154920588,68.20410927265978,59.339423243478464,5.38980538837057,10,0.8439509344742073
anti_reasons,01101101101111001101100111100111101101100110111100110110110110110110111100111101101100111101100110111101100110111101101101101101101101100110110110011001101111001101100011000110001101100110001101100011011001101100110110011011011011011011011011110011110001111001100011110011110011001100110110001100110001111000000110110001101111000110110111101100000110011000110011110110000110110011000110110011011011011011011011011001101100110011011000110011011011011011011011011,79.86957463822003,68.30687218709014,59.46598886738585,5.374708748749548,10,0.8440047370347266
anti_reasons,01101101101111001101100111100111101101100110111100110110110110110110111100111101101101101101100110111101100110111101101101101101101101100110110110011001101111001101100011000110001101100110001101100011011001101100110110011011011011011011011011011011110001111001100011110011110011001100110110001100110001111000000110110001101111000110110111101100000110011000110011110110000110110011000110110011011011011011011011011001101100110011011000110011011011011011011011011,79.86446693823933,68.05048826915142,59.34180929772459,5.412034349725421,10,0.8440147130112513
anti_reasons,01101101101111001101100111100111101101101100110110110110110110110110110110110111101100111100111100111100110110111101101101101101101101100110110110011001101111001101100011000110001101100110001101100011011001101100110110011011011011011011011011110110110011011001100011110011001111001100011110001100011011001100001101100011011011001101100111101100000001111000110110110110001101100001100011110011011011011011011011011001101100110011011001100110011011011011011011011,79.838744448212,68.8955572322511,59.20300371824001,5.599728253733997,10,0.844064952249586
anti_reasons,01101101101111001101100111100111101101101100110110110110110110110110110110110111101100111100111100111100110110111101101101101101101101100110110110011001101111001101100011000110001101100110001101100011011001101100110110011011011011011011011011011110110011011001100011110110001111001100011110001100011011001100001101100011011011001101100111101100000001111000110110110110001101100001100011110011011011011011011011011001101100110011011001100110011011011011011011011,79.83172380664999,68.85211249195319,59.164305617104375,5.620699162789451,10,0.8440786644401368
anti_reasons,01101101101111001101100111100111101101101100110110110110110110110110110110110111101100111100111100111100110110111101101101101101101101100110110110011001101111001101100011000110001101100110001101100011011001101100110110011011011011011011011011110011110011011001100011110110001111001100011110001100011011001100001101100011011011001101100111101100000001111000110110110110001101100001100011110011011011011011011011011001101100110011011001100110011011011011011011011,79.82766181365588,68.85608902558421,59.16829691499575,5.61593252358722,10,0.8440865980202034
anti_reasons,01101101101111001101100111100111101101101100110110110110110110110111100110110111100110111100111100111100110110111101101101101101101101100110110110011001101111001101100011000110001101100110001101100011011001101100110110011011011011011011011011110110110011011001100011110110001111001100011110001100011011001100001101100011011011001101100111101100000001111000110110110110001101100001100011110011011011011011011011011001101100110011011001100110011011011011011011011,79.82288786384404,69.32848482902249,59.89853933682629,5.464580229335841,10,0.8440959221409297
anti_reasons,01101101101111001101100111100111101101101100110110110110110110110110110110110111101100111100111100111100110110111101101101101101101101100110110110011001101111001101100011000110001101100110001101100011011001101100110110011011011011011011011011110110110001111001100011110110001111001100011110001100011011001100001101100011011011001101100111101100000001111000110110110110001101100001100011110011011011011011011011011001101100110011011001100110011011011011011011011,79.80062589768909,68.85676049817974,59.17646383423454,5.604890362887737,10,0.844139402543576
anti_reasons,01101101101111001101100111100111101101100110111100110110110110110110111100111101101101101101100110111101100110111101101101101101101101100110110110011001101111001101100011000110001101100110001101100011011001101100110110011011011011011011011011110011110001111001100011011011110011001100110110001100110001111000000110110001101111000110110111101100000110011000110011110110000110110011000110110011011011011011011011011001101100110011011000110011011011011011011011011,79.79712998999008,68.05133663238989,59.35711370352286,5.381552069395229,10,0.8441462304883006
anti_reasons,01101101101111001101100111100111101101101100111100110110110110110110110111101100111101101101100110111101100110110111101101101101101101100110110110011001101111001101100011000110001101100110001101100011011001101100110110011011011011011011011011011110110001111000110011011110110011000011011110000110110011011000000111100001111011001100111101101100000110011000110110110110000111100011000011011011011011011011011011011001101100110011011000110110011011011011011011011,79.79303449395009,68.50590881312544,58.805960900123296,5.435214165965707,10,0.8441542295040038
anti_reasons,01101101101111001101100111100111101101101100110110110110110110110110110110110111101100111100111100111100110110111101101101101101101101100110110110011001101111001101100011000110001101100110001101100011011001101100110110011011011011011011011011110110110011011001100011110110001111001100011110001100011011001100001101100011011011001101100111101100000001111000110110110110000111100001100011110011011011011011011011011001101100011011011001100110011011011011011011011,79.79281270448008,69.67554105286413,61.188071390468124,5.1509633261391174,10,0.8441546626865624
anti_reasons,01101101101111001101100111100111101101101100110110110110110110110110110110110111101100111100111100111100110110111101101101101101101101100110110110011001101111001101100011000110001101100110001101100011011001101100110110011011011011011011011011110110110011011001100011011110001111001100011110001100011011001100001101100011011011001101100111101100000001111000110110110110001101100001100011110011011011011011011011011001101100110011011001100110011011011011011011011,79.76438685840071,68.85296085519165,59.17961002290265,5.593357854745835,10,0.8442101819171861
anti_reasons,01101101101111001101100111100111101101100110111100110110110110110110111100111101101101101101100110111101100110111101101101101101101101100110110110011001101111001101100011000110001101100110001101100011011001101100110110011011011011011011011011110011110001111001100011110011110011001100011110001100110001111000000110110001101111000110110111101100000110011000110011110110000110110011000110110011011011011011011011011001101100110011011000110011011011011011011011011,79.75296902356268,68.07090068176274,59.378128600871015,5.365038304813604,10,0.8442324823758541
anti_reasons,01101101101111001101100111100111101101101100111100110110110110110111101101101100110110111101101101101101101101100111101101101101101101100110110110011001101111001101100011000110001101100110001101100011011001101100110110011011011011011011011011110110110001111001100110110110011011000011110110000110110011011000000110110001111011000111100110110110000011011001100110110011000110110011000110110011011011011011011011011001101100110011011001100110011011011011011011011,79.74730175265361,68.783707355618,59.974232056945006,5.126873006177537,10,0.8442435512643485
anti_reasons,01101101101111001101100111100111101101101100111100110110110110110111101101101100110110111101101101101101101101100111101101101101101101100110110110011011001111001101100011000110001101100110001101100011011001101100110110011011011011011011011011110110110001111001100110110110011011000011110110000110110011011000000110110001111011000111100110110110000001111001100110110011001100110011000110110011011011011011011011011001101100110011011001100110011011011011011011011,79.74101228330494,68.4796799973726,58.98772734844953,5.343950231875502,10,0.84425583538417
anti_reasons,01101101101111001101100111100111101101101100110110110110110110110110110110110111101100111100111100111100110110111101101101101101101101100110110110011001101111001101100011000110001101100110001101100011011001101100110110011011011011011011011011110110110011011001100011110110001111001100011110001100011011001100001101100011001111001101100111101100000001111000110110110110001101100001100011110011011011011011011011011001101100110011011001100110011011011011011011011,79.73961632291136,68.98372652821976,59.28613202644712,5.546429899836897,10,0.8442585618693137
anti_reasons,01101101101111001101100111100111101101100110111100110110110110110110111100111101101101101101100110111101100110111101101101101101101101100110110110011001101111001101100011000110001101100110001101100011011001101100110110011011011011011011011011110011110001111001100011110011110011001100110110001100110001111000000110110001101111000110110111101100000110011000110011011110000110110011000110110011011011011011011011011001101100110011011000110011011011011011011011011,79.72252875863148,68.45836643501973,60.564740674025764,5.118053593165458,10,0.8442919360182979
anti_reasons,01101101101111001101100111100111101101100110110110110110110110110110110110110111101100111100111100111100110110111101101101101101101101100110110110011001101111001101100011000110001101100110001101100011011001101100110110011011011011011011011011110110110011011001100011110110001111001100011110001100011011001100001101100011011011001101100111101100000001111000110110110110001101100001100011110011011011011011011011011001101100110011011001100110011011011011011011011,79.71703400528082,69.03479148266561,60.43314449892429,5.477179404814337,10,0.8443026679584359
anti_reasons,01101101101111001101100111100111101101100110111100110110110110110110111100111101101101101101100110111101100110111101101101101101101101100110110110011001101111001101100011000110001101100110001101100011011001101100110110011011011011011011011011110011110001111001100011110011110001101100110110001100110001111000000110110001101111000110110111101100000110011000110011110110000110110011000110110011011011011011011011011001101100110011011000110011011011011011011011011,79.69661981649548,67.9825772000075,59.2797914606272,5.3739483840406495,10,0.8443425394209072
anti_reasons,01101101101111001101100111100111101101100110110110110110110110110110111100111100110110110111101100110111101101101101101101101101101101100110110110011001101111001101100011000110001101100110001101100011011001101100110110011011011011011011011011110110110011001101100011110110110001100110110110001100011011011000000111100011001111001100110111100011000110011000110110011110000111100011001100110011011011011011011011011001101100110011011001100011011011011011011011011,79.69346855207375,68.1233076311997,59.40889483887565,5.493329458868083,10,0.844348694234231
anti_reasons,01101101101111001101100111100111101101101100110110110110110110110110110110110111101100111100111100111100110110111101101101101101101101100110110110011001101111001101100011000110001101100110001101100011011001101100110110011011011011011011011011110110110011011001100011110110001111001100011110001100011011001100001101100011011011001101100111101100000001111000110110011110001101100001100011110011011011011011011011011001101100110011011001100110011011011011011011011,79.68978562704211,69.25999065782149,60.38723699340555,5.284339343803016,10,0.8443558874471834
anti_reasons,01101101101111001101100111100111101101100110111100110110110110110110111100111101101101101101100110111101100110111101101101101101101101100110110110011001101111001101100011000110001101100110001101100011011001101100110110011011011011011011011011110011110001111001100011110011110011001100110110001100110001111000000110110001101111000110110110111100000110011000110011110110000110110011000110110011011011011011011011011001101100110011011000110011011011011011011011011,79.67557839125502,68.22035623780707,59.66481062797012,5.286373805827955,10,0.84438363595458
anti_reasons,01101101101111001101100111100111101101101100110110110110110110110110110110110111101100111100111100111100110110110111101101101101101101100110110110011001101111001101100011000110001101100110001101100011011001101100110110011011011011011011011011110110110011011001100011110110001111001100011110001100011011001100001101100011011011001101100111101100000001111000110110110110001101100001100011110011011011011011011011011001101100110011011001100110011011011011011011011,79.6696665338246,69.35301235578407,59.666691956155574,5.6121733595829495,10,0.8443951825511238
anti_reasons,01101101101111001101100111100111101101101100110110110110110110110110110110110111101100111100111100111100110110111101101101101101101101100110110110011001101111001101100011000110001101100110001101100011011001101100110110011011011011011011011011110110110011011001100011110110001101101100011110001100011011001100001101100011011011001101100111101100000001111000110110110110001101100001100011110011011011011011011011011001101100110011011001100110011011011011011011011,79.66387668490614,68.78420142280928,59.10228778000699,5.586632678590715,10,0.8444064908497927
anti_reasons,01101101101111001101100111100111101101101100110110110110110110110110110110110111101100111100111100111100110110111101100111101101101101100110110110011001101111001101100011000110001101100110001101100011011001101100110110011011011011011011011011110110110011011001100011110110001111001100011110001100011011001100000111100011011011001101100111101100000001111000110110110110001101100001100011110011011011011011011011011001101100110011011001100110011011011011011011011,79.65237325358768,69.13083011527901,59.39670584552956,5.5408056741237885,10,0.8444289584890865
anti_reasons,01101101101111001101100111100111101101101100111100110110110110110111101101101100110110111101101101101101101101100111100111101101101101100110110110011011001111001101100011000110001101100110001101100011011001101100110110011011011011011011011011110110110001111001100110110110011011000011110110000110110011011000000110110001111011000111100110110110000011011001100110110011001100110011000011110011011011011011011011011001101100110011011001100110011011011011011011011,79.65119078281458,68.72867453049774,59.470416148052266,5.218733455942676,10,0.8444312680023153
anti_reasons,01101101101111001101100111100111101101100110111100110110110110110110111100111101101101101101100110111101100110111101101101101101101101100110110110011001101111001101100011000110001101100110001101100011011001101100110110011011011011011011011011110011110001111001100011110011110011001100110110001100110001111000000110110001101111000110110111101100000110011000110011110110000110110011000110110011011011011011011011011001101100110011011001100011011011011011011011011,79.64992686472648,68.05687559213027,59.3804426347989,5.348684727120932,10,0.8444337365923311
anti_reasons,01101101101111001101100111100111101101101100110110110110110110110110110110110111101100111100111100111100110110111101101101101101101101100110110110011001101111001101100011000110001101100110001101100011011001101100110110011011011011011011011011110110110011011001100011110110001111001100011110001100011011001100001101100011011011001101100110111100000001111000110110110110001101100001100011110011011011011011011011011001101100110011011001100110011011011011011011011,79.64283525966567,69.02198046060883,59.48730694734991,5.481715257780809,10,0.8444475873834655
anti_reasons,01101101101111001101100111100111101101101100110110110110110110110110110110110111101100111100111100111100110110111101101101101101101101100110110110011001101111001101100011000110001101100110001101100011011001101100110110011011011011011011011011110110110011011001100011110110001111001100011110001100011011001100001101100011011011001101100111101100000001111000110011110110001101100001100011110011011011011011011011011001101100110011011001100110011011011011011011011,79.62474443765078,69.17569892281557,60.23367545232843,5.3147957966022945,10,0.8444829210202134
anti_reasons,01101101101111001101100111100111101101100110111100110110110110110110111100111100111101101101100110111101100110111101101101101101101101100110110110011001101111001101100011000110001101100110001101100011011001101100110110011011011011011011011011110011110001111001100011110011110011001100110110001100110001111000000110110001101111000110110111101100000110011000110011110110000110110011000110110011011011011011011011011001101100110011011000110011011011011011011011011,79.62097382791222,68.05098516675476,59.30853928321229,5.343861141765332,10,0.8444902854923589
anti_reasons,01101101101111001101100111100111101101101100110110110110110110110110110110110111101100111100111100111100110110111101100111101101101101100110110110011001101111001101100011000110001101100110001101100011011001101100110110011011011011011011011011110110110011011001100011110110001111001100011110001100011011001100001101100001111011001101100111101100000001111000110110110110001101100001100011110011011011011011011011011001101100110011011001100110011011011011011011011,79.61577800656596,69.10566529578938,59.33764911784609,5.55087549599169,10,0.8445004335809259
anti_reasons,01101101101111001101100111100111101101101100111100110110110110110111101101101100110110111101101101101101101101100111100111101101101101100110110110011011001111001101100011000110001101100110001101100011011001101100110110011011011011011011011011110110110001111001100110110110011011000011110110000011110011011000000110110001111011000111100110110110000011011001100110110011001100110011000110110011011011011011011011011001101100110011011001100110011011011011011011011,79.59787448090191,68.48914240409576,58.79163806846913,5.356504333918288,10,0.8445354014044885
anti_reasons,01101101101111001101100111100111101101101100110110110110110110110110110110110110111100111100111100111100110110111101101101101101101101100110110110011001101111001101100011000110001101100110001101100011011001101100110110011011011011011011011011110110110011011001100011110110001111001100011110001100011011001100001101100011011011001101100111101100000001111000110110110110001101100001100011110011011011011011011011011001101100110011011001100110011011011011011011011,79.58823069632285,68.85260938955653,59.13103560259207,5.639339245571242,10,0.8445542369212444
anti_reasons,01101101101111001101100111100111101101100110111100110110110110110110111100110111101101101101100110111101100110111101101101101101101101100110110110011001101111001101100011000110001101100110001101100011011001101100110110011011011011011011011011110011110001111001100011110011110011001100110110001100110001111000000110110001101111000110110111101100000110011000110011110110000110110011000110110011011011011011011011011001101100110011011000110011011011011011011011011,79.58277745448993,67.99309289516819,59.270138829236664,5.345248387905831,10,0.8445648877841994
anti_reasons,01101101101111001101100111100111101101101100110110110110110110110110110110110111101100110110111100111100110110111101101101101101101101100110110110011001101111001101100011000110001101100110001101100011011001101100110110011011011011011011011011110110110011011001100011110110001111001100011110001100011011001100001101100011011011001101100111101100000001111000110110110110001101100001100011110011011011011011011011011001101100110011011001100110011011011011011011011,79.58139514395171,68.93096517121515,59.19684749012604,5.640481827140663,10,0.8445675876094694
anti_reasons,01101101101111001101100111100111101101100110111100110110110110110110111100111101101101101101100110111101100110111101101101101101101101100110110110011001101111001101100011000110001101100110001101100011011001101100110110011011011011011011011011110011110001111001100011110011110011000110110110001100110001111000000110110001101111000110110111101100000110011000110011110110000110110011000110110011011011011011011011011001101100110011011000110011011011011011011011011,79.57663982717727,67.92553934664014,59.25032024437099,5.35148274897854,10,0.8445768753375444
anti_reasons,01101101101111001101100111100111101101101100110110110110110110110110110110110111101100111100111100111100110110111101101101101101101101100110110110011001101111001101100011000110001101100110001101100011011001101100110110011011011011011011011011110110011011011001100011110110001111001100011110001100011011001100001101100011011011001101100111101100000001111000110110110110001101100001100011110011011011011011011011011001101100110011011001100110011011011011011011011,79.5558927531165,68.70662326025442,59.05177553474275,5.588247076152568,10,0.8446173969665693
anti_reasons,01101101101111001101100111100111101101100110111100110110110110110110111100111101101101101101100110111101100110111101101101101101101101100110110110011001101111001101100011000110001101100110001101100011011001101100110110011011011011011011011011110011110001111000110011110011110011001100110110001100110001111000000110110001101111000110110111101100000110011000110011110110000110110011000110110011011011011011011011011001101100110011011000110011011011011011011011011,79.55211764768282,67.89365153814092,59.22678717271512,5.353360058072853,10,0.8446247702193694
anti_reasons,01101101101111001101100111100111101101101100110110110110110110110110110110110111101100111100111100111100110110111101101101101101101101100110110110011001101111001101100011000110001101100110001101100011011001101100110110011011011011011011011011110110110011011001100011110110001111000110011110001100011011001100001101100011011011001101100111101100000001111000110110110110001101100001100011110011011011011011011011011001101100110011011001100110011011011011011011011,79.5438966955879,68.7271635694419,59.07281656375078,5.572600008180397,10,0.8446408267664298
anti_reasons,01101101101111001101100111100111101101101100110110110110110110110110110110110111101100111100111100111100110110111101101101101101101101100110110110011001101111001101100011000110001101100110001101100011011001101100110110011011011011011011011011110110110011011001100011110110001111001100011110001100011011001100001101100011011011001100110111101100000001111000110110110110001101100001100011110011011011011011011011011001101100110011011001100110011011011011011011011,79.53595333171577,68.88258103902916,59.25027110651959,5.522698295341825,10,0.8446563411489927
anti_reasons,01101101101111001101100111100111101101100110111100110110110110110110111100111101101101101101100110111101100110111101101101101101101101100110110110011001101111001101100011000110001101100110001101100011011001101100110110011011011011011011011011110011110001111001100011110011110011001100110110001100110001111000000110110001101111000110110111100110000110011000110011110110000110110011000110110011011011011011011011011001101100110011011000110011011011011011011011011,79.53330409973478,68.05570330575509,59.592845913770795,5.269817044345532,10,0.8446615154302055
anti_reasons,01101101101111001101100111100111101101100110111100110110110110110110111100111101101101101101100110111101100110111101101101101101101101100110110110011001101111001101100011000110001101100110001101100011011001101100110110011011011011011011011011110011110001111001100011110011110011001100110110001100110001101100000110110001101111000110110111101100000110011000110011110110000110110011000110110011011011011011011011011001101100110011011000110011011011011011011011011,79.52374372490718,67.94736866617589,59.29507288058237,5.330219465925928,10,0.8446801880372907
anti_reasons,01101101101111001101100111100111101101101100110110110110110110110110110110110111101100111100111100111100110110111101101101101101101101100110110110011001101111001101100011000110001101100110001101100011011001101100110110011011011011011011011011110110110011001101100011110110001111001100011110001100011011001100001101100011011011001101100111101100000001111000110110110110001101100001100011110011011011011011011011011001101100110011011001100110011011011011011011011,79.51818023522719,68.69199114815814,59.047434003849276,5.5805456018999315,10,0.8446910542280719
anti_reasons,01101101101111001101100111100111101101100110111100110110110110110110111100111101101101101101100110111101100110111101101101101101101101100110110110011001101111001101100011000110001101100110001101100011011001101100110110011011011011011011011011110011110001111001100011110011110011001100110110001100110001111000000110110001101111000110110111101100000110011000110011110110000110110011000110110011011011011011011011011001101100110011011000110110011011011011011011011,79.51737166066961,68.19045665383337,59.93766333113457,5.192582483013879,10,0.8446926334752547
anti_reasons,01101101101111001101100111100111101101101100110110110110110110110110110110110111101100111100110110111100110110111101101101101101101101100110110110011001101111001101100011000110001101100110001101100011011001101100110110011011011011011011011011110110110011011001100011110110001111001100011110001100011011001100001101100011011011001101100111101100000001111000110110110110001101100001100011110011011011011011011011011001101100110011011001100110011011011011011011011,79.5147264397967,68.93636367858153,59.23153479866572,5.613540946638189,10,0.844697799922272
anti_reasons,01101101101111001101100111100111101101101100110110110110110110110110110110110111101100111100111100111100110110111101101101101101101101100110110110011011001111001101100011000110001101100110001101100011011001101100110110011011011011011011011011110110110011011001100011110110001111001100011110001100011011001100001101100011011011001101100111101100000001111000110110110110001101100001100011110011011011011011011011011001101100110011011001100110011011011011011011011,79.51338788689696,68.72071488962413,59.11088267888091,5.600030730684516,10,0.8447004142834044
anti_reasons,01101101101111001101100111100111101101100110111100110110110110110110111100111101101101101101100110110111100110111101101101101101101101100110110110011001101111001101100011000110001101100110001101100011011001101100110110011011011011011011011011110011110001111001100011110011110011001100110110001100110001111000000110110001101111000110110111101100000110011000110011110110000110110011000110110011011011011011011011011001101100110011011000110011011011011011011011011,79.50301507135936,68.12913108314967,59.39935438716391,5.3124576806583255,10,0.8447206736887513
anti_reasons,01101101101111001101100111100111101101101100111100110110110110110111101101101100110110111101101101101101101101100111101101101101101101100110110110011011001111001101100011000110001101100110001101100011011001101100110110011011011011011011011011110110110001111001100110110110011011000011110110000110110011011000000110110001111011000111100110110110000011011001100110110001101100110011000110110011011011011011011011011001101100110011011001100110011011011011011011011,79.50152008360004,68.19443878100108,58.60219175220991,5.372804998747078,10,0.8447235935867187
anti_reasons,01101101101111001101100111100111101101101100110110110110110110110110110110110111101100111100111100111100110110111101101101101101101101100110110110011001101111001101100011000110001101100110001101100011011001101100110110011011011011011011011011110110110011011001100011110110001111001100011110001100011011001100001101100011011011001101100111100110000001111000110110110110001101100001100011110011011011011011011011011001101100110011011001100110011011011011011011011,79.50056096814541,68.85732752855685,59.41534223315058,5.478403356996823,10,0.844725466859091
anti_reasons,01101101101111001101100111100111101101100110111100110110110110110110111100111101101101101101100110111101100110111101100111101101101101100110110110011001101111001101100011000110001101100110001101100011011001101100110110011011011011011011011011110011110001111001100011110011011011001100110110001100110001111000000110110001101111000110110111101100000110011000110011110110000110110011000110110011011011011011011011011001101100110011011000110011011011011011011011011,79.49706850453126,68.06645896463435,59.30986095501255,5.32187818042416,10,0.8447322880770873
anti_reasons,01101101101111001101100111100111101101100110111100110110110110110110111100111101101101101101100110111101100110111101101101101101101101100110110110011001101111001101100011000110001101100110001101100011011001101100110110011011011011011011011011110011110001111001100011110011110011001100110110001100110001111000000110110001101111000110110111101100000110011000110011110011000110110011000110110011011011011011011011011001101100110011011000110011011011011011011011011,79.4876514761211,68.11284147069486,59.882389280341506,5.19661804683795,10,0.844750680710701
anti_reasons,01101101101111001101100111100111101101101100110110110110110110110110110110110111101100111100111100111100110110111101101101101101101101100110110110011001101111001101100011000110001101100110001101100011011001101100110110011011011011011011011011110110110011011001100011110110001111001100011110001100011011001100001100110011011011001101100111101100000001111000110110110110001101100001100011110011011011011011011011011001101100110011011001100110011011011011011011011,79.47669560031528,68.7609317067571,59.11448068909165,5.546215253119104,10,0.8447720789056342
anti_reasons,01101101101111001101100111100111101101101100110110110110110110110110110110110111101100111100111100111100110110111101101101101101101101100110110110011001101111001101100011000110001101100110001101100011011001101100110110011011011011011011011011110110110011011001100011110110001111001100011110001100011011001100001101100011011001101101100111101100000001111000110110110110001101100001100011110011011011011011011011011001101100110011011001100110011011011011011011011,79.47565416222221,68.75720183424102,59.111935383215865,5.5475853440031875,10,0.8447741129644097
anti_reasons,01101101101111001101100111100111101101100110111100110110110110110110111100111101101101100111100110111101100110111101100111101101101101100110110110011001101111001101100011000110001101100110001101100011011001101100110110011011011011011011011011110011110001111001100011110011110011001100110110001100110001111000000110110001101111000110110111101100000110011000110011110110000110110011000110110011011011011011011011011001101100110011011000110011011011011011011011011,79.47405129125019,68.24975484404945,59.426506867168044,5.299704047698932,10,0.844777243571777
anti_reasons,01101101101111001101100111100111101101101100111100110110110110110111101101101100110110111101101101101101101101100111100111101101101101100110110110011011001111001101100011000110001101100110001101100011011001101100110110011011011011011011011011110110110001111001100110110110001111000011110110000110110011011000000110110001111011000111100110110110000011011001100110110011001100110011000110110011011011011011011011011001101100110011011001100110011011011011011011011,79.4728541345128,68.4030404482452,58.74301536408057,5.339070798488854,10,0.8447795817685297
anti_reasons,01101101101111001101100111100111101101101100111100110110110110110111101101101100110110111101101101101101101101100111101101101101101101100110110110011011001111001101100011000110001101100110001101100011011001101100110110011011011011011011011011110110110001111001100110110110011011000011110110000110110011011000000110110001111011000111100110110110000011011001100110110011001100011011000110110011011011011011011011011001101100110011011001100110011011011011011011011,79.4706997978345,68.15420056340074,58.56674884466069,5.376159151208044,10,0.8447837894573544
anti_reasons,01101101101111001101100111100111101101101100110110110110110110110110110110110111101100111100111100110110110110111101101101101101101101100110110110011001101111001101100011000110001101100110001101100011011001101100110110011011011011011011011011110110110011011001100011110110001111001100011110001100011011001100001101100011011011001101100111101100000001111000110110110110001101100001100011110011011011011011011011011001101100110011011001100110011011011011011011011,79.47027193976999,68.93075530595145,59.22185070654369,5.613902146572969,10,0.8447846251176367
anti_reasons,01101101101111001101100111100111101101101100111100110110110110110111101101101100110110111101101101101101101101100111101101101101101101100110110110011011001111001101100011000110001101100110001101100011011001101100110110011011011011011011011011110110110001111001100110110110011011000011110110000110110011011000000110011001111011000111100110110110000011011001100110110011001100110011000110110011011011011011011011011001101100110011011001100110011011011011011011011,79.46829673695765,68.17331654613649,58.584148769037746,5.368861463634606,10,0.8447884829356296
anti_reasons,01101101101111001101100111100111101101101100110110110110110110110110110110110111101100111100111100111100110110111101101101101101101101100110110110011001101111001101100011000110001101100110001101100011011001101100110110011011011011011011011011110110110011011001100011110110001111001100011110001100011011001100001101100011011011001101100111101100000001111000110110110110001100110001100011110011011011011011011011011001101100110011011001100110011011011011011011011,79.46779250530304,68.94855825391403,59.74565247313614,5.389872813167012,10,0.8447894677630801
anti_reasons,01101101101111001101100111100111101101100110111100110110110110110110111100111101101101101101100110111101100110111101101101101101101101100110110110011001101111001101100011000110001101100110001101100011011001101100110110011011011011011011011011110011110001111001100011110011110011001100110110001100110001111000000110110001101111000110110111101100000011011000110011110110000110110011000110110011011011011011011011011001101100110001111000110011011011011011011011011,79.45794256106407,68.38436826308289,60.206678233143286,5.103540850867193,10,0.8448087059354217
anti_reasons,01101101101111001101100111100111101101101100110110110110110110110110110110110111101100111100111100111100110110111101101101101101101101100110110110011001101111001101100011000110001101100110001101100011011001101100110110011011011011011011011011110110110011011001100011110110001111001100011110001100011011001100001101100011011011001101100111101100000001111000110110110011001101100001100011110011011011011011011011011001101100110011011001100110011011011011011011011,79.45490834453173,68.91446569349662,59.704885599721294,5.400093745802095,10,0.8448146321395864
anti_reasons,01101101101111001101100111100111101101100110111100110110110110110110111100111101101101101101100110111101100110111101101101101101101101100110110110011001101111001101100011000110001101100110001101100011011001101100110110011011011011011011011011110011110001111001100011110011110011001100110110000110110001111000000110110001101111000110110111101100000110011000110011110110000110110011000110110011011011011011011011011001101100110011011000110011011011011011011011011,79.45119594982395,67.87654605638627,59.22962256364178,5.327023255340466,10,0.8448218829105001
anti_reasons,01101101101111001101100111100111101100110110111100110110110110110110111100111101101101101101100110111101100110111101101101101101101101100110110110011001101111001101100011000110001101100110001101100011011001101100110110011011011011011011011011110011110001111001100011110011110011001100110110001100110001111000000110110001101111000110110111101100000110011000110011110110000110110011000110110011011011011011011011011001101100110011011000110011011011011011011011011,79.44327299198159,68.23498944324011,60.68947404214029,5.08868943692066,10,0.844837357437536
anti_reasons,01101101101111001101100111100111101101101100110110110110110110110111101101101100110110111101101101101101101101100111101101101101101101100110110110011011001111001101100011000110001101100110001101100011011001101100110110011011011011011011011011110110110001111001100110110110011011000011110110000110110011011000000110110001111011000111100110110110000011011001100110110011001100110011000110110011011011011011011011011001101100110011011001100110011011011011011011011,79.4354514700756,68.3424655564648,59.28510258828421,5.2659564119434075,10,0.8448526338475086
anti_reasons,01101101101111001101100111100111101101101100110110110110110110110110110110110111101100111100111100111100110110111101101101101101101101100110110110011001101111001101100011000110001101100110001101100011011001101100110110011011011011011011011011110110110011011001100011110110001111001100011011001100011011001100001101100011011011001101100111101100000001111000110110110110001101100001100011110011011011011011011011011001101100110011011001100110011011011011011011011,79.43413534628189,68.68248440156347,59.05243345027601,5.558057033036381,10,0.8448552044017932
anti_reasons,01101101101111001101100111100111101101101100111100110110110110110111100111101101101101100110111100111101100111101101101101101101101101100110110110011011001111001101100011000110001101100110001101100011011001101100110110011011011011011011011011110110110011011001100011011110110011000110110011000110001111001100001100011001101111001101101101101100000001100111100011110110000111100001101100110011011011011011011011011001101100110011011001100011011011011011011011011,79.42407100595368,68.16871937973215,58.94170405781488,5.2681563673223435,10,0.8448748613164967
anti_reasons,01101101101111001101100111100111101101101100110110110110110110110110110110110111101100111100111100111100110110111101101101101101101101100110110110011001101111001101100011000110001101100110001101100011011001101100110110011011011011011011011011110110110011011001100011110110001111001100011110000110011011001100001101100011011011001101100111101100000001111000110110110110001101100001100011110011011011011011011011011001101100110011011001100110011011011011011011011,79.41845281823461,68.67817027918805,59.05211888302157,5.554787273810453,10,0.8448858343393855
anti_reasons,01101101101111001101100111100111101101100110111100110110110110110110111100111101101101101101100110111101100110111101100111101101101101100110110110011001101111001101100011000110001101100110001101100011011001101100110110011011011011011011011011110011110001111001100011110011110011001100110110001100110001111000000110110001101111000110110111101100000110011000110011110110000110110001100110110011011011011011011011011001101100110011011000110011011011011011011011011,79.41374945043955,68.35022964792915,60.02932094889246,5.1276645088847665,10,0.8448950206046102
anti_reasons,01101101101111001101100111100111101101100110111100110110110110110110111100111101101101101101100110111101100110111101100111101101101101100110110110011001101111001101100011000110001101100110001101100011011001101100110110011011011011011011011011110011110001101101100011110011110011001100110110001100110001111000000110110001101111000110110111101100000110011000110011110110000110110011000110110011011011011011011011011001101100110011011000110011011011011011011011011,79.41083638252564,68.01078082099244,59.27709338089127,5.312272863808684,10,0.8449007101903796
anti_reasons,01101101101111001101100111100111101100111100110110110110110110110110110110110111101100111100111100111100110110111101101101101101101101100110110110011001101111001101100011000110001101100110001101100011011001101100110110011011011011011011011011110110110011011001100011110110001111001100011110001100011011001100001101100011011011001101100111101100000001111000110110110110001101100001100011110011011011011011011011011001101100110011011001100110011011011011011011011,79.41052986039224,69.03661366604189,60.51197036152008,5.341218923834513,10,0.8449013088664215
anti_reasons,01101101101111001101100111100111101101100110111100110110110110110110111100111101101101101101100110111101100110111101101101101101101101100110110110011001101111001101100011000110001101100110001101100011011001101100110110011011011011011011011011110011110001111001100011110011110011001100110110001100110001111000000110110001101111000110110111101100000110001100110011110110000110110011000110110011011011011011011011011001101100110011011000110011011011011011011011011,79.40864647298886,68.01763132148074,59.65134723649606,5.231593457879804,10,0.8449049873574437
anti_reasons,01101101101111001101100111100111101101101100110110110110110110110110110110110111101100111100111100111100110110111101100111101101101101100110110110011001101111001101100011000110001101100110001101100011011001101100110110011011011011011011011011110110110011011000110011110110001111001100011110001100011011001100001101100011011011001101100111101100000001111000110110110110001101100001100011110011011011011011011011011001101100110011011001100110011011011011011011011,79.37928753180256,68.81568965657874,59.10143918851669,5.577419739671728,10,0.8449623290394481
anti_reasons,01101101101111001101100111100111101101101100110110110110110110110110110110110111101100111100111100111100110110111101101101101101101101100110110110011001101111001101100011000110001101100110001101100011011001101100110110011011011011011011011011110110110011011001100011110110001111001100011110001100011011001100001101100011011011001101100111101100000001101100110110110110001101100001100011110011011011011011011011011001101100110011011001100110011011011011011011011,79.37590334139949,68.81925554428251,59.473843555875845,5.4450492403234545,10,0.8449689387863291
anti_reasons,01101101101111001101100111100111101101100110111100110110110110110110111100111101101101101101100110111101100110111101100111101101101101100110110110011001101111001101100011000110001101100110001101100011011001101100110110011011011011011011011011110011110001111001100011110011110011001100110110001100110001111000000110110001101111000110110111101100000110011000110011110110000110110011000110011011011011011011011011011001101100110011011000110011011011011011011011011,79.3729721026287,68.34923711578976,60.01672981793155,5.116833558658037,10,0.8449746638620533
anti_reasons,01101101101111001101100111100111101101100110111100110110110110110110111100111101101101101101100110111101100110111101100111101101101101100110110110011001101111001101100011000110001101100110001101100011011001101100110110011011011011011011011011110011110001111001100011110011110011001100110110001100110001111000000110110001101101100110110111101100000110011000110011110110000110110011000110110011011011011011011011011001101100110011011000110011011011011011011011011,79.3683103095207,68.07599150707532,59.34159476025786,5.284590922449501,10,0.8449837689267174
anti_reasons,01101101101111001101100111100111101101101100111100110110110110110111100111101101101101101100111100111101100111101101101101101101101101100110110110011011001111001101100011000110001101100110001101100011011001101100110110011011011011011011011011110110110011011001100011011110110011000110110011000110001101101100001100011001101111001101101101101100000011000111100011110110000111100001101100110011011011011011011011011001101100110011011001100011011011011011011011011,79.34791009609988,67.89664118983669,58.624504163835546,5.317289413419274,10,0.8450236130935549
anti_reasons,01101101101111001101100111100111101101101100110110110110110110110110110110110111101100111100111100111100110110111101100111101101101101100110110110011001101111001101100011000110001101100110001101100011011001101100110110011011011011011011011011110110110011011001100011110110001111001100011110001100011011001100001101100011011011001101100111101100000001111000110110110110001101100001100011011011011011011011011011011001101100110011011001100110011011011011011011011,79.34022897103935,69.15086133859153,59.839226137311336,5.364325402874545,10,0.8450386152909388
anti_reasons,01101101101111001101100111100111101101101100111100110110110110110111100111101101101101100110111100111101100111101101101101101101101101100110110110011011001111001101100011000110001101100110001101100011011001101100110110011011011011011011011011110110110011011001100011011110110011000110110011000110001111001100001100001101101111001101101101101100000011000111100011110110000111100001101100110011011011011011011011011001101100110011011001100011011011011011011011011,79.3335540949525,68.03211615649113,58.679324403349945,5.303200059624135,10,0.8450516521582959
anti_reasons,01101101101111001101100111100111101101101100111100110110110110110111100111101101101101100110111100111101100111101101100111101101101101100110110110011011001111001101100011000110001101100110001101100011011001101100110110011011011011011011011011110110110011011001100011011110110011000110110011000110001111001100001100011001101111001101101101101100000011000111100011110110000111100000111100110011011011011011011011011001101100110011011001100011011011011011011011011,79.28251062586746,68.33448887391123,59.36069191692842,5.147445034454445,10,0.8451513464338526
anti_reasons,01101101101111001101100111100111101101101100111100110110110110110111100111101101101101100110111100111101100111101101100111101101101101100110110110011011001111001101100011000110001101100110001101100011011001101100110110011011011011011011011011110110110011011001100011011110110011000110110011000011001111001100001100011001101111001101101101101100000011000111100011110110000111100001101100110011011011011011011011011001101100110011011001100011011011011011011011011,79.28093320355065,68.17818178645531,58.74561477783449,5.274899881629717,10,0.8451544273368151
anti_reasons,01101101101111001101100111100111101101101100111100110110110110110111100111101100110110111101101101101101101101100111101101101101101101100110110110011011001111001101100011000110001101100110001101100011011001101100110110011011011011011011011011110110110001111001100110110110011011000011110110000110110011011000000110110001111011000111100110110110000011011001100110110011001100110011000110110011011011011011011011011001101100110011011001100110011011011011011011011,79.2655712751384,67.74341713434669,57.879640171464565,5.471585886043304,10,0.8451844311032453
anti_reasons,01101101101111001101100111100111101101101100111100110110110110110111101101101100110110111101101101101101101101100111101101101101101101100110110110011011001111001101100011000110001101100110001101100011011001101100110110011011011011011011011011110110110001111001100110110011011011000011110110000110110011011000000110110001111011000111100110110110000011011001100110110011001100110011000110110011011011011011011011011001101100110011011001100110011011011011011011011,79.23993730573389,67.63324087113624,57.92072432684633,5.472587323128042,10,0.8452344974497386
anti_reasons,01101101101111001101100111100111101101100110110110110110110110110110111100111100110110110111101100110111101101101101101101101101101101100110110110011001101111001101100011000110001101100110001101100011011001101100110110011011011011011011011011110110110011001101100011110110110001100110110110001100011011011000000111100011001111001100110111100110000110000110110110011110000111100011001100110011011011011011011011011001101100110011011001100011011011011011011011011,79.23934122649531,67.8237133525334,59.552711568061895,5.345898089826697,10,0.8452356616670014
anti_reasons,01101101101111001101100111100111101101101100111100110110110110110111101101101100110110111101101101101101101101100111101101101101101101100110110110011011001111001101100011000110001101100110001101100011011001101100110110011011011011011011011011110011110001111001100110110110011011000011110110000110110011011000000110110001111011000111100110110110000011011001100110110011001100110011000110110011011011011011011011011001101100110011011001100110011011011011011011011,79.22885467117774,67.59377266446936,57.88601752360207,5.486027190675552,10,0.845256143220356
anti_reasons,01101101101111001101100111100111101101101100111100110110110110110111100111101101100111100110111100111101100111101101100111101101101101100110110110011011001111001101100011000110001101100110001101100011011001101100110110011011011011011011011011110110110011011001100011011110110011000110110110000110001111001100001100011001101111001101101101101100000011000111100011110110000111100001101100110011011011011011011011011001101100110011011001100011011011011011011011011,79.21415451067044,68.22004213769827,58.732791880570254,5.27687044282159,10,0.8452848544713468
anti_reasons,01101101101111001101100111100111101101100110110110110110110110110110111100111100110110110111101100110111101101101101101101101101101101100110110110011001101111001101100011000110001101100110001101100011011001101100110110011011011011011011011011110110110011001101100011110110110000110110110110001100011011011000000111100011001111001100110111100110000110001100110110011110000111100011001100110011011011011011011011011001101100110011011001100011011011011011011011011,79.19256401386197,67.6445792107033,59.16350432945722,5.421830129318231,10,0.8453270234104259
anti_reasons,01101101101111001101100111100111101101101100111100110110110110110111101100111100110110111101101101101101101101100111100111101101101101100110110110011011001111001101100011000110001101100110001101100011011001101100110110011011011011011011011011110110110001111001100110110110011011000011110110000110110011011000000110110001111011000111100110110110000011011001100110110011001100110011000110110011011011011011011011011001101100110011011001100110011011011011011011011,79.15754674756903,67.8542164608488,57.95071309011934,5.440164559401419,10,0.8453954165086542
anti_reasons,01101101101111001101100111100111101101100110111100110110110110110110111100111101100111101101100110111101100110111101101101101101101101100110110110011001101111001101100011000110001101100110001101100001111001101100110110011011011011011011011011110011110001111001100011110011110011001100110110001100110001111000000110110001101111000110110111101100000110011000110011110110000110110011000110110011011011011011011011011001101100110011011000110011011011011011011011011,79.14625788932037,68.02207694530071,58.81991155721433,5.258155597156829,10,0.8454174650599211
anti_reasons,01101101101111001101100111100111101101101100111100110110110110110110111101101100110110111101101101101101101101100111100111101101101101100110110110011011001111001101100011000110001101100110001101100011011001101100110110011011011011011011011011110110110001111001100110110110011011000011110110000110110011011000000110110001111011000111100110110110000011011001100110110011001100110011000110110011011011011011011011011001101100110011011001100110011011011011011011011,79.14234327045952,67.88500232787969,57.93270928465463,5.438914338058945,10,0.8454251107998838
anti_reasons,01101101101111000111100111100111101101101100111100110110110110110111101101101100110110111101101101101101101101100111101101101101101101100110110110011011001111001101100011000110001101100110001101100011011001101100110110011011011011011011011011110110110001111001100110110110011011000011110110000110110001111000000110110001111011000111100110110110000011011001100110110011001100110011000110110011011011011011011011011001101100110011011001100110011011011011011011011,79.14175649031003,67.95062474308149,58.07219247078705,5.439444521745849,10,0.8454262568548632
anti_reasons,01101101101111001101100111100111101101101100111100110110110110110111101101101100110110111101101101101101101101100111101101101101101101100110110110011011001111001101100011000110001101100110001101100011011001101100110110011011011011011011011011110110110001111001100110110110011011000011110110000110110011011000000110110001101111000111100110110110000011011001100110110011001100110011000110110011011011011011011011011001101100110011011001100110011011011011011011011,79.14080918043325,67.72141016710489,58.00385263505344,5.431128576071152,10,0.8454281070694663
anti_reasons,01101101101111001101100111100111101101101100111100110110110110110111101101101100110110111101101101101101101101100111100111101101101101100110110110011011001111001101100011000110001101100110001101100011011001101100110110011011011011011011011011110110110001111001100011110110011011000011110110000110110011011000000110110001111011000111100110110110000011011001100110110011001100110011000110110011011011011011011011011001101100110011011001100110011011011011011011011,79.12203127176551,67.75745472503509,57.97088443709746,5.441117543244291,10,0.8454647826723329
anti_reasons,01101101101111001101100111100111101101101100111100110110110110110111101101101100110110111101101101101101101101100111101101101101101101100110110110011011001111001101100011000110001101100110001101100011011001101100110110011011011011011011011011110110110001111001100110110110011011000011011110000110110011011000000110110001111011000111100110110110000011011001100110110011001100110011000110110011011011011011011011011001101100110011011001100110011011011011011011011,79.1214187494952,67.61020854344964,57.918345528857124,5.445399535736552,10,0.8454659790048922
anti_reasons,01101101101111001101100111100111101101100110110110110110110110110110111100111100110110110111101100110111101101101101100111101101101101100110110110011001101111001101100011000110001101100110001101100011011001101100110110011011011011011011011011110110110011001101100011110110110001100110110110001100001111011000000111100011001111001100110111100110000110001100110110011110000111100011001100110011011011011011011011011001101100110011011001100011011011011011011011011,79.11305574679015,67.82365714298236,59.25166190299606,5.392223783598679,10,0.8454823129945505
anti_reasons,01101101101111001101100111100111101101101100111100110110110110110111101101101100110110111101101101101101101100110111101101101101101101100110110110011011001111001101100011000110001101100110001101100011011001101100110110011011011011011011011011110110110001111001100110110110011011000011110110000110110011011000000110110001111011000111100110110110000011011001100110110011001100110011000110110011011011011011011011011001101100110011011001100110011011011011011011011,79.09899184942586,68.0575820031577,58.338011552365835,5.360146832355518,10,0.8455097815440902
anti_reasons,01101101101111001101100111100111101101101100111100110110110110110111101101101100110110111101101101101101101101100111100111101101101101100110110110011011001111001101100011000110001101100110001101100011011001101100110110011011011011011011011011011110110001111001100110110110011011000011110110000110110011011000000110110001111011000111100110110110000011011001100110110011001100110011000110110011011011011011011011011001101100110011011001100110011011011011011011011,79.09282967988096,67.71021002647439,57.934181922132474,5.45088580333095,10,0.8455218170314824
anti_reasons,01101101101111001101100111100111101101101100111100110110110110110111101101101100110110111101101101101101101101100111101101101101101101100110110110011011001111001101100011000110001101100110001101100011011001101100110110011011011011011011011011110110110001111001100110110110011011000011110110000110110011011000000110110001111011000111100110110110000011011001100110011011001100110011000110110011011011011011011011011001101100110011011001100110011011011011011011011,79.090978484564,67.99767429670665,59.10495760201187,5.18803806651476,10,0.8455254326473359
anti_reasons,01101101101111001101100111100111101101100110110110110110110110110110111100111100110110110111101100110111101101101101100111101101101101100110110110011001101111001101100011000110001101100110001101100011011001101100110110011011011011011011011011110110110011001101100011110110110001100110110110001100011011011000000111100011001111001100110111100110000110001100011110011110000111100011001100110011011011011011011011011001101100110011011001100011011011011011011011011,79.06595619712796,67.90274381640131,59.61244891080472,5.310967409470497,10,0.8455743043024845
anti_reasons,01101101101111001101100111100111101101101100111100110110110110110111101101101100110110111101101101101101101101100111101101101101101101100110110110011011001111001101100011000110001101100110001101100011011001101100110110011011011011011011011011110110110001111001100110110110011001100011110110000110110011011000000110110001111011000111100110110110000011011001100110110011001100110011000110110011011011011011011011011001101100110011011001100110011011011011011011011,79.065069542428,67.5218850616944,57.82000838861331,5.454224098967194,10,0.8455760360499454
anti_reasons,01101101101111001101100111100111101101100110110110110110110110110110111100111100110110110111101100110111101101101101100111101101101101100110110110011001101111001101100011000110001101100110001101100011011001101100110110011011011011011011011011110110110011000111100011110110110001100110110110001100011011011000000111100011001111001100110111100110000110001100110110011110000111100011001100110011011011011011011011011001101100110011011001100011011011011011011011011,79.05822087771257,67.7611708533532,59.21194917605622,5.394064680311936,10,0.8455894123482176
anti_reasons,01101101101111001101100111100111101101101100111100110110110110110111101101101100110110111101101101101101101101100111100111101101101101100110110110011011001111001101100011000110001101100110001101100011011001101100110110011011011011011011011011110110110001111001100110011110011011000011110110000110110011011000000110110001111011000111100110110110000011011001100110110011001100110011000110110011011011011011011011011001101100110011011001100110011011011011011011011,79.02549273163172,67.71105838971286,57.94948632793075,5.421313566480235,10,0.8456533345085318
anti_reasons,01101101101111001101100111100111101101101100111100110110110110110111101101101100110110110111101101101101101101100111101101101101101101100110110110011011001111001101100011000110001101100110001101100011011001101100110110011011011011011011011011110110110001111001100110110110011011000011110110000110110011011000000110110001111011000111100110110110000011011001100110110011001100110011000110110011011011011011011011011001101100110011011001100110011011011011011011011,78.9825880014736,67.6686488101003,57.91456809873237,5.417792458840216,10,0.8457371328096219
anti_reasons,01101101101111001101100111100111101101101100110110110110110110110111100111101101101101100110111100111101100111101101100111101101101101100110110110011011001111001101100011000110001101100110001101100011011001101100110110011011011011011011011011110110110011011001100011011110110011000110110011000110001111001100001100011001101111001101101101101100000011000111100011110110000111100001101100110011011011011011011011011001101100110011011001100011011011011011011011011,78.97842320843345,68.1519188344604,59.291234994071345,5.162378700453823,10,0.8457452671710284
anti_reasons,01101101101111001101100111100111101101100110111100110110110110110111101101101100110110111101101101101101101101100111100111101101101101100110110110011011001111001101100011000110001101100110001101100011011001101100110110011011011011011011011011110110110001111001100110110110011011000011110110000110110011011000000110110001111011000111100110110110000011011001100110110011001100110011000110110011011011011011011011011001101100110011011001100110011011011011011011011,78.97813987851183,67.8928890171868,59.20302080395239,5.251714382805301,10,0.8457458205497816
anti_reasons,01101101101111001101100111100111101100111100110110110110110110110110110110111100111101101101101100110110111101101101101101101101101101100110110110011001101111001101100011000110001101100110001101100011011001101100110110011011011011011011011011011110001111001101100011011011110001101100110110001100110011011000000110011001111001101101100111101100000110011000110110011110001100110001101100110011011011011011011011011001101100110011011000110110011011011011011011011,78.96775487408694,66.99070421482318,58.35913160910276,5.441876136559644,10,0.8457661037615489
anti_reasons,01101101101111001101100111100111101101101100111100110110110110110111101101101100110110111101101101101101101101100111101101101101101101100110110110011011001111001101100011000110001101100110001101100011011001101100110110011011011011011011011011110110011001111001100110110110011011000011110110000110110011011000000110110001111011000111100110110110000011011001100110110011001100110011000110110011011011011011011011011001101100110011011001100110011011011011011011011,78.95708561063836,67.44430689913956,57.769496143349066,5.444232290706902,10,0.8457869421667219
anti_reasons,01101101101111001101100111100111101101101100111100110110110110110111101101100110110110111101101101101101101101100111101101101101101101100110110110011011001111001101100011000110001101100110001101100011011001101100110110011011011011011011011011110110110001111001100110110110011011000011110110000110110011011000000110110001111011000111100110110110000011011001100110110011001100110011000110110011011011011011011011011001101100110011011001100110011011011011011011011,78.95122718042242,67.53240075685508,57.81035575722277,5.426097119586585,10,0.8457983844132375
anti_reasons,01101101101111001101100111100111101101101100111100110110110110110111101101101100110110111101101101101101101101100111101101101101101101100110110110011011001111001101100011000110001101100110001101100011011001101100110110011011011011011011011011110110110001111001100110110110011011000011110110000110110011011000000110110001111011000110110110110110000011011001100110110011001100110011000110110011011011011011011011011001101100110011011001100110011011011011011011011,78.93714618923767,67.6202646779143,57.96799171512591,5.391854695746758,10,0.8458258863491452
anti_reasons,01101101101111001101100111100111101101101100111100110110110110110111100111101101101100110110111100111101100111101101101101101101101101100110110110011011001111001101100011000110001101100110001101100011011001101100110110011011011011011011011011110110110011011001100011011110110011000110110011000110001111001100001100011001101111001101101101101100000011000111100011110110000111100001101100110011011011011011011011011001101100110011011001100011011011011011011011011,78.92108308680129,67.53521943113658,57.960182504737304,5.384991304836545,10,0.8458572595960913
anti_reasons,01101101101111001101100111100111101101100110110110110110110110110110111100111100110110110111101100110111101101101101101101101101101101100110110110011001101111001101100011000110001101100110001101100011011001101100110110011011011011011011011011110110110011001101100011110110110001100011110110001100011011011000000111100011001111001100110111100110000110001100110110011110000111100011001100110001111011011011011011011001101100110011011001100011011011011011011011011,78.90071132859335,67.76776327469243,59.9410899527852,5.1395849337824995,10,0.8458970481863411
anti_reasons,01101101101111001101100111100111101101101100111100110110110110110111101101101100110110111101101101101101101101100111100111101101101101100110110110011011001111001101100011000110001101100110001101100011011001101100110110011011011011011011011011110110110001111001100110110110011011000011110110000110110011011000000110110001111011000111100110110110000011011001100011110011001100110011000110110011011011011011011011011001101100110011011001100110011011011011011011011,78.88585031088178,68.03379645733676,59.003551757356526,5.1620032374462275,10,0.845926073611559
anti_reasons,01101101101111001101100111100111101101101100111100110110110110110111101101101100110110111101101101101101101101100111101101101101101101100110110110011011001111001101100011000110001101100110001101100011011001101100110110011011011011011011011011110110110001111001100110110110011011000011110110000110110011011000000110110001111011000111100110110110000011011001100110110011001100110011000110011011011011011011011011011001101100110011011001100110011011011011011011011,78.8815088128521,67.76813108184061,58.50479104949587,5.243530722647806,10,0.8459345530998983
anti_reasons,01101101101111001101100111100111101101101100111100110110110110110111100111101101101101100110111100111101100111101101100111101101101101100110110110011011001111001101100011000110001101100110001101100001111001101100110110011011011011011011011011110110110011011001100011011110110011000011110011000110001111001100001100011001101111001101101101101100000011000111100011110110000111100001101100110011011011011011011011011001101100110011011001100011011011011011011011011,78.87276451856626,68.13035013601115,58.21994215190806,5.2242966466923,10,0.8459516317996753
anti_reasons,01101101101111001101100111100111101101101100111100110110110110110111101101101100110110111101101101100111101101100111101101101101101101100110110110011011001111001101100011000110001101100110001101100011011001101100110110011011011011011011011011110110110001111001100110110110011011000011110110000110110011011000000110110001111011000111100110110110000011011001100110110011001100110011000110110011011011011011011011011001101100110011011001100110011011011011011011011,78.87146479729188,67.6684389448366,57.93957131515001,5.389319258795759,10,0.8459541703177893
anti_reasons,01101101101111001101100111100111101101101100111100110110110110110111101101101100110110111100111101101101101101100111101101101101101101100110110110011011001111001101100011000110001101100110001101100011011001101100110110011011011011011011011011110110110001111001100110110110011011000011110110000110110011011000000110110001111011000111100110110110000011011001100110110011001100110011000110110011011011011011011011011001101100110011011001100110011011011011011011011,78.86829199028247,67.58937310886597,57.87925508132428,5.395681404835042,10,0.8459603672064795
anti_reasons,01101101101111001101100111100111101100111100110110110110110110110110110110111100111101101101101100110110111101101101101101101101101101100110110110011001101111001101100011000110001101100110001101100011011001101100110110011011011011011011011011011110011011001101100011011011110001101100110110001100110011011000000110011001111001101101100111101100000110011000110110011110001100110000111100110011011011011011011011011001101100110011011000110110011011011011011011011,78.85370752396038,67.12300820863578,58.96909802070077,5.290032883008552,10,0.8459888524922649
anti_reasons,01101101101111001101100111100111101101101100111100110110110110110111100110111101101101100110111100111101100111101101100111101101101101100110110110011011001111001101100011000110001101100110001101100011011001101100110110011011011011011011011011110110110011011001100011011110110011000110110011000110001111001100001100011001101111001101101101101100000011000111100011110110000111100001101100110011011011011011011011011001101100110011011001100011011011011011011011011,78.8406054702178,67.54325584320836,57.90468979948469,5.366577058722825,10,0.8460144424409809
anti_reasons,01101101101111001101100111100111101101101100111100110110110110110111101101101100110110111101101101101101101101100111101101101101101101100110110110011011001111001101100011000110001101100110001101100011011001101100110110011011011011011011011011110110110001111001100110110110011011000011110011000110110011011000000110110001111011000111100110110110000011011001100110110011001100110011000110110011011011011011011011011001101100110011011001100110011011011011011011011,78.83532820380375,67.4201680404486,57.77015405888233,5.411592037668733,10,0.8460247496019457
anti_reasons,01101101101111001101100111100111101100111100110110110110110110110110110110111100111101101101101100110111101101101101101101101101101101100110110110011001101111001101100011000110001101100110001101100011011001101100110110011011011011011011011011011110011011001101100011011011110001101100110110001100110001111000000110011001111001101101100111101100000110011000110110011110001100110001101100110011011011011011011011011001101100110011011000110110011011011011011011011,78.83322335144355,66.71005794903661,58.16624720910991,5.421906963135734,10,0.8460288606417118
anti_reasons,01101101101111001101100111100111101101101100111100110110110110110111101101101100110110111101101101101101100111100111100111101101101101100110110110011011001111001101100011000110001101100110001101100011011001101100110110011011011011011011011011110110110001111001100110110110011011000011110110000110110011011000000110110001111011000111100110110110000011011001100110110011001100110011000110110011011011011011011011011001101100110011011001100110011011011011011011011,78.83273317060906,67.95812968582356,58.15182780710838,5.3466435029313555,10,0.8460298180261542
anti_reasons,01101101101111001101100111100111101100111100110110110110110110110110110110111100111101101101101100110110111101101101101101101101101101100110110110011001101111001101100011000110001101100110001101100011011001101100110110011011011011011011011011011110011011001101100011011011110001101100110110001100110011011000000110011001111001101101100111101100000110011000011110011110001100110001101100110011011011011011011011011001101100110011011000110110011011011011011011011,78.81303791660015,67.05661621149896,58.723116302299026,5.329703428865366,10,0.8460682853191404
anti_reasons,01101101101111001101100111100111101100111100111100110110110110110111101101101100110110111101101101101101101101100111101101101101101101100110110110011011001111001101100011000110001101100110001101100011011001101100110110011011011011011011011011110110110001111001100110110110011011000011110110000110110011011000000110110001111011000111100110110110000011011001100110110011001100110011000110110011011011011011011011011001101100110011011001100110011011011011011011011,78.81172271791411,67.77429730492703,59.22969097012639,5.150476184309217,10,0.846070854066574
anti_reasons,01101101101101100110110111101101101101101101100110111101101100111101100110111100110110110110110110111101101100111100110110110110110110110110110011011001101100110110011000011000110110110000110110001101100110110011011011011011011011011011011011110011110001100111100011110011110001101100011110001100011011000011000111100001101100110110110110110000011001100110011011011000110110001100110011001101111001111011011011011001101101100011011011001100110110110110011011011,78.78942462869838,64.31565456914218,57.40783928135171,6.237592315455452,10,0.8461144050220735
anti_reasons,01101101101111001101100111100111101101101100111100110110110110110111101101101100110110111101101101101100111101100111100111101101101101100110110110011011001111001101100011000110001101100110001101100011011001101100110110011011011011011011011011110110110001111001100110110110011011000011110110000110110011011000000110110001111011000111100110110110000011011001100110110011001100110011000110110011011011011011011011011001101100110011011001100110011011011011011011011,78.78829767564105,67.88457917689703,58.08554255007392,5.345049833821214,10,0.8461166061022636
anti_reasons,01101101101111001101100111100111101101101100111100110110110110110111100111101101101101100110111100111101100111101101100111101101101101100110110110011011001111001101100011000110001101100110001101100011011001101100110110011011011011011011011011110110110011011001100011011011110011000110110011000110001111001100001100011001101111001101101101101100000011000111100011110110000111100001101100110011011011011011011011011001101100110011011001100011011011011011011011011,78.78290904409174,67.44269414913184,57.92685673263347,5.348582322230419,10,0.8461271307732583
anti_reasons,01101101101111001101100111100111101101101100111100110110110110110111101101101100110110111101101101101101101101100111100111101101101101100110110110011011001111001101100011000110001101100110001101100011011001101100110110011011011011011011011011110110110001111001100110110110011011000011110110000110110011011000000110110001111011000111100110110110000011011001100110110011001100110001100110110011011011011011011011011001101100110011011001100110011011011011011011011,78.78219917637207,67.88953750961606,58.56953787687856,5.20943740910799,10,0.8461285172336483
anti_reasons,01101101101111001101100111100111101101101100111100110110110110110111101101101100110110111101101101101101101101100111100111101101101101100110110110011011001111001101100011000110001101100110001101100011011001101100110110011011011011011011011011110110110001111000110110110110011011000011110110000110110011011000000110110001111011000111100110110110000011011001100110110011001100110011000110110011011011011011011011011001101100110011011001100110011011011011011011011,78.78048038932445,67.55337329546389,57.819159797123014,5.393989948119182,10,0.8461318742396007
anti_reasons,01101101101111001101100111100111101101101100111100110110110110110111101101101100110110111101101101101101101101100111100111101101101101100110110110011011001111001101100011000110001101100110001101100011011001101100110110011011011011011011011011110110110001101101100110110110011011000011110110000110110011011000000110110001111011000111100110110110000011011001100110110011001100110011000110110011011011011011011011011001101100110011011001100110011011011011011011011,78.77928610845817,67.55008868267933,57.817310308877374,5.395147599705928,10,0.8461342068194176
anti_reasons,01101101101111001101100111100111101101101100111100110110110110110111100111101101101101100110111100111101100111101101100111101101101101100110110110011011001111001101100011000110001101100110001101100011011001101100110110011011011011011011011011011110110011011001100011011110110011000110110011000110001111001100001100011001101111001101101101101100000011000111100011110110000111100001101100110011011011011011011011011001101100110011011001100011011011011011011011011,78.77588840252973,67.39924940883392,57.88815863149783,5.366798167673689,10,0.8461408429638091
anti_reasons,01101101101111001101100111100111101101101100111100110110110110110111101101101100110110111101100111101101101101100111100111101101101101100110110110011011001111001101100011000110001101100110001101100011011001101100110110011011011011011011011011110110110001111001100110110110011011000011110110000110110011011000000110110001111011000111100110110110000011011001100110110011001100110011000110110011011011011011011011011001101100110011011001100110011011011011011011011,78.77583231302768,67.79446121310272,58.00141110369382,5.351544182440912,10,0.8461409525136179
anti_reasons,01101101101111001101100111100111101101100110110110110110110110110111101101101101100111101101101101100110111101101101101101101101101101100110110110011011001111001101100011000110001101100110001101100011011001101100110110011011011011011011011011110011011011011001100011110011110001101100011110001100011011011000000110110011011011001100111100111100000011000110110011110011001100110011001100001111011011011011011011011001101100110011011000110011011011011011011011011,78.77288315377632,67.81759963333799,61.196808724178744,4.894665799806161,10,0.8461467125902806
anti_reasons,01101101101111001101100111100111101101100110110110110110110110110110110110111100110110110111101100110111101101101101101101101101101101100110110110011001101111001101100011000110001101100110001101100011011001101100110110011011011011011011011011110110110011001101100011110110110001100110110110001100011011011000000111100011001111001100110111100110000110001100110110011110000111100011001100110011011011011011011011011001101100110011011001100011011011011011011011011,78.7727451764079,67.06710345633313,58.33135559310797,5.551762664207551,10,0.8461469820773283
anti_reasons,01101101101111001101100111100111101101101100111100110110110110110111100111101101101101100110111100111101100111101101100111101101101101100110110110011011001111001101100011000110001101100110001101100011011001101100110110011011011011011011011011110011110011011001100011011110110011000110110011000110001111001100001100011001101111001101101101101100000011000111100011110110000111100001101100110011011011011011011011011001101100110011011001100011011011011011011011011,78.77182640953562,67.40322594246496,57.892149929389205,5.362671987328363,10,0.8461487765438758
anti_reasons,01101101101111001101100111100111101101100110110110110110110110110110111100111100110110110111101100110111101101101101100111101101101101100110110110011001101111001101100011000110001101100110001101100011011001101100110110011011011011011011011011110110110011011001100011110110110001100110110110001100011011011000000111100011001111001100110111100110000011001100110110011110000111100011001100110011011011011011011011011001101100110011011001100011011011011011011011011,78.76288208693596,67.75479648183523,59.43421004227984,5.277418175129933,10,0.8461662459239532
anti_reasons,01101101101111001101100111100111101101101100111100110110110110110111100111101101101101100110111100111101100111100111101101101101101101100110110110011011001111001101100011000110001101100110001101100011011001101100110110011011011011011011011011110110110011011001100011011110110011000110110011000110001111001100001100011001101111001101101101101100000011000111100011110110000111100001101100110011011011011011011011011001101100110011011001100011011011011011011011011,78.75391811399523,67.77973537702876,58.338389274127245,5.2798901721758655,10,0.8461837536836031
anti_reasons,01101101101111001101100111100111101101100110110110110110110110110110111100111100110110110111101100110111101101101101100111101101101101100110110110011001101111001101100011000110001101100110001101100011011001101100110110011011011011011011011011110110110011001101100110110110110001100110110110001100011001111000000111100011001111001100110111100110000110001100110110011110000111100011001100110011011011011011011011011001101100110011011001100011011011011011011011011,78.75240803584693,67.6833100058009,59.170237930592066,5.328484498598585,10,0.8461867030549864
anti_reasons,01101101101111001101100111100111101101101100111100110110110110110111101101101100110110111101101101101101101101100111100111101101101101100110110110011011001111001101100011000110001101100110001101100011011001101100110110011011011011011011011011110110110001111001100110110110011011000011110110000110110011001100000110110001111011000111100110110110000011011001100110110011001100110011000110110011011011011011011011011001101100110011011001100110011011011011011011011,78.75210646654878,67.60709042349887,57.887445504990254,5.370726864884241,10,0.846187292057522
anti_reasons,01101101101111001101100111100111101101101100111100110110110110110111100111101101101101100110111100111101100111101101101101101101101101100110110110011011001111001101100011000110001101100110001101100011011001101100110110011011011011011011011011110110110011011001100011011110110001100110110011000110001111001100001100011001101111001101101101101100000011000111100011110110000111100001101100110011011011011011011011011001101100110011011001100011011011011011011011011,78.74812826507677,67.21092444405394,57.77398509797866,5.3769490325135125,10,0.8461950619822719
anti_reasons,01101101101111001101100111100111101101100110110110110110110110110110111100111100110110110111101100110111101101101101101101101101101101100110110110011001101111001101100011000110001101100110001101100011011001101100110110011011011011011011011011110110110011001101100011110011110001100110110110001100011011011000000111100011001111001100110111100110000110001100110110011110000111100011001100110011011011011011011011011001101100110011011001100011011011011011011011011,78.74711120700336,66.95692719312267,58.37243974848973,5.488615620277999,10,0.8461970484238216
anti_reasons,01101101101111001101100111100111101101100110110110110110110110110110111100111100110110110111101100110111101101101101101101101101101101100110110110011001101111001101100011000110001101100110001101100011011001101100110110011011011011011011011011011110110011001101100011110110110001100110110110001100011011011000000111100011001111001100110111100110000110001100110110011110000111100011001100110011011011011011011011011001101100110011011001100011011011011011011011011,78.74009056544135,66.91348245282475,58.333741647354096,5.508735960285518,10,0.8462107606143724
anti_reasons,01101101101111001101100111100111101101101100111100110110110110110111101101101100110110111101101101101101101101100111100111101101101101100110110110011011001111001101100011000110001101100110001101100011011001101100110110011011011011011011011011110110110001111001100110110110011011000011110110000110110011011000000110110001111001100111100110110110000011011001100110110011001100110011000110110011011011011011011011011001101100110011011001100110011011011011011011011,78.73676003545319,67.61529936876221,57.881811688243964,5.36842700010562,10,0.8462172655557555
anti_reasons,01101101101111001101100111100111101101100110110110110110110110110110111100111100110110110111101100110111101101101101101101101101101101100110110110011001101111001101100011000110001101100110001101100011011001101100110110011011011011011011011011110011110011001101100011110110110001100110110110001100011011011000000111100011001111001100110111100110000110001100110110011110000111100011001100110011011011011011011011011001101100110011011001100011011011011011011011011,78.73602857244724,66.91745898645578,58.33773294524547,5.503991282108353,10,0.846218694194439
anti_reasons,01101101101111001101100111100111101101101100111100110110110110110111100111101101101101100110111100111101100111101101100111101101101101100110110110011011001111001101100011000110001101100110001101100011011001101100110110011011011011011011011011110110110011011001100011011110110011000110110011000110001111001100001100011001101111001101100111101100000011000111100011110110000111100001101100110011011011011011011011011001101100110011011001100011011011011011011011011,78.71293052510812,67.62720487362398,58.22082520234524,5.265862918597621,10,0.8462638075681482
anti_reasons,01101101101111001101100111100111101101100110110110110110110110110110111100111100110110110111101100110111101101101101101101101101101101100110110110011001101111001101100011000110001101100110001101100011011001101100110110011011011011011011011011110110110001101101100011110110110001100110110110001100011011011000000111100011001111001100110111100110000110001100110110011110000111100011001100110011011011011011011011011001101100110011011001100011011011011011011011011,78.70899265648045,66.9181304590513,58.34589986448426,5.492039924588336,10,0.8462714987178116
anti_reasons,01101101101111001101100111100111101101101100111100110110110110110111101101101100110110111101101100111101101101100111100111101101101101100110110110011011001111001101100011000110001101100110001101100011011001101100110110011011011011011011011011110110110001111001100110110110011011000011110110000110110011011000000110110001111011000111100110110110000011011001100110110011001100110011000110110011011011011011011011011001101100110011011001100110011011011011011011011,78.70810308961299,67.75435710640231,57.97111479838757,5.345890169146284,10,0.8462732361530996
anti_reasons,01101101101111001101100111100111101101100110111100110110110110110110111100111100110110110111101100110111101101101101101101101101101101100110110110011001101111001101100011000110001101100110001101100011011001101100110110011011011011011011011011110110110011001101100011110110110001100110110110001100011011011000000111100011001111000110110111100110000110001100110110011110000111100011001100110011011011011011011011011001101100110011011001100011011011011011011011011,78.70584324182649,66.91420172333953,57.80297788140477,5.499222343839241,10,0.8462776499183077
anti_reasons,01101101101111001101100111100111101100111100110110110110110110110110110110111100111101101101101100110110111101101101100111101101101101100110110110011001101111001101100011000110001101100110001101100011011001101100110110011011011011011011011011011110011011001101100011011011110001101100110110001100110011011000000110011001111000111101100111101100000110011000110110011110001100110001101100110011011011011011011011011001101100110011011000110110011011011011011011011,78.70247393013305,67.11763003571711,58.432281140602484,5.376175643521073,10,0.8462842306052089
anti_reasons,01101101101111001101100111100111101101101100111100110110110110110111101101101100110110111101101101101101101101100111100111101101101101100110110110011011001111001101100011000110001101100110001101100011011001101100110110011011011011011011011011110110110001111001100110110110011011000011110110000110011011011000000110110001111011000111100110110110000011011001100110110011001100110011000110110011011011011011011011011001101100110011011001100110011011011011011011011,78.68379496334063,67.5460555243911,57.83052756977918,5.366956164906318,10,0.8463207129622253
anti_reasons,01101101101111001101100111100111101100111100110110110110110110110110110110111100111101101101101100110110111101101101100111101101101101100110110110011001101111001101100011000110001101100110001101100011011001101100110110011011011011011011011011011110011011000111100011011011110001101100110110001100110011011000000110011001111001101101100111101100000110011000110110011110001100110001101100110011011011011011011011011001101100110011011000110110011011011011011011011,78.66521561289387,67.03545714408693,58.37477226397231,5.385824641460386,10,0.8463570007560667
anti_reasons,01101101101111001101100111100111101101100110111100110110110110110111100111101101101101100110111100111101100111101101100111101101101101100110110110011011001111001101100011000110001101100110001101100011011001101100110110011011011011011011011011110110110011011001100011011110110011000110110011000110001111001100001100011001101111001101101101101100000011000111100011110110000111100001101100110011011011011011011011011001101100110011011001100011011011011011011011011,78.66119860116056,67.58192839954634,59.15699751331774,5.173737366073919,10,0.8463648464821083
anti_reasons,01101101101111001101100111100111101101101100111100110110110110110111101101101100110110111101101101101101101101100111100111101101101101100110110110011011001111001101100011000110001101100110001101100011011001101100110110011011011011011011011011110110110001111001100110110110011011000011110110000110110011011000000110110001111011000111100110110110000011011000110110110011001100110011000110110011011011011011011011011001101100110011011001100110011011011011011011011,78.64571129445417,67.71527444865892,58.36773760906084,5.240103330952533,10,0.8463950951280192
anti_reasons,01101101101111001101100111100111101101101100111100110110110110110111101101101100110110111101101101101101101101100111100111101101101101100110110110011011001111001101100011000110001101100110001101100011011001101100110110011011011011011011011011110110110001111001100110110110011011000011110110000110110011011000000110110001111011000111100110110110000011001101100110110011001100110011000110110011011011011011011011011001101100110011011001100110011011011011011011011,78.63700921463047,67.6773530788037,58.243719860903944,5.266720639748757,10,0.8464120913776749
anti_reasons,01101101101111001101100111100111101101101100111100110110110110110111100111101101101101100110111100111101100111101101100111101101101101100110110110011011001111001101100011000110001101100110001101100011011001101100110110011011011011011011011011110110110011011001100011011110110011000110110011000110001111001100001100011001101111001101101101101100000011000111100011011110000111100001101100110011011011011011011011011001101100110011011001100011011011011011011011011,78.63395022292185,67.80712757470225,59.11109000779901,5.058647913819758,10,0.8464180659708558
anti_reasons,01101101101111001101100111100111101101100110110110110110110110110110111100111100110110110111101100110111101101101101101101101101101101100110110110011001101111001101100011000110001101100110001101100011011001101100110110011011011011011011011011110110110011001101100011110110110001100110011110001100011011011000000111100011001111001100110111100110000110001100110110011110000111100011001100110011011011011011011011011001101100110011011001100011011011011011011011011,78.62859265076467,66.93389486543609,58.37006095050052,5.461395606237457,10,0.8464285299789752
anti_reasons,01101101101111001101100111100111101100111100110110110110110110110110110110111100111101101101101100110110111101101101100111101101101101100110110110011001101111001101100011000110001101100110001101100011011001101100110110011011011011011011011011011110011011001101100011011011110001101100110110001100110011011000000110001101111001101101100111101100000110011000110110011110001100110001101100110011011011011011011011011001101100110011011000110110011011011011011011011,78.62457702446362,67.0614632824878,58.39204189996587,5.369677201767713,10,0.8464363729990945
anti_reasons,01101101101111001101100111100111101101101100111100110110110110110111101101101100110110111101101100111101100111100111101101101101101101100110110110011001101111001101100011000110001101100110001101100011011001101100110110011011011011011011011011011011110001101101100011110110110001101100011011001100110011000110000110110011001111001101101101100110000011011000011110110011001101100001100110110011011011011011011011011001101100110011011000110011011011011011011011011,78.61784022993481,66.82263358502705,56.88682965516588,5.578066148161061,10,0.8464495308009086
anti_reasons,01101101101111001101100111100111101101100110110110110110110110110110111100111100110110110111101100110111101100111101101101101101101101100110110110011001101111001101100011000110001101100110001101100011011001101100110110011011011011011011011011110110110011001101100011110110110001100110110110001100011011011000000111100011001111001100110111100110000110001100110110011110000111100011001100110011011011011011011011011001101100110011011001100011011011011011011011011,78.60616575069535,67.38126832514415,58.78972697400925,5.435524163750094,10,0.8464723325181731
anti_reasons,01101101101111001101100111100111101100111100110110110110110110110110110110111100111101101101101100110110111101101101101101101101101101100110110110011001101111001101100011000110001101100110001101100011011001101100110110011011011011011011011011011110011011001101100011011011110001101100110110001100110011011000000110011011011001100111100111101100000110011000110110011110001100110001101100110011011011011011011011011001101100110011011000110110011011011011011011011,78.59123159870465,66.80801853149958,58.24768952757445,5.379651164134932,10,0.84650150078378
anti_reasons,01101101101111001101100111100111101101101100111100110110110110110111100111101101101101100110111100111101100111101101100111101101101101100110110110011011001111001101100011000110001101100110001101100011011001101100110110011011011011011011011011110110110011011001100011011110110011000110110011000110001111001100001100011001101111001101101100111100000011000111100011110110000111100001101100110011011011011011011011011001101100110011011001100011011011011011011011011,78.58699985554541,67.56911737748958,58.21115996174336,5.239846250238234,10,0.8465097659071379
anti_reasons,01101101101111001101100111100111101101101100111100110110110110110111100111101101101101100110111100111101100111101101101101101101101101100110110110011011001111001101100011000110001101100110001101100011011001101100110110011011011011011011011011110110110011011001100011011110110011000110110011000110001111001100001100011001101111001101101101101100000011000111100011110110000111100001101100110011011011011011011011011001101100110011011001100110011011011011011011011,78.56888010925087,67.41880389787983,58.43185696848603,5.187566282323333,10,0.8465451560366194
anti_reasons,01101101101111001101100111100111101101101100111100110110110110110111101101101101101101100111101101101100110110110111101101101101101101100110110110011001101111001101100011000110001101100110001101100011011001101100110110011011011011011011011011110110110011011001100110011110011011001100110011001100110001111000001100110011011000110110111100110110000110000110110011110011000110110011001100110011011011011011011011011001101100110011011001100110011011011011011011011,78.5641836976124,69.0662469688084,61.15883030407438,4.660254084727425,10,0.8465543287156008
anti_reasons,01101101101111001101100111100111101101101100111100110110110110110111100111101101101101100110111100110111100111101101101101101101101101100110110110011011001111001101100011000110001101100110001101100011011001101100110110011011011011011011011011110110110011011001100011011110110011000110110011000110001111001100001100011001101111001101101101101100000011000111100011110110000111100001101100110011011011011011011011011001101100110011011001100011011011011011011011011,78.55452351994064,67.35747832719613,57.89354802451536,5.318360034684009,10,0.846573196250116
anti_reasons,01101101101111001101100111100111101101101100111100110110110110110111100111101101101101100110111100111101100111101101101101101101101101100110110110011011001111001101100011000110001101100110001101100011011001101100110110011011011011011011011011110110110011011001100011011110110011000110110011000110001111001100001100011001101111001101101101101100000011000111100011110110000110110001101100110011011011011011011011011001101100110011011001100011011011011011011011011,78.55204408547364,67.37528127515873,58.41734979110781,5.189450750806226,10,0.8465780388955593
anti_reasons,01101101101101101101100111100111101101101100110110110110110110110110110111101100111100110110111100111100111100111101100111101101101101100110110110011001101111001101100011000110001101100110001101100011011001101100110110011011011011011011011011011110011001111001100110110110011011001100110110001100011011011000000110110011011000111101100111101100000011001100011110110011000110110011001100110011011011011011011011011001101100110011011000110011011011011011011011011,78.54652269816765,67.80489833197956,57.927992878492844,5.451745730573011,10,0.8465888228551413
anti_reasons,01101101101111001101100111100111101101100110110110110110110110110110111100111100110110110111101100110111101101101101100111101101101101100110110110011001101111001101100011000110001101100110001101100011011001101100110110011011011011011011011011110110110011001101100011011110110001100110110110001100011011011000000111100011001111001100110111100110000110001100110110011110000111100011001100110011011011011011011011011001101100110011011001100011011011011011011011011,78.53266663290118,67.03474471169929,58.401201749574156,5.4483026002201065,10,0.8466158854826149
anti_reasons,01101101101111001101100111100111101101101100111100110110110110110111100111101100111101100110111100111101100111101101100111101101101101100110110110011011001111001101100011000110001101100110001101100011011001101100110110011011011011011011011011110110110011011001100011011110110011000110110011000110001111001100001100011001101111001101101101101100000011000111100011110110000111100001101100110011011011011011011011011001101100110011011001100011011011011011011011011,78.5323952922026,67.39974630643727,57.85488861698553,5.311566944769485,10,0.8466164154449168
anti_reasons,01101101101111001101100111100111101101100110110110110110110110110110111100111100110110110111101100110111101101101101100111101101101101100110110110011001101111001101100011000110001101100110001101100011011001101100110110011011011011011011011011110110110011001101100011110110110001100110110110001100011011011000000111100001101111001100110111100110000110001100110110011110000111100011001100110011011011011011011011011001101100110011011001100011011011011011011011011,78.52414476535732,67.16703525666097,58.50708514809581,5.413587742059347,10,0.8466325297551615
anti_reasons,01101101101111001101100111100111101101101100111100110110110110110111100111101101101101100110111100111101100111101101100111101101101101100110110110011011001111001101100011000110001101100110001101100011011001101100110110011011011011011011011011110110011011011001100011011110110011000110110011000110001111001100001100011001101111001101101101101100000011000111100011110110000111100001101100110011011011011011011011011001101100110011011001100011011011011011011011011,78.50005734899624,67.25376017713516,57.77562854913621,5.322500173709828,10,0.8466795754902418
anti_reasons,01101101101111001101100111100111101100111100111100110110110110110111100111101101101101100110111100111101100111101101101101101101101101100110110110011011001111001101100011000110001101100110001101100011011001101100110110011011011011011011011011110110110011011001100011011110110011000110110011000110001111001100001100011001101111001101101101101100000011000111100011110110000111100001101100110011011011011011011011011001101100110011011001100011011011011011011011011,78.49478144056287,67.46333668728657,59.18366767949174,5.076759817445559,10,0.8466898799989007
anti_reasons,01101101101111001101100111100111101101101100111100110110110110110111100111100111101101100110111100111101100111101101100111101101101101100110110110011011001111001101100011000110001101100110001101100011011001101100110110011011011011011011011011110110110011011001100011011110110011000110110011000110001111001100001100011001101111001101101101101100000011000111100011110110000111100001101100110011011011011011011011011001101100110011011001100011011011011011011011011,78.4941989187803,67.34185403485068,57.8164881630099,5.311935291665264,10,0.8466910177367573
anti_reasons,01101101101111001101100111100111101101101100111100110110110110110111100111101101101101100110111100111101100111101101100111101101101101100110110110011011001111001101100011000110001101100110001101100011011001101100110110011011011011011011011011110110110011011001100011011110110011000110110011000110001111001100001100011001101111001100111101101100000011000111100011110110000111100001101100110011011011011011011011011001101100110011011001100011011011011011011011011,78.48011792759551,67.42971795590991,57.97412412091305,5.267763546602989,10,0.846718519672665
anti_reasons,01101101101111001101100111100111101101100110110110110110110110110110111100111100110110110111101100110111100111101101101101101101101101100110110110011001101111001101100011000110001101100110001101100011011001101100110110011011011011011011011011110110110011001101100011110110110001100110110110001100011011011000000111100011001111001100110111100110000110001100110110011110000111100011001100110011011011011011011011011001101100110011011001100011011011011011011011011,78.47999405616942,67.16140211217393,58.551387532330004,5.447788697703606,10,0.8467187616090441
anti_reasons,01101101101111001101100111100111101101101100111100110110110110110111100111101101101101100110111100111101100111101101101101101101101101100110110110011011001111001101100011000110001101100110001101100011011001101100110110011011011011011011011011110110110011011001100011011110110011000110110011000110001111001100001100011001101111001101101101101100000011000110110011110110000111100001101100110011011011011011011011011001101100110011011001100011011011011011011011011,78.4688570013938,67.28389993538241,58.26955862200441,5.20772987011438,10,0.8467405136691527
anti_reasons,01101101101111001101100111100111101101101100111100110110110110110111100111101101101101100110111100111101100111101101100111101101101101100110110110011011001111001101100011000110001101100110001101100011011001101100110110011011011011011011011011110110110011001101100011011110110011000110110011000110001111001100001100011001101111001101101101101100000011000111100011110110000111100001101100110011011011011011011011011001101100110011011001100011011011011011011011011,78.46234483110693,67.23912806503888,57.77128701824273,5.312873352869404,10,0.8467532327517443
anti_reasons,01101101101111001101100111100111101100111100110110110110110110110110110110111100111101101101101100110110111101101101100111101101101101100110110110011001101111001101100011000110001101100110001101100011011001101100110110011011011011011011011011011110011011001101100011011011110001101100110110001100110011011000000110011001111001101101100111101100000110011000110110011110001100011001101100110011011011011011011011011001101100110011011000110110011011011011011011011,78.44478144999441,66.87258707175695,58.23344305064196,5.375257204507764,10,0.8467875362304796
anti_reasons,01101101101111001101100111100111101101101100111100110110110110110111100111101101101101100110111100111101100111101101100111101101101101100110110110011011001111001101100011000110001101100110001101100011011001101100110110011011011011011011011011110110110011011001100011011110110011000110110011000110001111001100001100011001101111001101101101100110000011000111100011110110000111100001101100110011011011011011011011011001101100110011011001100011011011011011011011011,78.44472556402515,67.40446444543761,58.13919524754404,5.22428409318772,10,0.8467876453827634
anti_reasons,01101101101111001101100111100111101101100110110110110110110110110110111100111100110110110111101100110111101101100111100111101101101101100110110110011001101111001101100011000110001101100110001101100011011001101100110110011011011011011011011011110110110011001101100011110110110001100110110110001100011011011000000111100011001111001100110111100110000110001100110110011110000111100011001100110011011011011011011011011001101100110011011001100011011011011011011011011,78.43794630832507,67.53479621229171,58.88828368282708,5.413081020455584,10,0.8468008861165526
anti_reasons,01101101101111001101100111100111101101100110110110110110110110110110111100111100110110110111101100110110111101101101101101101101101101100110110110011001101111001101100011000110001101100110001101100011011001101100110110011011011011011011011011110110110011001101100011110110110001100110110110001100011011011000000111100011001111001100110111100110000110001100110110011110000111100011001100110011011011011011011011011001101100110011011001100011011011011011011011011,78.43555856120143,67.08785160324742,58.485102275295546,5.4463724265246265,10,0.8468055496851534
anti_reasons,01101101101111001101100111100111101101100110110110110110110110110110111100111100110110110111101100110111101101101101101101101101101101100110110110011001101111001101100011000110001101100110001101100011011001101100110110011011011011011011011011110110110011001101100011110110110001100110110110001100011011011000000111100011001111001100110111100110000110001100110110011110000111100001101100110011011011011011011011011001101100110011011001100011011011011011011011011,78.42946006193243,67.09280993596644,58.969097602100184,5.26824106930605,10,0.8468174608165382
anti_reasons,01101101101111001101100111100111101101100110110110110110110110110110111100111100110110110111101100110111101101101101101101101101101101100110110110011001101111001101100011000110001101100110001101100011011001101100110110011011011011011011011011110110110011001100110011110110110001100110110110001100011011011000000111100011001111001100110111100110000110001100110110011110000111100011001100110011011011011011011011011001101100110011011001100011011011011011011011011,78.42774127488481,66.75664572181427,58.21871952234463,5.458064259171864,10,0.8468208178224906
anti_reasons,01101101101111001101100111100111101101101100111100110110110110110111100111101101101101100110111100111101100111101101100111101101101101100110110110011011001111001101100011000110001101100110001101100011011001101100110110011011011011011011011011110110110011011001100011011110110011000110110011000110001111001100001100011001101111001101101101101100000011000111100011110110000111100001101100011011011011011011011011011001101100110011011001100011011011011011011011011,78.42448055120998,67.57758435983621,58.510923455283006,5.118845137262273,10,0.846827186423418
anti_reasons,01101101101111001101100111100111101101100110110110110110110110110110111100111100110110110111100110110111101101101101101101101101101101100110110110011001101111001101100011000110001101100110001101100011011001101100110110011011011011011011011011110110110011001101100011110110110001100110110110001100011011011000000111100011001111001100110111100110000110001100110110011110000111100011001100110011011011011011011011011001101100110011011001100011011011011011011011011,78.42309319858806,66.99773363945312,58.40097082891544,5.453648643862435,10,0.8468298960965077
anti_reasons,01101101101111001101100111100111101101101100111100110110110110110111100111101101101101100110111100111101100111101101100111101101101101100110110110011011001111001101100011000110001101100110001101100011011001101100110110011011011011011011011011110110110011011001100011011110110011000110110011000110001111001100001100011001101101101101101101101100000011000111100011110110000111100001101100110011011011011011011011011001101100110011011001100011011011011011011011011,78.41981875810195,67.30433875112176,57.83578839760932,5.28622202155105,10,0.8468362914880821
anti_reasons,01101101101111001101100111100111101101100110110110110110110110110110111100111100110110110111101100110111101101101101100111101101101101100110110110011001101111001101100011000110001101100110001101100011011001101100110110011011011011011011011011110110110011001101100011110110110001100110110110001100011011011000000111100011001111001100110110110110000110001100110110011110000111100011001100110011011011011011011011011001101100110011011001100011011011011011011011011,78.41111503416614,67.20376431711648,58.70889867402141,5.342519801313464,10,0.8468532909488943
anti_reasons,01101101101111001101100111100111101101101100111100110110110110110111100111101101101101100110111100111101100111101101100111101101101101100110110110011011001111001101100011000110001101100110001101100011011001101100110110011011011011011011011011110110110011011001100011011110110011000110110011000110001111001100001100011001101111001101101101101100000011000111100011110011000111100001101100110011011011011011011011011001101100110011011001100011011011011011011011011,78.39907294041147,67.46160261037737,58.42873861411475,5.1478952208850615,10,0.8468768106632588
anti_reasons,01101101101111001101100111100111101101100110110110110110110110110110111100111100110110110111101100110111101101101101100111101101101101100110110110011001101111001101100011000110001101100110001101100011011001101100110110011011011011011011011011110110110011001101100011110110110001100110110110001100011011011000000111100011001111001100110111100110000110001100110011011110000111100011001100110011011011011011011011011001101100110011011001100011011011011011011011011,78.39302421215125,67.3574827793232,59.45526717899993,5.189488363015331,10,0.8468886245856421
anti_reasons,01101101101111001101100111100111101101100110110110110110110110110110111100111100110110110111101100110111101101101101101101101101101101100110110110011001101111001101100011000110001101100110001101100011011001101100110110011011011011011011011011110110110011001101100011110110110001100110110110001100011011011000000111100011001111001100110111100110000110001100110110011110000111100011001100110011011011011011011011011001101100110011011001100110011011011011011011011,78.3929952878716,67.0534508375067,58.92959568076408,5.2995241411301555,10,0.8468886810783758
anti_reasons,01101101101111001101100111100111101101100110110110110110110110110110111100111100110110110111101100110111101101101101101101101101101101100110110110011001101111001101100011000110001101100110001101100011011001101100110110011011011011011011011011110110110011001101100011110110110001100110110110001100011011011000000110110011001111001100110111100110000110001100110110011110000111100011001100110011011011011011011011011001101100110011011001100011011011011011011011011,78.38506235910664,66.82230166762868,58.28391671934137,5.428581189381626,10,0.8469041750798698
anti_reasons,01101101101111001101100111100111101101100110110110110110110110110110111100111100110110110111101100110111101101101101101101101101101101100110110110011001101111001101100011000110001101100110001101100011011001101100110110011011011011011011011011110110110011001101100011110110110001100110110110001100011011011000000111100011001101101100110111100110000110001100110110011110000111100011001100110011011011011011011011011001101100110011011001100011011011011011011011011,78.38402092101357,66.8185717951126,58.281371413465585,5.429499843443062,10,0.8469062091386453
anti_reasons,01101101101111001101100111100111101101100110110110110110110110110110111100111100110110110111101100110111101101101101101101101101101101100110110110011001101111001101100011000110001101100110001101100011011001101100110110011011011011011011011011110110110011001101100011110110110001100110110110001100011011011000000111100011001111001100110111100110000110001100110110011110000110110011001100110011011011011011011011011001101100110011011001100011011011011011011011011,78.37615926409437,67.00992821478562,58.91508850338586,5.285890832095205,10,0.8469215639373157
anti_reasons,01101101101111001101100111100111101101100110110110110110110110110110111100111100110110110110111100110111101101101101101101101101101101100110110110011001101111001101100011000110001101100110001101100011011001101100110110011011011011011011011011110110110011001101100011110110110001100110110110001100011011011000000111100011001111001100110111100110000110001100110110011110000111100011001100110011011011011011011011011001101100110011011001100011011011011011011011011,78.37546589155197,66.91305943085241,58.33097050296769,5.4577958389158185,10,0.8469229181805625
anti_reasons,01101101101111001101100111100111101101100110110110110110110110110110111100111100110110110111101100110111101101101101100111101101101101100110110110011001101111001101100011000110001101100110001101100011011001101100110110011011011011011011011011110110110011001101100011110110011001100110110110001100011011011000000111100011001111001100110111100110000110001100110110011110000111100011001100110011011011011011011011011001101100110011011001100011011011011011011011011,78.37269213173325,66.9294531483077,58.30179330464206,5.43454495634467,10,0.8469283356802085
anti_reasons,01101101101111001101100111100111101101100110110110110110110110110110111100111100110110110111101100110111101101101101101101101101101101100110110110011001101111001101100011000110001101100110001101100011011001101100110110011011011011011011011011110110110011001101100011110110110001100110110110001100011011011000000111100011001111001100110111100110000110001100110110011110000111100011000110110011011011011011011011011001101100110011011001100011011011011011011011011,78.32686148921447,66.9741230159797,58.89560639696794,5.285168923645315,10,0.847017848653878
anti_reasons,01101101101111001101100111100111101101100110110110110110110110110110111100111100110110110111101100110111101101101101101101101101101101100110110110011001101111001101100011000110001101100110001101100011011001101100110110011011011011011011011011110110110011001101100011110110110001100110110110000110011011011000000111100011001111001100110111100110000110001100110110011110000111100011001100110011011011011011011011011001101100110011011001100011011011011011011011011,78.32681957702597,66.73954024005963,58.22155491327129,5.432629325251989,10,0.8470179305136212
anti_reasons,01101101101111001101100111100111101101100110110110110110110110110110111100111100110110110111101100110111101101101101100111101101101101100110110110011001101111001101100011000110001101100110001101100011011001101100110110011011011011011011011011110110011011001101100011110110110001100110110110001100011011011000000111100011001111001100110111100110000110001100110110011110000111100011001100110011011011011011011011011001101100110011011001100011011011011011011011011,78.32417252761697,66.88840711676205,58.27336726141426,5.437941661834721,10,0.8470231005319981
anti_reasons,01101101101111001101100111100111101101100110110110110110110110110110111100110110110110110111101100110111101101101101100111101101101101100110110110011001101111001101100011000110001101100110001101100011011001101100110110011011011011011011011011110110110011001101100011110110110001100110110110001100011011011000000111100011001111001100110111100110000110001100110110011110000111100011001100110011011011011011011011011001101100110011011001100011011011011011011011011,78.31831409740103,66.97650097447759,58.31422687528796,5.457142906374744,10,0.8470345427785136
anti_reasons,01101101101111001101100111100111101100111100110110110110110110110110110110111100111101101101101100110110111101101101101101101101101101100110110110011001101111001101100011000110001101100110001101100011011001101100110110011011011011011011011011011110011001101101100011011011110001101100110110001100110011011000000110011001111001101101100111101100000110011000110110011110001100110001101100110011011011011011011011011001101100110011011000110110011011011011011011011,78.31598739166172,66.19241674978502,57.50872295240035,5.4874872919295115,10,0.8470390871256607
anti_reasons,01101101101111001101100111100111101101100110110110110110110110110110111100111100110110110111101100110111101101101101100111101101101101100110110110011011001111001101100011000110001101100110001101100011011001101100110110011011011011011011011011110110110011001101100011110110110001100110110110001100011011011000000111100011001111001100110111100110000110001100110110011110000111100011001100110011011011011011011011011001101100110011011001100011011011011011011011011,78.28166766139744,66.90249874613177,58.33247440555242,5.4386965725959,10,0.8471061178488332
anti_reasons,01101101101111001101100111100111101101100110110110110110110110110110111100111100110110110111101100110111101101101101100111101101101101100110110110011001101111001101100011000110001101100110001101100011011001101100110110011011011011011011011011110110110011001101100011110110110001100110110110001100011011001100000111100011001111001100110111100110000110001100110110011110000111100011001100110011011011011011011011011001101100110011011001100011011011011011011011011,78.25928036781828,66.9307767454853,58.33916092663366,5.400183519236381,10,0.8471498430316049
anti_reasons,01101101101111001101100111100111101100111100110110110110110110110110110110111100111101101101101100110110111101101101101101101101101101100110110110011001101111001101100011000110001101100110001101100011011001101100110110011011011011011011011011011110011011001101100011011011110001101100110110001100110011011000000110011001101101101101100111101100000110011000110110011110001100110001101100110011011011011011011011011001101100110011011000110110011011011011011011011,78.25497781688402,66.31938277982506,57.61839114461293,5.4324992223887225,10,0.8471582464513984
anti_reasons,01101101101111001101100111100111101101100110110110110110110110110110111100111100110110110111101100110111101101101101100111101101101101100110110110011001101111001101100011000110001101100110001101100011011001101100110110011011011011011011011011110110110011001101100011110110110001100110110110001100011011011000000111100011001111001100110111100110000110001100110110011110000111100011001100011011011011011011011011011001101100110011011001100011011011011011011011011,78.24859572983071,67.21223129946311,59.008662167561056,5.226889986312215,10,0.8471707114651744
anti_reasons,01101101101111001101100111100110111101101100111100110110110110110111100111101101101101100110111100111101100111101101100111101101101101100110110110011011001111001101100011000110001101100110001101100011011001101100110110011011011011011011011011110110110011011001100011011110110011000110110011000110001111001100001100011001101111000111101101101100000011000111100011110110000111100001101100110011011011011011011011011001101100110011011001100011011011011011011011011,78.242590783675,67.47194326025888,58.725254460310204,5.118670839218208,10,0.8471824398756348
anti_reasons,01101101101111001101100111100111101100111100110110110110110110110110110110111100111101101101101100110110111101101101101101101101101101100110110110011001101111001101100011000110001101100110001101100011011001101100110110011011011011011011011011011110011011001101100011011011110001101100011110001100110011011000000110011001111001101101100111101100000110011000110110011110001100110001101100110011011011011011011011011001101100110011011000110110011011011011011011011,78.23558738594598,66.20818115616979,57.53288403841661,5.455646993298473,10,0.8471961183868243
anti_reasons,01101101101111001101100111100111101100110110110110110110110110110110110110111100111101101101101100110110111101101101101101101101101101100110110110011001101111001101100011000110001101100110001101100011011001101100110110011011011011011011011011011110011011001101100011011011110001101100110110001100110011011000000110011001111001101101100111101100000110011000110110011110001100110001101100110011011011011011011011011001101100110011011000110110011011011011011011011,78.23239549925349,66.3704477342709,58.765403617090094,5.343269153367356,10,0.8472023525405206
anti_reasons,01101101101111001101100111100111101101100110110110110110110110110110111100111100110110110111101100110111101101101101100111101101101101100110110110011001101111001101100011000110001101100110001101100011011001101100110110011011011011011011011011110110110011001101100011110110110001100110110110001100011011011000000111100011001111001100110111100110000110001100110110011011000111100011001100110011011011011011011011011001101100110011011001100011011011011011011011011,78.2231881190322,67.09624955000426,58.9264773263928,5.260205557926141,10,0.8472203357050152
anti_reasons,01101101101111001101100111100111101100111100110110110110110110110110110110111100111101101101101100110110111100111101101101101101101101100110110110011001101111001101100011000110001101100110001101100011011001101100110110011011011011011011011011011110011011001101100011011011110001101100110110001100110011011000000110011001111001101101100111101100000110011000110110011110001100110001101100110011011011011011011011011001101100110011011000110110011011011011011011011,78.21316048587666,66.65555461587788,57.95255006192533,5.416516957179642,10,0.8472399209260222
anti_reasons,01101101101111001101100111100111101100111100110110110110110110110110110110111100111101101101101100110110111101101101100111101101101101100110110110011001101111001101100011000110001101100110001101100011011001101100110110011011011011011011011011011011011011001101100011011011110001101100110110001100110011011000000110011001111001101101100111101100000110011000110110011110001100110001101100110011011011011011011011011001101100110011011000110110011011011011011011011,78.20293632333762,66.31215917282557,57.55271172958334,5.472952129044843,10,0.8472598899934812
anti_reasons,01101101101111001101100111100111101101100110110110110110110110110110111100111100110110110111101100110111101101101101100111101101101101100110110110011001101111001101100011000110001101100110001101100011011001101100110110011011011011011011011011110110110011001101100011110110110001100110110011001100011011011000000111100011001111001100110111100110000110001100110110011110000111100011001100110011011011011011011011011001101100110011011001100011011011011011011011011,78.20241512078236,66.8642682580711,58.27402517694752,5.4052222943967685,10,0.847260907967222
anti_reasons,01101101101111001101100111100111101100110110110110110110110110110110111100111100110110110111101100110111101101101101100111101101101101100110110110011001101111001101100011000110001101100110001101100011011001101100110110011011011011011011011011110110110011001101100011110110110001100110110110001100011011011000000111100011001111001100110111100110000110001100110110011110000111100011001100110011011011011011011011011001101100110011011001100011011011011011011011011,78.17880963489272,67.21839752254952,59.73356208819158,5.1869369480034715,10,0.8473070124318501
anti_reasons,01101101101111001101100111100111101100111100110110110110110110110110110110111100111101101101101100110110111101101101101101101101101101100110110110011001101111001101100011000110001101100110001101100011011001101100110110011011011011011011011011011110011011001101100011011011110001101100110110001100110011011000000110011001111001101101100110111100000110011000110110011110001100110001101100110011011011011011011011011001101100110011011000110110011011011011011011011,78.15819675363831,66.35763671221413,57.819566065515716,5.367394459473728,10,0.8473472719655502
anti_reasons,01101101101111001101100111100111101100111100110110110110110110110110110110111100111101101101101100110110111101101101101101101101101101100110110110011001101111001101100011000110001101100110001101100011011001101100110110011011011011011011011011011110011011001101100011011011110001101100110110001100110011011000000110011001111001101101100111101100000110011000110110011110001100110001101100110011011011011011011011011001101100110011011001100110011011011011011011011,78.13254522710977,66.19415606653733,57.53519807234449,5.44014519343897,10,0.8473973726033013
anti_reasons,01101101101111001101100111100111101100110110111100110110110110110110110111101101100111101101101101100111100110111101101101101101101101100110110110011001101111001101100011000110001101100110001101100011011001101100110110011011011011011011011011110110110001101100011011110110011001101100110110001100011011001100000111100011011001101101101100111100000011001101100110011110001101100001100110110011011011011011011011011001101100110011011001100011011011011011011011011,78.11148323200563,66.64657709224477,58.61832334952278,5.2631429756279715,10,0.847438509312489
anti_reasons,01101101101111001101100111100111101100111100110110110110110110110110110110111100111101101101101100110110110111101101101101101101101101100110110110011001101111001101100011000110001101100110001101100011011001101100110110011011011011011011011011011110011011001101100011011011110001101100110110001100110011011000000110011001111001101101100111101100000110011000110110011110001100110001101100110011011011011011011011011001101100110011011000110110011011011011011011011,78.08698879135072,66.43568840290766,57.714210620246085,5.429073880232794,10,0.8474863500168931
anti_reasons,01101101101111001101100111100111101100110110111100110110110110110110110111101101100111101101101101100111100110111101101101101101101101100110110110011001101111001101100011000110001101100110001101100011011001101100110110011011011011011011011011110110110001101100110011110110011001101100110110001100011011001100000111100011011001101101101100111100000001101101100110011110001101100001100110110011011011011011011011011001101100110011011001100011011011011011011011011,78.06174461829333,66.75870800593853,58.87160474648074,5.19366241641883,10,0.8475356550423958
anti_reasons,01101101101111001101100111100111101100110110111100110110110110110110110111101101100111101101101101100111100110111101101101101101101101100110110110011001101111001101100011000110001101100110001101100011011001101100110110011011011011011011011011110110110001101100110011110110011001101100110110001100011011001100000111100011011001101101101100111100000011001101100110011110001101100000110110110011011011011011011011011001101100110011011001100011011011011011011011011,78.06027122249797,66.80406360448156,59.23843690917249,5.12934837458076,10,0.8475385327685586
anti_reasons,01101101101111001101100111100111101100111100110110110110110110110110110110111100111101101101101100110110111101101101101101101101101101100110110110011001101111001101100011000110001101100110001101100011011001101100110110011011011011011011011011011110011011001101100011011011110001100110110110001100110011011000000110011001111001101101100111101100000110011000110110011110001100110001101100110011011011011011011011011001101100110011011000110110011011011011011011011,78.05925818956057,66.06281982104719,57.405075681916585,5.445938815154136,10,0.8475405113485145
anti_reasons,01101101101111001101100111100111101100110110111100110110110110110110110111101101100111101101101101100111100110111101101101101101101101100110110110011001101111001101100011000110001101100110001101100011011001101100110110011011011011011011011011110110110001101100110011110110011001101100110110001100011011001100000111100011011001101101101100111100000011000111100110011110001101100001100110110011011011011011011011011001101100110011011001100011011011011011011011011,78.05289966021421,66.77905503911288,58.984873544449705,5.170277553298964,10,0.8475529303511441
anti_reasons,01101101101111001101100111100111101100111100110110110110110110110110110110111100111101101101101100110110111101101101101101101101101101100110110110011001101111001101100011000110001101100110001101100011011001101100110110011011011011011011011011011110011011001100110011011011110001101100110110001100110011011000000110011001111001101101100111101100000110011000110110011110001100110001101100110011011011011011011011011001101100110011011000110110011011011011011011011,78.03473601006611,66.03093201254799,57.381542610260716,5.449795892472186,10,0.8475884062303396
anti_reasons,01101101101111001101100111100111101100111100110110110110110110110110110110111100111101101101100110110110111101101101101101101101101101100110110110011001101111001101100011000110001101100110001101100011011001101100110110011011011011011011011011011110011011001101100011011011110001101100110110001100110011011000000110011001111001101101100111101100000110011000110110011110001100110001101100110011011011011011011011011001101100110011011000110110011011011011011011011,78.03008793376937,66.27201993018681,57.56379391683152,5.433789311157856,10,0.8475974845043567
anti_reasons,01101101101111001101100111100111101100111100110110110110110110110110110110111100111101101101101100110110111101101101101101101101101101100110110110011011001111001101100011000110001101100110001101100011011001101100110110011011011011011011011011011110011011001101100011011011110001101100110110001100110011011000000110011001111001101101100111101100000110011000110110011110001100110001101100110011011011011011011011011001101100110011011000110110011011011011011011011,78.02874938086963,66.05637114122942,57.443141797046714,5.454960813649054,10,0.847600098865489
anti_reasons,01101101101111001101100111100111101100111100110110110110110110110110110110111100111101101101101100110110111101101101101101101101101101100110110110011001101111001101100011000110001101100110001101100011011001101100110110011011011011011011011011011110011011001101100011011011110001101100110110001100110011011000000110011001111001101101100111100110000110011000110110011110001100110001101100110011011011011011011011011001101100110011011000110110011011011011011011011,78.01592246211807,66.19298378016215,57.74760135131639,5.3567050202366335,10,0.8476251514411757
anti_reasons,01101101101111001101100111100111101100110110111100110110110110110110110111101101100111101101101101100111100110111101101101101101101101100110110110011001101111001101100011000110001101100110001101100011011001101100110110011011011011011011011011110110110001100110110011110110011001101100110110001100011011001100000111100011011001101101101100111100000011001101100110011110001101100001100110110011011011011011011011011001101100110011011001100011011011011011011011011,78.01186629572238,66.59609864429665,58.59195545602225,5.248203718293579,10,0.8476330736411672
anti_reasons,01101101101111001101100111100111101100110110111100110110110110110110110111101101100111101101101101100111100110111101101101101101101101100110110110011001101111001101100011000110001101100110001101100011011001101100110110011011011011011011011011110110110001101100110011110110011000111100110110001100011011001100000111100011011001101101101100111100000011001101100110011110001101100001100110110011011011011011011011011001101100110011011001100011011011011011011011011,78.00612244758089,66.59992089728279,58.59566630584503,5.245736039725848,10,0.8476442920945686
anti_reasons,01101101101111001101100111100111101100111100110110110110110110110110110110111100111101101101101100110110111101101101100111101101101101100110110110011001101111001101100011000110001101100110001101100011011001101100110110011011011011011011011011011110011011001101100011011011110001101100110110001100110011011000000110011001111001101101100111101100000110011000110011011110001100110001101100110011011011011011011011011001101100110011011000110110011011011011011011011,78.00001894733255,66.63176907005693,58.61809026691602,5.18006541398469,10,0.8476562129934911
anti_reasons,01101101101111001101100111100111101100111100110110110110110110110110110110111100111101101100111100110110111101101101101101101101101101100110110110011001101111001101100011000110001101100110001101100011011001101100110110011011011011011011011011011110011011001101100011011011110001101100110110001100110011011000000110011001111001101101100111101100000110011000110110011110001100110001101100110011011011011011011011011001101100110011011000110110011011011011011011011,77.98246062673327,66.18734572158613,57.49379359088377,5.4377501904577406,10,0.8476905065884116
anti_reasons,01101101101111001101100111100111101100111100110110110110110110110110110110111100111101100111101100110110111101101101100111101101101101100110110110011001101111001101100011000110001101100110001101100011011001101100110110011011011011011011011011011110011011001101100011011011110001101100110110001100110011011000000110011001111001101101100111101100000110011000110110011110001100110001101100110011011011011011011011011001101100110011011000110110011011011011011011011,77.95666965363348,66.38703531845651,57.58126230471363,5.439538322569331,10,0.8477408795827471
anti_reasons,01101101101111001101100111100111101100111100110110110110110110110110110110111100111101101101101100110110111101101101101101101101101101100110110110011001101111001101100011000110001101100110001101100011011001101100110110011011011011011011011011011110011011001101100011011011110001101100110011001100110011011000000110011001111001101101100111101100000110011000110110011110001100110001101100110011011011011011011011011001101100110011011000110110011011011011011011011,77.94949684025453,66.01814065316876,57.38469256844182,5.426730221883052,10,0.8477548889838779
anti_reasons,01101101101111001101100111100111101100111100110110110110110110110110110110111100111101101101101100110110111101101101101101101101101101100110110110011001101111001101100011000110001101100110001101100011011001101100110110011011011011011011011011011110011011001101100011011011110001101100110110001100011011011000000110011001111001101101100111101100000110011000110110011110001100110001101100110011011011011011011011011001101100110011011000110110011011011011011011011,77.93805058408229,66.02361424147519,57.39291038291689,5.421344657615187,10,0.8477772449529642
anti_reasons,01101101101111001101100111100111101100111100110110110110110110110110110110111100111101101101101100110110111101101101101101101101101101100110110110011001101111001101100011000110001101100110001101100011011001101100110110011011011011011011011011011110011011001101100011011011110001101100110110000110110011011000000110011001111001101101100111101100000110011000110110011110001100110001101100110011011011011011011011011001101100110011011000110110011011011011011011011,77.93381431220725,66.01382653079335,57.38437800118738,5.42304758148801,10,0.8477855189214702
anti_reasons,01101101101111001101100111100111101100110110111100110110110110110110110111101101100111101101101101100111100110111101100111101101101101100110110110011001101111001101100011000110001101100110001101100011011001101100110110011011011011011011011011110110110001101100110011110110011001101100110110001100001111001100000111100011011001101101101100111100000011001101100110011110001101100001100110110011011011011011011011011001101100110011011001100011011011011011011011011,77.92661418050905,66.77899882956186,58.68382387938387,5.2206451614234695,10,0.8477995816786933
anti_reasons,01101101101111001101100111100111101100111100110110110110110110110110110110110110111101101101101100110110111101101101100111101101101101100110110110011001101111001101100011000110001101100110001101100011011001101100110110011011011011011011011011011110011011001101100011011011110001101100110110001100110011011000000110011001111001101101100111101100000110011000110110011110001100110001101100110011011011011011011011011001101100110011011000110110011011011011011011011,77.92530883258233,66.2507872652113,57.47704996320404,5.441439961459441,10,0.8478021311863626
anti_reasons,01101101101111001101100111100111101100111100110110110110110110110110110110111100111101101101101100110110111101101101100111101101101101100110110110011001101111001101100011000110001101100110001101100011011001101100110110011011011011011011011011011110011011001101100011011011110001101100110110001100110011011000000110011001111001101100110111101100000110011000110110011110001100110001101100110011011011011011011011011001101100110011011000110110011011011011011011011,77.91122784139755,66.33865118627051,57.634685921107184,5.370082330169436,10,0.8478296331222704
anti_reasons,01101101101111001101100111100111101100110110111100110110110110110110110111101101100111101101101101100111100110111101100111101101101101100110110110011001101111001101100011000110001101100110001101100011011001101100110110011011011011011011011011110110110001101100110011110110011001101100110110001100011011001100000111100011011000111101101100111100000011001101100110011110001101100001100110110011011011011011011011011001101100110011011001100011011011011011011011011,77.90903762867067,66.7986854315629,58.701620029074206,5.212130953868467,10,0.8478339108815026
anti_reasons,01101101101111001101100111100111101100111100110110110110110110110110110110111100111101101101101100110110111101101101101101101101101101100110110110011001101111001101100011000110001101100110001101100011011001101100110110011011011011011011011011011110011011001101100011011011110001101100110110001100110011011000000110011001111001101101100111101100000110001100110110011110001100110001101100110011011011011011011011011001101100110011011000110110011011011011011011011,77.89126483537216,66.1549117958878,57.806102674041654,5.320208168927332,10,0.8478686233684137
anti_reasons,01101101101111001101100111100111101100111100110110110110110110110110110110111100111101101101101100110110111101101101100111101101101101100110110110011001101111001101100011000110001101100110001101100011011001101100110110011011011011011011011011011110011011001101100011011011110001101100110110001100110011001100000110011001111001101101100111101100000110011000110110011110001100110001101100110011011011011011011011011001101100110011011000110110011011011011011011011,77.86627510299958,66.20506303621902,57.50198401454975,5.394353109197893,10,0.847917431439454
anti_reasons,01101101101111001101100111100111101100111100110110110110110110110110110110111100111101101101101100110110111101101101100111101101101101100110110110011001101111001101100011000110001101100110001101100011011001101100110110011011011011011011011011011110011011001101100011011011110001101100110110001100110011011000000110011001111001101101100111101100000110011000110110011110001100110001101100011011011011011011011011011001101100110011011000110110011011011011011011011,77.85559046501199,66.48651759019683,58.171485255477144,5.21513557994296,10,0.8479382998730235
anti_reasons,01101101101111001101100111100111101100111100110110110110110110110110110110111100111101101101101100110110111101101101100111101101101101100110110110011001101111001101100011000110001101100110001101100011011001101100110110011011011011011011011011011110011011001101100011011011110001101100110110001100110011011000000110011001111001101101100111101100000110011000110110011011001100110001101100110011011011011011011011011001101100110011011000110110011011011011011011011,77.8301828542135,66.37053584073797,58.08930041430889,5.250338456091741,10,0.8479879241128643
anti_reasons,01101101101101100110110111101101101101100110111101101101101100111101101101100111101100111100110110110111100111100110110110110110110110110110110011011001101101100110001100011000110110110000110110001101100110110011011011011011011011011011011011110011011001111001100110011011110000111100011011000110001101100011000111100001101100110111100110110000110001100110110011011001100110001100110011001101111011011011011011011001101101100011011011001100110110110110011011011,77.82530255990078,62.023924964117704,54.78961221095598,6.878347871417775,10,0.8479974559376938
anti_reasons,01101101101111001101100111100111101100111100110110110110110110110110110110111100111101101101101100110110111101101101100111101101101101100110110110011001101111001101100011000110001101100110001101100011011001101100110110011011011011011011011011011110011011001101100011011011110001101100110110001100110011011000000110011001111001101101100111101100000110011000110110011110001100110001100110110011011011011011011011011001101100110011011000110110011011011011011011011,77.79376924010488,66.36882320234947,58.110585181305815,5.23886172408866,10,0.8480590444529201
anti_reasons,01101101101111001101100111100111101100110110111100110110110110110110110111101101100111101101101101100111100110111101100111101101101101100110110110011001101111001101100011000110001101100110001101100011011001101100110110011011011011011011011011110110110001101100110011110110001101101100110110001100011011001100000111100011011001101101101100111100000011001101100110011110001101100001100110110011011011011011011011011001101100110011011001100011011011011011011011011,77.7935864695012,66.68206845681114,58.62689276211179,5.210397006987811,10,0.8480594014267555
anti_reasons,01101101101111001101100111100111101100111100110110110110110110110110110110111100110111101101101100110110111101101101101101101101101101100110110110011001101111001101100011000110001101100110001101100011011001101100110110011011011011011011011011011110011011001101100011011011110001101100110110001100110011011000000110011001111001101101100111101100000110011000110110011110001100110001101100110011011011011011011001111001101100110011011000110110011011011011011011011,77.78118363845424,66.45253586830255,58.153382959184874,5.252406824588679,10,0.848083625706144
anti_reasons,01101101101101100110110111101101101100110111100110111100111101101101101101100110110111101100111101101101101100111100110110110110110110110110110110011001101100110110001100011001100110110001100110110001101100110011011011011011011011011011011011011110110011011001100110110110110000110110110110000110011001101100000110011001101101100110110110110001100001100110011011011000110110001100110011001101111011011011011011011001101101100011011011001100110110110110011011011,77.7804608643251,63.53422985573106,56.67982301924134,6.0901162086190155,10,0.848085037374365
anti_reasons,01101101101101101100110111101101101101100110111101101101101100111101101101100111101100111100110110110111100110110110110110110110110110110110110011011001101101100110001100011000110110011000110110001101100110110011011011011011011011011011011011110011011001111001100110011011110000111100011011000110001101100011000111100001101100110111100110110000110001100110110011011000110110001100110011001101111011011011011011011001101101100011011011001100110110110110011011011,77.76878353100837,62.39065626897574,55.12900075525049,6.688513904020568,10,0.8481078446659993
anti_reasons,01101101101111001101100111100111101100110110110110110110110110110110110111101101100111101101101101100111100110111101101101101101101101100110110110011001101111001101100011000110001101100110001101100011011001101100110110011011011011011011011011110110110001101100110011110110011001101100110110001100011011001100000111100011011001101101101100111100000011001101100110011110001101100001100110110011011011011011011011011001101100110011011001100011011011011011011011011,77.756183805064,66.62149356503073,59.168979986315435,5.186594383857134,10,0.8481324535057344
anti_reasons,01101101101101101100110111101101101101100110111101101101101100111101101101100111101100111100110110110111100110110110110110110110110110110110110011011001101101100110001100011000110110011000110110001101100110110011011011011011011011011011011011110011001101111001100110011011110000111100011011000110001101100011000111100001101100110111100110110000110001100110110011011001100110001100110011001101111011011011011011011001101101100011011011001100110110110110011011011,77.73470770568649,62.27029393622566,55.05433264108723,6.721163083090358,10,0.848174399012331
anti_reasons,01101101101101101100110111101101101101100110111101101101101100111101101101100111101100111100110110110111100110110110110110110110110110110110110011011001101101100110001100011000110110011000110110001101100110110011011011011011011011011011011011110011011001111001100110011011110000111100011011000110001101100011000111100001101100110111100110110000110001100110011011011001100110001100110011001101111011011011011011011001101101100011011011001100110110110110011011011,77.72425201672525,62.33620593290145,55.10248840656972,6.692147340017464,10,0.8481948202798335
anti_reasons,01101101101111001101100111100111101100110110111100110110110110110110110111101101100111101101101101100111100110111101101101101101101101100110110110011001101111001101100011000110001101100110001101100011011001101100110110011011011011011011011011110110110001101100110110110110011001101100110110001100011011001100000111100011011001101101101100111100000011001101100110011110000111100001100110110011011011011011011011011001101100110011011001100011011011011011011011011,77.72049657600444,66.88409306329416,59.76798400178777,4.930069418644803,10,0.8482021551249913
anti_reasons,01101101101101101100110111101101101101100110111101101101101100111101101101100111101100111100110110110111100110110110110110110110110110110110110011011001101101100110001100011000110110011000110110001101100110110011011011011011011011011011011011110011011001111001100110011011110000111100011011000110001101100011000111100001101100110111100110110000011001100110110011011001100110001100110011001101111011011011011011011001101101100011011011001100110110110110011011011,77.69917367583251,62.28337322542833,55.07905871167512,6.713958402904308,10,0.8482438014143896
anti_reasons,01101101101101101100110111101101101101100110111101101101101100111101101101100111101100111100110110110111100110110110110110110110110110110110110011011001101101100110001100011000110110011000110110001101100110110011011011011011011011011011011011110011011001111001100110011011110000111100011011000011001101100011000111100001101100110111100110110000110001100110110011011001100110001100110011001101111011011011011011011001101101100011011011001100110110110110011011011,77.67697532367994,62.24629084258235,55.044756730033455,6.7150500637943855,10,0.8482871575709376
anti_reasons,01101101101111001101100111100111101100110110111100110110110110110110110111101101100111101101101101100111100110111101100111101101101101100110110110011001101111001101100011000110001101100110001101100011011001101100110110011011011011011011011011110110110001101100110011110110011001101100110110001100011011000110000111100011011001101101101100111100000011001101100110011110001101100001100110110011011011011011011011011001101100110011011001100011011011011011011011011,77.65730605326284,66.5773990610725,58.52172139558612,5.20519085881263,10,0.848325574114721
anti_reasons,01101101101111001101100111100111101100110110111100110110110110110110110111101101100111101101101101100111100110111101101101101101101101100110110110011001101111001101100011000110001101100110001101100011011001101100110110011011011011011011011011110110110001101100110011110011011001101100110110001100011011001100000111100011011001101101101100111100000011001101100110011110001101100001100110110011011011011011011011011001101100110011011001100011011011011011011011011,77.56066964072228,65.91226887970217,57.80460172487754,5.315999781753771,10,0.8485143171079643
anti_reasons,01101101101111001101100111100111101100110110111100110110110110110110110111101101100110111101101101100111100110111101101101101101101101100110110110011001101111001101100011000110001101100110001101100011011001101100110110011011011011011011011011110110110001101100110011110110011001101100110110001100011011001100000111100011011001101101101100111100000011001101100110011110001101100001100110110011011011011011011011011001101100110011011001100011011011011011011011011,77.55875669914094,66.12520805734297,57.89008319340317,5.328792239181324,10,0.8485180533219904
anti_reasons,01101101101111001101100111100111101100110110111100110110110110110110110111101101100111101101101101100111100110111101101101101101101101100110110110011001101111001101100011000110001101100110001101100011011001101100110110011011011011011011011011011110110001101100110011110110011001101100110110001100011011001100000111100011011001101101101100111100000011001101100110011110001101100001100110110011011011011011011011011001101100110011011001100011011011011011011011011,77.55364899916025,65.86882413940427,57.765903623741906,5.338658053834235,10,0.8485280292985151
anti_reasons,01101101101111001101100111100111101100110110111100110110110110110110110111101101100111101101101101100111100110111101101101101101101101100110110110011001101111001101100011000110001101100110001101100011011001101100110110011011011011011011011011110011110001101100110011110110011001101100110110001100011011001100000111100011011001101101101100111100000011001101100110011110001101100001100110110011011011011011011011011001101100110011011001100011011011011011011011011,77.54958700616613,65.87280067303529,57.76989492163328,5.333582910648513,10,0.8485359628785818
anti_reasons,01101101101101100110110111101101101100110111100110111100111101101101100111100110110111101100111101101101101100111100110110110110110110110110110110011001101100110110001100011001100110110001100110110001101100110011011011011011011011011011011011011110110011011001100110110110110000110011110110000110011011001100000110110001101101100110110110110001100001100110011011011000110110001100110011001101111011011011011011011001101101100011011011001100110110110110011011011,77.5401330076264,63.81834877754301,57.60234508787681,5.800848425346556,10,0.8485544277194796
anti_reasons,01101101101101100110110111101101101100110111100110111100111101101101100111100110110111101100111101101101101100111100110110110110110110110110110110011001101100110110001100011001100110110001100110110001101100110011011011011011011011011011011011011110110011011001100110110110110000110110110110000110011011001100000110011001101100110110110110110001100001100110011011011000110110001100110011001101111011011011011011011001101101100011011011001100110110110110011011011,77.49878184721332,63.800639899861224,57.59695835859894,5.799582146501414,10,0.8486351917046615
anti_reasons,01101101101111001101100111100111101100110110111100110110110110110110110110111101100111101101101101100111100110111101100111101101101101100110110110011001101111001101100011000110001101100110001101100011011001101100110110011011011011011011011011110110110001101100110011110110011001101100110110001100011011001100000111100011011001101101101100111100000011001101100110011110001101100001100110110011011011011011011011011001101100110011011001100011011011011011011011011,77.47827908255742,66.13324446941475,57.83459048815055,5.320717826404113,10,0.84867523616688
anti_reasons,01101101101101100110110111101101101100110111100110111100111101101101100111100110110111101100111101101101101100111100110110110110110110110110110110011001101100110110001100011001100110110001100110110001101100110011011011011011011011011011011011011110110011011001100110110110110000110110110110000110001111001100000110011001101101100110110110110001100001100110011011011000110110001100110011001101111011011011011011011001101101100011011011001100110110110110011011011,77.4780304915104,63.78095329786017,57.57806471523932,5.793373984104318,10,0.8486757216962688
anti_reasons,01101101101111001101100111100111101100110110111100110110110110110110110111101101100111101101101101100111100110111101101101101101101101100110110110011001101111001101100011000110001101100110001101100011011001101100110110011011011011011011011011110110110001101100110011110110011001101100110110001100011011001100000111100001111001101101101100111100000011001101100110011110001101100001100110110011011011011011011011011001101100110011011001100011011011011011011011011,77.47779018336713,66.00196304760439,57.88709142806184,5.271696777817287,10,0.8486761910481111
anti_reasons,01101101101101100110110111101101101100110111100110111100111101101101100111100110110111101100111101101101101100111100110110110110110110110110110110011001101100110110001100011001100110110001100110110001101100110011011011011011011011011011011011011110110011011001100110110110110000110110110110000011011011001100000110011001101101100110110110110001100001100110011011011000110110001100110011001101111011011011011011011001101101100011011011001100110110110110011011011,77.4546765687369,63.77012488096002,57.568554941302196,5.7887640612662565,10,0.8487213348266858
anti_reasons,01101101101111001101100111100111101100111100111100110110110110110111100111100111101101101101101100110111100111101101101101101101101101100110110110011001101111001101100011000110001101100110001101100011011001101100110110011011011011011011011011011110001101101100110110110110110001101100110110001100011001111000001101100001101101101100111101101100000110000110110011110011001100110011000110110011011011011011011011011001101100110011011000110110011011011011011011011,77.45043396943323,66.24390387704273,58.37731961520838,5.044800306190586,10,0.8487296211534507
anti_reasons,01101101101111001101100111100111101100110110111100110110110110110110110111101101100111101101101101100111100110111101101101101101101101100110110110011001101111001101100011000110001101100110001101100011011001101100110110011011011011011011011011110110110001101100110011110110011001101100011110001100011011001100000111100011011001101101101100111100000011001101100110011110001101100001100110110011011011011011011011011001101100110011011001100011011011011011011011011,77.4421510844836,65.88923655201557,57.802222926888334,5.28795649392492,10,0.848745798663118
anti_reasons,01101101101111001101100111100111101100110110111100110110110110110110110111101101100111101101101101100111100110110111101101101101101101100110110110011001101111001101100011000110001101100110001101100011011001101100110110011011011011011011011011110110110001101100110011110110011001101100110110001100011011001100000111100011011001101101101100111100000011001101100110011110001101100001100110110011011011011011011011011001101100110011011001100011011011011011011011011,77.39159172633485,66.36972400323513,58.268289962793105,5.243763744401083,10,0.8488445474095022
anti_reasons,01101101101101100110110111101101101100110111100110111100111101101101100111100110110111101100111101101101101100111100110110110110110110110110110110011001101100110110001100011001100110110001100110110001101100110011011011011011011011011011011011011110110011011001100110110110110000110110110110000110011011001100000110001101101101100110110110110001100001100110011011011000110110001100110011001101111011011011011011011001101101100011011011001100110110110110011011011,77.38937964853096,63.74447314663189,57.55353218465309,5.779605301014883,10,0.848848867873963
anti_reasons,01101101101111001101100111100111101100111100111100110110110110110111100111100111101101101101101100110111100111101101101101101101101101100110110110011001101111001101100011000110001101100110001101100011011001101100110110011011011011011011011011011110011001101100011110110110110001101100110110001100011001111000001101100001101101101100111101101100000110000110110011110011001100110011000110110011011011011011011011011001101100110011011000110110011011011011011011011,77.3875986288143,66.21872135861852,58.36717246715668,5.030163568009585,10,0.848852346428097
anti_reasons,01101101101101101100110111101101101101100110111101101101101100111101101101100111101100111100110110110111100110110110110110110110110110110110110011011001101101100110001100011000110110011000110110001101100110110011011011011011011011011011011011110011011001111001100110011011110000111100011001100110001101100011000111100001101100110111100110110000110001100110110011011001100110001100110011001101111011011011011011011001101101100011011011001100110110110110011011011,77.37877972329854,62.09170420066764,54.915699727010605,6.672860529001843,10,0.8488695708529326
anti_reasons,01101101101111001101100111100111101100110110111100110110110110110110110111101101100111101101101101100111100110111101101101101101101101100110110110011001101111001101100011000110001101100110001101100011011001101100110110011011011011011011011011110110110001101100110011110110011001101100110110001100011011001100000111100011011001101101101100111100000011001101100011011110001101100001100110110011011011011011011011011001101100110011011001100011011011011011011011011,77.34666963016106,66.19241057026663,58.83527345896596,5.053707439325497,10,0.8489322858785917
anti_reasons,01101101101111001101100111100111101100110110111100110110110110110110110111101101100111101101101101100111100110111101100111101101101101100110110110011001101111001101100011000110001101100110001101100011011001101100110110011011011011011011011011110110110001101100110011011110011001101100110110001100011011001100000111100011011001101101101100111100000011001101100110011110001101100001100110110011011011011011011011011001101100110011011001100011011011011011011011011,77.34622506662011,65.9900863982788,57.833363725961966,5.279746369115491,10,0.8489331541667576
anti_reasons,01101101101101101100110111101101101101100110111100111101101100111101101101100111101100111100110110110111100110110110110110110110110110110110110011011001101101100110001100011000110110011000110110001101100110110011011011011011011011011011011011110011011001111001100110011011110000111100011011000110001101100011000111100001101100110111100110110000110001100110110011011001100110001100110011001101111011011011011011011001101101100011011011001100110110110110011011011,77.30788736955046,62.212151686216,55.22496234692164,6.436420828934498,10,0.8490080324813467
anti_reasons,01101101101111001101100111100111101100110110111100110110110110110110110111101101100111100111101101100111100110111101101101101101101101100110110110011001101111001101100011000110001101100110001101100011011001101100110110011011011011011011011011110110110001101100110011110110011001101100110110001100011011001100000111100011011001101101101100111100000011001101100110011110001101100001100110110011011011011011011011011001101100110011011001100011011011011011011011011,77.303320336462,65.94767681866622,57.79844549676357,5.288489786006178,10,0.8490169524678477
anti_reasons,01101101101111001101100111100111101100111100110110110110110110110110110110111100111101101101101100110110111101101101100111101101101101100110110110011001101111001101100011000011001101100110001101100011011001101100110110011011011011011011011011011110011011001101100011011011110001101100110110001100110011011000000110011001111001101101100111101100000011011000110110011110001100110001101100110011011011011011011011011001101100110011011000110110011011011011011011011,77.28370214503938,65.97345290275393,57.38988188179287,5.2470342521884845,10,0.8490552692479699
anti_reasons,01101101101111001101100111100111101100110110111100110110110110110110110111100111100111101101101101100111100110111101101101101101101101100110110110011001101111001101100011000110001101100110001101100011011001101100110110011011011011011011011011110110110001101100110011110110011001101100110110001100011011001100000111100011011001101101101100111100000011001101100110011110001101100001100110110011011011011011011011011001101100110011011001100011011011011011011011011,77.27195951541081,65.81142876542103,57.694233155253976,5.290306887852368,10,0.8490782040714633
anti_reasons,01101101101111001101100111100111101100110110111100110110110110110110110111101101100111101101101101100111100110111101101101101101101101100110110110011001101111001101100011000110001101100110001101100011011001101100110110011011011011011011011011110110110001101100110011110110011001100110110110001100011011001100000111100011011001101101101100111100000011001101100110011110001101100001100110110011011011011011011011011001101100110011011001100011011011011011011011011,77.26582188809819,65.74387521689297,57.67441457038831,5.279246057618946,10,0.8490901916248083
anti_reasons,01101101101101101100110111101101101101100110110111101101101100111101101101100111101100111100110110110111100110110110110110110110110110110110110011011001101101100110001100011000110110011000110110001101100110110011011011011011011011011011011011110011011001111001100110011011110000111100011011000110001101100011000111100001101100110111100110110000110001100110110011011001100110001100110011001101111011011011011011011001101101100011011011001100110110110110011011011,77.2595409045117,62.22002789058744,55.19566689066464,6.413316181725616,10,0.8491024591708756
anti_reasons,01101101101111001101100111100111101100111100111100110110110110110111100111100111101101101101101100110111100111101101100111101101101101100110110110011001101111001101100011000110001101100110001101100011011001101100110110011011011011011011011011011110011001101100110110110110110001101100110110001100011001111000001101100001101101101100111101101100000110000110110011110011001100110011000011110011011011011011011011011001101100110011011000110110011011011011011011011,77.24803851461165,66.57984680543744,59.10314266371738,4.841249932901669,10,0.8491249247761491
anti_reasons,01101101101101101100110111101101101101100110111101101101101100111101101101100111101100111100110110110111100110110110110110110110110110110110110011011001101101100110001100011000110110011000110110001101100110110011011011011011011011011011011011110011011001111001100110011011110000111100011011000110001101100001100111100001101100110111100110110000110001100110110011011001100110001100110011001101111011011011011011011001101101100011011011001100110110110110011011011,77.23996432192008,62.02258861237291,54.863892826252794,6.64882249794419,10,0.8491406946837499
anti_reasons,01101101101111001101100111100111101100110110111100110110110110110110110111101101100111101101100111100111100110111101101101101101101101100110110110011001101111001101100011000110001101100110001101100011011001101100110110011011011011011011011011110110110001101100110011110110011001101100110110001100011011001100000111100011011001101101101100111100000011001101100110011110001101100001100110110011011011011011011011011001101100110011011001100011011011011011011011011,77.23665163230696,65.9530753260326,57.83313280530325,5.259949768759492,10,0.8491471647806504
anti_reasons,01101101101111001101100111100111101100110110111100110110110110110110110111101101100111101101101101100111100110111101101101101101101101100110110110011011001111001101100011000110001101100110001101100011011001101100110110011011011011011011011011110110110001101100110011110110011001101100110110001100011011001100000111100011011001101101101100111100000011001101100110011110001101100001100110110011011011011011011011011001101100110011011001100011011011011011011011011,77.23531307940722,65.7374265370752,57.712480685518436,5.291266210743905,10,0.8491497791417828
anti_reasons,01101101101101101100110111101101101101100110111101101101101100111101101101100111101100111100110110110111100110110110110110110110110110110110110011011001101101100110001100011000110110011000110110001101100110110011011011011011011011011011011011110011011001111001100011011011110000111100011011000110001101100011000111100001101100110111100110110000110001100110110011011001100110001100110011001101111011011011011011011001101101100011011011001100110110110110011011011,77.2086042249163,61.51460316352167,54.24215248026712,6.791720250023416,10,0.8492019448732103
anti_reasons,01101101101101100110110111101101101100110111100110111100111101101101100111100110110111101100111101101101101100111100110110110110110110110110110110011001101100110110001100011011000110110001100110110001101100110011011011011011011011011011011011011110110011011001100110110110110000110110110110000110011011001100000110011001101101100110110110110001100001100110011011011000110110001100110011001101111011011011011011011001101101100011011011001100110110110110011011011,77.19588217309115,63.67475682633085,57.54464711633102,5.724321113413076,10,0.8492267926306813
anti_reasons,01101101101111001101100111100111101100110110111100110110110110110110110111101101100111101101101101100111100110111101101101101101101101100110110110011001101111001101100011000110001101100110001101100011011001101100110110011011011011011011011011110110110001101100110011110110011001101100110110001100011011001100000111100011011001101101101100111100000011001101100110011110001100110001100110110011011011011011011011011001101100110011011001100011011011011011011011011,77.1897176978133,65.96526990136512,58.34725047977367,5.1103065786046775,10,0.8492388326214584
anti_reasons,01101101101111001101100111100111101100111100111100110110110110110111100111100111101101101101101100110111100111101101100111101101101101100110110110011001101111001101100011000110001101100110001101100011011001101100110110011011011011011011011011011110011001101100110110110110110001101100110110001100011001111000001101100001101100111100111101101100000110000110110011110011001100110011000110110011011011011011011011011001101100110011011000110110011011011011011011011,77.18515302547935,66.37082969793667,58.4504691467081,4.963034915422996,10,0.8492477479971107
anti_reasons,01101101101111001101100111100111101100110110111100110110110110110110110111101101100111101101101101100111100110111101101101101101101101100110110110011001101111001101100011000110001101100110001101100011011001101100110110011011011011011011011011110110110001101100110011110110011001101100110110001100011011001100000111100011011001101101101100111100000011001101100110011011001101100001100110110011011011011011011011011001101100110011011001100011011011011011011011011,77.17683353704199,65.9311773409477,58.306483606358825,5.120702515394475,10,0.8492639969979648
anti_reasons,01101101101111001101100111100111101100110110111100110110110110110110110111101101100111101101101100110111100110111101101101101101101101100110110110011001101111001101100011000110001101100110001101100011011001101100110110011011011011011011011011110110110001101100110011110110011001101100110110001100011011001100000111100011011001101101101100111100000011001101100110011110001101100001100110110011011011011011011011011001101100110011011001100011011011011011011011011,77.16892240889227,65.91297121933219,57.80283649999699,5.253859751962182,10,0.8492794484201323
anti_reasons,01101101101101101100110111101101101101100110111101101101101100111101101101100111100110111100110110110111101100110110110110110110110110110110110011011001101101100110001100011000110110011000110110001101100110110011011011011011011011011011011011110011011001111001100110011011110000111100011011000110001101100011000111100001101100110111100110110000110001100110110011011001100110001100110011001101111011011011011011011001101101100011011011001100110110110110011011011,77.1682953128662,61.870603444086406,54.8527273388823,6.677861052719516,10,0.8492806732170581
anti_reasons,01101101101111001101100111100111101100111100111100110110110110110111100111100111101101101101101100110111100111101101100111101101101101100110110110011001101111001101100011000110001101100110001101100011011001101100110110011011011011011011011011011110011001101100110110110110110001101100110110001100011001111000001101100001101101101100111101101100000110000110011011110011001100110011000110110011011011011011011011011001101100110011011000110110011011011011011011011,77.15563002765556,66.43022976935457,58.79346000482643,4.889851909458946,10,0.8493054101022353
anti_reasons,01101101101111001101100111100111101100111100111100110110110110110111100111100111101101101101101100110111100111101101100111101101101101100110110110011001101111001101100011000110001101100110001101100011011001101100110110011011011011011011011011011110011001100110110110110110110001101100110110001100011001111000001101100001101101101100111101101100000110000110110011110011001100110011000110110011011011011011011011011001101100110011011000110110011011011011011011011,77.14789470824017,66.28865680630648,58.39296027007793,4.968682313967039,10,0.8493205181479684
anti_reasons,01101101101111001101100111100111101100111100111100110110110110110111100111100111101101101101101100110111100111101101100111101101101101100110110110011001101111001101100011000110001101100110001101100011011001101100110110011011011011011011011011011110011001101100110110110110110000111100110110001100011001111000001101100001101101101100111101101100000110000110110011110011001100110011000110110011011011011011011011011001101100110011011000110110011011011011011011011,77.14215086009868,66.29247905929262,58.39667111990071,4.9662831470044715,10,0.8493317366013697
anti_reasons,01101101101101101100110111101101101101100110111101101101101100111101101101100111101100111100110110110111100110110110110110110110110110110110110011011001101101100110001100011000110110011000110110001101100110110011011011011011011011011011011011011011011001111001100110011011110000111100011011000110001101100011000111100001101100110111100110110000110001100110110011011001100110001100110011001101111011011011011011011001101101100011011011001100110110110110011011011,77.12901758481003,61.46735846496097,54.19227430279213,6.777143375173768,10,0.8493573875296679
anti_reasons,01101101101101101100110111101101101101100110111101101101101100111101101101100111101100111100110110110111100110110110110110110110110110110110110011011001101101100110001100011000110110011000110110001101100110110011011011011011011011011011011011110011011001111001100110011011110000111100011011000110001101100011000111100001101100110110110110110000110001100110110011011001100110001100110011001101111011011011011011011001101101100011011011001100110110110110011011011,77.12337943416306,61.49782701203694,54.25926528228368,6.786792460990484,10,0.8493683995426503
anti_reasons,01101101101111001101100111100111101100110110111100110110110110110110110111101101100111101101101101100111100110111101100111101101101101100110110110011001101111001101100011000110001101100110001101100011011001101100110110011011011011011011011011110110110001101100110011110110011001101100110110001100011011001100000111100011011001101100111100111100000011001101100110011110001101100001100110110011011011011011011011011001101100110011011001100011011011011011011011011,77.11779153993517,66.0197065821163,57.90402480957891,5.204900224773901,10,0.8493793133985641
anti_reasons,01101101101111001101100111100111101100110110111100110110110110110110110111101101100111101101101101100110110110111101100111101101101101100110110110011001101111001101100011000110001101100110001101100011011001101100110110011011011011011011011011110110110001101100110011110110011001101100110110001100011011001100000111100011011001101101101100111100000011001101100110011110001101100001100110110011011011011011011011011001101100110011011001100011011011011011011011011,77.10903001062944,66.16360718546296,57.969419948105134,5.238820882465353,10,0.8493964257604893
anti_reasons,01101101101101100110110111101101101100110111100110111100111101101101100111100110110111101100111101101101101100111100110110110110110110110110110110011001101100110110001100011001100110110001100110110001101100110011011011011011011011011011011011011110110011011001100110110110110000110110110110000110011011001100000110011001101101100110110110110000110001100110011011011000110110001100110011001101111011011011011011011001101101100011011011001100110110110110011011011,77.09967783024453,63.58532988842975,57.41886512762353,5.7365321375643274,10,0.8494146917378036
anti_reasons,01101101101101100110110111101101101100110111100110111100111101101101100111100110110111101100111101101101101100111100110110110110110110110110110110011001101100110110001100011001100110110011000110110001101100110011011011011011011011011011011011011110110011011001100110110110110000110110110110000110011011001100000110011001101101100110110110110001100001100110011011011000110110001100110011001101111011011011011011011001101101100011011011001100110110110110011011011,77.09834227064205,63.58406425939413,57.40863046485944,5.739257950009772,10,0.8494173002526523
anti_reasons,01101101101101101100110111101101101100110110111100111101101101101101100111101100111100111101100111100111100110111100110110110110110110110110110110011011001100110110011000011000110110110001100110001101100110110011011011011011011011011011011011110110001111011000110011110011011000111100110110001100110001101100000110001101101101100111100110110001100001100110110011011000110110001100110011001101111011011011011011011001101101100011011011001100110110110110011011011,77.0970446168391,62.76794362916544,55.282965116356266,6.1060271501921175,10,0.8494198347327362
anti_reasons,01101101101101101100110111101101101101100110111101101100111100111101101101100111101100111100110110110111100110110110110110110110110110110110110011011001101101100110001100011000110110011000110110001101100110110011011011011011011011011011011011110011011001111001100110011011110000111100011011000110001101100011000111100001101100110111100110110000110001100110110011011001100110001100110011001101111011011011011011011001101101100011011011001100110110110110011011011,77.0909566284496,62.1849796234667,54.69610983800618,6.522077819579933,10,0.8494317253350594
anti_reasons,01101101101101100110110111101101101100110111100110111100111101101101100111100110110111101100111101101101101100111100110110110110110110110110110110011001101100110110001100011001100110110001100110110001101100110011011011011011011011011011011011011110110011011001100110110110110000110110110110000110011011000110000110011001101101100110110110110001100001100110011011011000110110001100110011001101111011011011011011011001101101100011011011001100110110110110011011011,77.0836957859785,63.57935352937081,57.41282798585817,5.7334323850066085,10,0.8494459066680107
anti_reasons,01101101101111001101100111100111101100110110111100110110110110110110110111101101100111101101101101100111100110111101100111101101101101100110110110011001101111001101100011000110001101100110001101100011011001101100110110011011011011011011011011110110110001101100110011110110011001101100110110001100011011001100000111100011011001101101101100110110000011001101100110011110001101100001100110110011011011011011011011011001101100110011011001100011011011011011011011011,77.0823991763648,65.994453071644,58.0690959362099,5.164187262363857,10,0.8494484391086625
anti_reasons,01101101101111001101100111100111101100111100111100110110110110110111100111100111101101101101101100110111100111101101101111101101101101100110110110011001101111001101100011000110001101100110001101100011011001101100110110011011011011011011011011011110011001101100110110110110110001101100110110001100011001111000001101100001101101101100111100111100000110000110110011110011001100110011000110110011011011011011011011011001101100110011011000110110011011011011011011011,77.07083235683918,66.1710433222517,58.36383191983222,4.96094743562408,10,0.8494710305530485
anti_reasons,01101101101111001101100111100111101100110110111100110110110110110110110111101101100111101101101101100111100110111101100111101101101101100110110110011001101111001101100011000110001101100110001101100011011001101100110110011011011011011011011011110110110001101100110011110110011001101100110110001100011011001100000111100011011001101101101100111100000011001101100110011110001101100001100110110011011011011011011011011001101100110011011001100110011011011011011011011,77.06646673729963,66.12920641972227,58.413913353573676,5.111831401826453,10,0.8494795571537117
anti_reasons,01101101101111001101100111100111101100110110111100110110110110110110110111101101100111101101101101100111100110111101100111101101101101100110110110011001101111001101100011000110001101100110001101100011011001101100110110011011011011011011011011110110110001101100110011110110011001101100110110001100011011001100000111100011011001101101101100111100000011001101100110011110001101100001100110011011011011011011011011011001101100110011011001100011011011011011011011011,77.06215416354961,66.1675729860426,58.440824143948866,5.052939010777108,10,0.8494879801493171
anti_reasons,01101101101101101100110111101101101100110110111100111101101101101101100111101100111100111101100111100111100110111100110110110110110110110110110110011011001100110110011000011000110110110001100110001101100110110011011011011011011011011011011011110110001111011000110011110011011000111100110110001100110001101100000110001101101101100111100110110001100001100110011011011001100110001100110011001101111011011011011011011001101101100011011011001100110110110110011011011,77.05251310255598,62.71349329309114,55.2564527676755,6.104901329064433,10,0.8495068103465704
anti_reasons,01101101101101101100110111101101101100110110111100111101101101101101100111101100111100111101100111100111100110111100110110110110110110110110110110011011001100110110011000011000110110110001100110001101100110110011011011011011011011011011011011110110001111011000110011110011011000111100110110001100110001101100000110001101101100110111100110110001100001100110110011011001100110001100110011001101111011011011011011011001101101100011011011001100110110110110011011011,77.0493416879871,62.65409322167325,55.22712450843596,6.125280084994463,10,0.8495130045156503
anti_reasons,01101101101111001101100111100111101100111100110110110110110110110111100111100111101101101101101100110111100111101101101101101101101101100110110110011001101111001101100011000110001101100110001101100011011001101100110110011011011011011011011011011110011001101100110110110110110001101100110110001100011001111000001101100001101101101100111101101100000110000110110011110011001100110011000110110011011011011011011011011001101100110011011000110110011011011011011011011,77.03229920187268,66.1936378314045,58.91782910394934,4.908829167909949,10,0.8495462906213425
anti_reasons,01101101101111001101100111100111101100110110111100110110110110110110110111101101100111101101101101100111100110111101100111101101101101100110110110011001101111001101100011000110001101100110001101100011011001101100110110011011011011011011011011110110110001101100110011110110011001101100110011001100011011001100000111100011011001101101101100111100000011001101100110011110001101100001100110110011011011011011011011011001101100110011011001100011011011011011011011011,77.01597355450126,65.8196099446506,57.70618715333533,5.234198733152574,10,0.8495781766513647
anti_reasons,01101101101101101100110111101101101100110110111100111101101101101101100111101100111100111101100111100111100110111100110110110110110110110110110110011011001100110110011000011000110110110001100110001101100110110011011011011011011011011011011011110110001111011000011011110011011000111100110110001100110001101100000110001101101101100111100110110001100001100110110011011001100110001100110011001101111011011011011011011001101101100011011011001100110110110110011011011,77.00112626047256,62.622398777991165,55.19304887562576,6.111694129494833,10,0.8496071752725145
anti_reasons,01101101101101100110110111101101101100110111100110111100111101101101100111100110110111101100111101101101101100111100110110110110110110110110110110011001101100110110001100011001100110110001100110110001101100110011011011011011011011011011011011011110110011011001100011110110110000110110110110000110011011001100000110011001101101100110110110110001100001100110011011011000110110001100110011001101111011011011011011011001101101100011011011001100110110110110011011011,76.98630546997326,63.03843720189933,56.76595069153588,5.861203658765013,10,0.8496361221289584
anti_reasons,01101101101111001101100111100111101100111100111100110110110110110111100111100111101101101101101100110111100111101101101101101101101101100110110110011001101111001101100011000110001101100110001101100011011001101100110110011011011011011011011011011110011001101100110110110110110001101100110110001100011001111000001101100001101101101101101101101100000011000110110011110011001100110011000110110011011011011011011011011001101100110011011000110110011011011011011011011,76.97486980526584,65.97127864828141,58.36022833720944,4.94361519977305,10,0.8496584574115902
anti_reasons,01101101101111001101100111100111101100110110111100110110110110110110110111101101100111101101101101100111100110111101100111101101101101100110110110011001101111001101100011000110001101100110001101100011011001101100110110011011011011011011011011110110110001101100110011110110011001101100110110001100011011001100000111100011011001101101101100111100000011001100110110011110001101100001100110110011011011011011011011011001101100110011011001100011011011011011011011011,76.96644362944257,65.99430245722485,58.251615007092056,5.103084455760448,10,0.849674914786245
anti_reasons,01101101101101100110110111101101101100110111100110111100111101101101100111100110110111101100111101101101101100111100110110110110110110110110110110011001101100110110001100011001100110110001100110110001101100110011011011011011011011011011011011011110110011011001100110110011110000110110110110000110011011001100000110011001101101100110110110110001100001100110011011011000110110001100110011001101111011011011011011011001101101100011011011001100110110110110011011011,76.95799778865342,63.03463724363654,56.76612288117256,5.857514040391122,10,0.8496914105690363
anti_reasons,01101101101101100110110111101101101100110111100110111100111101101101100111100110110111101100111101101101101100111100110110110110110110110110110110011001101100110110001100011001100110110001100110110001101100110011011011011011011011011011011011011011110011011001100110110110110000110110110110000110011011001100000110011001101101100110110110110001100001100110011011011000110110001100110011001101111011011011011011011001101101100011011011001100110110110110011011011,76.93294064037407,62.99516903696965,56.72385463917705,5.851255323502477,10,0.8497403503117694
anti_reasons,01101101101111001101100111100111101100111100111100110110110110110111100111100111101101101101101100110111100111101101100111101101101101100110110110011001101111001101100011000110001101100110001101100011011001101100110110011011011011011011011011011110011001101100110110110110110001101100110110001100011001111000001101100001101101101100111101101100000110000110110011110011001100011011000110110011011011011011011011011001101100110011011000110110011011011011011011011,76.92746054534071,66.1257867339765,58.25163105674758,4.953806587501322,10,0.8497510536223815
anti_reasons,01101101101101101100110111101101101101100110111101101101101100111101101101100111101100111100110110110111100110110110110110110110110110110110110011011001101101100110001100011000110110011000110110001101100110110011011011011011011011011011011011110011011001111001100110011011011000111100011011000110001101100011000111100001101100110111100110110000110001100110110011011001100110001100110011001101111011011011011011011001101101100011011011001100110110110110011011011,76.9183820843089,61.36291526480784,54.123151407584174,6.755123442931424,10,0.8497687849915841
anti_reasons,01101101101101101100110111101101101101100110111101101101101100111101101101100111101100111100110110110111100110110110110110110110110110110110110011011001101101100110001100011000110110011000110110001101100110110011011011011011011011011011011011110011011001111001100110011011110000111100011011000110001101100011000110110001101100110111100110110000110001100110110011011001100110001100110011001101111011011011011011011001101101100011011011001100110110110110011011011,76.91579329395974,61.376177679764886,54.14112672414599,6.761070669687589,10,0.8497738412227349
anti_reasons,01101101101101100110110111101101101100110111100110111100111101101101100111100110110111101100111101101101101100111100110110110110110110110110110110011001101100110110001100011001100110110001100110110001101100110011011011011011011011011011011011011110110011011001100110110110110000110110011110000110011011001100000110011001101101100110110110110001100001100110011011011000110110001100110011001101111011011011011011011001101101100011011011001100110110110110011011011,76.91566560181194,63.01160491594995,56.761023138252995,5.856661138827112,10,0.849774090621461
anti_reasons,01101101101101101100110111101101101101100110111101101101101100111101101101100111101100111100110110110111100110110110110110110110110110110110110011011001101101100110001100011000110110011001100110001101100110110011011011011011011011011011011011110011011001111001100110011110110000111100011011000110001101100011000111100001101100110111100110110000110001100110110011011001100110001100110011001101111011011011011011011001101101100011011011001100110110110110011011011,76.913886661631,62.15065246924072,55.18136764234279,6.4452968192385205,10,0.8497775651140019
anti_reasons,01101101101101100110110111101101101100110111100110111100111101101101100111100110110111101100111101101101101100111100110110110110110110110110110110011001101100110110001100011001100110110001100110110001101100110011011011011011011011011011011011011110110001111001100110110110110000110110110110000110011011001100000110011001101101100110110110110001100001100110011011011000110110001100110011001101111011011011011011011001101101100011011011001100110110110110011011011,76.91323045515227,62.995840509565184,56.73653450817308,5.847612477011025,10,0.8497788467672807
anti_reasons,01101101101111001101100111100111101100111100111100110110110110110111100110110111101101101101101100110111100111101101101101101101101101100110110110011001101111001101100011000110001101100110001101100011011001101100110110011011011011011011011011011110011001101100110110110110110001101100110110001100011001111000001101100001101101101100111101101100000110000110110011110011001100110011000110110011011011011011011011011001101100110011011000110110011011011011011011011,76.89448146365702,65.58497484015246,57.531283909362664,5.089532940900336,10,0.8498154658912949
anti_reasons,01101101101111001101100111100111101100111100111100110110110110110110110111100111101101101101101100110111100111101101101101101101101101100110110110011001101111001101100011000110001101100110001101100011011001101100110110011011011011011011011011011110011001101100110110110110110001101100110110001100011001111000001101100001101101101100111101101100000110000110110011110011001100110011000110110011011011011011011011011001101100110011011000110110011011011011011011011,76.87927798654748,65.61576070718334,57.51328010389795,5.08429219699887,10,0.8498451601825244
anti_reasons,01101101101101100110110111101101101100110111100110111100111101101101100111100110110111101100111101101101101100111100110110110110110110110110110110011001101100110110001100011001100110110001100110110001101100110011011011011011011011011011011011011110110011011001100110011110110000110110110110000110011011001100000110011001101101100110110110110001100001100110011011011000110110001100110011001101111011011011011011011001101101100011011011001100110110110110011011011,76.87706380618263,62.99204086657711,56.73655578376821,5.843465856827126,10,0.8498494847535496
anti_reasons,01101101101101101100110111101101101101100110111101101101101100111101101101100111101100111100110110110111100110110110110110110110110110110110110011011001101101100110001100011000110110011000110110001101100110110011011011011011011011011011011011110011011001111001100110011011110000110110011011000110001101100011000111100001101100110111100110110000110001100110110011011001100110001100110011001101111011011011011011011001101101100011011011001100110110110110011011011,76.86681748384595,61.34240954244967,54.11395503671426,6.747064217853034,10,0.8498694971018634
anti_reasons,01101101101111001101100111100111101100111100111100110110110110110111100111100111101101101101101100110111100111101101101101101101101101100110110110011001101111001101100011000110001101100110001101100011011001101100110110011011011011011011011011011110011001101100110011110110110001101100110110001100011001111000001101100001101101101100111101101100000110000110110011110011001100110011000110110011011011011011011011011001101100110011011000110110011011011011011011011,76.85896598785347,65.48821310433871,57.55145525634079,5.1028937942396455,10,0.8498848320549737
anti_reasons,01101101101101100110110111101101101100110111100110111100111101101101100111100110110111101100111101101101101100110110110110110110110110110110110110011001101100110110001100011001100110110001100110110001101100110011011011011011011011011011011011011110110011011001100110110110110000110110110110000110011011001100000110011001101101100110110110110001100001100110011011011000110110001100110011001101111011011011011011011001101101100011011011001100110110110110011011011,76.84555961643902,63.492092367169526,57.5986592750934,5.590584267481123,10,0.8499110163741426
anti_reasons,01101101101111001101100111100111101100111100111100110110110110110111100111100111101101101101101100110111100111101101101101101101101101100110110110011001101111001101100011000110001101100110001101100011011001101100110110011011011011011011011011011110011001101100110110110011110001101100110110001100011001111000001101100001101101101100111101101100000110000110110011110011001100110011000110110011011011011011011011011001101100110011011000110110011011011011011011011,76.83678503753096,65.48441314607592,57.55345084251144,5.094041511373574,10,0.8499281542235724
anti_reasons,01101101101111001101100111100111101100111100111100110110110110110111100111100111101100111101101100110111100111101101101101101101101101100110110110011001101111001101100011000110001101100110001101100011011001101100110110011011011011011011011011011110011001101100110110110110110001101100110110001100011001111000001101100001101101101100111101101100000110000110110011110011001100110011000110110011011011011011011011011001101100110011011000110110011011011011011011011,76.83487209594962,65.69735232371673,57.63893231103706,5.0668078685858156,10,0.8499318904375984
anti_reasons,01101101101111001101100111100111101100111100111100110110110110110111100111100111101101101101101100110111100111101101101101101101101101100110110110011001101111001101100011000110001101100110001101100011011001101100110110011011011011011011011011011011011001101100110110110110110001101100110110001100011001111000001101100001101101101100111101101100000110000110110011110011001100110011000110110011011011011011011011011001101100110011011000110110011011011011011011011,76.82570240297481,65.44494493940904,57.518744039267176,5.109040286608117,10,0.8499497999941898
anti_reasons,01101101101101101100110111101101101101100110111101101101101100111101101101100111101100111100110110110111100110110110110110110110110110110110110110011001101101100110001100011000110110011000110110001101100110110011011011011011011011011011011011110011011001111001100110011011110000111100011011000110001101100011000111100001101100110111100110110000110001100110110011011001100110001100110011001101111011011011011011011001101101100011011011001100110110110110011011011,76.82054055311036,61.53728828891508,54.41809267780914,6.635453654758506,10,0.8499598817322063
anti_reasons,01101101101101101100110111101101101101100110111101101101101100111101101101100111101100111100110110110111100110110110110110110110110110110110110011011001101101100110001100011000110110011000110110001101100110110011011011011011011011011011011011110011011001111000110110011011110000111100011011000110001101100011000111100001101100110111100110110000110001100110110011011001100110001100110011001101111011011011011011011001101101100011011011001100110110110110011011011,76.81678348228094,61.310521733950466,54.08173748862967,6.7363877878165646,10,0.8499672197611701
anti_reasons,01101101101101101100110111101101101101100110111101101101101100111101101101100111101100111100110110110111100110110110110110110110110110110110110011011001101101100110001100011000110110011000110110001101100110110011011011011011011011011011011011110011011001101101100110011011110000111100011011000110001101100011000111100001101100110111100110110000110001100110110011011001100110001100110011001101111011011011011011011001101101100011011011001100110110110110011011011,76.81408267932379,61.30723712116592,54.08444800224018,6.73441228632956,10,0.8499724947669457
anti_reasons,01101101101101101100110111101101101101100110111101101101101100111101101101100111101100111100110110110111100110110110110110110110110110110110110011011001101101100110001100110000110110011000110110001101100110110011011011011011011011011011011011110011011001111001100110011011110000111100011011000110001101100011000111100001101100110111100110110000110001100110110011011001100110001100110011001101111011011011011011011001101101100011011011001100110110110110011011011,76.812269336793,61.58131481340043,54.520676258148214,6.582049236014932,10,0.8499760364515762
anti_reasons,01101101101101101100110111101101101100110110111100111101101101101101100111101100111100111101100111100111100110111100110110110110110110110110110110011011001100110110011000011000110110110001100110001101100110110011011011011011011011011011011011110110001111011000110011110011001100111100110110001100110001101100000110001101101101100111100110110001100001100110110011011001100110001100110011001101111011011011011011011001101101100011011011001100110110110110011011011,76.8051924286936,62.537476246921486,55.13713022756262,6.077414916096893,10,0.8499898585377078
anti_reasons,01101101101101100110110111101101101100110110110110111100111101101101100111100110110111101100111101101101101100111100110110110110110110110110110110011001101100110110001100011001100110110001100110110001101100110011011011011011011011011011011011011110110011011001100110110110110000110110110110000110011011001100000110011001101101100110110110110001100001100110011011011000110110001100110011001101111011011011011011011001101101100011011011001100110110110110011011011,76.80447649158063,63.434933471800534,56.97785979933505,5.633189479696125,10,0.8499912568523815
anti_reasons,01101101101101101100110111101101101101100110111101101101101100111101101101100111101100111100110110110111100110110110110110110110110110110110110011011001101101100110001100011001100110011000110110001101100110110011011011011011011011011011011011110011011001111001100110011011110000111100011011000110001101100011000111100001101100110111100110110000110001100110110011011001100110001100110011001101111011011011011011011001101101100011011011001100110110110110011011011,76.79956475248015,61.58170712098276,54.51993522747178,6.575805605456738,10,0.8500008500928122
anti_reasons,01101101101111001101100111100111101100111100111100110110110110110111100111100111101101101101101100110111100111101101101101101101101101100110110110011001101111001101100011000110001101100110001101100011011001101100110110011011011011011011011011011110011001101100110110110110110001101100110110001100011001111000000111100001101101101100111101101100000110000110110011110011001100110011000110110011011011011011011011011001101100110011011000110110011011011011011011011,76.7905008271975,65.59927213346779,57.6949972733792,5.050918902098869,10,0.8500185530718799
anti_reasons,01101101101101101100110111101101101101100110111101101101101100111101101101100111101100111100110110110111100110110110110110110110110110110110110011011001101101100110011000011000110110011000110110001101100110110011011011011011011011011011011011110011011001111001100110011011110000111100011011000110001101100011000111100001101100110111100110110000110001100110110011011001100110001100110011001101111011011011011011011001101101100011011011001100110110110110011011011,76.77526388300434,61.53443401102712,54.449060581757664,6.593984126860008,10,0.8500483127285071
anti_reasons,01101101101101101100110111101101101101100110111101101101101100111101101101100111101100111100110110110111100110110110110110110110110110110110110011011001101101100110001100011000110110011000110110011001100110110011011011011011011011011011011011110011011001111001100110011011110000111100011011000110001101100011000111100001101100110111100110110000110001100110110011011001100110001100110011001101111011011011011011011001101101100011011011001100110110110110011011011,76.77234519842075,61.62865029957171,54.59970831949572,6.552673810116087,10,0.8500540132843345
anti_reasons,01101101101111001101100111100111101100111100111100110110110110110111100111100111101101101101101100110111100111101101101101101101101101100110110110011001101111001101100011000110001101100110001101100011011001101100110110011011011011011011011011011110011001101100110110110110110001101100110110001100011001111000001101100001101101101100110111101100000110000110110011110011001100110011000110110011011011011011011011011001101100110011011000110110011011011011011011011,76.76680651854731,65.66892387056808,57.84741931222321,5.012765179039661,10,0.8500648310184623
anti_reasons,01101101101111001101100111100111101100111100111100110110110110110111100111100111101101101101101100110111100111101101101101101101101101100110110110011001101111001101100011000110001101100110001101100011011001101100110110011011011011011011011011011110011001101100110110011110110001101100110110001100011001111000001101100001101101101100111101101100000110000110110011110011001100110011000110110011011011011011011011011001101100110011011000110110011011011011011011011,76.76242744771967,65.4418167690165,57.53005714717408,5.082658492844106,10,0.8500733838911725
anti_reasons,01101101101101101100110111101101101101100110111101101101101100111101101101100111101100111100110110110110110110110110110110110110110110110110110011011001101101100110001100011000110110011000110110001101100110110011011011011011011011011011011011110011011001111001100110011011110000111100011011000110001101100011000111100001101100110111100110110000110001100110110011011001100110001100110011001101111011011011011011011001101101100011011011001100110110110110011011011,76.72240056180512,61.641727615383616,54.48897276955559,6.573176440750285,10,0.8501515614027244
anti_reasons,01101101101111001101100111100111101100110110111100110110110110110110110111101101100111101101101101100111100110111101100111101101101101100110110110011001101111001101100001100110001101100110001101100011011001101100110110011011011011011011011011110110110001101100110011110110011001101100110110001100011011001100000111100011011001100111101100111100000011001101100110011110001101100001100110110011011011011011011011011001101100110011011001100011011011011011011011011,76.71619134349119,65.77099041960241,57.5003954656546,5.144544281655731,10,0.8501636887822438
anti_reasons,01101101101101101100110111101101101101100110111101101101101100111101101101100111101100111100110110110111100110110110110110110110110110110110110011011001101101100110001100011000110110011000110110001101100110110110011011011011011011011011011011110011011001111001100110011011110000111100011011000110001101100011000111100001101100110111100110110000110001100110110011011001100110001100110011001101111011011011011011011001101101100011011011001100110110110110011011011,76.70678023862588,61.57952863493654,54.565427038113626,6.550182295510622,10,0.8501820698464339
anti_reasons,01101101101101100110110111101101101100110111100110111100111101101101100111100110110111101100111101101101101100111100110110110110110110110110110110011001101100110110001100011001100110110001100110110001101100110011011011011011011011011011011011011110110011011001100110110110011000110110110110000110011011001100000110011001101101100110110110110001100001100110011011011000110110001100110011001101111011011011011011011001101101100011011011001100110110110110011011011,76.69608332936586,62.8867493031855,56.646949618852915,5.82623298117252,10,0.8502029622473323
anti_reasons,01101101101111001101100111100111101100111100111100110110110110110111100111100111101101101101101100110111100110111101101101101101101101100110110110011001101111001101100011000110001101100110001101100011011001101100110110011011011011011011011011011110011001101100110110110110110001101100110110001100011001111000001101100001101101101100111101101100000110000110110011110011001100110011000110110011011011011011011011011001101100110011011000110110011011011011011011011,76.69583958122296,65.90875427809742,57.97073806803095,4.980311670777854,10,0.8502034383179239
anti_reasons,01101101101101101100110111101101101101100110111101101101101100111101101101100111101100111100110110110111100110110110110110110110110110110110110011011001101101100110001100011000110110011000110110001101101100110011011011011011011011011011011011110011011001111001100110011011110000111100011011000110001101100011000111100001101100110111100110110000110001100110110011011001100110001100110011001101111011011011011011011001101101100011011011001100110110110110011011011,76.692908300214,61.58383088100089,54.534438561387574,6.5510463684040925,10,0.8502091634761445
anti_reasons,01101101101111001101100111100111101100111100111100110110110110110111100111100111101101101101101100110111100111101101101101101101101101100110110110011001101111001101100011000110001101100110001101100011011001101100110110011011011011011011011011011110011001101100110110110110110001101100110110001100011001111000001101100001101101101100111101101100000110000110110011011011001100110011000110110011011011011011011011011001101100110011011000110110011011011011011011011,76.68782621636107,65.84884657164633,58.73768411767698,4.822317777823425,10,0.8502190894211697
anti_reasons,01101101101111001101100111100111101100111100111100110110110110110111100111100111101101101101101100110111100111101101101101101101101101100110110110011001101111001101100011000110001101100110001101100011011001101100110110011011011011011011011011011110011001101100110110110110110001101100110110001100011001111000001101100001101101100110111101101100000110000110110011110011001100110011000110110011011011011011011011011000111100110011011000110110011011011011011011011,76.67743851927558,65.93612659895575,58.32245702339904,4.854634440711266,10,0.8502393778920398
anti_reasons,01101101101101101100110111101101101100110110111100111101101101101101100111101100111100111101100111100111100110111100110110110110110110110110110110011011001100110110110000011000110110110001100110001101100110110011011011011011011011011011011011110110001111011000110011110011011000111100110110001100110001101100000110001101101101100111100110110001100001100110110011011001100110001100110011001101111011011011011011011001101101100011011011001100110110110110011011011,76.65044829700075,62.438743311652686,55.0414149493094,6.065932362105796,10,0.8502920931699204
anti_reasons,01101101101101101100110111101101101100110110111100111101101101101101100111101100111100111101100111100111100110111100110110110110110110110110110110011011001100110110011000011000110110110001100110001101100110110011011011011011011011011011011011110110001111011000110011110011011000111100110110001100110001101100000110001101101101100111100110110000110001100110110011011001100110001100110011001101111011011011011011011001101101100011011011001100110110110110011011011,76.65023767101829,62.43878321024177,55.04903127746056,6.063390530732765,10,0.8502925045487923
anti_reasons,01101101101101101100110111101101101100110110111100111101101101101101100111101100111100111101100111100111100110111100110110110110110110110110110110011011001100110110011000011000110110110011000110001101100110110011011011011011011011011011011011110110001111011000110011110011011000111100110110001100110001101100000110001101101101100111100110110001100001100110110011011001100110001100110011001101111011011011011011011001101101100011011011001100110110110110011011011,76.64890211141581,62.43751758120616,55.038796614696466,6.066042568909626,10,0.850295113063641
anti_reasons,01101101101101101100110111101101101101100110111101101101101100111101101100110111101100111100110110110111100110110110110110110110110110110110110011011001101101100110001100011000110110011000110110001101100110110011011011011011011011011011011011110011011001111001100110011011110000111100011011000110001101100011000111100001101100110111100110110000110001100110110011011001100110001100110011001101111011011011011011011001101101100011011011001100110110110110011011011,76.63882191405709,61.611364899335385,54.354143309601014,6.525635546862496,10,0.8503148009491073
anti_reasons,01101101101101101100110111101101101101100110111101101101101100111101101101100111101100110110110110110111100110110110110110110110110110110110110011011001101101100110001100011000110110011000110110001101100110110011011011011011011011011011011011110011011001111001100110011011110000111100011011000110001101100011000111100001101100110111100110110000110001100110110011011001100110001100110011001101111011011011011011011001101101100011011011001100110110110110011011011,76.63875875567084,61.54621114422294,54.370154014635816,6.567693974794653,10,0.8503149243053304
anti_reasons,01101101101101101100110111101101101100110110111100111101101101101101100111101100111100111101100111100111100110111100110110110110110110110110110110011011001100110110011000011000110110110001100110001101100110110011011011011011011011011011011011110110001111011000110011110011011000111100110110001100110001100110000110001101101101100111100110110001100001100110110011011001100110001100110011001101111011011011011011011001101101100011011011001100110110110110011011011,76.63425562675226,62.43280685118284,55.042994135695196,6.060237153654294,10,0.8503237194789994
anti_reasons,01101101101101100110110111101101101100110111100110111100111101101101100111100110110111101100111101101101101100111100110110110110110110110110110110011001101100110110001100011001100110110001100110110001101100110011011011011011011011011011011011011110011011011001100110110110110000110110110110000110011011001100000110011001101101100110110110110001100001100110011011011000110110001100110011001101111011011011011011011001101101100011011011001100110110110110011011011,76.6239853609226,62.84570327163986,56.61237006303409,5.810432979563024,10,0.8503437785919481
anti_reasons,01101101101101101100110111101101101100110110111101101101101100111101101101100111101100111100110110110111100110110110110110110110110110110110110011011001101101100110001100011000110110011000110110001101100110110011011011011011011011011011011011110011011001111001100110011011110000111100011011000110001101100011000111100001101100110111100110110000110001100110110011011001100110001100110011001101111011011011011011011001101101100011011011001100110110110110011011011,76.6234860437504,61.65185963904967,54.217569085571895,6.500040034277117,10,0.8503447538208
anti_reasons,01101101101101101100110111101101101101100110111101101101101100111100111101100111101100111100110110110111100110110110110110110110110110110110110011011001101101100110001100011000110110011000110110001101100110110011011011011011011011011011011011110011011001111001100110011011110000111100011011000110001101100011000111100001101100110111100110110000110001100110110011011001100110001100110011001101111011011011011011011001101101100011011011001100110110110110011011011,76.62002291386695,61.64215076636627,54.3361395041363,6.490364431480324,10,0.8503515177463536
anti_reasons,01101101101101101100110111101101101101100110111101101101101100111101100111100111101100111100110110110111100110110110110110110110110110110110110011011001101101100110001100011000110110011000110110001101100110110011011011011011011011011011011011110011011001111001100110011011110000111100011011000110001101100011000111100001101100110111100110110000110001100110110011011001100110001100110011001101111011011011011011011001101101100011011011001100110110110110011011011,76.61674047643369,61.62097946846933,54.335226087368014,6.502470805294777,10,0.8503579287569655
anti_reasons,01101101101101101100110111101101101101100110111101101101101100111101101101100111101100111100110110110111100110110110110110110110110110110110110011011011001101100110001100011000110110011000110110001101100110110011011011011011011011011011011011110011011001111001100110011011110000111100011011000110001101100011000111100001101100110111100110110000110001100110110011011001100110001100110011001101111011011011011011011001101101100011011011001100110110110110011011011,76.60768516802788,61.33596086263189,54.17978320993551,6.6489241252720825,10,0.8503756149061955
anti_reasons,01101101101111001101100111100111101100111100111100110110110110110111100111100111101101101101101100110111100111101101101101101101101101100110110110011001101111001101100011000110001101100110001101100011011001101100110110011011011011011011011011011110011001101100110110110110011001101100110110001100011001111000001101100001101101101100111101101100000110000110110011110011001100110011000110110011011011011011011011011001101100110011011000110110011011011011011011011,76.60245294655174,65.3365252056249,57.43064870224198,5.065799100891581,10,0.8503858340887661
anti_reasons,01101101101101100110110111101101101100110111100110111100111101101101100111100110110111101100111101101101101100111100110110110110110110110110110110011001101100110110001100011001100110110001100110110001101100110011011011011011011011011011011011011110110011011000110110110110110000110110110110000110011011001100000110011001101101100110110110110001100001100110011011011000110110001100110011001101111011011011011011011001101101100011011011001100110110110110011011011,76.5944847273379,62.83435577232814,56.60553569989841,5.807394148957518,10,0.8504013970169182
anti_reasons,01101101101101100110110111101101101100110111100110111100111101101101100111100110110111101100111101101101101100111100110110110110110110110110110110011001101100110110001100011001100110110001100110110001101100110011011011011011011011011011011011011110110011001101100110110110110000110110110110000110011011001100000110011001101101100110110110110001100001100110011011011000110110001100110011001101111011011011011011011001101101100011011011001100110110110110011011011,76.59178392438075,62.83107115954359,56.608246213508934,5.805381433955664,10,0.8504066720226938
anti_reasons,01101101101101100110110111101101101100110111100110111100111101101101100111100110110111101100111101101101101100111100110110110110110110110110110110011001101100110110001100110001100110110001100110110001101100110011011011011011011011011011011011011110110011011001100110110110110000110110110110000110011011001100000110011001101101100110110110110001100001100110011011011000110110001100110011001101111011011011011011011001101101100011011011001100110110110110011011011,76.58997058184995,63.1051488517781,57.04447446941697,5.664991475010978,10,0.8504102137073243
anti_reasons,01101101101101101100110111101101101100110110110110111101101101101101100111101100111100111101100111100111100110111100110110110110110110110110110110011011001100110110011000011000110110110001100110001101100110110011011011011011011011011011011011110110001111011000110011110011011000111100110110001100110001101100000110001101101101100111100110110001100001100110110011011001100110001100110011001101111011011011011011011001101101100011011011001100110110110110011011011,76.58780199034241,62.59731525077713,55.349631251770404,5.845165867983102,10,0.8504144492376124
anti_reasons,01101101101101101100110111101101101101100110111101101101101100111101101101100110111100111100110110110111100110110110110110110110110110110110110011011001101101100110001100011000110110011000110110001101100110110011011011011011011011011011011011110011011001111001100110011011110000111100011011000110001101100011000111100001101100110111100110110000110001100110110011011001100110001100110011001101111011011011011011011001101101100011011011001100110110110110011011011,76.58374757127193,61.46785536256431,54.30434212710185,6.576128318318166,10,0.8504223680248595
anti_reasons,01101101101111001101100111100111101100111100111100110110110110110111100111100111101101101101101100110111100111101101100111101101101101100110110110011001101111001101100011000110001101100110001101100011011001101100110110011011011011011011011011011110011001101100110110110110110001101100011110001100011001111000001101100001101101101100111101101100000110000110110011110011001100110011000110110011011011011011011011011001101100110011011000110110011011011011011011011,76.57817949700139,65.58179471402539,57.603227740944014,5.020599639721021,10,0.8504332431699192
anti_reasons,01101101101111001101100111100111101100110110111100110110110110110111100111100111101101101101101100110111100111101101100111101101101101100110110110011001101111001101100011000110001101100110001101100011011001101100110110011011011011011011011011011110011001101100110110110110110001101100110110001100011001111000001101100001101101101100111101101100000110000110110011110011001100110011000110110011011011011011011011011001101100110011011000110110011011011011011011011,76.5749876103089,65.7440612921265,58.835747319617504,4.910787330453354,10,0.8504394773236155
anti_reasons,01101101101101100110110111101101101100110111100110111100111101101101100111100110110111101100111101101101100110111100110110110110110110110110110110011001101100110110001100011001100110110001100110110001101100110011011011011011011011011011011011011110110011011001100110110110110000110110110110000110011011001100000110011001101101100110110110110001100001100110011011011000110110001100110011001101111011011011011011011001101101100011011011001100110110110110011011011,76.56497298879967,63.23911216268781,57.11437283194378,5.624299403741802,10,0.8504590371312506
anti_reasons,01101101101101100110110111101101101100110111100110111100111100111101100111100110110111101100111101101101101100111100110110110110110110110110110110011001101100110110001100011001100110110001100110110001101100110011011011011011011011011011011011011110110011011001100110110110110000110110110110000110011011001100000110011001101101100110110110110001100001100110011011011000110110001100110011001101111011011011011011011001101101100011011011001100110110110110011011011,76.56427467182066,63.56521676683832,57.9985074869937,5.493583588347174,10,0.8504604010316003
anti_reasons,01101101101101100110110111101101101100110111100110111100111101101101100111100110110111101100111101101101101100111100110110110110110110110110110110011001101100110110001100011001100110110001100110110001101100110011011011011011011011011011011011011110110011011001100110110110110000110110110011000110011011001100000110011001101101100110110110110001100001100110011011011000110110001100110011001101111011011011011011011001101101100011011011001100110110110110011011011,76.55706478667946,62.82156441294891,56.60519839414914,5.806415569537444,10,0.8504744828385167
anti_reasons,01101101101101100110110111101101101100110111100110111100111101101101100111100110110111101100111101101101101100111100110110110110110110110110110110011001101100110110011000011001100110110001100110110001101100110011011011011011011011011011011011011110110011011001100110110110110000110110110110000110011011001100000110011001101101100110110110110001100001100110011011011000110110001100110011001101111011011011011011011001101101100011011011001100110110110110011011011,76.5529651280613,63.058268049404795,56.97285879302642,5.674981366438446,10,0.8504824899842552
anti_reasons,01101101101111001101100111100111101100111100111100110110110110110111100111100111101101101101101100110111100111101101101101101101101101100110110110011001101111001101100011000110001101100110001101100011011001101100110110011011011011011011011011011110011001101100110110110110110001100110110110001100011001111000001101100001101101101100111101101100000110000110110011110011001100110011000110110011011011011011011011011001101100110011011000110110011011011011011011011,76.54193728490687,65.31601948326673,57.4232636880222,5.052234175149288,10,0.8505040287404163
anti_reasons,01101101101111001101100111100111101100111100111100110110110110110111100111100111101101101101100110110111100111101101101101101101101101100110110110011001101111001101100011000110001101100110001101100011011001101100110110011011011011011011011011011110011001101100110110110110110001101100110110001100011001111000001101100001101101101100111101101100000110000110110011110011001100110011000110110011011011011011011011011001101100110011011000110110011011011011011011011,76.51276702911566,65.52521959240637,57.58198192293714,5.003268985873636,10,0.8505610018962585
anti_reasons,01101101101101100110110111101101101100110111100110111100111101101101100111100110110111101100111101101100111100111100110110110110110110110110110110011001101100110110001100011001100110110001100110110001101100110011011011011011011011011011011011011110110011011001100110110110110000110110110110000110011011001100000110011001101101100110110110110001100001100110011011011000110110001100110011001101111011011011011011011001101101100011011011001100110110110110011011011,76.50010180686208,63.16556165376129,57.09221022117359,5.6314156194371785,10,0.8505857386584725
anti_reasons,01101101101111001101100111100111101100111100111100110110110110110111100111100111101101101101101100110111100111101101101101101101101101100110110110011001101111001101100011000110001101100110001101100011011001101100110110011011011011011011011011011110011001101100110110110110110001101100110110001100011001111000001101100001101101101100111101100110000110000110110011110011001100110011000110110011011011011011011011011001101100110011011000110110011011011011011011011,76.49860155746437,65.4461834423817,57.76578935742201,4.970776021184384,10,0.8505886688330774
anti_reasons,01101101101101100110110111101101101100110111100110111100111101101101100111100110110110111100111101101101101100111100110110110110110110110110110110011001101100110110001100011001100110110001100110110001101100110011011011011011011011011011011011011110110011011001100110110110110000110110110110000110011011001100000110011001101101100110110110110001100001100110011011011000110110001100110011001101111011011011011011011001101101100011011011001100110110110110011011011,76.49685132497935,63.247576421277344,57.5094323485628,5.571956308991169,10,0.8505920872558997
anti_reasons,01101101101101100110110111101101101100110111100110111100111101101101100111100110110111101100111101101101101100111100110110110110110110110110110110011001101100110110001100011001100110110001100110110001101100110110011011011011011011011011011011011110110011011001100110110110110000110110110110000110011011001100000110011001101101100110110110110001100001100110011011011000110110001100110011001101111011011011011011011001101101100011011011001100110110110110011011011,76.48448148368284,63.10336267331421,57.089225249382366,5.637968242197026,10,0.850616247102182
anti_reasons,01101101101101101100110111101101101100110110111100111101101101101101100111101100111100111101100111100111100110111100110110110110110110110110110110011011001100110110011000011000110110110001100110001101100110110011011011011011011011011011011011110011001111011000110011110011011000111100110110001100110001101100000110001101101101100111100110110001100001100110110011011001100110001100110011001101111011011011011011011001101101100011011011001100110110110110011011011,76.48350048114783,61.848622358781675,54.35402078901407,6.18456323640639,10,0.8506181631227582
anti_reasons,01101101101111001101100111100111101100111100111100110110110110110111100111100111101101101101101100110111100111101101100111101101101101100110110110011001101111001101100011000110001101100110001101100011011001101100110110011011011011011011011011011110011001101100110110110110110001101100110110001100011001111000001101100001101101101100111101101100000110000110110011110011001100110011000110110011011011011011011011011001101100110011011001100110011011011011011011011,76.47513733816518,65.56776962439292,57.605541774871895,5.007102546360098,10,0.8506344973863962
anti_reasons,01101101101111001101100111100111101100111100111100110110110110110111100111100111100111101101101100110111100111101101100111101101101101100110110110011001101111001101100011000110001101100110001101100011011001101100110110011011011011011011011011011110011001101100110110110110110001101100110110001100011001111000001101100001101101101100111101101100000110000110110011110011001100110011000110110011011011011011011011011001101100110001111000110110011011011011011011011,76.47449574791268,65.98564814424081,58.23309737021149,4.847290878887425,10,0.8506357504923581
anti_reasons,01101101101101101100110111101101101100110110111100111101101101101101100111101100111100111101100111100111100110111100110110110110110110110110110110011011001100110110011000011000110110110001100110001101100110110011011011011011011011011011011011110110001111011000110011110011011000111100011110001100110001101100000110001101101101100111100110110001100001100110110011011001100110001100110011001101111011011011011011011001101101100011011011001100110110110110011011011,76.4662254425857,61.86505823776197,54.39118928809002,6.18451122753242,10,0.8506519034324498
anti_reasons,01101101101111001101100111100111101100111100111100110110110110110111100111100111101101101100111100110111100111101101101101101101101101100110110110011001101111001101100011000110001101100110001101100011011001101100110110011011011011011011011011011110011001101100110110110110110001101100110110001100011001111000001101100001101101101100111101101100000110000110110011110011001100110011000110110011011011011011011011011001101100110011011000110110011011011011011011011,76.46513972207957,65.44054538380567,57.511981596989386,5.011191175682469,10,0.8506540239803133
anti_reasons,01101101101101101100110111101101101100110110111100111101101101101101100111101100111100111101100111100111100110111100110110110110110110110110110110011011001100110110011000011000110110110001100110001101100110110011011011011011011011011011011011110110001101111000110011110011011000111100110110001100110001101100000110001101101101100111100110110001100001100110110011011001100110001100110011001101111011011011011011011001101101100011011011001100110110110110011011011,76.46379029592603,61.8492938313772,54.3667006580101,6.179571097991769,10,0.8506566595782694
anti_reasons,01101101101101101100110111101101101100110110111100111101101101101101100111101100111100111101100111100111100110111100110110110110110110110110110110011011001100110110011000011000110110110001100110001101100110110011011011011011011011011011011011011110001111011000110011110011011000111100110110001100110001101100000110001101101101100111100110110001100001100110110011011001100110001100110011001101111011011011011011011001101101100011011011001100110110110110011011011,76.45727867064075,61.84464582515066,54.34623866389791,6.180031538405768,10,0.8506693775964048
anti_reasons,01101101101101101100110111101101101100110110111100111101101101101101100111101100111100111101100111100111100110111100110110110110110110110110110110011011001100110110011000011000110110110001100110001101100110110011011011011011011011011011011011110110001111011000110011110011011000111100110110001100110001101100000110001101101101100110110110110001100001100110110011011001100110001100110011001101111011011011011011011001101101100011011011001100110110110110011011011,76.45164051999377,61.87511437222663,54.41322964338946,6.189037255769546,10,0.8506803896093872
anti_reasons,01101101101111001101100111100111101100111100111100110110110110110111100111100111101101100111101100110111100111101101100111101101101101100110110110011001101111001101100011000110001101100110001101100011011001101100110110011011011011011011011011011110011001101100110110110110110001101100110110001100011001111000001101100001101101101100111101101100000110000110110011110011001100110011000110110011011011011011011011011001101100110011011000110110011011011011011011011,76.43934874897978,65.64023498067606,57.59945031081925,4.9923575799522295,10,0.8507043969746488
anti_reasons,01101101101101100110110111101101101100110111100110111100111101101101100111100110110111101100110111101101101100111100110110110110110110110110110110011001101100110110001100011001100110110001100110110001101100110011011011011011011011011011011011011110110011011001100110110110110000110110110110000110011011001100000110011001101101100110110110110001100001100110011011011000110110001100110011001101111011011011011011011001101101100011011011001100110110110110011011011,76.43212140698883,63.07544368996698,57.127666076167245,5.633943304505364,10,0.850718512876975
anti_reasons,01101101101101101100110111101101101100110111100110111100111101101101100111100110110111101100111101101101101100111100110110110110110110110110110110011001101100110110001100011001100110110001100110110001101100110011011011011011011011011011011011011110110011011001100110110110110000110110110110000110011011001100000110011001101101100110110110110001100001100110011011011000110110001100110011001101111011011011011011011001101101100011011011001100110110110110011011011,76.4315781497896,63.32702224699625,57.29669847230913,5.547419149622553,10,0.8507195739261921
anti_reasons,01101101101101100110110111101101101100110111100110111100111101101101100111100110110111101100111101100111101100111100110110110110110110110110110110011001101100110110001100011001100110110001100110110001101100110011011011011011011011011011011011011110110011011001100110110110110000110110110110000110011011001100000110011001101101100110110110110001100001100110011011011000110110001100110011001101111011011011011011011001101101100011011011001100110110110110011011011,76.4315347699109,63.0698353173369,57.06048597316611,5.644139636264459,10,0.8507196586525178
anti_reasons,01101101101101101100110111101101101100110110111100111101101101101101100111101100111100111101100111100111100110111100110110110110110110110110110110011011001100110110011000011000110110110001100110001101100110110011011011011011011011011011011011110110001111011000110011011011011000111100110110001100110001101100000110001101101101100111100110110001100001100110110011011001100110001100110011001101111011011011011011011001101101100011011011001100110110110110011011011,76.42762364695639,61.84549418838914,54.366721933605234,6.174043959732842,10,0.8507272975645384
anti_reasons,01101101101101101100110111101101101100110110111100111100111101101101100111101100111100111101100111100111100110111100110110110110110110110110110110011011001100110110011000011000110110110001100110001101100110110011011011011011011011011011011011110110001111011000110011110011011000111100110110001100110001101100000110001101101101100111100110110001100001100110110011011001100110001100110011001101111011011011011011011001101101100011011011001100110110110110011011011,76.41921771428032,62.562266983656386,55.59968159801224,5.893949963290455,10,0.8507437154017963
anti_reasons,01101101101101100110110111101101101100110111100110111100111101101101100110110110110111101100111101101101101100111100110110110110110110110110110110011001101100110110001100011001100110110001100110110001101100110011011011011011011011011011011011011110110011011001100110110110110000110110110110000110011011001100000110011001101101100110110110110001100001100110011011011000110110001100110011001101111011011011011011011001101101100011011011001100110110110110011011011,76.41652315911405,63.135198937713064,57.48769626285983,5.570650542678264,10,0.8507489782048554
anti_reasons,01101101101101100110110111101101101100110111100110111100111101101101100111100110110111100110111101101101101100111100110110110110110110110110110110011001101100110110001100011001100110110001100110110001101100110011011011011011011011011011011011011110110011011001100110110110110000110110110110000110011011001100000110011001101101100110110110110001100001100110011011011000110110001100110011001101111011011011011011011001101101100011011011001100110110110110011011011,76.4164600007278,63.07004518260061,57.22791927456393,5.625207425492006,10,0.8507491015610785
anti_reasons,01101101101101100110110111101101101100110111100110111100111101101101100111100110110111101100111100111101101100111100110110110110110110110110110110011001101100110110001100011001100110110001100110110001101100110011011011011011011011011011011011011110110011011001100110110110110000110110110110000110011011001100000110011001101101100110110110110001100001100110011011011000110110001100110011001101111011011011011011011001101101100011011011001100110110110110011011011,76.41083942713895,63.03533958326657,57.02545745005479,5.651751690492573,10,0.8507600792438692
anti_reasons,01101101101101100110110111101101101100110111100110111100111101101100110111100110110111101100111101101101101100111100110110110110110110110110110110011001101100110110001100011001100110110001100110110001101100110011011011011011011011011011011011011110110011011001100110110110110000110110110110000110011011001100000110011001101101100110110110110001100001100110011011011000110110001100110011001101111011011011011011011001101101100011011011001100110110110110011011011,76.39772415892391,63.16598480474395,57.641132520986844,5.533030499431823,10,0.8507856950021018
anti_reasons,01101101101101101100110111101101101100110110111100111101101101101101100111101100111100111101100111100111100110110110110110110110110110110110110110011011001100110110011000011000110110110001100110001101100110110011011011011011011011011011011011110110001111011000110011110011011000111100110110001100110001101100000110001101101101100111100110110001100001100110110011011001100110001100110011001101111011011011011011011001101101100011011011001100110110110110011011011,76.39611945721278,62.345545688981545,55.22882542493042,5.922915822410971,10,0.8507888291851313
anti_reasons,01101101101101100110110111101101101100110111100110111100111101101101100111100110110111101100111101101101101100111100110110110110110110110110110110011011001100110110001100011001100110110001100110110001101100110011011011011011011011011011011011011110110011011001100110110110110000110110110110000110011011001100000110011001101101100110110110110001100001100110011011011000110110001100110011001101111011011011011011011001101101100011011011001100110110110110011011011,76.38538641308485,62.85979490100957,56.70358142120425,5.7196120242198525,10,0.8508097921619436
anti_reasons,01101101101111001101100111100111101100111100111100110110110110110111100111100111101101101101101100110110110111101101100111101101101101100110110110011001101111001101100011000110001101100110001101100011011001101100110110011011011011011011011011011110011001101100110110110110110001101100110110001100011001111000001101100001101101101100111101101100000110000110110011110011001100110011000110110011011011011011011011011001101100110011011000110110011011011011011011011,76.38514540743815,65.73575145183673,57.71826906573903,4.958986954695456,10,0.8508102628760974
anti_reasons,01101101101111001101100111100111101100111100111100110110110110110111100111100111101101101101101100110111100111101101100111101101101101100110110110011011001111001101100011000110001101100110001101100011011001101100110110011011011011011011011011011110011001101100110110110110110001101100110110001100011001111000001101100001101101101100111101101100000110000110110011110011001100110011000110110011011011011011011011011001101100110011011000110110011011011011011011011,76.37134149192504,65.42998469908501,57.51348549957412,5.007516613092164,10,0.8508372236485839
anti_reasons,01101101101111001101100111100111101100111100111100110110110110110111100111100111101101101101101100110111100111101101100111101101101101100110110110011001101111001101100011000110001101100110001101100011011001101100110110011011011011011011011011011110011001101100110110110110110001101100110110001100011001101100001101100001101101101100111101101100000110000110110011110011001100110011000110110011011011011011011011011001101100110011011000110110011011011011011011011,76.34895419834588,65.45826269843857,57.520172020655366,4.985292689402512,10,0.8508809488313557
anti_reasons,01101101101111001101100111100111101100111100111100110110110110110111100111100111101101101101101100110111100111101101100111101101101101100110110110011001101111001101100011000110001101100110001101100011011001101100110110011011011011011011011011011110011001101100110110110110110001101100110110001100011001111000001100110001101101101100111101101100000110000110110011110011001100110011000110110011011011011011011011011001101100110011011000110110011011011011011011011,76.33464920534333,65.470201516218,57.51708350978486,4.98259522255767,10,0.8509088882708138
anti_reasons,01111011011001101100110110110110111101100110110110110110111101101100111100111100111101100110110110110110110110110110110110110110110110110110110011011001101111001101100011000110001101100110001101100011011001100110011011011011011011011011011011011110110001100110110110110110011011000110110000110011110001111000000111100001111011001101100110111100000001111001100011011011001100001100111100001111011011011001111011000110110110110001111000110110011011011011011110011,76.30419787005496,67.28503272506987,63.50785131722454,3.568693346307133,10,0.8509683635350489
anti_reasons,01101101101111001101100111100111101100111100111100110110110110110111100111100111101101101101101100110111100111101101100111101101101101100110110110011001101111001101100011000110001101100110001101100011011001101100110110011011011011011011011011011110011001101100110110110110110001101100110110000110011001111000001101100001101101101100111101101100000110000110110011110011001100110011000110110011011011011011011011011001101100110011011000110110011011011011011011011,76.27640642326266,65.38744008864896,57.45472170371478,4.9832288774934055,10,0.8510226437045652
anti_reasons,01111011011001101100110110110110111101100110110110110110111101101100111100111100111101100110110110110110110110110110110110110110110110110110110011011001101111001101100011000110001101100110001101100011011001100110011011011011011011011011011011011110110001100110110110110110011011000011110000110011110001111000000111100001111011001101100110111100000001111001100011011011001100001101101100001111011011011001111001100110110110110001111000110110011011011011011110011,76.25109129191551,67.37407243576457,63.49965093399942,3.5770186085185833,10,0.8510720873204776
anti_reasons,01111011011001101100110110110110111101100110110110110110111101101100111100111100111101100110110110110110110110110110110110110110110110110110110011011001101111001101100011000110001101100110001101100011011001100110011011011011011011011011011011011110110001100110011110110110011011000110110000110011110001111000000111100001111011001101100110111100000001111001100011011011001100001101101100001111011011011001111011000110110110110001111000110110011011011011011110011,76.24941273243847,67.12754621283308,63.13812106305906,3.65003036038102,10,0.8510753657569561
anti_reasons,01111011011001101100110110110110111101100110110110110110111101101100111100111100110111100110110110110110110110110110110110110110110110110110110011011001101111001101100011000110001101100110001101100011011001100110011011011011011011011011011011011110110001100110110110110110011011000110110000110011110001111000000111100001111011001101100110111100000001111001100011011110001100001101101100001111011011011001111011000110110110110001111000110110011011011011011110011,76.24679225709284,66.93860469692376,62.594776396282754,3.8366577486474425,10,0.8510804838728656
anti_reasons,01101101101101100110110111101101101100110111100110111100111101101101100111100110110111101100111101101101101100111100110110110110110110110110110110011001101101100110001100011001100110110001100110110001101100110011011011011011011011011011011011011110110011011001100110110110110000110110110110000110011011001100000110011001101101100110110110110001100001100110011011011000110110001100110011001101111011011011011011011001101101100001111011001100110110110110011011011,76.24071848452385,63.368146140043166,57.378317419463784,5.505136007704717,10,0.8510923467099143
anti_reasons,01101101101101101100110111101101101100110110111100111101101101101101100111101100111100111101100111100111100110111100110110110110110110110110110110011011001100110110011000011000110110110001100110001101100110110011011011011011011011011011011011110110001111011000110011110011011000110110110110001100110001101100000110001101101101100111100110110001100001100110110011011001100110001100110011001101111011011011011011011001101101100011011011001100110110110110011011011,76.19507856967667,61.71969690263937,54.26791939782004,6.147028266479194,10,0.8511814871686003
anti_reasons,01111011011001101100110110110110111101100110110110110110111101101100111100111100111101100110110110110110110110110110110110110110110110110110110011011001101111001101100011000110001101100110001101100011011001100110011011011011011011011011011011011110110001100110110110110110001111000110110000110011110001111000000111100001111011001101100110111100000001111001100011011011001100001101101100001111011011011001111011000110110110110001111000110110011011011011011110011,76.18539437879936,67.04262368176339,63.049837948739466,3.655987008154633,10,0.8512004016039075
anti_reasons,01101101101101101100110111101101101100110110111100111101101101101101100111101100111100111101100111100111100110111100110110110110110110110110110110011011001101100110011000011000110110110001100110001101100110110011011011011011011011011011011011110110001111011000110110110011011000111100110110001100110001101100000110001101101101100111100110110001100001100110110011011001100110001100110011001101111011011011011011011001101101100011011011001100110110110110011011011,76.1792887319046,62.40125355894237,55.14427526535799,5.9001382325825675,10,0.8512123266954988
anti_reasons,01101101101101101100110111101101101100110110111100111101101101101101100111101100111100111101100111100111100110111100110110110110110110110110110110011011001100110110011000011000110110110001100110001101100110110011011011011011011011011011011011110110001111001100110011110011011000111100110110001100110001101100000110001101101101100111100110110001100001100110110011011001100110001100110011001101111011011011011011011001101101100011011011001100110110110110011011011,76.14234376515452,61.684524481355616,54.23841236334596,6.135106594198933,10,0.8512844848336826
anti_reasons,01101101101101101100110111101101101100110110111100111101101101101101100111101100111100111101100111100111100110111100110110110110110110110110110110011011001100110110011000110000110110110001100110001101100110110011011011011011011011011011011011110110001111011000110011110011011000111100110110001100110001101100000110001101101101100111100110110001100001100110110011011001100110001100110011001101111011011011011011011001101101100011011011001100110110110110011011011,76.14053042262373,61.95860217359012,54.67464061925399,5.993920900873627,10,0.851288026518313
anti_reasons,01101101101101101100110111101101101100110110111100111101101101101101100111101100111100111101100111100111100110111100110110110110110110110110110110011011001100110110011000011001100110110001100110001101100110110011011011011011011011011011011011110110001111011000110011110011011000111100110110001100110001101100000110001101101101100111100110110001100001100110110011011001100110001100110011001101111011011011011011011001101101100011011011001100110110110110011011011,76.12782583831088,61.958994481172454,54.673899588577555,5.987812027231374,10,0.8513128401595491
anti_reasons,01101101101101101100110111101101101100110110111100111101101101101101100111101100111100111101100111100111100110111100110110110110110110110110110110011011001100110110011000011000110110110001100110001101100110110011011011011011011011011011011011110110001111011000110011110011011000111100110110001100011001101100000110001101101101100111100110110001100001100110110011011001100110001100110011001101111011011011011011011001101101100011011011001100110110110110011011011,76.12389500533382,61.68049132306736,54.242164780522984,6.136973049033514,10,0.8513205175677074
anti_reasons,01101101101101101100110111101101101100110110111100111101101100111101100111101100111100111101100111100111100110111100110110110110110110110110110110011011001100110110011000011000110110110001100110001101100110110011011011011011011011011011011011110110001111011000110011110011011000111100110110001100110001101100000110001101101101100111100110110001100001100110110011011001100110001100110011001101111011011011011011011001101101100011011011001100110110110110011011011,76.11483451259441,62.418670088650344,55.628673636830726,5.812151116984973,10,0.851338213842589
anti_reasons,01111011011001101100110110110110111101100110110110110110111101101100111100111100111101100110110110110110110110110110110110110110110110110110110011011001101111001101100011000110001101100110001101100011011001100110011011011011011011011011011011011110110001100110110110110110011011000110110000110011110001111000000111100001111011001101100110111100000001111001100011011001101100001101101100001111011011011001111011000110110110110001111000110110011011011011011110011,76.10931500165148,66.95443591015534,62.993507396929964,3.65829476511501,10,0.8513489941373995
anti_reasons,01101101101101101100110111101101101100110110111100111101101101101101100111101100111100111101100111100111100110111100110110110110110110110110110110011011001100110110011000011000110110110001100110001101100110110011011011011011011011011011011011110110001111011000110011110011011000111100110011001100110001101100000110001101101101100111100110110001100001100110110011011001100110001100110011001101111011011011011011011001101101100011011011001100110110110110011011011,76.10762462745323,61.675017734760935,54.235364543986165,6.133418484541238,10,0.8513522956495054
anti_reasons,01101101101101101100110111101101101100110110111100111101101101101101100111101100111100111101100111100111100110111100110110110110110110110110110110011011001100110110011000011000110110110001100110001101100110110011011011011011011011011011011011110110001111011000110011110011011000111100110110000110110001101100000110001101101101100111100110110001100001100110110011011001100110001100110011001101111011011011011011011001101101100011011011001100110110110110011011011,76.10493090477769,61.67070361238552,54.232179055033185,6.133504514215295,10,0.8513575568266061
anti_reasons,01101101101101101100110111101101101100110110111100111101101101101101100111101100111100111101100111100111100110111100110110110110110110110110110110011011001100110110011000011000110110110001100110011001100110110011011011011011011011011011011011110110001111011000110011110011011000111100110110001100110001101100000110001101101101100111100110110001100001100110110011011001100110001100110011001101111011011011011011011001101101100011011011001100110110110110011011011,76.10060628425148,62.0059376597614,54.7536726806015,5.963951805160477,10,0.8513660033510713
anti_reasons,01101101101101100110110111101101101101101101101100111101101100111100110111101101100110111100110111101101101101101100110110110110110110110110110011011001101100110110001101100001100110110001100110001101100110110110011011011011011011011011011011011110011001111000110110011110001101101100011011000110110001101100000110110001101101100110110110110001100001100110110011011000110110011000110011001101111011011011011011011001101101100011011011001100110110110110011011011,76.08341344860474,60.23892902124148,52.75290421526195,6.8162191445571,10,0.8513995831081939
anti_reasons,01101101101101101100110111101101101100110110111100111101101101101101100111101100111100111101100111100110110110111100110110110110110110110110110110011011001100110110011000011000110110110001100110001101100110110011011011011011011011011011011011110110001111011000110011110011011000111100110110001100110001101100000110001101101101100111100110110001100001100110110011011001100110001100110011001101111011011011011011011001101101100011011011001100110110110110011011011,76.05066164763585,62.019014975573306,54.72237637101061,5.968664836265418,10,0.8514635514694613
anti_reasons,01101101101101101100110111101101101100110110111100111101101101101101100111101100111100111101100111100111100110111100110110110110110110110110110110011011001100110110011000011000110110110001100110001101100110110110011011011011011011011011011011110110001111011000110011110011011000111100110110001100110001101100000110001101101101100111100110110001100001100110110011011001100110001100110011001101111011011011011011011001101101100011011011001100110110110110011011011,76.03504132445661,61.956815995126234,54.719391399219404,5.962462443309258,10,0.8514940599131706
anti_reasons,01101101101101101100110111101101101100110110110111101100111101101100110110111100111101101101100111101100111101100110110110110110110110110110110011011001101100110110110001100000110110011000110110001101100110110110011011011011011011011011011011011011011001111001100110110011011001100110011110001100011011000110000110110001101100110110110110110001100001100110011011011001100110001100110011001101111011011011011011011001101101100011011011001100110110110110011011011,76.03327805942826,61.11268304550496,54.63378812349151,6.168088593870894,10,0.8514975037901792
anti_reasons,01111011011001101100110110110110111101100110110110110110111101101100111100111100111101101100110110110110110110110110110110110110110110110110110011011001101111001101100011000110001101100110001101100011011001100110011011011011011011011011011011011110110001100110110110110110011011000110110000110011110001111000000111100001111011000111100110111100000001111001100011011011001100001101101100001111011011011001111011000110110110110001111000110110011011011011011110011,76.03061045354931,67.02432927687184,63.40365694388276,3.5326231955618623,10,0.8515027139579114
anti_reasons,01101101101101101100110111101101101100110110111100111101101101101101100111101100111100111101100111100111100110111100110110110110110110110110110110011011001100110110011000011000110110110001100110001101101100110011011011011011011011011011011011110110001111011000110011110011011000111100110110001100110001101100000110001101101101100111100110110001100001100110110011011001100110001100110011001101111011011011011011011001101101100011011011001100110110110110011011011,76.02116938604473,61.96111824119058,54.68840292249335,5.963539674950293,10,0.8515211535428814
anti_reasons,01111011011001101100110110110110111100110110110110110110111101101100111100111100111101100110110110110110110110110110110110110110110110110110110011011001101111001101100011000110001101100110001101100011011001100110011011011011011011011011011011011110110001100110110110110110011011000110110000110011110001111000000111100001111011001101100110111100000001111001100011011011001100001101101100001111011011011001111011000110110110110001111000110110011011011011011110011,76.00592171787157,66.53429443408127,62.28233853361849,3.7756958283466684,10,0.8515509341447821
anti_reasons,01101101101101101100110111101101101100110110111100111101101101101101100110111100111100111101100111100111100110111100110110110110110110110110110110011011001100110110011000011000110110110001100110001101100110110011011011011011011011011011011011110110001111011000110011110011011000111100110110001100110001101100000110001101101101100111100110110001100001100110110011011001100110001100110011001101111011011011011011011001101101100011011011001100110110110110011011011,75.96708299988782,61.98865225952509,55.11786241269685,5.900634362565305,10,0.8516267910158442
anti_reasons,01101101101101101100110111101101101100110110111100111101101101101101100111101100111100110111100111100111100110111100110110110110110110110110110110011011001100110110011000011000110110110001100110001101100110110011011011011011011011011011011011110110001111011000110011110011011000111100110110001100110001101100000110001101101101100111100110110001100001100110110011011001100110001100110011001101111011011011011011011001101101100011011011001100110110110110011011011,75.96701984150157,61.92349850441262,54.858085424400954,5.955390149892727,10,0.8516269143720673
anti_reasons,01101101101101101100110111101101101100110110111100111101101101101101100111101100111100111101100110110111100110111100110110110110110110110110110110011011001100110110011000011000110110110001100110001101100110110011011011011011011011011011011011110110001111011000110011110011011000111100110110001100110001101100000110001101101101100111100110110001100001100110110011011001100110001100110011001101111011011011011011011001101101100011011011001100110110110110011011011,75.96139926791273,61.88879290507858,54.655623599891825,5.9848020543963,10,0.851637892054858
anti_reasons,01111001111001101100110110110110111101100110110110110110111101101100111100111100111101100110110110110110110110110110110110110110110110110110110011011001101111001101100011000110001101100110001101100011011001100110011011011011011011011011011011011110110001100110110110110110011011000110110000110011110001111000000111100001111011001101100110111100000001111001100011011011001100001101101100001111011011011001111011000110110110110001111000110110011011011011011110011,75.9536636908364,67.0320049156814,63.16322774031415,3.587958549241435,10,0.8516530006038352
anti_reasons,01101101101101101100110111101101101100110110111100111101101101101100110111101100111100111101100111100111100110111100110110110110110110110110110110011011001100110110011000011000110110110001100110001101100110110011011011011011011011011011011011110110001111011000110011110011011000111100110110001100110001101100000110001101101101100111100110110001100001100110110011011001100110001100110011001101111011011011011011011001101101100011011011001100110110110110011011011,75.94828399969767,62.019438126555976,55.27129867082387,5.859609542232962,10,0.8516635078130905
anti_reasons,01101101101101101100110111101101101100110110111100111101101101101101100111101100111100111100110111100111100110111100110110110110110110110110110110011011001100110110011000011000110110110001100110001101100110110011011011011011011011011011011011110110001111011000110011110011011000111100110110001100110001101100000110001101101101100111100110110001100001100110110011011001100110001100110011001101111011011011011011011001101101100011011011001100110110110110011011011,75.92960845181737,61.84422280317831,54.74035835999405,5.976603283922288,10,0.8516999834925442
anti_reasons,01101101101101101100110111101101101100110110111100111101101101101101100111100110111100111101100111100111100110111100110110110110110110110110110110011011001100110110011000011000110110110001100110001101100110110011011011011011011011011011011011110110001111011000110011110011011000111100110110001100110001101100000110001101101101100111100110110001100001100110110011011001100110001100110011001101111011011011011011011001101101100011011011001100110110110110011011011,75.8759498309024,61.78725045116742,54.73495805783776,5.971838933081917,10,0.8518047854865187
anti_reasons,01111011011001101100110110110110111101100110110110110110111101101100111100111100111100110110110110110110110110110110110110110110110110110110110011011001101111001101100011000110001101100110001101100011011001100110011011011011011011011011011011011110110001100110110110110110011011000110110000110011110001111000000111100001111011001101100110111100000001111001100011011011001100001101101100001111011011011001111011000110110110110001111000110110011011011011011110011,75.81168951608403,66.60617717793129,62.411013492326596,3.7557587598739985,10,0.8519302939138984
anti_reasons,01111011011001101100110110110110111101100110110110110110111101101100111100111100111101100110110110110110110110110110110110110110110110110110110011011001101111001101100011000110001101100110001101100011011001100110011011011011011011011011011011011110110001100110110110110110011011000110110000110011110001111000000111100001111011001101100110111100000001111001100011011011001100001101101100001111011011011001111011000110110110110011011000110110011011011011011110011,75.75571098014814,66.57669205564045,62.49854075874287,3.6789866706958647,10,0.8520396269918982
anti_reasons,01111011011001101100110110110110111101100110110110110110111100111100111100111100111101100110110110110110110110110110110110110110110110110110110011011001101111001101100011000110001101100110001101100011011001100110011011011011011011011011011011011110110001100110110110110110011011000110110000110011110001111000000111100001111011001101100110111100000001111001100011011011001100001101101100001111011011011001111011000110110110110001111000110110011011011011011110011,75.73790023684491,66.92381752349226,62.93978382119473,3.739339067020203,10,0.8520744135999123
anti_reasons,01111011011001101100110110110110111101100110110110110110111101101100111100111100111101100110110110110110110110110110110110110110110110110110110110011001101111001101100011000110001101100110001101100011011001100110011011011011011011011011011011011110110001100110110110110110011011000110110000110011110001111000000111100001111011001101100110111100000001111001100011011011001100001101101100001111011011011001111011000110110110110001111000110110011011011011011110011,75.72383748815783,66.41972308394668,62.37795716629234,3.739921291593433,10,0.8521018799059418
anti_reasons,01111011011001101100110110110110111101100110110110110110111101101100111100111100111101100110110110110110110110110110110110110110110110110110110011011001101111001101100011000110001101100110001101100011011001100110011011011011011011011011011011011110110001100110110110110110011011000110110000110011110001111000000111100001111011001101100110111100000001111001100011011011001100001101101100001111011011011001111011001100110110110001111000110110011011011011011110011,75.6036382382962,66.32752196723847,62.32110371355709,3.698903189231658,10,0.8523366440658278
anti_reasons,01111011011001101100110110110110111101100110110110110110111101101100111100111100111101100110110110110110110110110110110110110110110110110110110011011001101111001101100011000110001101100110001101100011011001100110011011011011011011011011011011011110110001100110110110110110011011000110110000110011110001111000000111100001111011001101100110111100000001111001100011011011000110001101101100001111011011011001111001100110110110110001111000110110011011011011011110011,75.58287425859942,67.02590936871265,63.602082060724406,3.368821841323864,10,0.852377198713673
anti_reasons,01111011011001101100110110110110111101100110110110110110111101101100111100111100111101100110110110110110110110110110110110110110110110110110110011011001101111001101100011000110001101100110001101100011011001100110011011011011011011011011011011011110110001100110110110110110011011000110110000110011110001111000000111100001111011001101100110111100000001111001100011011011001100001101101100001111011011011001111011000110110110110001111001100110011011011011011110011,75.54579684021789,66.35618058297142,62.284631027942304,3.6636421340300536,10,0.8524496155464494
anti_reasons,01111011011001101100110110110110111101100110110110110110111101101100111100111100111101100110110110110110110110110110110110110110110110110110110011011001101111001101100011000110001101100110001101100011011001100110011011011011011011011011011011011110110001100110110110110110011011000110110000110011110001111000000111100001101111001101100110111100000001111001100011011011001100001101101100001111011011011001111011000110110110110001111000110110011011011011011110011,75.5455749530481,66.48140729625915,62.70384094789619,3.5941020525823326,10,0.8524500489198279
anti_reasons,01101101101101100110110111101101101101100110111101101101101101101101100110110111100110111101100111100110110111101100110110110110110110110110110011011001101101100110110000110000110110011000110110001101101100110110011011011011011011011011011011011110110011001100110110110011011001101100110000111100011001101100000111100001101100110110110110110001100001100110011011011001100110001100110011001101111011011011011011011001101101100011011011001100110110110110011011011,75.5118614196956,60.44426569284015,53.74461679186951,6.4765828471052025,10,0.852515895664657
anti_reasons,01111011011001101100110110110110111101100110110110110110111101101100111100111100111101100110110110110110110110110110110110110110110110110110110011011001101111001101100011000110001101100110001101100011011001100110011011011011011011011011011011011011110001100110110110110110011011000110110000110011110001111000000111100001111011001101100110111100000001111001100011011011001100001101101100001111011011011001111011000110110110110001111000110110011011011011011110011,75.50318092824712,66.35376979362358,62.29682283701403,3.6688787401948098,10,0.8525328497495174
anti_reasons,01111011011001101100110110110110111101100110110110110110111101101100111100111100111101100110110110110110110110110110110110110110110110110110110011011001101111001101100011000110001101100110001101100011011001100110011011011011011011011011011011011110110001100110110011110110011011000110110000110011110001111000000111100001111011001101100110111100000001111001100011011011001100001101101100001111011011011001111011000110110110110001111000110110011011011011011110011,75.48927609050251,66.39703795855328,62.39816371270184,3.644801694984942,10,0.8525600076357372
anti_reasons,01111011011001101100110110110110111101100110110110110110111101101100111100111100111101100110110110110110110110110110110110110110110110110110110011011001101111001101100011000110001101100110001101100011011001100110011011011011011011011011011011011110110001100110110110110110011011000110110000110011110001111000000111100001111011001100110110111100000001111001100011011011001100001101101100001111011011011001111011000110110110110001111000110110011011011011011110011,75.465365710714,66.38026180706854,62.54469451174899,3.6040200951531447,10,0.8526067075962618
anti_reasons,01111011011001101100110110110110111101100110110110110110111101101100111100111100111101100110110110110110110110110110110110110110110110110110110011011001101111001101100011000110001101100110001101100011011001100110011011011011011011011011011011011110110001100110110110110011011011000110110000110011110001111000000111100001111011001101100110111100000001111001100011011011001100001101101100001111011011011001111011000110110110110001111000110110011011011011011110011,75.46157175931582,66.39323800029048,62.42448545395295,3.634017908231553,10,0.8526141176575863
anti_reasons,01111011011001101100110110110110111101100110110110110110111101101100111100111100111101100110110110110110110110110110110110110110110110110110110011011011001111001101100011000110001101100110001101100011011001100110011011011011011011011011011011011110110001100110110110110110011011000110110000110011110001111000000111100001111011001101100110111100000001111001100011011011001100001101101100001111011011011001111011000110110110110001111000110110011011011011011110011,75.45970907426835,66.2183956576635,62.195019924423,3.707568451369773,10,0.8526177557143196
anti_reasons,01111011011001101100110110110110111101100110110110110110111101101100111100111100111101100110110110110110110110110110110110110110110110110110110011011001101111001101100011000110001101100110001101100011011001100110011011011011011011011011011011011110110001100110110110110110011011000110011000110011110001111000000111100001111011001101100110111100000001111001100011011011001100001101101100001111011011011001111011000110110110110001111000110110011011011011011110011,75.43930364612679,66.37020567260387,62.44453122870248,3.6240631033882167,10,0.8526576100661586
anti_reasons,01111011011001101100110110110110111101100110110110110110111101101100111100111100111101100110110110110110110110110110110110110110110110110110110011011001101111001101100011000110001101100110001101100011011001100110011011011011011011011011011011011110110001100110110110011110011011000110110000110011110001111000000111100001111011001101100110111100000001111001100011011011001100001101101100001111011011011001111011000110110110110001111000110110011011011011011110011,75.43486253383958,66.35064162323104,62.361727008557644,3.639981037707058,10,0.8526662841135946
anti_reasons,01111011011001101100110110110110111101100110110110110110111100111100110111100111101100110111100111101101100110110110110110110110110110110110110110011011001111001101100011000110001101100110001101100011011001100110011011011011011011011011011011011110110011011001100011110011110011000011110110000110110001111000000110011001101100110110110110110011000110011000011011110011000110110011001100110011011011011001111011000110110110110011011000110011011011011011011110011,75.40334588716954,66.55521450137687,62.227408414252366,3.970686265786826,10,0.8527278400641221
anti_reasons,01111011011001101100110110110110111101100110110110110110111101101100110110111100111101100110110110110110110110110110110110110110110110110110110011011001101111001101100011000110001101100110001101100011011001100110011011011011011011011011011011011110110001100110110110110110011011000110110000110011110001111000000111100001111011001101100110111100000001111001100011011011001100001101101100001111011011011001111011000110110110110001111000110110011011011011011110011,75.40098085530313,66.50341426350094,62.33547966055489,3.6900388118874607,10,0.852732459266986
anti_reasons,01101101101101101100110111101101101100110110111100111101101101101101100111101100110110111101100111100111100110111100110110110110110110110110110110011011001100110110011000011000110110110001100110001101100110110011011011011011011011011011011011110110001111011000110011110011011000111100110110001100110001101100000110001101101101100111100110110001100001100110110011011001100110001100110110001101111011011011011011011001101101100011011011001100110110110110011011011,75.40030586443208,61.47734595960192,54.51553494434303,5.9130986132724965,10,0.8527337776085311
anti_reasons,01111011011001101100110110110110111101100110110110110110111101101100111100111100111101100110110110110110110110110110110110110110110110110110110011011001101111001101100011000110001101100110001101100011011001100110011011011011011011011011011011011110110001100110110110110110011011000110110000110011110001111000000111100001111011001101100110110110000001111001100011011011001100001101101100001111011011011001111011000110110110110001111000110110011011011011011110011,75.38789372429812,66.35500829659625,62.576262246470186,3.5734116759830106,10,0.8527580200697302
anti_reasons,01111001111001100110110110110110111100110110110110110110111100111100111100110110111100110111100110111100110110110110110110110110110110110110110110011001101111001101100011000110001101100110001101100011011001100110011011011011011011011011011011011110110011011000110011110110011001101100110110001100011001101100001100011001111011001100111100111100000001111000011110011110000110001101101100110011011011011001111011001100110110110011011001100011011011011011011110011,75.38293606175158,65.69909944352437,60.87727878797938,4.20618031329657,10,0.8527677030043914
anti_reasons,01111011011001101100110110110110111101100110110110110110111100111100110111100111101100110111100111101101100110110110110110110110110110110110110110011011001111001101100011000110001101100110001101100011011001100110011011011011011011011011011011011110110011011001100011110011110011000011110110000011110001111000000110011001101101100110110110110011000110011000011011110011000110110011001100110011011011011001111011000110110110110011011000110011011011011011011110011,75.36929152236812,66.52469948247565,62.20130385167851,3.9791788069496423,10,0.8527943524953747
anti_reasons,01111011011001101100110110110110111101100110110110110110111101101100111100111100111101100110110110110110110110110110110110110110110110110110110011011001101111001101100011000110001101100110001101100011011001100110011011011011011011011011011011011110110001100110110110110110011011000110110000110011110001111000000110110001111011001101100110111100000001111001100011011011001100001101101100001111011011011001111011000110110110110001111000110110011011011011011110011,75.36448944448108,66.25861247479648,62.413122417714405,3.620615391603004,10,0.8528037315537479
anti_reasons,01111011011001101100110110110110111101100110110110110110111101101100111100111100111101100110110110110110110110110110110110110110110110110110110011011001101111001101100011000110001101100110001101100011011001100110011011011011011011011011011011011110110001100110110110110110011011000110110000110011110001111000000111100001111011001101100110111100000001111000110011011011001100001101101100001111011011011001111011000110110110110001111000110110011011011011011110011,75.36120692489204,66.35485768217711,62.587797937784934,3.5520613585381486,10,0.8528101427248203
anti_reasons,01111011011001101100110110110110111101100110110110110110111100111100110111100111101100110111100111101101100110110110110110110110110110110110110110011011001111001101100011000110001101100110001101100011011001100110011011011011011011011011011011011110110011011001100011110011110011000011110110000110110001111000000110001101101101100110110110110011000110011000011011110011000110110011001100110011011011011001111011000110110110110011011000110011011011011011011110011,75.36019173521521,66.49904774814753,62.18716917361575,3.9748306047022175,10,0.8528121255171578
anti_reasons,01111001111001100110110110110110111100110110110110110110111100111100111100110110111100110111100110111100110110110110110110110110110110110110110110011001101111001101100011000110001101100110001101100011011001100110011011011011011011011011011011011110110011011000110011110110011001101100110110001100011001101100001100011001111011001100111100111100000001111000011110011110000110011000111100110011011011011001111011001100110110110011011001100011011011011011011110011,75.35778186415851,65.64290501833173,60.80276151636573,4.221462460050509,10,0.8528168322965655
anti_reasons,01111011011001101100110110110110111101100110110110110110111101101100111100111100111101100110110110110110110110110110110110110110110110110110110011011001101111001101100011000110001101100110001101100011011001100110011011011011011011011011011011011110110001100110110110110110011011000110110000110011110001111000000111100001111001101101100110111100000001111001100011011011001100001101101100001111011011011001111011000110110110110001111000110110011011011011011110011,75.35577019089864,66.25488260228039,62.41277309421438,3.6199180135539435,10,0.8528207613459011
anti_reasons,01111011011001101100110110110110111101100110110110110110111101101100111100111100111101100110110110110110110110110110110110110110110110110110110011011001101111001101100011000110001101100110001101100011011001100110011011011011011011011011011011011110110001100110110110110110011001100110110000110011110001111000000111100001111011001101100110111100000001111001100011011011001100001101101100001111011011011001111011000110110110110001111000110110011011011011011110011,75.35513968413929,66.28188219084865,62.37144156990128,3.6299038805539077,10,0.8528219928044154
anti_reasons,01111011011001101100110110110110111101100110110110110110111101101100111100111100111101100110110110110110110110110110110110110110110110110110110011011001101111001101100011000110001101100110001101100011011001100110011011011011011011011011011011011110110001100110110110110110011011000110110000110011110001111000000111100001111011001101100110111100000001101101100011011011001100001101101100001111011011011001111011000110110110110001111000110110011011011011011110011,75.35491062082085,66.3169363123219,62.53038354664197,3.5701863915065393,10,0.8528224401937092
anti_reasons,01111011011001101100110110110110111101100110110110110110111101101100111100111100111101100110110110110110110110110110110110110110110110110110110011011001101111001101100011000110001101100110001101100011011001100110011011011011011011011011011011011110110001100110110110110110011011000110110000110011110001111000000111100001111011001101100110111100000001111001100011011011001100001101100110001111011011011001111011000110110110110001111000110110011011011011011110011,75.35449491942417,66.4104338231475,62.69897269068241,3.5251743880357895,10,0.8528232521104997
anti_reasons,01111011011001101100110110110110111101100110110110110110111101101100111100111100111101100110110110110110110110110110110110110110110110110110110011011001101111001101100011000110001101100110001101100011011001100110011011011011011011011011011011011110011001100110110110110110011011000110110000110011110001111000000111100001111011001101100110111100000001111001100011011011001100001101101100001111011011011001111011000110110110110001111000110110011011011011011110011,75.34443025489298,66.2043040282938,62.203589759443624,3.658826325378372,10,0.8528429096584121
anti_reasons,01111011011001101100110110110110111101100110110110110110111101101100111100111100111101100110110110110110110110110110110110110110110110110110110011011001101111001101100011000110001101100110001101100011011001100110011011011011011011011011011011011110110001100110110110110110011011000110110000110011110001101100000111100001111011001101100110111100000001111001100011011011001100001101101100001111011011011001111011000110110110110001111000110110011011011011011110011,75.3348201886045,66.24667365701706,62.36963708430751,3.6209399152183903,10,0.8528616793191318
anti_reasons,01111011011001101100110110110110111101100110110110110110111101101100111100110110111101100110110110110110110110110110110110110110110110110110110011011001101111001101100011000110001101100110001101100011011001100110011011011011011011011011011011011110110001100110110110110110011011000110110000110011110001111000000111100001111011001101100110111100000001111001100011011011001100001101101100001111011011011001111011000110110110110001111000110110011011011011011110011,75.32303182394091,66.29239788600934,62.20071206515147,3.670262074573337,10,0.8528847034688654
anti_reasons,01111001111001100110110110110110111100110110110110110110111100111100111100110110111100110111100110111100110110110110110110110110110110110110110110011001101111001101100011000110001101100110001101100011011001100110011011011011011011011011011011011110110011011000110011110110011001101100110110001100001101101100001100011001111011001100111100111100000001111000011110011110000110011001101100110011011011011001111011001100110110110011011001100011011011011011011110011,75.30905183400502,65.49742634777597,60.48631057091582,4.322707324965472,10,0.852912008136709
anti_reasons,01111001111001100110110110110110111100110110110110110110111100111100111100110110111100110111100110111100110110110110110110110110110110110110110110011001101111001101100011000110001101100110001101100011011001100110011011011011011011011011011011011110110011011000011011110110011001101100110110001100011001101100001100011001111011001100111100111100000001111000011110011110000110011001101100110011011011011001111011001100110110110011011001100011011011011011011110011,75.30299672654202,65.48541850609493,60.43303126220024,4.335241588892972,10,0.8529238345184726
anti_reasons,01111001111001100110110110110110111100110110110110110110111100111100111100110110111100110111100110111100110110110110110110110110110110110110110110011001101111001101100011000110001101100110001101100011011001100110011011011011011011011011011011011110110011011000110011110110011001101100110110001100011001101100001100001101111011001100111100111100000001111000011110011110000110011001101100110011011011011001111011001100110110110011011001100011011011011011011110011,75.29358768119351,65.46094619654768,60.45564361900921,4.323791520849727,10,0.8529422115601689
anti_reasons,01111011011001101100110110110110111101100110110110110110111101101100111100111100111101100110110110110110110110110110110110110110110110110110110011011001101111001101100011000110001101100110001101100011011001100110011011011011011011011011011011011110110001100110110110110110011011000110110000110011011001111000000111100001111011001101100110111100000001111001100011011011001100001101101100001111011011011001111011000110110110110001111000110110011011011011011110011,75.28481453235963,66.18563875790927,62.25978386531374,3.63180793693615,10,0.8529593466164851
anti_reasons,01111001111001100110110110110110111100110110110110110110111100111100111100110110111100110111100110111100110110110110110110110110110110110110110110011001101111001101100011000110001101100110001101100011011001100110011011011011011011011011011011011110110011011000110011110110011000111100110110001100011001101100001100011001111011001100111100111100000001111000011110011110000110011001101100110011011011011001111011001100110110110011011001100011011011011011011110011,75.26588045253557,65.43876231113296,60.38321809760951,4.334061322266434,10,0.8529963272411415
anti_reasons,01111011011001101100110110110110111101100110110110110110111100111100110111100111101100110111100111101101100110110110110110110110110110110110110110011011001111001101100011000110001101100110001101100011011001100110011011011011011011011011011011011110110011011001100011110011110011000011110110000110110001111000000110011001101101100110110110110001100110011000011011110011000110110011001100110011011011011001111011000110110110110011011000110011011011011011011110011,75.24437296359079,66.37475019468404,62.099407792597546,3.9774994677562328,10,0.8530383340554868
anti_reasons,01111001111001100110110110110110111100110110110110110110111100111100111100110110111100110111100110111100110110110110110110110110110110110110110110011001101111001101100011000110001101100110001101100011011001100110011011011011011011011011011011011110110011011000110011110110001101101100110110001100011001101100001100011001111011001100111100111100000001111000011110011110000110011001101100110011011011011001111011001100110110110011011001100011011011011011011110011,75.2389783729029,65.40049597502525,60.344748147880644,4.335385439717276,10,0.853048870365424
anti_reasons,01111011011001101100110110110110111101100110110110110110111100111100110111100111101100110111100111101101100110110110110110110110110110110110110110011011001111001101100011000110001101100110001101100011011001100110011011011011011011011011011011011110110011011001100011110011110011000011110110000110110001111000000110011001101101100110110110110011000110011000011011110001100110110011001100110011011011011001111011000110110110110011011000110011011011011011011110011,75.22950304977672,66.35040975501704,62.064013231841066,3.9835786490519904,10,0.8530673768559048
anti_reasons,01111011011001101100110110110110111101100110110110110110111100111100110111100111101100110111100111101101100110110110110110110110110110110110110110011011001111001101100011000110001101100110001101100011011001100110011011011011011011011011011011011110110011011001100011110011110011000011110110000110110001111000000110011001101101100110110110110011000110011000011011110011000110011011001100110011011011011001111011000110110110110011011000110011011011011011011110011,75.21171643701686,66.3101715374167,62.02857032429184,3.995989431694154,10,0.8531021163339514
anti_reasons,01111001111001100110110110110110111100110110110110110110111100111100111100110110111100110111100110111100110110110110110110110110110110110110110110011001101111001101100011000110001101100110001101100011011001100110011011011011011011011011011011011110110011011000110011110110011001101100110110001100011001100110001100011001111011001100111100111100000001111000011110011110000110011001101100110011011011011001111011001100110110110011011001100011011011011011011110011,75.15247899543009,65.29582657928661,60.259111810102546,4.339339042042192,10,0.8532178144620506
anti_reasons,01111011011001101100110110110110111100110110110110110110111100111100110111100111101100110111100111101101100110110110110110110110110110110110110110011011001111001101100011000110001101100110001101100011011001100110011011011011011011011011011011011110110011011001100011110011110011000011110110000110110001111000000110011001101101100110110110110011000110011000011011110011000110110011001100110011011011011001111011000110110110110011011000110011011011011011011110011,75.12610976599682,65.93026827894298,62.032397553917,4.0009825307991145,10,0.8532693168632874
anti_reasons,01111011011001101100110110110110111101100110110110110110111100111100110111100111101100110111100111101101100110110110110110110110110110110110110110011011001111001101100011000110001101100110001101100011011001100110011011011011011011011011011011011110110011011001100110110011110011000011110110000110110001111000000110011001101101100110110110110011000011011000011011110011000110110011001100110011011011011001111011000110110110110011011000110011011011011011011110011,75.0969387312945,66.25930119587294,62.23858627562572,3.890554785377552,10,0.8533262915404405
anti_reasons,01111011011001101100110110110110111101100110110110110110111100111100110111100111101100110111100111101100110110110110110110110110110110110110110110011011001111001101100011000110001101100110001101100011011001100110011011011011011011011011011011011110110011011001100011110011110011000011110110000110110001111000000110011001101101100110110110110011000110011000011011110011000110110011001100110011011011011001111011000110110110110011011000110011011011011011011110011,75.08421191356923,65.92013625527693,61.495208333283294,4.093161283788529,10,0.8533511486063101
anti_reasons,01111001111001100110110110110110111100110110110110110110111100111100111100110110111100111101100110111100110110110110110110110110110110110110110110011001101111001101100011000110001101100110001101100011011001100110011011011011011011011011011011011110110011011000110011110110011001101100110110001100011001101100001100011001111011000110111100111100000001111000011110011110000110011001101100110011011011011001111011001100110110110011011001100011011011011011011110011,75.08419444765285,65.3822015701337,60.69856714302394,4.214188505249602,10,0.853351182719428
anti_reasons,01111001111001101100110110110110111101100110110110110110111100111100110111100111101100110111100111101101100110110110110110110110110110110110110110011011001111001101100011000110001101100110001101100011011001100110011011011011011011011011011011011110110011011001100011110011110011000011110110000110110001111000000110011001101101100110110110110011000110011000011011110011000110110011001100110011011011011001111011000110110110110011011000110011011011011011011110011,75.07385173896162,66.4279787605431,61.40086464840595,3.993703358879796,10,0.8533713833223406
anti_reasons,01111011011001101100110110110110111101100110110110110110111100111100110111100111100111100111100111101101100110110110110110110110110110110110110110011011001111001101100011000110001101100110001101100011011001100110011011011011011011011011011011011110110011011001100011110011110011000011110110000110110001111000000110011001101101100110110110110011000110011000011011110011000110110011001100110011011011011001111011000110110110110011011000110011011011011011011110011,74.92615995732798,66.1405478253902,61.95242921792465,3.929445056651324,10,0.8536598438333438
anti_reasons,01111011011001101100110110110110111101100110110110110110111100111100110111100111101100110111100111100111100110110110110110110110110110110110110110011011001111001101100011000110001101100110001101100011011001100110011011011011011011011011011011011110110011011001100011110011110011000011110110000110110001111000000110011001101101100110110110110011000110011000011011110011000110110011001100110011011011011001111011000110110110110011011000110011011011011011011110011,74.92094671659518,65.82440991885254,61.40139279478117,4.073490011877313,10,0.8536700259441501
anti_reasons,01111011011001100110110110110110111100110110110110110110111100111100111101101100111100110110111100111100110110110110110110110110110110110110110011011011001111001101100011000110001101100110001101100011011001100110011011011011011011011011011011110110110011000110110110011110001111001100011011001100011001101100001100110001111000110111101101100011000011011000011110011011001101100000110110011011011011011001111011000110110110110001111000110110011011011011011110011,74.89733244832672,65.20364966851089,60.93522110544151,3.9810513695572114,10,0.8537161475618619
anti_reasons,01111001111001100110110110110110111100110110110110110110111100111100111100110110111100110111100110110110110110110110110110110110110110110110110110011001101111001101100011000110001101100110001101100011011001100110011011011011011011011011011011011110110011011000110011110110011001101100110110001100011001101100001100011001111011001100111100111100000001111000011110011110000110011001101100110011011011011001111011001100110110110011011001100011011011011011011110011,74.85434266257349,64.7863083672527,59.5995240421015,4.433326844341446,10,0.8538001119871612
anti_reasons,01111011011001101100110110110110111101100110110110110110111100111100110111100111101100110111100110111101100110110110110110110110110110110110110110011011001111001101100011000110001101100110001101100011011001100110011011011011011011011011011011011110110011011001100011110011110011000011110110000110110001111000000110011001101101100110110110110011000110011000011011110011000110110011001100110011011011011001111011000110110110110011011000110011011011011011011110011,74.80381479904369,65.7899141847822,61.380780581596945,4.04713870795535,10,0.8538987992206177
anti_reasons,01111011011001101100110110110110111101100110110110110110111100111100110111100111101100110111100111101101100110110110110110110110110110110110110110011011001111001101100011000110001101100110001101100011011001100110011011011011011011011011011011011110110011011001100011110011110011000011110110000110110001111000000110011001101101100110110110110011000110011000011011110011000110110011001100110011011011011001111011000110110110110011011000110110011011011011011110011,74.77886719654104,65.88573548953622,61.939701738751836,3.964261117184374,10,0.8539475250067557
anti_reasons,01111011011001101100110110110110111101100110110110110110111100111100110111100111101100110111100111101101100110110110110110110110110110110110110110011011001111001101100011000110001101100110001101100011011001100110011011011011011011011011011011011110110011011001100011110011110011000011110110000110110001111000000110011001101101100110110110110011000110011000011011110011000110110011001100110011011011011001111011001100110110110011011000110011011011011011011110011,74.72382628642144,65.72349581210017,61.23966036366365,4.056247470051407,10,0.8540550267843331
anti_reasons,01111011011001101100110110110110111101100110110110110110111100111100110111100111101100110111100111101101100110110110110110110110110110110110110110011011001111001101100011000110001101100110001101100011011001100110011011011011011011011011011011011110110011011001100011110011110011000011110110000110110001111000000110011001101101100110110110110011000110011000011011011011000110110011001100110011011011011001111011000110110110110011011000110011011011011011011110011,74.71557462901298,66.15364527072259,62.56677908164303,3.7451290266279127,10,0.8540711433027091
anti_reasons,01111001111001100110110110110110111100110110110110110110111100111100111100110110111100110111100110111100110110110110110110110110110110110110110110011001101111001101100011000110001101100110001101100011011001100110011011011011011011011011011011011110110011011000110011110110011001101100110110001100011001101100001100011001111011001100111100111100000001111000011110011110000110011001101100110011011011011001111011001100110110110011011001100110011011011011011110011,74.71226314251935,64.84763393793637,59.63550372336853,4.317423011980226,10,0.8540776110497669
anti_reasons,01111001111001100110110110110110111100110110110110110110111101101101100111101100111100110110111101100110110110110110110110110110110110110110110110011011001111001101100011000110001101100110001101100011011001100110011011011011011011011011011011011011011011000111100110011110001111001100110011000011011011011000001100011011001101100111100111100110000001111001100110011011001100110000111100011011011011011001111011001100110110110001111000110110011011011011011110011,74.67312402958561,64.25449561647885,59.6147322264966,4.173719174573245,10,0.8541540546297156
anti_reasons,01111001111001101100110110110110111100110110110110110110111100111100111100110110111100110111100110111100110110110110110110110110110110110110110110011001101111001101100011000110001101100110001101100011011001100110011011011011011011011011011011011110110011011000110011110110011001101100110110001100011001101100001100011001111011001100111100111100000001111000011110011110000110011001101100110011011011011001111011001100110110110011011001100011011011011011011110011,74.67228899781239,65.04349529691204,60.025401057347246,4.3257294572046465,10,0.8541556855511476
anti_reasons,01111011011001101100110110110110111101100110110110110110111100111100110111100111101100110111100111101101100110110110110110110110110110110110110110011011001111001101100011000110001101100110001101100011011001100110011011011011011011011011011011011110110011011001100011110011110011000011110110000110110001111000000110011001101101100110110110110011000110011000011011110011000110110011001100110011011011011001111011000110110110110011011001100011011011011011011110011,74.66598488834313,65.75215442783312,61.38248104241616,4.00791350700979,10,0.8541679982649548
anti_reasons,01111001111001100110110110110110111101100110110110110110111100111100111100110110110110110111100110111100110110110110110110110110110110110110110110011001101111001101100011000110001101100110001101100011011001100110011011011011011011011011011011011110110011011000110011110110011001101100110110001100011001101100001100011001111011001100111100111100000001111000011110011110000110011001101100110011011011011001111011001100110110110011011001100011011011011011011110011,74.66532370151874,65.17432901764035,59.711353810757515,4.392657174759684,10,0.8541692896454712
anti_reasons,01111001111001100110110110110110111100110110110110110110111100111100111100110110111100110111100110111100110110110110110110110110110110110110110110011001101111001101100011000110001101100110001101100011011001100110011011011011011011011011011011011110110011011000110011110110011001101100110110001100011001101100001100011001111011001100110110111100000001111000011110011110000110011001101100110011011011011001111011001100110110110011011001100011011011011011011110011,74.64840641915232,64.93562101804449,60.17095984866662,4.241187779798062,10,0.8542023312125931
anti_reasons,01111011011001101100110110110110111101100110110110110110111100111100110111100111101100110111100111101101100110110110110110110110110110110110110110011011001111001101100011000110001101100110001101100011011001100110011011011011011011011011011011011011110011011001100011110011110011000011110110000110110001111000000110011001101101100110110110110011000110011000011011110011000110110011001100110011011011011001111011000110110110110011011000110011011011011011011110011,74.62336897637236,65.7497436384853,61.347839003233226,4.029867021473261,10,0.8542512324680227
anti_reasons,01111011011001101100110110110110111101100110110110110110111100111100110111100111101100110110110111101101100110110110110110110110110110110110110110011011001111001101100011000110001101100110001101100011011001100110011011011011011011011011011011011110110011011001100011110011110011000011110110000110110001111000000110011001101101100110110110110011000110011000011011110011000110110011001100110011011011011001111011000110110110110011011000110011011011011011011110011,74.62183604064516,65.74534408288193,61.34107656095545,4.021559022435144,10,0.8542542264831149
anti_reasons,01111001111001100110110110110110111100110110110110110110111100111100111100110110111100110111100110111100110110110110110110110110110110110110110110011001101111001101100011000110001101100110001101100011011001100110011011011011011011011011011011011110110011011000110011110110011001101100110110001100011001101100001100011001111011001100111100111100000001111000011011011110000110011001101100110011011011011001111011001100110110110011011001100011011011011011011110011,74.61508171970146,65.0312519841168,60.346254875568995,4.117906133549689,10,0.854267418516208
anti_reasons,01101101101101101100110111101101101101100110111101101100111100111100110110111101101100110110110111100110111100110110110110110110110110110110110110011011001100110110001100011001100110011000110110001101100110110110011011011011011011011011011011110110110001111001100110110011110000110110110001100110110011000011000110110001101101100110110110110001100001100110011011011000110110001100110011001101111011011011011011011001101101100011011011001100110110110110011011011,74.61497602557621,61.86238078171135,54.96153332208071,5.530616514530893,10,0.8542676249500465
anti_reasons,01111001111001100110110110110110111100110110110110110110111100111100111100110110111100110111100110111100110110110110110110110110110110110110110110011001101111001101100011000110001101100110001101100011011001100110011011011011011011011011011011011110110011011000110011110110011001101100110110001100011001101100001100011001101111001100111100111100000001111000011110011110000110011001101100110011011011011001111011001100110110110011011001100011011011011011011110011,74.59915894715165,64.839279589521,59.998751147037375,4.283516628169148,10,0.8542985176813445
anti_reasons,01111001111001100110110110110110111100110110110110110110111100111100111100110110111100110111100110111100110110110110110110110110110110110110110110011001101111001101100011000110001101100110001101100011011001100110011011011011011011011011011011011110110011011000110011110110011001101100110110001100011001101100000110011001111011001100111100111100000001111000011110011110000110011001101100110011011011011001111011001100110110110011011001100011011011011011011110011,74.59000893058516,64.8659692809442,60.02100408396735,4.274903402344334,10,0.8543163888074509
anti_reasons,01111011011001101100110110110110111101100110110110110110111100111100110111100111101100110111100111101101100110110110110110110110110110110110110110011011001111001101100011000110001101100110001101100011011001100110011011011011011011011011011011011110110001111001100011110011110011000011110110000110110001111000000110011001101101100110110110110011000110011000011011110011000110110011001100110011011011011001111011000110110110110011011000110011011011011011011110011,74.58456814642575,65.75041511108083,61.356005922472015,4.012926312535214,10,0.8543270153390122
anti_reasons,01111011011001101100110110110110111101100110110110110110111100111100110111100111101100110111100111101101100110110110110110110110110110110110110110011011001111001101100011000110001101100110001101100011011001100110011011011011011011011011011011011110110011011001100011110011110011000011011110000110110001111000000110011001101101100110110110110011000110011000011011110011000110110011001100110011011011011001111011000110110110110011011000110011011011011011011110011,74.55949169425203,65.76617951746559,61.38016700848828,3.9814667284722502,10,0.854375992784664
anti_reasons,01111001111001100110110110110110111100110110110110110110111100111100111100110110111100110111100110111100110110110110110110110110110110110110110110011001101111001101100011000110001101100110001101100011011001100110011011011011011011011011011011011011110011011000110011110110011001101100110110001100011001101100001100011001111011001100111100111100000001111000011110011110000110011001101100110011011011011001111011001100110110110011011001100011011011011011011110011,74.55676492235067,64.71164208688545,59.59173303615521,4.364385891554451,10,0.8543813185110338
anti_reasons,01111001111001100110110110110110111100110110110110110110111100111100111100110110111100110110110110111100110110110110110110110110110110110110110110011001101111001101100011000110001101100110001101100011011001100110011011011011011011011011011011011110110011011000110011110110011001101100110110001100011001101100001100011001111011001100111100111100000001111000011110011110000110011001101100110011011011011001111011001100110110110011011001100011011011011011011110011,74.55523198662347,64.70724253128206,59.56105542475331,4.378435056180511,10,0.854384312526126
anti_reasons,01111011011001101100110110110110111101100110110110110110111100111100110111100111101100110111100111101101100110110110110110110110110110110110110110011011001111001101100011000110001101100110001101100011011001100110011011011011011011011011011011011110110011011001100011011011110011000011110110000110110001111000000110011001101101100110110110110011000110011000011011110011000110110011001100110011011011011001111011000110110110110011011000110011011011011011011110011,74.55505058196482,65.74661546809276,61.359152111140126,3.9985531742676326,10,0.8543846668321
anti_reasons,01111011011001101100110110110110111101100110110110110110111100111100110110110111101100110111100111101101100110110110110110110110110110110110110110011011001111001101100011000110001101100110001101100011011001100110011011011011011011011011011011011110110011011001100011110011110011000011110110000110110001111000000110011001101101100110110110110011000110011000011011110011000110110011001100110011011011011001111011000110110110110011011000110011011011011011011110011,74.5417478408945,65.88977353922871,61.36037887332872,4.041023303452284,10,0.8544106487482529
anti_reasons,01111011011001101100110110110110111101100110110110110110111100111100110111100111101100110111100111101101100110110110110110110110110110110110110110011011001111001101100011000110001101100110001101100011011001100110011011011011011011011011011011011110110011011001100011110011110011000011110110000110110001111000000110011001101101100110110110110011000110011000011011110011000110110001101100110011011011011001111011000110110110110011011000110011011011011011011110011,74.53320787381111,65.92509458799596,61.97920366008794,3.8015568492776337,10,0.8544273283714627
anti_reasons,01111001111001100110110110110110111100110110110110110110111100111100111100110110111100110111100110111100110110110110110110110110110110110110110110011001101111001101100011000110001101100110001101100011011001100110011011011011011011011011011011011110110001111000110011110110011001101100110110001100011001101100001100011001111011001100111100111100000001111000011110011110000110011001101100110011011011011001111011001100110110110011011001100011011011011011011110011,74.51796409240406,64.71231355948098,59.621590470492784,4.347970626365598,10,0.8544571013820234
anti_reasons,01111011011001101100110110110110111101100110110110110110111100111100110111100111101100110111100111101101100110110110110110110110110110110110110110011011001111001101100011000110001101100110001101100011011001100110011011011011011011011011011011011110110011011001100011110011110011000011110110000110110001111000000110011001101101100110110110110011000110011000011011110011000110110011001100011011011011011001111011000110110110110011011000110011011011011011011110011,74.51796269500528,65.92410205585657,61.966612529127026,3.79551050637268,10,0.8544571041113178
anti_reasons,01111001111001100110110110110110111100110110110110110110111100111100111100110110111100110111100110111100110110110110110110110110110110110110110110011001101111001101100011000110001101100110001101100011011001100110011011011011011011011011011011011110110011011000110011110011011001101100110110001100011001101100001100011001111011001100111100111100000001111000011110011110000110011001101100110011011011011001111011001100110110110011011001100011011011011011011110011,74.51515575341936,64.75111029355233,59.71939565309413,4.33038671777716,10,0.8544625864191028
anti_reasons,01111001111001100110110110110110111100110110110110110110111100111100111100110110111100110111100110111100110110110110110110110110110110110110110110011011001111001101100011000110001101100110001101100011011001100110011011011011011011011011011011011110110011011000110011110110011001101100110110001100011001101100001100011001111011001100111100111100000001111000011110011110000110011001101100110011011011011001111011001100110110110011011001100011011011011011011110011,74.5132930683719,64.57626795092537,59.489930123564186,4.3891323143971235,10,0.8544662244758361
anti_reasons,01111001111001100110110110110110111100110110110110110110111100111100111100110110111100110111100110111100110110110110110110110110110110110110110110011001101111001101100011000110001101100110001101100011011001100110011011011011011011011011011011011110110011011000110011110110011001101100011110001100011001101100001100011001111011001100111100111100000001111000011110011110000110011001101100110011011011011001111011001100110110110011011001100011011011011011011110011,74.49288764023034,64.72807796586575,59.739441427843666,4.31659290008962,10,0.8545060788276752
anti_reasons,01111011011001101100110110110110111101100110110110110110111100111100110111100110111100110111100111101101100110110110110110110110110110110110110110011011001111001101100011000110001101100110001101100011011001100110011011011011011011011011011011011110110011011001100011110011110011000011110110000110110001111000000110011001101101100110110110110011000110011000011011110011000110110011001100110011011011011001111011000110110110110011011000110011011011011011011110011,74.4924131444973,65.74626400245762,61.310577690829554,4.009130781313745,10,0.8545070055771538
anti_reasons,01111001111001100110110110110110111100110110110110110110111100111100111100110110111100110111100110111100110110110110110110110110110110110110110110011001101111001101100011000110001101100110001101100011011001100110011011011011011011011011011011011110110011011000110011011110011001101100110110001100011001101100001100011001111011001100111100111100000001111000011110011110000110011001101100110011011011011001111011001100110110110011011001100011011011011011011110011,74.48844652794313,64.7085139164929,59.65663720769883,4.334329017149895,10,0.8545147528751111
anti_reasons,01111011011001101100110110110110111101100110110110110110111100111100110111100111101100110111100111101101100110110110110110110110110110110110110110011011001111001101100011000110001101100110001101100011011001100110011011011011011011011011011011011110110011011001100011110011110001100011110110000110110001111000000110011001101101100110110110110011000110011000011011110011000110110011001100110011011011011001111011000110110110110011011000110011011011011011011110011,74.47532773226453,65.67785603571035,61.281829868244465,3.9884289595393994,10,0.8545403755229208
anti_reasons,01111011011001101100110110110110111101100110110110110110111100111100110111100111101100110111100111101101100110110110110110110110110110110110110110011011001111001101100011000110001101100110001101100011011001100110011011011011011011011011011011011110110011011001100011110011110011000011110110000110110001111000000110011001101101100110110110110011000110001100011011110011000110110011001100110011011011011001111011000110110110110011011000110011011011011011011110011,74.47509866894609,65.7129101571836,61.65338564411332,3.8895382127498146,10,0.8545408229122147
anti_reasons,01111011011001101100110110110110111101100110110110110110111100111100110111100111101100110111100111101101100110110110110110110110110110110110110110011011001111001101100011000110001101100110001101100011011001100110011011011011011011011011011011011110110011011001100011110011110011000011110110000110110001111000000110011001101101100110110110110011000110011000011011110011000110110011000110110011011011011001111011000110110110110011011000110011011011011011011110011,74.47468296754941,65.8064076680092,61.9057124549557,3.8352641518451893,10,0.854541634829005
anti_reasons,01111011011001101100110110110110111101100110110110110110111100111100110111100111101100110111100111101101100110110110110110110110110110110110110110011011001111001101100011000110001101100110001101100011011001100110011011011011011011011011011011011110011011011001100011110011110011000011110110000110110001111000000110011001101101100110110110110011000110011000011011110011000110110011001100110011011011011001111011000110110110110011011000110011011011011011011110011,74.46461830301823,65.6002778731555,61.231317622980235,4.007865094188787,10,0.8545612923769175
anti_reasons,01111011011001101100110110110110111101100110110110110110111100111100110111100111101100110111100111101101100110110110110110110110110110110110110110011011001111001101100011000110001101100110001101100011011001100110011011011011011011011011011011011110110011011001100011110011110011000011110110000110110001101100000110011001101101100110110110110011000110011000011011110011000110110011001100110011011011011001111011000110110110110011011000110011011011011011011110011,74.45500823672974,65.64264750187876,61.29711128819963,3.967067071731023,10,0.8545800620376373
anti_reasons,01111001111001100110110110110110111100110110110110110110111100111100110110110110111100110111100110111100110110110110110110110110110110110110110110011001101111001101100011000110001101100110001101100011011001100110011011011011011011011011011011011110110011011000110011110110011001101100110110001100011001101100001100011001111011001100111100111100000001111000011110011110000110011001101100110011011011011001111011001100110110110011011001100011011011011011011110011,74.4545648494067,64.86128655676279,59.63038985969606,4.393863968212312,10,0.8545809280285026
anti_reasons,01111011011001101100110110110110111101100110110110110110111100111100110111100111101100110111100111101101100110110110110110110110110110110110110110011011001111001101100011000110001101100110001101100011011001100110011011011011011011011011011011011110110011011001100011110011011011000011110110000110110001111000000110011001101101100110110110110011000110011000011011110011000110110011001100110011011011011001111011000110110110110011011000110011011011011011011110011,74.4528906799436,65.64132390470115,61.25974366620803,3.9907154652980865,10,0.8545841978907351
anti_reasons,01111001111001100110110110110110111100110110110110110110111100111100111100110110111100110111100110111100110110110110110110110110110110110110110110011001101111001101100011000110001101100110001101100011011001100110011011011011011011011011011011011110110011011000110011110110011001101100110110001100011001101100001100011001111011001100111100111100000001111000011110011110000110011001101100011011011011011001111011001100110110110011011001100011011011011011011110011,74.45135864098359,64.88600050425671,60.13515985765924,4.144086620790524,10,0.8545871901543289
anti_reasons,01111001111001100110110110110110111100110110110110110110111100111100111100110110111100110111100110111100110110110110110110110110110110110110110110011001101111001101100011000110001101100110001101100011011001100110011011011011011011011011011011011110110011011000110011110110011001101100110110001100011001101100001100011001111011001100111100110110000001111000011110011110000110011001101100110011011011011001111011001100110110110011011001100011011011011011011110011,74.44147771840167,64.7128805898581,59.87117244561137,4.246721694832642,10,0.8546064888312468
anti_reasons,01111011011001101100110110110110111101100110110110110110111100111100110111100111101100110111100111101101100110110110110110110110110110110110110110011011001111001101100011000110001101100110001101100011011001100110011011011011011011011011011011011110110011001101100011110011110011000011110110000110110001111000000110011001101101100110110110110011000110011000011011110011000110110011001100110011011011011001111011000110110110110011011000110011011011011011011110011,74.43243938992605,65.58564576105923,61.22697609208675,3.9990105992229155,10,0.8546241418165507
anti_reasons,01111011011001101100110110110110111101100110110110110110111100111100110111100111101100110111100111101101100110110110110110110110110110110110110110011011001111001101100011000110001101100110001101100011011001100110011011011011011011011011011011011110110011011000110011110011110011000011110110000110110001111000000110011001101101100110110110110011000110011000011011110011000110110011001100110011011011011001111011000110110110110011011000110011011011011011011110011,74.42957491890623,65.58893037384378,61.22882558033239,3.996165382446487,10,0.8546297364865113
anti_reasons,01111001111001100110110110110110111100110110110110110110111100111100111100110110111100110111100110111100110110110110110110110110110110110110110110011001101111001101100011000110001101100110001101100011011001100110011011011011011011011011011011011110110011011000110011110110011001101100110110001100011001101100001100011001111011001100111100111100000001111000011110011011000110011001101100110011011011011001111011001100110110110011011001100011011011011011011110011,74.42445316229748,64.77001875479786,59.9775971021886,4.188733722745468,10,0.8546397399173877
anti_reasons,01111001111001100110110110110110111100110110110110110110111100111100111100110110111100110111100110111100110110110110110110110110110110110110110110011001101111001101100011000110001101100110001101100011011001100110011011011011011011011011011011011110110011011000110011110110011001101100110110001100011001101100001100011001111001101100111100111100000001111000011110011110000110011001101100110011011011011001111011001100110110110011011001100011011011011011011110011,74.40935418500219,64.61275489554227,59.707683293355565,4.30467288088125,10,0.8546692301074176
anti_reasons,01111001111001100110110110110110111100110110110110110110111100111100111100110110111100110111100110111100110110110110110110110110110110110110110110011001101111001101100011000110001101100110001101100011011001100110011011011011011011011011011011011110110011011000110011110110011001101100110110001100011001101100001100011001111011001100111100111100000001101100011110011110000110011001101100110011011011011001111011001100110110110011011001100011011011011011011110011,74.4084946149244,64.67480860558375,59.825293745783156,4.235086334734998,10,0.8546709089552258
anti_reasons,01111001111001100110110110110110111100110110110110110110111100111100111100110110111100110111100110111100110110110110110110110110110110110110110110011001101111001101100011000110001101100110001101100011011001100110011011011011011011011011011011011110110011011000110011110110011001101100110110001100011001101100001100011001111011001100111100111100000001111000011110011110000110011001100110110011011011011001111011001100110110110011011001100011011011011011011110011,74.40807891352772,64.76830611640936,59.993882889823595,4.181923977744693,10,0.8546717208720161
anti_reasons,01111011011001101100110110110110111101100110110110110110111100111100110111100111101100110111100111101101100110110110110110110110110110110110110110011011001111001101100011000110001101100110001101100011011001100110011011011011011011011011011011011110110011011001100011110011110011000011110110000110011001111000000110011001101101100110110110110011000110011000011011110011000110110011001100110011011011011001111011000110110110110011011000110011011011011011011110011,74.40500258048488,65.58161260277097,61.240193352988555,3.9743884279208785,10,0.8546777293349905
anti_reasons,01111011011001101100110110110110111101100110110110110110111100111100110111100111101100110111100111101101100110110110110110110110110110110110110110011011001111001101100011000110001101100110001101100011011001100110011011011011011011011011011011011110110011011001100011110011110011000011110011000110110001111000000110011001101101100110110110110011000110011000011011110011000110110011001100110011011011011001111011000110110110110011011000110011011011011011011110011,74.40482015316819,65.57613901446456,61.23197553851349,3.979243099678198,10,0.8546780856383434
anti_reasons,01111011011001101100110110110110111100110110110110110110111101101101100111101101100110110111101100111100110110110110110110110110110110110110110011011011001111001101100011000110001101100110001101100011011001100110011011011011011011011011011011011110110001101100110011110011011000111100011110001100110011000110000110110001111011001100110110110011000001111000110011110110000111100001101100110011011011011001111011001100110110110001111001100110011011011011011110011,74.40265371995486,64.02370612888303,59.35648427498426,4.219536257236262,10,0.8546823169532132
anti_reasons,01111001111001100110110110110110111100110110110110110110111100111100111100110110111100110111100110111100110110110110110110110110110110110110110110011001101111001101100011000110001101100110001101100011011001100110011011011011011011011011011011011110011011011000110011110110011001101100110110001100011001101100001100011001111011001100111100111100000001111000011110011110000110011001101100110011011011011001111011001100110110110011011001100011011011011011011110011,74.39801424899653,64.56217632155565,59.49849995858481,4.348500566261736,10,0.8546913784199286
anti_reasons,01111001111001100110110110110110111100110110110110110110111100111100111100110110111100110111100110111100110110110110110110110110110110110110110110011001101111001101100011000110001101100110001101100011011001100110011011011011011011011011011011011110110011001100110011110110011001101100110110001100011001101100001100011001111011001100111100111100000001111000011110011110000110011001101100110011011011011001111011001100110110110011011001100011011011011011011110011,74.36583533590435,64.54754420945937,59.49231054551972,4.340583277667496,10,0.8547542278595618
anti_reasons,01111001111001100110110110110110111100110110110110110110111100111100111100110110111100110111100110111100110110110110110110110110110110110110110110011001101111001101100011000110001101100110001101100011011001100110011011011011011011011011011011011110110011011000110011110110011001100110110110001100011001101100001100011001111011001100111100111100000001111000011110011110000110011001101100110011011011011001111011001100110110110011011001100011011011011011011110011,74.36187899051006,64.58271663074314,59.595475230397746,4.321675163169397,10,0.8547619550966601
anti_reasons,01111001111001100110110110110110111100110110110110110110111100111100111100110110111100110111100110111100110110110110110110110110110110110110110110011001101111001101100011000110001101100110001101100011011001100110011011011011011011011011011011011110110011011000110011110110011001101100110011001100011001101100001100011001111011001100111100111100000001111000011110011110000110011001101100110011011011011001111011001100110110110011011001100011011011011011011110011,74.33821609914649,64.53803746286471,59.54412518395399,4.321895290242051,10,0.8548081716813545
anti_reasons,01111001111001100110110110110110111100110110110110110110111100111100111100110110111100110111100110111100110110110110110110110110110110110110110110011001101111001101100011000110001101100110001101100011011001100110011011011011011011011011011011011110110011011000110011110110011001101100110110000110011001101100001100011001111011001100111100111100000001111000011110011110000110011001101100110011011011011001111011001100110110110011011001100011011011011011011110011,74.33396616374709,64.53372334048929,59.53644789606162,4.320748325362229,10,0.8548164723364314
anti_reasons,01111001111001101100110110110110111100110110110110110110111101101101101100111101101100111101100110110111100110110110110110110110110110110110110011011001101111001101100011000110001101100110001101100011011001100110011011011011011011011011011011011110110001100110110110011011110001100011011011001100110001101100001100110001101100110111101101101100000011011000110011011110000111100001100110011011011011011001111011000110110110110001111000110110011011011011011110011,74.22880826262379,64.96864424751465,61.37038367726598,3.686228652093016,10,0.855021858862063
anti_reasons,01111001111001101100110110110110111101100110110110110110111100111101100110111100111100111101101100110111100110110110110110110110110110110110110011011001101111001101100011000110001101100110001101100011011001100110011011011011011011011011011011011011001101111000110110110110001101101100011001100110001101101100001101100011011001100111100110111100000011000111100110110011001100110001100011110011011011011001111011000110110110110001111000110110011011011011011110011,74.11167275371406,65.34874353482837,60.65794305283166,4.020039784458375,10,0.8552506391529022
anti_reasons,01111001111001101100110110110110111101100110110110110110111100111101100110111100111100111101101100110111100110110110110110110110110110110110110011011001101111001101100011000110001101100110001101100011011001100110011011011011011011011011011011011011001101111000110110110110001101101100011001100110001101101100001101100011011001100111100110111100000001100111100110110011001100110001100110110011011011011001111011000110110110110001111000110110011011011011011110011,74.09333624142941,65.22016289733929,60.227409949650706,4.105634159080766,10,0.8552864526534582
anti_reasons,01111001111001101100110110110110111101100110110110110110111100111101100110111100111100111101101100110111100110110110110110110110110110110110110011011001101111001101100011000110001101100110001101100011011001100110011011011011011011011011011011011011001101111000110110110110001101101100011001100110001101101100001101100011011001100111100110111100000011000111100110110011001100110000110110110011011011011001111011000110110110110001111000110110011011011011011110011,74.07865112640094,65.2655184958823,60.59424211234246,4.044086205652882,10,0.8553151345187482
anti_reasons,01111001111001101100110110110110111101100110110110110110111100111101100110111100111100111101101100110111100110110110110110110110110110110110110011011001101111001101100011000110001101100110001101100011011001100110011011011011011011011011011011011011001101111000110110110110001101101100011001100110001101101100001101100011011000110111100110111100000011000111100110110011001100110001100110110011011011011001111011000110110110110001111000110110011011011011011110011,74.05761109539027,65.13972642732759,60.005269535822386,4.152548047555659,10,0.8553562283293159
anti_reasons,01111001111001101100110110110110111101100110110110110110111100111101100110111100111100111101101100110111100110110110110110110110110110110110110011011001101111001101100011000110001101100110001101100011011001100110011011011011011011011011011011011011001101111000011110110110001101101100011001100110001101101100001101100011011001100111100110111100000011000111100110110011001100110001100110110011011011011001111011000110110110110001111000110110011011011011011110011,74.02386598878445,65.10803198364552,59.97412855269275,4.172719764996324,10,0.8554221367406554
anti_reasons,01111001111001101100110110110110111101100110110110110110111100111101100110111100111100111101101100110111100110110110110110110110110110110110110011011001101111001101100011000110001101100110001101100011011001100110011011011011011011011011011011011011001101111000110110110110001101101100011001100011001101101100001101100011011001100111100110111100000011000111100110110011001100110001100110110011011011011001111011000110110110110001111000110110011011011011011110011,74.02355673058885,65.10921140842638,59.97916497324853,4.16193394215408,10,0.8554227407605687
anti_reasons,01111001111001101100110110110110111101100110110110110110111100111101100110111100111100111101101100110111100110110110110110110110110110110110110011011001101111001101100011000110001101100110001101100011011001100110011011011011011011011011011011011011001101111000110110110110001101101100011000110110001101101100001101100011011001100111100110111100000011000111100110110011001100110001100110110011011011011001111011000110110110110001111000110110011011011011011110011,74.00304800602522,65.07826794458002,59.95893400762853,4.164097265988871,10,0.855462796863232
anti_reasons,01111001111001101100110110110110111101100110110110110110111100111101100110111100111100111101101100110111100110110110110110110110110110110110110011011001101111001101100011000110001101100110001101100011011001100110011011011011011011011011011011011011001101111000110110110110001100111100011001100110001101101100001101100011011001100111100110111100000011000111100110110011001100110001100110110011011011011001111011000110110110110001111000110110011011011011011110011,73.986749714778,65.06137578868353,59.95147150901499,4.167925299320476,10,0.8554946294633242
anti_reasons,01111011011001100110110110110110111100110110110110110110111100111101100110111101100111101101100111101100110110110110110110110110110110110110110110011011001111001101100011000110001101100110001101100011011001100110011011011011011011011011011011011110001111001101100110110110011011001100011001100011011001101100001100110011001100110111100110110110000110001101100011011011000111100001101100110011011011011001111011001100110110110001111000110110011011011011011110011,73.98477109322982,64.3164349672807,60.49493263441194,3.9581066770355555,10,0.8554984939585355
anti_reasons,01111001111001101100110110110110111100110110110110110110111101101101101100111101101100111101100110110111100110110110110110110110110110110110110110011001101111001101100011000110001101100110001101100011011001100110011011011011011011011011011011011110110001100110110110011011110001100110011011001100110001101100001100110001101100110111101101101100000011011000110011011110000111100001100011011011011011011001111011000110110110110001111000110110011011011011011110011,73.91692617658762,64.64636188598958,61.19501145031238,3.6655331166444842,10,0.8556310035613524
anti_reasons,01111001111001101100110110110110111100110110110110110110111101101101101100111101101100111101100110110111100110110110110110110110110110110110110110011001101111001101100011000110001101100110001101100011011001100110011011011011011011011011011011011110110001100110110110011011110001100110011011001100110001101100001100110001101100110111101101101100000011011000110011011110000111100001100110001111011011011001111011000110110110110001111000110110011011011011011110011,73.90120460822229,64.61145403459129,61.16092569451448,3.676038708021116,10,0.8556617097495658
anti_reasons,01111001111001101100110110110110111100110110110110110110111101101101101100111101101100111101100110110111100110110110110110110110110110110110110110011001101111001101100011000110001101100110001101100011011001100110011011011011011011011011011011011110110001100110110110011011110001100110011011001100110001101100001100110001101100110111101101101100000001111000110011011110000111100001100110011011011011011001111011000110110110110001111000110110011011011011011110011,73.89858966430299,64.51778124850048,60.95532924646539,3.72483365586253,10,0.8556668170619082
anti_reasons,01111001111001101100110110110110111100110110110110110110111101101101101100111101101100111101100110110111100110110110110110110110110110110110110110011001101111001101100011000110001101100110001101100011011001100110011011011011011011011011011011011110110001100110110110011011110001100110011011001100110001101100001100110001101100110111101101101100000011011000110011011110000111100000110110011011011011011001111011000110110110110001111000110110011011011011011110011,73.88390454927452,64.56313684704352,61.06725173918429,3.6905143485689673,10,0.8556954989271982
anti_reasons,01111001111001101100110110110110111101100110110110110110111100111101100110111100111100111101101100110111100110110110110110110110110110110110110011011001101111001101100011000110001101100110001101100011011001100110011011011011011011011011011011011011001101111000110110110110001101101100011001100110001101101100001101100011011001100111100110111100000011000111100110110001101100110001100110110011011011011001111011000110110110110001111000110110011011011011011110011,73.88376825799746,64.93492168096778,59.841874353411086,4.1657681426157005,10,0.8556957651210987
anti_reasons,01111001111001101100110110110110111101100110110110110110111100111101100110111100111100111101101100110111100110110110110110110110110110110110110011011001101111001101100011000110001101100110001101100011011001100110011011011011011011011011011011011011001101111000110110110110001101101100011001100110001101100110001101100011011001100111100110111100000011000111100110110011001100110001100110110011011011011001111011000110110110110001111000110110011011011011011110011,73.87334825767252,64.91844005683718,59.8253709023343,4.168361537452108,10,0.8557161166842333
anti_reasons,01111001111001101100110110110110111100110110110110110110111101101101101100111101101100111101100110110111100110110110110110110110110110110110110110011001101111001101100011000110001101100110001101100011011001100110011011011011011011011011011011011110110001100110110110011011110001100110011011001100110001101100001100110001101100110111101101101100000011011000011011011110000111100001100110011011011011011001111011000110110110110001111000110110011011011011011110011,73.87002368278134,64.4967448499067,60.91230480133968,3.7178372488538325,10,0.8557226099945677
anti_reasons,01111001111001101100110110110110111101100110110110110110111100111101100110111100111100111101101100110111100110110110110110110110110110110110110011011001101111001101100011000110001101100110001101100011011001100110011011011011011011011011011011011011001101111000110110110110001101101100011001100110001101101100001101100011011001100111100110111100000011000111100110110011001100011001100110110011011011011001111011000110110110110001111000110110011011011011011110011,73.8659816452376,64.89468346336743,59.80643144586186,4.177710582925435,10,0.8557305045991453
anti_reasons,01111001111001101100110110110110111100110110110110110110111101101101101100111101101100111101100110110111100110110110110110110110110110110110110110011001101111001101100011000110001101100110001101100011011001100110011011011011011011011011011011011110110001100110011110011011110001100110011011001100110001101100001100110001101100110111101101101100000011011000110011011110000111100001100110011011011011011001111011000110110110110001111000110110011011011011011110011,73.82911941165803,64.40565033480672,60.69752148501881,3.770693315618768,10,0.8558025011491054
anti_reasons,01111001111001101100110110110110111101100110110110110110111100111101100110111100110110111101101100110111100110110110110110110110110110110110110011011001101111001101100011000110001101100110001101100011011001100110011011011011011011011011011011011011001101111000110110110110001101101100011001100110001101101100001101100011011001100111101100111100000011000111100110110011001100110001100110110011011011011001111011000110110110110001111000110110011011011011011110011,73.79729225658397,64.75348820448959,59.52180333830853,4.302285575334144,10,0.8558646635613594
anti_reasons,01111001111001101100110110110110111100110110110110110110111101101101101100111101101100111101100110110111100110110110110110110110110110110110110110011001101111001101100011000110001101100110001101100011011001100110011011011011011011011011011011011110110001100110110110011011110000110110011011001100110001101100001100110001101100110111101101101100000011011000110011011110000111100001100110011011011011011001111011000110110110110001111000110110011011011011011110011,73.79200313765156,64.35899413984475,60.64770832042807,3.766075234557533,10,0.8558749938717742
anti_reasons,01111001111001101100110110110110111100110110110110110110111100111101100110111100111100111101101100110111100110110110110110110110110110110110110011011001101111001101100011000110001101100110001101100011011001100110011011011011011011011011011011011011001101111000110110110110001101101100011001100110001101101100001101100011011001100111100110111100000011000111100110110011001100110001100110110011011011011001111011000110110110110001111000110110011011011011011110011,73.78037497421755,64.51478020489371,59.75559408185525,4.16694586582183,10,0.8558977051284813
anti_reasons,01111001111001101100110110110110111100110110110110110110111101101101101100111101100110111101100110110111100110110110110110110110110110110110110110011001101111001101100011000110001101100110001101100011011001100110011011011011011011011011011011011110110001100110110110011011110001100110110011001100110001101100001100110001101100110111101101101100000011011000110011011110000111100001100110011011011011011001111011000110110110110001111000110110011011011011011110011,73.75806445837954,64.25864960782953,60.392332492587435,3.767492953126666,10,0.8559412803547275
anti_reasons,01111001111001101100110110110110111101100110110110110110111100111101100110111100111100111101101100110110110110110110110110110110110110110110110011011001101111001101100011000110001101100110001101100011011001100110011011011011011011011011011011011011001101111000110110110110001101101100011001100110001101101100001101100011011001100111100110111100000011000111100110110011001100110001100110110011011011011001111011000110110110110001111000110110011011011011011110011,73.73847712178997,64.50464818122767,59.273069454853314,4.272537716573569,10,0.855979536871504
anti_reasons,01111001111001101100110110110110111100110110110110110110111101101101101100111101101100111101100110110111100110110110110110110110110110110110110110011001101111001101100011000110001101100110001101100011011001100110011011011011011011011011011011011110110001100110110110011011110001100110011001101100110001101100001100110001101100110111101101101100000011011000110011011110000111100001100110011011011011011001111011000110110110110001111000110110011011011011011110011,73.70318187147657,64.25224311767289,60.57706467842377,3.7633235449605458,10,0.8560484729072724
anti_reasons,01111001111001101100110110110110111100110110110110110110111101101101101100111101101100111101100110110111100110110110110110110110110110110110110110011001101111001101100011000110001101100110001101100011011001100110011011011011011011011011011011011110110001100110110110011011110001100110011011001100110001100110001100110001101100110111101101101100000011011000110011011110000111100001100110011011011011011001111011000110110110110001111000110110011011011011011110011,73.67860168054608,64.21605840799839,60.52360203292111,3.7650011110861055,10,0.8560964810926834
anti_reasons,01111001111001101100110110110110111100110110110110110110111101101101101100111101101100111101100110110111100110110110110110110110110110110110110110011001101111001101100011000110001101100110001101100011011001100110011011011011011011011011011011011110110001100110110110011011110001100110011011001100110001101100001100011001101100110111101101101100000011011000110011011110000111100001100110011011011011011001111011000110110110110001111000110110011011011011011110011,73.67314810769594,64.21141779726437,60.51422172955462,3.7647630082027432,10,0.8561071326021563
anti_reasons,01111011011001101100110110110110111101100110110110110110111100111100111100111100110110111101100110110110110110110110110110110110110110110110110011011001101111001101100011000110001101100110001101100011011001100110011011011011011011011011011011110011110001111000110011110110011001101100110110001100011001111000001100110001111001101101100110111100000110000110110011011011000111100001100011001111011011011001111011001100110110110011011000110110011011011011011110011,73.54678762214618,65.10353377628651,61.63089635279366,3.463457318926703,10,0.8563539304254957
anti_reasons,01111001111001101100110110110110111100110110110110110110111101101101101100111101101100111101100110110110110110110110110110110110110110110110110110011001101111001101100011000110001101100110001101100011011001100110011011011011011011011011011011011110110001100110110110011011110001100110011011001100110001101100001100110001101100110111101101101100000011011000110011011110000111100001100110011011011011011001111011000110110110110001111000110110011011011011011110011,73.54373054466355,63.80226653238886,59.92172475333336,3.8493567524016803,10,0.856359901279954
anti_reasons,01111001111001101100110110110110111101100110110110110110111100111101100110111100111100111101101100110111100110110110110110110110110110110110110011011001101111001101100011000110001101100110001101100011011001100110011011011011011011011011011011011011001101111000110110110110001101101100011001100110001101101100001101100011011001100111100110111100000011000111100110110011001100110001100110110011011011011001111011000110110110110011011000110110011011011011011110011,73.53016423649412,64.55717782645289,59.18828097674203,4.243715393652764,10,0.8563863979755975
anti_reasons,01111011011001101100110110110110111101100110110110110110111100111100111100111100110110111101100110110110110110110110110110110110110110110110110011011001101111001101100011000110001101100110001101100011011001100110011011011011011011011011011011110011110001111000110011110110011001101100110110001100011001111000001100110001111001101101100110111100000110000110110011011011000111100000110011011011011011011001111011001100110110110011011000110110011011011011011110011,73.5294875631984,65.05521658873873,61.537222397463474,3.480280582627813,10,0.8563877196031281
anti_reasons,01111011011001101100110110110110111101100110110110110110111100111100111100111100110110111101100110110110110110110110110110110110110110110110110011011001101111001101100011000110001101100110001101100011011001100110011011011011011011011011011011110011110001111000110011110110011001101100110110001100011001111000001100110001111001101101100110111100000110000110011011011011000111100001100011011011011011011001111011001100110110110011011000110110011011011011011110011,73.51560669670523,64.98882459160191,61.38227545961886,3.511883315677632,10,0.8564148306704976
anti_reasons,01111011011001101100110110110110111101100110110110110110111100111100111100111100110110111101100110110110110110110110110110110110110110110110110011011001101111001101100011000110001101100110001101100011011001100110011011011011011011011011011011110011110001111000110011110110011001101100110110001100011001111000001100110001111000111101100110111100000110000110110011011011000111100001100011011011011011011001111011001100110110110011011000110110011011011011011110011,73.50844753218773,64.92942452018401,61.27933830211704,3.5534652079292846,10,0.8564288134136958
anti_reasons,01111001111001101100110110110110111101100110110110110110111100111101100110111100111100111101101100110111100110110110110110110110110110110110110110011001101111001101100011000110001101100110001101100011011001100110011011011011011011011011011011011011001101111000110110110110001101101100011001100110001101101100001101100011011001100111100110111100000011000111100110110011001100110001100110110011011011011001111011000110110110110001111000110110011011011011011110011,73.4982907445038,64.40020885475913,59.237933131706455,4.255620589856734,10,0.856448650889641
anti_reasons,01111011011001101100110110110110111101100110110110110110111100111100111100111100110110111101100110110110110110110110110110110110110110110110110011011001101111001101100011000110001101100110001101100011011001100110011011011011011011011011011011110011110001111000110011110110011001101100110110001100011001111000001100110001111001100111100110111100000110000110110011011011000111100001100011110011011011011001111011001100110110110011011000110110011011011011011110011,73.48934847574873,64.69503086880039,60.90959528069856,3.6957632071071496,10,0.8564661162583033
anti_reasons,01111011011001101100110110110110111101100110110110110110111100111100111100111100110110111101100110110110110110110110110110110110110110110110110011011001101111001101100011000110001101100110001101100011011001100110011011011011011011011011011011110011110001111000110011110110011001101100110110001100001101111000001100110001111001101101100110111100000110000110110011011011000111100001100011011011011011011001111011001100110110110011011000110110011011011011011110011,73.48075753304491,64.90973791818297,61.220771452013565,3.5589453144691463,10,0.8564828954432717
anti_reasons,01111011011001101100110110110110111101100110110110110110111100111100111100111100110110111101100110110110110110110110110110110110110110110110110011011001101111001101100011000110001101100110001101100011011001100110011011011011011011011011011011110011110001111000011011110110011001101100110110001100011001111000001100110001111001101101100110111100000110000110110011011011000111100001100011011011011011011001111011001100110110110011011000110110011011011011011110011,73.47470242558191,64.89773007650194,61.167492143297984,3.570821179754752,10,0.8564947218250354
anti_reasons,01111001111001101100110110110110111101100110110110110110111100111101100110111100111100111101100110110111100110110110110110110110110110110110110011011001101111001101100011000110001101100110001101100011011001100110011011011011011011011011011011011011001101111000110110110110001101101100011001100110001101101100001101100011011001100111100110111100000011000111100110110011001100110001100110110011011011011001111011000110110110110001111000110110011011011011011110011,73.4396124954742,64.41453021743334,59.18893800847321,4.223026297862913,10,0.856563256844777
anti_reasons,01111011011001101100110110110110111101100110110110110110111100111100111100111100110110111101100110110110110110110110110110110110110110110110110011011001101111001101100011000110001101100110001101100011011001100110011011011011011011011011011011110011110001111000110011110110011000111100110110001100011001111000001100110001111001101101100110111100000110000110110011011011000111100001100011011011011011011001111011001100110110110011011000110110011011011011011110011,73.43758615157546,64.85107388153997,61.117678978707254,3.5694720605793133,10,0.8565672145477041
anti_reasons,01111011011001101100110110110110111101100110110110110110111100111100111100111100110110111101100110110110110110110110110110110110110110110110110011011001101111001101100011000110001101100110001101100011011001100110011011011011011011011011011011110011110001111000110011110110001101101100110110001100011001111000001100110001111001101101100110111100000110000110110011011011000111100001100011011011011011011001111011001100110110110011011000110110011011011011011110011,73.4106840719428,64.81280754543225,61.07920902897839,3.5708659599085673,10,0.8566197576719867
anti_reasons,01111001111001101100110110110110111101100110110110110110111100111101100110111100111100110111101100110111100110110110110110110110110110110110110011011001101111001101100011000110001101100110001101100011011001100110011011011011011011011011011011011011001101111000110110110110001101101100011001100110001101101100001101100011011001100111100110111100000011000111100110110011001100110001100110110011011011011001111011000110110110110001111000110110011011011011011110011,73.405676232282,64.40913171006699,59.154250699933534,4.231438977571562,10,0.8566295386088242
anti_reasons,01111001111001101100110110110110111101100110110110110110111100111101100110111100111100111101101100110111100110110110110110110110110110110110110011011001101111001101100011000110001101100110001101100011011001100110011011011011011011011011011011011011001101111000110110110110001101101100011001100110001101101100001101100011011001100111100110111100000011000111100110110011001100110001100110110011011011011001111011001100110110110001111000110110011011011011011110011,73.37809149464218,64.3080077380509,59.01752148523367,4.241257652931881,10,0.856683415049527
anti_reasons,01111001111001101100110110110110111101100110110110110110111100111101100110111100111100111101101100110111100110110110110110110110110110110110110011011001101111001101100011000110001101100110001101100011011001100110011011011011011011011011011011011011001101111000110110110110001101101100011001100110001101101100001101100011011001100111100110111100000011000111100110011011001100110001100110110011011011011001111011000110110110110001111000110110011011011011011110011,73.36983983723371,64.73815719667331,60.34464020321305,3.9091985751025806,10,0.8566995315679029
anti_reasons,01111001111001101100110110110110111101100110110110110110111100111101100110111100111100111101101100110111100110110110110110110110110110110110110011011001101111001101100011000110001101100110001101100011011001100110011011011011011011011011011011011011001101111000110110110110001101101100011001100110001101101100001101100011011001100111100110111100000011000111100011110011001100110001100110110011011011011001111011000110110110110001111000110110011011011011011110011,73.3359509819439,64.6538654616674,60.19107866213592,3.9420661930642633,10,0.8567657207383909
anti_reasons,01111001111001101100110110110110111100110110110110110110111101101101101100111101101100111101100110110111100110110110110110110110110110110110110110011001101111001101100011000110001101100110001101100011011001100110011011011011011011011011011011011110110001100110110110011011110001100110011011001100110001101100001100110001101100110111101101101100000011011000110011011110000111100001100110011011011011011001111011000110110110110011011000110110011011011011011110011,73.33541765936768,63.85479617761409,60.05794118070262,3.8470310700441233,10,0.8567667623840475
anti_reasons,01111011011001101100110110110110111101100110110110110110111100111100111100111100110110111101100110110110110110110110110110110110110110110110110011011001101111001101100011000110001101100110001101100011011001100110011011011011011011011011011011110011110001111000110011110110011001101100110110001100011001111000001100110001111001101101100110111100000110000110110011011001100111100001100011011011011011011001111011001100110110110011011000110110011011011011011110011,73.33460469479492,64.7246197738242,61.022878477168895,3.5716318799682476,10,0.8567683502054787
anti_reasons,01111001111001101100110110110110111101100110110110110110111100111101100110111100111100111101101100110111100110110110110110110110110110110110110011011001101111001101100011000110001101100110001101100011011001100110011011011011011011011011011011011011001101111000110110110110001101101100011001100110001101101100001101100001111001100111100110111100000011000111100110110011001100110001100110110011011011011001111011000110110110110001111000110110011011011011011110011,73.3214520535493,64.46341793900515,59.2428966312318,4.137849036064749,10,0.8567940389579115
anti_reasons,01111001111001101100110110110110111101100110110110110110111100111101100110111100111100111101101100110111100110110110110110110110110110110110110011011001101111001101100011000110001101100110001101100011011001100110011011011011011011011011011011011011001101111000110110110110001101101100011001100110001101101100001101100011011001100111100110111100000011000111100110110011001100110001100110110011011011011001111011000110110110110001111001100110011011011011011110011,73.32025009656387,64.33666635378385,59.16034216398618,4.193536262874804,10,0.8567963865301487
anti_reasons,01111001111001101100110110110110111101100110110110110110111100111101100110111100111100111101101100110111100110110110110110110110110110110110110011011001101111001101100011000110001101100110001101100011011001100110011011011011011011011011011011011011001101111000110110110110001101101100011001100110001101101100001101100011001101100111100110111100000011000111100110110011001100110001100110110011011011011001111011000110110110110001111000110110011011011011011110011,73.32002820939408,64.46189306707159,59.243535236254615,4.132959724360886,10,0.8567968199035272
anti_reasons,01111011011001101100110110110110111101100110110110110110111100111100111100111100110110111101100110110110110110110110110110110110110110110110110011011001101111001101100011000110001101100110001101100011011001100110011011011011011011011011011011110011110001111000110011110110011001101100110110001100011001111000001100011001111001101101100110111100000110000110110011011011000111100001100011011011011011011001111011001100110110110011011000110110011011011011011110011,73.31873112161983,64.70349753895961,60.9841923878338,3.5745369822996054,10,0.8567993532780862
anti_reasons,01111001111001101100110110110110111100110110110110110110111100111101101100111101101100111101100110110111100110110110110110110110110110110110110110011001101111001101100011000110001101100110001101100011011001100110011011011011011011011011011011011110110001100110110110011011110001100110011011001100110001101100001100110001101100110111101101101100000011011000110011011110000111100001100110011011011011011001111011000110110110110001111000110110011011011011011110011,73.31760691606445,64.20192164546589,60.49918424315448,3.78758936376512,10,0.8568015489920616
anti_reasons,01111001111001101100110110110110111101100110110110110110111100111101100110111100111100111101101100110111100110110110110110110110110110110110110011011001101111001101100011000110001101100110001101100011011001100110011011011011011011011011011011011011001101111000110110110110001101101100011001100110001101101100000111100011011001100111100110111100000011000111100110110011001100110001100110110011011011011001111011000110110110110001111000110110011011011011011110011,73.31087819282759,64.48858275849477,59.30195335891527,4.125217782560877,10,0.8568146910296336
anti_reasons,01111001111001101100110110110110111101100110110110110110111100111101100110111100111100111100111100110111100110110110110110110110110110110110110011011001101111001101100011000110001101100110001101100011011001100110011011011011011011011011011011011011001101111000110110110110001101101100011001100110001101101100001101100011011001100111100110111100000011000111100110110011001100110001100110110011011011011001111011000110110110110001111000110110011011011011011110011,73.2761012488659,64.32985600883265,59.11893768252546,4.201801856968652,10,0.8568826147483088
anti_reasons,01111001111001101100110110110110111101100110110110110110111100111101100110111100111100111101101100110111100110110110110110110110110110110110110011011001101111001101100011000110001101100110001101100011011001100110011011011011011011011011011011011011001101111000110011110110001101101100011001100110001101101100001101100011011001100111100110111100000011000111100110110011001100110001100110110011011011011001111011000110110110110001111000110110011011011011011110011,73.26372934684849,64.3775237293657,59.15841134187686,4.192617059370548,10,0.8569067786194365
anti_reasons,01111001111001101100110110110110111101100110110110110110111100111101100110111100111100111101101100110111100110110110110110110110110110110110110011011001101111001101100011000110001101100110001101100011011001100110011011011011011011011011011011011011001101111000110110110110001101101100011001100110001101101100001101100011011001100110110110111100000011000111100110110011001100110001100110110011011011011001111011000110110110110001111000110110011011011011011110011,73.23981896705997,64.36074757788097,59.207674316327086,4.128686226484491,10,0.856953478579961
anti_reasons,01111001111001101100110110110110111101100110110110110110111100111101100110111100111100111101101100110111100110110110110110110110110110110110110011011001101111001101100011000110001101100110001101100011011001100110011011011011011011011011011011011011001101111000110110110011001101101100011001100110001101101100001101100011011001100111100110111100000011000111100110110011001100110001100110110011011011011001111011000110110110110001111000110110011011011011011110011,73.2360250156618,64.37372377110292,59.16040692804751,4.180897571552822,10,0.8569608886412856
anti_reasons,01111001111001101100110110110110111101100110110110110110111100111101100110111100111100111101101100110111100110110110110110110110110110110110110011011011001111001101100011000110001101100110001101100011011001100110011011011011011011011011011011011011001101111000110110110110001101101100011001100110001101101100001101100011011001100111100110111100000011000111100110110011001100110001100110110011011011011001111011000110110110110001111000110110011011011011011110011,73.23416233061432,64.19888142847594,59.06828588868841,4.222364673147592,10,0.8569645266980189
anti_reasons,01111011011001101100110110110110111100110110110110110110111100111100111100111100110110111101100110110110110110110110110110110110110110110110110011011001101111001101100011000110001101100110001101100011011001100110011011011011011011011011011011110011110001111000110011110110011001101100110110001100011001111000001100110001111001101101100110111100000110000110110011011011000111100001100011011011011011011001111011001100110110110011011000110110011011011011011110011,73.23121141101501,64.30447829775014,60.31170961385741,3.658946852869236,10,0.8569702902128613
anti_reasons,01111001111001101100110110110110111100110110110110110110111101101101101100111101101100110111100110110111100110110110110110110110110110110110110110011001101111001101100011000110001101100110001101100011011001100110011011011011011011011011011011011110110001100110110110011011110001100110011011001100110001101100001100110001101100110111101101101100000011011000110011011110000111100001100110011011011011011001111011000110110110110001111000110110011011011011011110011,73.21092965515558,63.706750061228185,59.876217337054676,3.7854066148505843,10,0.8570099030172742
anti_reasons,01111001111001101100110110110110111101100110110110110110111100111101100110111100111100111101101100110111100110110110110110110110110110110110110011011001101111001101100011000110001101100110001101100011011001100110011011011011011011011011011011011011001101111000110110011110001101101100011001100110001101101100001101100011011001100111100110111100000011000111100110110011001100110001100110110011011011011001111011000110110110110001111000110110011011011011011110011,73.20931579018556,64.33112739404348,59.137013232710146,4.182268968398585,10,0.8570130550972939
anti_reasons,01111001111001101100110110110110111100110110110110110110111101101101101100111101101100111101100110110111100110110110110110110110110110110110110110011001101111001101100011000110001101100110001101100011011001100110011011011011011011011011011011011110110001100110110110011011110001100110011011001100110001101100001100110001101100110111101101101100000011011000110011011110000111100001100110011011011011011001111011001100110110110001111000110110011011011011011110011,73.18334491751574,63.6056260892121,59.880504135516844,3.8471838837197825,10,0.8570637794579771
anti_reasons,01111001111001101100110110110110111101100110110110110110111100111100111100111100110110111101100110110110110110110110110110110110110110110110110011011001101111001101100011000110001101100110001101100011011001100110011011011011011011011011011011110011110001111000110011110110011001101100110110001100011001111000001100110001111001101101100110111100000110000110110011011011000111100001100011011011011011011001111011001100110110110011011000110110011011011011011110011,73.17895338397982,64.80218877935025,61.19259882055308,3.5250361029753376,10,0.8570723566719144
anti_reasons,01111001111001101100110110110110111100110110110110110110111101101101101100111101101100111101100110110111100110110110110110110110110110110110110110011001101111001101100011000110001101100110001101100011011001100110011011011011011011011011011011011110110001100110110110011011110001100110011011001100110001101100001100110001101100110111100111101100000011011000110011011110000111100001100110011011011011011001111011000110110110110001111000110110011011011011011110011,73.17452910426833,63.855852846756264,60.435450071485185,3.7127023447050393,10,0.8570809978432259
anti_reasons,01111001111001101100110110110110111101100110110110110110111100111100110110111100111100111101101100110111100110110110110110110110110110110110110011011001101111001101100011000110001101100110001101100011011001100110011011011011011011011011011011011011001101111000110110110110001101101100011001100110001101101100001101100011011001100111100110111100000011000111100110110011001100110001100110110011011011011001111011000110110110110001111000110110011011011011011110011,73.17409065152957,64.50507133221032,59.120236189434024,4.22816116202026,10,0.8570818541962313
anti_reasons,01111001111001101100110110110110111101100110110110110110111100111101100110111100111100111101101100110111100110110110110110110110110110110110110011011001101111001101100011000110001101100110001101100011011001100110011011011011011011011011011011011011001101111000110110110110001101101100011001100110001101101100001101100011011001100111100110111100000011000111100110110011001100110001100110011011011011011001111011000110110110110001111000110110011011011011011110011,73.17222790322603,64.5086139818073,59.744473650697046,3.972960240980655,10,0.8570854923765117
anti_reasons,01111001111001101100110110110110111101100110110110110110111100111101100110111100111100111101101100110111100110110110110110110110110110110110110011011001101111001101100011000110001101100110001101100011011001100110011011011011011011011011011011011011001101111000110110110110001101101100011001100110001101101100001101100011011001100111100110110110000011000111100110110011001100110001100110110011011011011001111011000110110110110001111000110110011011011011011110011,73.1623469806441,64.33549406740869,59.37274544295808,4.082643803080883,10,0.8571047910534295
anti_reasons,01111001111001101100110110110110111101100110110110110110111100111101100110111100111100111101101100110111100110110110110110110110110110110110110011011001101111001101100011000110001101100110001101100011011001100110011011011011011011011011011011011011001101111000110110110110001101101100011001100110001101101100001100110011011001100111100110111100000011000111100110110011001100110001100110110011011011011001111011000110110110110001111000110110011011011011011110011,73.13894270082706,64.23909824560891,59.071883898899145,4.146786955123289,10,0.8571505025374472
anti_reasons,01111001111001101100110110110110111101100110110110110110111100111101100110111100111100111101101100110111100110110110110110110110110110110110110011011001101111001101100011000110001101100110001101100011011001100110011011011011011011011011011011011011001101111000110110110110001101101100011001100110001101101100001101100011011001100111100110111100000011000110110110110011001100110001100110110011011011011001111011000110110110110001111000110110011011011011011110011,73.13566018123802,64.33534345298953,59.555264513840235,4.039427493324782,10,0.8571569137085195
anti_reasons,01111001111001101100110110110110111100110110110110110110111101101101101100111101101100111101100110110111100110110110110110110110110110110110110110011001101111001101100011000110001101100110001101100011011001100110011011011011011011011011011011011110110001100110110110011011110001100110011011001100110001101100001100110001101100110111101100111100000011011000110011011110000111100001100110011011011011011001111011000110110110110001111000110110011011011011011110011,73.12908262035579,63.797765350621866,60.34169744039415,3.7096001866084056,10,0.8571697605071176
anti_reasons,01111001111001101100110110110110111100110110110110110110111101101101101100111101101100111101100110110111100110110110110110110110110110110110110110011001101111001101100011000110001101100110001101100011011001100110011011011011011011011011011011011110110001100110110110011011110001100110011011001100110001101100001100110001101100110111101101101100000011011000110011011110000111100001100110011011011011011001111011000110110110110001111001100110011011011011011110011,73.12550351943743,63.63428470494506,59.844031449902054,3.805449319940776,10,0.8571767509385988
anti_reasons,01111001111001101100110110110110111100110110110110110110111101101101101100111101101100111101100110110111100110110110110110110110110110110110110110011001101111001101100011000110001101100110001101100011011001100110011011011011011011011011011011011110110001100110110110011011110001100110011011001100110001101100000110110001101100110111101101101100000011011000110011011110000111100001100110011011011011011001111011000110110110110001111000110110011011011011011110011,73.11613161570116,63.786201109655984,60.285494306785914,3.736734812558316,10,0.8571950554380836
anti_reasons,01111001111001101100110110110110111101100110110110110110111100111101100110111100111100111101101100110111100110110110110110110110110110110110110011011001101111000111100011000110001101100110001101100011011001100110011011011011011011011011011011011011001101111000110110110110001101101100011001100110001101101100001101100011011001100111100110111100000011000111100110110011000110110001100110110011011011011001111011000110110110110001111000110110011011011011011110011,73.11302429592335,64.95814212528782,60.43023704231156,3.6846511687099306,10,0.8572011244220247
anti_reasons,01111001111001101100110110110110111101100110110110110110111100111101100110110110111100111101101100110111100110110110110110110110110110110110110011011001101111001101100011000110001101100110001101100011011001100110011011011011011011011011011011011011001101111000110110110110001101101100011001100110001101101100001101100011011001100111100110111100000011000111100110110011001100110001100110110011011011011001111011000110110110110001111000110110011011011011011110011,73.0974850802869,64.27288365682178,59.05003835842394,4.190898397665043,10,0.8572314744525646
anti_reasons,01111001111001101100110110110110111101100110110110110110111100111101100110111100111100111101101100110111100110110110110110110110110110110110110011011001101111001101100011000110001101100110001101100011011001100110011011011011011011011011011011011011001101101100110110110110001101101100011001100110001101101100001101100011011001100111100110111100000011000111100110110011001100110001100110110011011011011001111011000110110110110001111000110110011011011011011110011,73.0867045981468,64.17015768700996,59.00483721365677,4.182233301657014,10,0.8572525300817445
anti_reasons,01111001111001101100110110110110111100110110110110110110111101101101101100111101101100111101100110110111100110110110110110110110110110110110110110011001101111001101100011000110001101100110001101100011011001100110011011011011011011011011011011011011110001100110110110011011110001100110011011001100110001101100001100110001101100110111101101101100000011011000110011011110000111100001100110011011011011011001111011000110110110110001111000110110011011011011011110011,73.08288760746667,63.63187391559724,59.85622325897378,3.815733228195944,10,0.8572599851416667
anti_reasons,01111001111001101100110110110110111101100110110110110110111100111101100110111100111100111101101100110111100110110110110110110110110110110110110011011001101111001101100011000110001101100110001101100011011001100110011011011011011011011011011011011011001101111000110110110110001101100110011001100110001101101100001101100011011001100111100110111100000011000111100110110011001100110001100110110011011011011001111011000110110110110001111000110110011011011011011110011,73.0827482527525,64.20533010829372,59.03021977355827,4.165040541718536,10,0.8572602573188428
anti_reasons,01111001111001101100110110110110111100110110110110110110111101101101101100111101101100111100110110110111100110110110110110110110110110110110110110011001101111001101100011000110001101100110001101100011011001100110011011011011011011011011011011011110110001100110110110011011110001100110011011001100110001101100001100110001101100110111101101101100000011011000110011011110000111100001100110011011011011011001111011000110110110110001111000110110011011011011011110011,73.08135467173948,63.627474359993855,59.82554564757189,3.7629728571388097,10,0.8572629791567589
anti_reasons,01111001111001101100110110110110111100110110110110110110111101101101101100111101101100111101100110110111100110110110110110110110110110110110110110011001101111001101100011000110001101100110001101100011011001100110011011011011011011011011011011011110110001100110110011011011110001100110011011001100110001101100001100110001101100110111101101101100000011011000110011011110000111100001100110011011011011011001111011000110110110110001111000110110011011011011011110011,73.06898276972207,63.67514208052692,59.95756413466159,3.792720556320906,10,0.8572871430278866
anti_reasons,01111001111001101100110110110110111100110110110110110110111101101101101100111101101100111101100110110111100110110110110110110110110110110110110110011001101111001101100011000110001101100110001101100011011001100110011011011011011011011011011011011110110001100110110110011011110001100110011011001100110001101100001100110001101100110110111101101100000011011000110011011110000111100001100110011011011011011001111011000110110110110001111000110110011011011011011110011,73.04507238993355,63.65836592904219,60.104094933708744,3.7398818854677978,10,0.857333842988411
anti_reasons,01111001111001101100110110110110111100110110110110110110111101101101101100111101101100111101100110110111100110110110110110110110110110110110110110011011001111001101100011000110001101100110001101100011011001100110011011011011011011011011011011011110110001100110110110011011110001100110011011001100110001101100001100110001101100110111101101101100000011011000110011011110000111100001100110011011011011011001111011000110110110110001111000110110011011011011011110011,73.0394157534879,63.496499779637155,59.754420346382766,3.814658463417665,10,0.8573448911064689
anti_reasons,01111011011001101100110110110110111101100110110110110110111100111100111100111100110110111101100110110110110110110110110110110110110110110110110011011001101111001101100011000110001101100110001101100011011001100110011011011011011011011011011011110011110001111000110011110110011001101100110110001100011001111000001100110001111001101101100110111100000011000110110011011011000111100001100011011011011011011001111011001100110110110011011000110011011011011011011110011,73.03263731839941,64.54078752855885,61.182213242874305,3.50783753371309,10,0.8573581302375012
anti_reasons,01111001111001101100110110110110111100110110110110110110111101101101100110111101101100111101100110110111100110110110110110110110110110110110110110011001101111001101100011000110001101100110001101100011011001100110011011011011011011011011011011011110110001100110110110011011110001100110011011001100110001101100001100110001101100110111101101101100000011011000110011011110000111100001100110011011011011011001111011000110110110110001111000110110011011011011011110011,72.9806875345227,63.78151838547458,59.89488008251464,3.7264544782756692,10,0.8574595946591353
anti_reasons,01111001111001101100110110110110111100110110110110110110111101101100111100111101101100111101100110110111100110110110110110110110110110110110110110011001101111001101100011000110001101100110001101100011011001100110011011011011011011011011011011011110110001100110110110011011110001100110011011001100110001101100001100110001101100110111101101101100000011011000110011011110000111100001100110011011011011011001111011000110110110110001111000110110011011011011011110011,72.97934407440314,63.802689683371526,59.90770122619737,3.7222070382047,10,0.8574622186046814
anti_reasons,01111001111001101100110110110110111100110110110110110110111101101101101100111101101100111101100110110111100110110110110110110110110110110110110110011001101111001101100011000110001101100110001101100011011001100110011011011011011011011011011011011110110001100110110110011011110001100110011011001100110001101100001100110001101100110111101101100110000011011000110011011110000111100001100110011011011011011001111011000110110110110001111000110110011011011011011110011,72.96760040351768,63.63311241856989,60.13566266842994,3.707735774855836,10,0.8574851554618795
anti_reasons,01111001111001101100110110110110111100110110110110110110111101101101101100111101101100111101100110110111100110110110110110110110110110110110110110011001101111001101100011000110001101100110001101100011011001100110011011011011011011011011011011011110110001100110110110011011110001100110011011001100110001101100001100110001101100110111101101101100000011011000110011011110000110110001100110011011011011011001111011000110110110110001111000110110011011011011011110011,72.95629057991239,63.72434314392707,60.30252051791601,3.649084963919474,10,0.8575072449611086
anti_reasons,01111001111001101100110110110110111100110110110110110110111101101101101100111100111100111101100110110111100110110110110110110110110110110110110110011001101111001101100011000110001101100110001101100011011001100110011011011011011011011011011011011110110001100110110110011011110001100110011011001100110001101100001100110001101100110111101101101100000011011000110011011110000111100001100110011011011011011001111011000110110110110001111000110110011011011011011110011,72.95193177559163,63.628394279569555,59.80544156509189,3.7346259008508937,10,0.8575157582507976
anti_reasons,01111001111001101100110110110110111100110110110110110110111101101101101100111101101100111101100110110111100110110110110110110110110110110110110110011001101111001101100011000110001101100110001101100011011001100110011011011011011011011011011011011110110001100110110110011011110001100110011011001100110001101100001100110001101100110111101101101100000011011000110011011011000111100001100110011011011011011001111011000110110110110001111000110110011011011011011110011,72.95057584741349,63.69025058350966,60.24208732500716,3.664222934654348,10,0.8575184065480206
anti_reasons,01111011011001101100110110110110111101100110110110110110111100111100111100111100110110111101100110110110110110110110110110110110110110110110110110011001101111001101100011000110001101100110001101100011011001100110011011011011011011011011011011110011110001111000110011110110011001101100110110001100011001111000001100110001111001101101100110111100000110000110110011011011000111100001100011011011011011011001111011001100110110110011011000110110011011011011011110011,72.94912718130126,64.18990694761554,60.40732824653127,3.663566087426289,10,0.857521235974021
anti_reasons,01111001111001101100110110110110111100110110110110110110111101101101101100111101101100111101100110110111100110110110110110110110110110110110110110011001101111001101100011000110001101100110001101100011011001100110011011011011011011011011011011011110110001100110110110011011110001100110011011001100110001101100001100110001101100110111101101101100000011001100110011011110000111100001100110011011011011011001111011000110110110110001111000110110011011011011011110011,72.9346173000404,63.59504043429554,60.08978396860172,3.699195197456291,10,0.8575495755858586
anti_reasons,01111001111001101100110110110110111100110110110110110110111101101101101100111101101100111101100110110111100110110110110110110110110110110110110110011001101111001101100011000110001101100110001101100011011001100110011011011011011011011011011011011110011001100110110110011011110001100110011011001100110001101100001100110001101100110111101101101100000011011000110011011110000111100001100110011011011011011001111011000110110110110001111000110110011011011011011110011,72.92413693411254,63.48240815026745,59.762990181403374,3.7901021726296227,10,0.8575700450505614
anti_reasons,01111001111001101100110110110110111100110110110110110110111101101101101100111101101100111101100110110111100110110110110110110110110110110110110110011001101111001101100011000110001101100110001101100011011001100110011011011011011011011011011011011110110001100110110110011011011001100110011011001100110001101100001100110001101100110111101101101100000011011000110011011110000111100001100110011011011011011001111011000110110110110001111000110110011011011011011110011,72.9124093110379,63.52345418181309,59.860715081408735,3.7716197423704605,10,0.8575929505643791
anti_reasons,01111001111001101100110110110110111100110110110110110110111101101101101100110111101100111101100110110111100110110110110110110110110110110110110110011001101111001101100011000110001101100110001101100011011001100110011011011011011011011011011011011110110001100110110110011011110001100110011011001100110001101100001100110001101100110111101101101100000011011000110011011110000111100001100110011011011011011001111011000110110110110001111000110110011011011011011110011,72.90273850316048,63.570502007982974,59.76011248711122,3.7402608861888056,10,0.8576118388610147
anti_reasons,01111001111001101100110110110110111100110110110110110110111101101101101100111101101100111101100110110111100110110110110110110110110110110110110110011001101111001101100011000110001101100110001101100011011001100110011011011011011011011011011011011110110001100110110110011011110001100110011011001100011001101100001100110001101100110111101101101100000011011000110011011110000111100001100110011011011011011001111011000110110110110001111000110110011011011011011110011,72.86452121157919,63.46374287988292,59.819184287273494,3.7575808373189643,10,0.8576864820086344
anti_reasons,01111001111001101100110110110110111100110110110110110110111101101101101100111101101100111101100110110111100110110110110110110110110110110110110110011001101111001101100011000110001101100110001101100011011001100110011011011011011011011011011011011110110001100110110110011011110001100110011011000110110001101100001100110001101100110111101101101100000011011000110011011110000111100001100110011011011011011001111011000110110110110001111000110110011011011011011110011,72.8600888488631,63.45395516920108,59.80093811888018,3.760579585938274,10,0.8576951389670643
anti_reasons,01111011011001101100110110110110111101100110110110110110111100111100111100111100110110110111100110110110110110110110110110110110110110110110110011011001101111001101100011000110001101100110001101100011011001100110011011011011011011011011011011110011110001111000110011110110011001101100110110001100011001111000001100110001111001101101100110111100000110000110110011011011000111100001100011011011011011011001111011001100110110110011011000110110011011011011011110011,72.85651266907946,64.1988298029234,60.34618799533386,3.638800140000062,10,0.8577021236932042
anti_reasons,01111011011001101100110110110110111101100110110110110110111100111100111100111100110110111101100110110110110110110110110110110110110110110110110011011001101111001101100011000110001101100110001101100011011001100110011011011011011011011011011011110011110001111000110011110110011001101100110110001100011001111000001100110001111001101101100110111100000110000110110011011011000111100001100011011011011011011001111011001100110110110011011001100110011011011011011110011,72.77108653336133,64.12636444664028,60.314002108181235,3.587714695505466,10,0.8578689716145287
anti_reasons,01111011011001101100110110110110111101100110110110110110111100111100111100111100110110111101100110110110110110110110110110110110110110110110110011011001101111001101100011000110001101100110001101100011011001100110011011011011011011011011011011110011110001111000110011110110011001101100110110001100011001111000001100110001101101101101100110111100000110000110110011011011000111100001100011011011011011011001111011001100110110110011011000110110011011011011011110011,72.77086464619154,64.25159115992801,60.73321202813512,3.52399205254956,10,0.8578694049879072
anti_reasons,01111011011001101100110110110110111101100110110110110110111100111100111100111100110110111101100110110110110110110110110110110110110110110110110011011001101111001101100011000110001101100110001101100011011001100110011011011011011011011011011011110011110001111000110011110110011001101100110110001100011001111000000110110001111001101101100110111100000110000110110011011011000111100001100011011011011011011001111011001100110110110011011000110110011011011011011110011,72.76171462962505,64.2782808513512,60.755464965065094,3.5168125183044276,10,0.8578872761140136
anti_reasons,01111011011001101100110110110110111101100110110110110110111100111100111100111100110110111101100110110110110110110110110110110110110110110110110011011001101111001101100011000110001101100110001101100011011001100110011011011011011011011011011011011011110001111000110011110110011001101100110110001100011001111000001100110001111001101101100110111100000110000110110011011011000111100001100011011011011011011001111011001100110110110011011000110110011011011011011110011,72.74685375697673,64.11997712366143,60.32624578372239,3.6089054915887995,10,0.8579163012559048
anti_reasons,01111011011001101100110110110110111101100110110110110110111100111100111100111100110110111100110110110110110110110110110110110110110110110110110011011001101111001101100011000110001101100110001101100011011001100110011011011011011011011011011011110011110001111000110011110110011001101100110110001100011001111000001100110001111001101101100110111100000110000110110011011011000111100001100011011011011011011001111011001100110110110011011000110110011011011011011110011,72.72693768566336,64.11955410168908,60.29551630585106,3.6093276813296074,10,0.8579551998326888
anti_reasons,01111011011001101100110110110110111101100110110110110110111100111100111100111100110110111101100110110110110110110110110110110110110110110110110011011001101111001101100011000110001101100110001101100011011001100110011011011011011011011011011011110011110001111000110011110110011001101100110110001100011001111000001100110001111001101100110110111100000110000110110011011011000111100001100011011011011011011001111011001100110110110011011000110110011011011011011110011,72.69065540385743,64.15044567073741,60.574065591987925,3.526616605197202,10,0.858026063664341
anti_reasons,01111011011001101100110110110110111101100110110110110110111100111100111100111100110110111101100110110110110110110110110110110110110110110110110011011001101111001101100011000110001101100110001101100011011001100110011011011011011011011011011011110011110001111000110011110011011001101100110110001100011001111000001100110001111001101101100110111100000110000110110011011011000111100001100011011011011011011001111011001100110110110011011000110110011011011011011110011,72.68686145245925,64.16342186395934,60.45385653419188,3.5671176508342355,10,0.8580334737256655
anti_reasons,01111011011001101100110110110110111101100110110110110110111100111100111100111100110110111101100110110110110110110110110110110110110110110110110011011011001111001101100011000110001101100110001101100011011001100110011011011011011011011011011011110011110001111000110011110110011001101100110110001100011001111000001100110001111001101101100110111100000110000110110011011011000111100001100011011011011011011001111011001100110110110011011000110110011011011011011110011,72.68499876741178,63.98857952133236,60.22439100466193,3.627664713449661,10,0.8580371117823988
anti_reasons,01111011011001101100110110110110111101100110110110110110111100111100111100111100110110111101100110110110110110110110110110110110110110110110110011011001101111001101100011000110001101100110001101100011011001100110011011011011011011011011011011110011110001111000110011110110011001101100011110001100011001111000001100110001111001101101100110111100000110000110110011011011000111100001100011011011011011011001111011001100110110110011011000110110011011011011011110011,72.66459333927023,64.14038953627275,60.47390230894141,3.5541304235108684,10,0.8580769661342378
anti_reasons,01111011011001101100110110110110111101100110110110110110111100111100111100111100110110111101100110110110110110110110110110110110110110110110110011011001101111001101100011000110001101100110001101100011011001100110011011011011011011011011011011110011110001111000110011011110011001101100110110001100011001111000001100110001111001101101100110111100000110000110110011011011000111100001100011011011011011011001111011001100110110110011011000110110011011011011011110011,72.66015222698302,64.12082548689992,60.391098088796575,3.570883836441107,10,0.8580856401816738
anti_reasons,01111011011001101100110110110110111101100110110110110110111100111100110110111100110110111101100110110110110110110110110110110110110110110110110011011001101111001101100011000110001101100110001101100011011001100110011011011011011011011011011011110011110001111000110011110110011001101100110110001100011001111000001100110001111001101101100110111100000110000110110011011011000111100001100011011011011011011001111011001100110110110011011000110110011011011011011110011,72.62627054844657,64.27359812716979,60.364850740793806,3.6176455572651833,10,0.8581518153350653
anti_reasons,01111011011001101100110110110110111101100110110110110110111100111100111100111100110110111101100110110110110110110110110110110110110110110110110011011001101111001101100011000110001101100110001101100011011001100110011011011011011011011011011011110011110001111000110011110110011001101100110110001100011001111000001100110001111001101101100110110110000110000110110011011011000111100001100011011011011011011001111011001100110110110011011000110110011011011011011110011,72.61318341744156,64.1251921602651,60.60563332670912,3.493271355325804,10,0.8581773761378094
anti_reasons,01111011011001101100110110110110111101100110110110110110111100111100111100111100110110111101100110110110110110110110110110110110110110110110110011011001101111001101100011000110001101100110001101100011011001100110011011011011011011011011011011110011110001111000110011110110011001101100110110001100011001111000001100110001111001101101100110111100000110000110110011011011000110110001100011011011011011011001111011001100110110110011011000110110011011011011011110011,72.60187359383627,64.21642288562228,60.77249117619519,3.429948355933101,10,0.8581994656370385
anti_reasons,01111011011001101100110110110110111101100110110110110110111100111100111100111100110110111101100110110110110110110110110110110110110110110110110011011001101111001101100011000110001101100110001101100011011001100110011011011011011011011011011011110011011001111000110011110110011001101100110110001100011001111000001100110001111001101101100110111100000110000110110011011011000111100001100011011011011011011001111011001100110110110011011000110110011011011011011110011,72.56971994803642,63.97448789196267,60.232960839682555,3.5848363419961817,10,0.8582622657264913
anti_reasons,01111011011001101100110110110110111101100110110110110110111100111100111100111100110110111101100110110110110110110110110110110110110110110110110011011001101111001101100011000110001101100110001101100011011001100110011011011011011011011011011011110011110001111000110011110110011001101100110110001100011001101100001100110001111001101101100110111100000110000110110011011011000111100001100011011011011011011001111011001100110110110011011000110110011011011011011110011,72.56010988174793,64.01685752068592,60.399008164546444,3.545161580370129,10,0.858281035387211
anti_reasons,01111011011001101100110110110110111101100110110110110110111100111100111100110110110110111101100110110110110110110110110110110110110110110110110011011001101111001101100011000110001101100110001101100011011001100110011011011011011011011011011011110011110001111000110011110110011001101100110110001100011001111000001100110001111001101101100110111100000110000110110011011011000111100001100011011011011011011001111011001100110110110011011000110110011011011011011110011,72.54832151708436,64.06258174967819,60.23008314539039,3.5898164684931766,10,0.8583040595369447
anti_reasons,01111011011001101100110110110110111101100110110110110110111100111100111100111100110110111101100110110110110110110110110110110110110110110110110011011001101111001101100011000110001101100110001101100011011001100110011011011011011011011011011011110011110001101100110011110110011001101100110110001100011001111000001100110001111001101101100110111100000110000110110011011011000111100001100011011011011011011001111011001100110110110011011000110110011011011011011110011,72.53754103494424,63.95985577986638,60.22677142661747,3.5767494555972235,10,0.8583251151661245
anti_reasons,01111011011001101100110110110110111101100110110110110110111100111100111100111100110110111101100110110110110110110110110110110110110110110110110011011001101111001101100011000110001101100110001101100011011001100110011011011011011011011011011011110011110001111000110011110110011001100110110110001100011001111000001100110001111001101101100110111100000110000110110011011011000111100001100011011011011011011001111011001100110110110011011000110110011011011011011110011,72.53358468954995,63.995028201150134,60.32993611149549,3.5580373321700143,10,0.8583328424032227
anti_reasons,01111011011001101100110110110110111101100110110110110110111100111100111100111100110110111101100110110110110110110110110110110110110110110110110011011001101111001101100011000110001101100110001101100011011001100110011011011011011011011011011011110011110001111000110011110110011001101100110011001100011001111000001100110001111001101101100110111100000110000110110011011011000111100001100011011011011011011001111011001100110110110011011000110110011011011011011110011,72.50992179818638,63.950349033271706,60.278586065051734,3.558487228493602,10,0.8583790589879172
anti_reasons,01111011011001101100110110110110111101100110110110110110111100111100111100111100110110111101100110110110110110110110110110110110110110110110110011011001101111001101100011000110001101100110001101100011011001100110011011011011011011011011011011110011110001111000110011110110011001101100110110000110011001111000001100110001111001101101100110111100000110000110110011011011000111100001100011011011011011011001111011001100110110110011011000110110011011011011011110011,72.50567186278698,63.9460349108963,60.27090877715936,3.5573588272325174,10,0.8583873596429942
anti_reasons,01101101101111001101100110110111101100111101100110110110110110110110110110110110110110110110110110110110110110110111100110111101100111100110110110011011001100110110011001100011001100110110001100110011011001100110110110110110110011110011011110110110110001101100011011110110110001100110011001100011110011000110000111100011001111001101101101100110000011000110110011011000110110011011001100110011011001101101101101101100110110011001101100110011011011011011011011011,69.7660654116647,60.98140412305688,51.076787106761955,4.773990506939289,10,0.8637381534928423
anti_reasons,01101101101111001101100110110111101100110110110110110110110110110110110110110111100110111100110111100111100110110111100110111101100111100110110011011001101100110110011001100011001100110110001100110011011001100110110110110110110011110110110110011011011001101100011011011110011011000011011011001100011011000110001101100001101111000111100111101100000110011000110110110110000110001100110011001111011001101101101101101100110110011011001100110011011011011011011011011,69.59377687352688,62.16622446696732,53.440159346089395,4.07592276683441,10,0.8640746545438929
anti_reasons,01101101101111001101100110110111101100111101100110110110110110110110110110110110111100110110110110110110110110110111100110111101100111100110110110011011001100110110011001100011001100110110001100110011011001100110110110110110110011110110011110110110110001101100011011110110110001100110011001100011011011000110000111100011001111001101101101100110000011000110011011011000110110011011001100110011011001101101101101101100110110011001101100110011011011011011011011011,69.57194030994884,60.853677928082675,51.057506877537975,4.67728298129992,10,0.8641173040821312
anti_reasons,01101101101111001101100110110111101101100111100110110110110110110110110110110111100110110110111101100110111100110111100110111101100111100110110110011001101100110110110001100011001100110110001100110011011001100110110110110110110011110110110011110110011001101100011110011110110001101100011110001100011001111000000110110011001100110110111100110110000110000110011011011000110111100011001100110011011001101101101101100110110110110011001101100110011011011011011011011,69.54158645458136,61.90504498059698,55.087121061689615,3.732908251939152,10,0.8641765889558958
anti_reasons,01101101101111001101100110110111101100111101100110110110110110110110110110110110111100110110110110110110110110110111100110111101100111100110110110011011001100110110011001100011001100110110001100110011011001100110110110110110110011110110011110110110110001101100011011110110110001100110011001100011001111000110000111100011001111001101101101100110000011000110110011011000110110011011001100110011011001101101101101101100110110011001101100110011011011011011011011011,69.52371840734969,60.77459125466373,51.03358410726616,4.68543865942096,10,0.8642114874856451
anti_reasons,01101101101111001101100110110111101100111101100110110110110110110110110110110110111100110110110110110110110110110111100110111101100111100110110110011011001100110110011001100011001100110110001100110011011001100110110110110110110011110110011110110110110001101100011011110110110000110110011001100011011011000110000111100011001111001101101101100110000011000110110011011000110110011011001100110011011001101101101101101100110110011001101100110011011011011011011011011,69.47949698314747,60.715927218020724,50.900169584633126,4.706530653087023,10,0.8642978574547902
anti_reasons,01101101101111001101100110110111101100111101100110110110110110110110110110110110111100110110110110110110110110110111100110111101100111100110110110011011001100110110011001100011001100110110001100110011011001100110110110110110110011110110011110110110110001100110011011110110110001100110011001100011011011000110000111100011001111001101101101100110000011000110110011011000110110011011001100110011011001101101101101101100110110011001101100110011011011011011011011011,69.47415396573032,60.712104965034584,50.891439893480886,4.707503109195614,10,0.8643082930356829
anti_reasons,01101101101111001101100110110111101100110110110110110110110110110110110110110111100110111100110111100111100110110111100110111101100111100110110011011001101100110110011001100011001100110110001100110011011001100110110110110110110011110110110110011011011001101100011011011110011011000011011011001100011011000110001101100001101111000111100111101100000110011000011110110110000110001100110110001111011001101101101101101100110110011011001100110011011011011011011011011,69.46729468765855,62.01660743088445,53.280889084807065,4.0859201376164584,10,0.864321690063167
anti_reasons,01101101101111001101100110110111101100111101100110110110110110110110110110110110111100110110110110110110110110110111100110111101100111100110110110011011001100110110011001100011001100110110001100110011011001100110110110110110110011110011011110110110110001101100011011110110110001100110011001100011011011000110000111100011001111001101101101100110000011000110110011011000110110001111001100110011011001101101101101101100110110011001101100110011011011011011011011011,69.45381802801757,61.15751887276891,51.775984703665685,4.482723363286247,10,0.8643480116640282
anti_reasons,01101101101111001101100110110111101100110110110110110110110110110110110110110111100110111100110111100111100110110111100110111101100111100110110011011001101100110110011001100011001100110110001100110011011001100110110110110110110011110110110110011011001101101100011011011110011011000011011011001100011011000110001101100001101111000111100111101100000110011000110110110110000110001100110110001111011001101101101101101100110110011011001100110011011011011011011011011,69.41913892217605,61.95069543420865,53.291344773768294,4.084109591654574,10,0.8644157442926249
anti_reasons,01101101101111001101100110110111101100110110110110110110110110110110110110110111100110111100110111100111100110110111100110111101100111100110110011011001101100110110011001100011001100110110001100110011011001100110110110110110110011110110110110011011011001101100011011011110011011000011011011001100001111000110001101100001101111000111100111101100000110011000110110110110000110001100110110001111011001101101101101101100110110011011001100110011011011011011011011011,69.4190727850594,61.93752075746549,53.25696631453525,4.086196715943995,10,0.8644158734666809
anti_reasons,01101101101111001101100110110111101100110110110110110110110110110110110110110111100110111100110111100111100110110111100110111101100111100110110011011001101100110110011001100011001100110110001100110011011001100110110110110110110011110110110110011011011001101100011011011110011011000011011011001100011001100110001101100001101111000111100111101100000110011000110110110110000110001100110110001111011001101101101101100110110110011011001100110011011011011011011011011,69.40509596694619,61.86668961159885,53.07480774073891,4.127793594708967,10,0.8644431719395582
anti_reasons,01101101101111001101100110110111101100110110110110110110110110110110110110110111100110111100110111100111100110110111100110111101100111100110110011011001101101100110011001100011001100110110001100110011011001100110110110110110110011110110110110110011011001101100011011011110011011000011011011001100011011000110001101100001101111000111100111101100000110011000110110110110000110001100110110001111011001101101101101101100110110011011001100110011011011011011011011011,69.40499536281604,61.75161239529636,52.48725135426195,4.261989745495849,10,0.8644433684319999
anti_reasons,01101101101111001101100110110111101100111101100110110110110110110110110110110110111100110110110110110110110110110111100110111101100111100110110110011011001100110110011001100011001100110110001100110011011001100110110110110110110011110011011110110110110001101100011011110110110001100110011001100011011011000110000111100011001111001101101101100110000001100110110011011000110110011011001100110011011001101101101101101100110110011001101100110011011011011011011011011,69.39102616088203,61.05596884903325,51.73930927731008,4.494080752530022,10,0.8644706520295273
anti_reasons,01101101101111001101100110110111101100110110110110110110110110110110110110110111100110111100110111100111100110110111100110111101100111100110110011011001101100110110011001100011001100110110001100110011011001100110110110110110110011110110110110011011011001100110011011011110011011000011011011001100011011000110001101100001101111000111100111101100000110011000110110110110000110001100110110001111011001101101101101101100110110011011001100110011011011011011011011011,69.36950834344003,61.87503446783635,53.114822100749976,4.109491032458695,10,0.8645126790167187
anti_reasons,01101101101111001101100110110111101100110110110110110110110110110110110110110111100110111100110111100111100110110111100110111101100111100110110011011001101100110110011001100011001100110110001100110011011001100110110110110110110011110110110110011011011001101100011011011110001111000011011011001100011011000110001101100001101111000111100111101100000110011000110110110110000110001100110110001111011001101101101101101100110110011011001100110011011011011011011011011,69.34797214754568,61.84059038471478,53.03356841094469,4.121364023153738,10,0.8645547418993249
anti_reasons,01101101101111001101100110110111101100111101100110110110110110110110110110110110111100110110110110110110110110110111100110111101100110110110110110011011001100110110011001100011001100110110001100110011011001100110110110110110110011110110011110110110110001101100011011110110110001100110011001100011011011000110000111100011001111001101101101100011000011000110110011011000110110011011001100110011011001101101101101101100110110011001101100110011011011011011011011011,69.3276887043233,60.55729484586586,50.7283880716318,4.702614164597486,10,0.8645943579993686
anti_reasons,01101101101111001101100110110111101100110110110110110110110110110110110110110111100110111100110111100111100110110111100110111101100111100110110011011001101100110110011001100011001100110110001100110011011001100110110110110110110011110110110110011011011001101100011011011110011011000011011011001100011011000011001101100001101111000111100111101100000110011000110110110110000110001100110110001111011001101101101101101100110110011011001100110011011011011011011011011,69.31226731838984,61.81216168237749,53.01205531394442,4.116686019307601,10,0.8646244778937698
anti_reasons,01101101101111001101100110110111101100111101100110110110110110110110110110110110111100110110110110110110110110110111100110111101100111100110110110011011001100110110011001100011001100110110001100110011011001100110110110011110110011110011011110110110110001101100011011110110110001100011011001100011011011000110000111100011001111001101101101100110000011000110110011011000110110011011001100110011011001101101101101101100110110011001101100110011011011011011011011011,69.29006130048921,61.2277731083661,52.11524991532709,4.457868845743311,10,0.864667849022482
anti_reasons,01101101101111001101100110110111101100111101100110110110110110110110110110110110111100110110110110110110110110110111100110111101100111100110110110011011001100110110011001100011001100110110001100110011011001100110110110110110110011110011011110110110110001101100011011110110110001100110011000110011011011000110000111100011001111001101101101100110000011000110110011011000110110011011001100110011011001101101101101101100110110011001101100110011011011011011011011011,69.28615880153404,60.91407389627399,51.5208468406304,4.5351434931671575,10,0.8646754710907538
anti_reasons,01101101101111001101100110110111101100110110110110110110110110110110110110110111100110111100110111100111100110110111100110111101100111100110110011011001101100110110011001100011001100110110001100110011011001100110110110110110110011110110110110011011011001101100011011011110011011000011011001101100011011000110001101100001101111000111100111101100000110011000110110110110000110001100110110001111011001101101101101101100110110011011001100110011011011011011011011011,69.28050600809942,61.772105698650634,52.93541679138035,4.127028801745049,10,0.8646865117029308
anti_reasons,01101101101111001101100110110111101100110110110110110110110110110110110110111100111100111100110110111100110110110111100110111101100111100110110011011011001101100110110001100011001100110110001100110011011001100110110110110110110011110110011011011110011001111000011110110011110000111100011110001100110001111000001100110001111011000110110110110110000011011000011011011110000111100011000011110011011001101101101101100110110110011011001101100110011011011011011011011,69.27029159139545,62.57798873426829,55.02797619594559,3.664404039133986,10,0.8647064617355558
anti_reasons,01101101101111001101100110110111101100110110110110110110110110110110110110110111100110111100110111100111100110110111100110111101100111100110110011011001101100110110110001100011001100110110001100110011011001100110110110110110110011110110110110011011011001101100011011011110011011000011011011001100011011000110001101100001101111000111100111101100000110011000110110110110000110001100110110001111011001101101101101101100110110011011001100110011011011011011011011011,69.25225686929244,61.74185744944598,52.878824279251845,4.132870159310197,10,0.8647416858021633
anti_reasons,01101101101111001101100110110111101100111101100110110110110110110110110110110110111100110110110110110110110110110111100110111101100111100110110110011011001100110110011001100011001100110110001100110011011001100110110110110110110011110011011110110110110001101100011011110110110001100110011001100011011011000011000111100011001111001101101101100110000011000110110011011000110110011011001100110011011001101101101101101100110110011001101100110011011011011011011011011,69.21118569270763,60.830486701932514,51.37227221551874,4.550679591066216,10,0.8648219029439304
anti_reasons,01101101101111001101100110110111101100111101100110110110110110110110110110110110111100110110110110110110110110110111100110111101100111100110110110011011001100110110110001100011001100110110001100110011011001100110110110110110110011110011011110110110110001101100011011110110110001100110011001100011011011000110000111100011001111001101101101100110000011000110110011011000110110011011001100110011011001101101101101101100110110011001101100110011011011011011011011011,69.15117524361023,60.76018246900098,51.23904118082616,4.567481849521337,10,0.8649391108523238
anti_reasons,01101101101111001101100110110111101100110110110110110110110110110110110110110111100110111100110111100111100110110111100110111101100111100110110011011001101100110110011001100011001100110110001100110011011001100110110110110110110011110110110110011011011001101100011011011110011011000011011011001100011011000110001101100011001111000111100111101100000011011000110110110110000110001100110110001111011001101101101101101100110110011011001100110011011011011011011011011,69.0924786805715,61.57539984432317,52.47864361358651,4.184445470412023,10,0.8650537525770088
anti_reasons,01101101101111001101100110110111101100110110110110110110110110110110110110110111100110110110110111100111100110110111100110111101100111100110110011011001101100110110011001100011001100110110001100110011011001100110110110110110110011110110110110011011011001101100011011011110011011000011011011001100011011000110001101100001101111000111100111101100000110011000110110110110000110001100110110001111011001101101101101101100110110011011001100110011011011011011011011011,69.06892734438401,61.22661264220593,52.19539582375265,4.268674288663929,10,0.8650997512805
anti_reasons,01101101101111001101100110110111101100110110110110110110110110110110110110110110110110111100110111100111100110110111100110111101100111100110110011011001101100110110011001100011001100110110001100110011011001100110110110110110110011110110110110011011011001101100011011011110011011000011011011001100011011000110001101100001101111000111100111101100000110011000110110110110000110001100110110001111011001101101101101101100110110011011001100110011011011011011011011011,69.04644601512123,61.148256860547306,52.140384639353734,4.27793258228993,10,0.8651436601267164
anti_reasons,11011001111011011001100110110110111101101100110110110110110110110110110110110110110111101101100110111100110110110110110110110110110110110110110110011001101100110110110001100011000110110011001100011011001100110110011011011011011011011011110011011110001111000110011011110011001100110011011011000011110001100110000111100011011011001100111100111100000110000110011110110011000110011001100110110011001101101101101101101100110110110011001101101100110110110110110110110,69.00012347509582,59.77082662066207,55.83381480442121,3.8138311420468454,10,0.8652341338377034
anti_reasons,01101101101111001101100110110111101100110110110110110110110110110110110110110111100110111100110111100111100110110111100110111101100111100110110011011001101100110110011001100011001100110110001100110011011001100110110110110110110011110110011110011011011001101100011011011110011011000011011011001100011011000110001101100001101111000111100111101100000110011000110110110110000110001100110110001111011001101101101101101100110110011011001100110011011011011011011011011,68.93445580753217,61.77664646373945,53.658073965310535,3.882725940858069,10,0.8653623910009137
anti_reasons,01101101101111001101100110110111101100110110110110110110110110110110110110110111100110111100110111100110110110110111100110111101100111100110110011011001101100110110011001100011001100110110001100110011011001100110110110110110110011110110110110011011011001101100011011011110011011000011011011001100011011000110001101100001101111000111100111101100000110011000110110110110000110001100110110001111011001101101101101101100110110011011001100110011011011011011011011011,68.93321829099366,61.322129113366614,52.27903762988693,4.2255667282586,10,0.865364808025403
anti_reasons,01101101101111001101100110110111101100111100110110110110110110110110110110110110111100110110110110110110110110110111100110111101100111100110110110011011001100110110011001100011001100110110001100110011011001100110110110110110110011110110011110110110110001101100011011110110110001100110011001100011011011000110000111100011001111001101101101100110000011000110110011011000110110011011001100110011011001101101101101101100110110011001101100110011011011011011011011011,68.92351349144542,60.428571428604094,50.36003010733639,4.684426918796476,10,0.8653837627120207
anti_reasons,01101101101111001101100110110111101100110110110110110110110110110110110110110111100110111100110111100111100110110111100110111101100111100110110011011001101100110110011001100011001100110110001100110011011001100110110110110110110011110110110011011011011001101100011011011110011011000011011011001100011011000110001101100001101111000111100111101100000110011000110110110110000110001100110110001111011001101101101101101100110110011011001100110011011011011011011011011,68.92281999323029,61.754955278684875,53.66160594194761,3.894979434888304,10,0.8653851172007221
anti_reasons,01101101101111001101100110110111101101101100110110110110110110110110110110111100110110110111100110111100111100110111100110111101100111100110110011011011001101100110110001100011001100110110001100110011011001100110110110110110110011110110011011110011001101111000110011110011011011001100110110000011110011000110001101100001101111001100111100110110000011001100011110011011000111100000110110110011011001101101101101101100110110110011001100110110011011011011011011011,68.90964318225605,61.62895430449996,54.678906623126345,3.749457591572664,10,0.8654108531596562
anti_reasons,01101101101111001101100110110111101100110110110110110110110110110110110110110111100110111100110110110111100110110111100110111101100111100110110011011001101100110110011001100011001100110110001100110011011001100110110110110110110011110110110110011011011001101100011011011110011011000011011011001100011011000110001101100001101111000111100111101100000110011000110110110110000110001100110110001111011001101101101101101100110110011011001100110011011011011011011011011,68.86646551987488,61.19190704287189,52.18977525016381,4.221788649396949,10,0.8654951845314944
anti_reasons,01101101101111001101100110110111101100110110110110110110110110110110110110110111100110111100110111100111100110110111100110111101100111100110110011011001101100110110011001100011001100110110001100110011011001100110110110110110110011110110110110011011011001101100011011011110011011000011011011001100011011000110001101100001101111000111100111101100000110011000110110011110000110001100110110001111011001101101101101101100110110011011001100110011011011011011011011011,68.85782286806457,61.55563812881228,53.07735972965969,3.988727342400245,10,0.8655120647108114
anti_reasons,01101101101111001101100110110111101100111101100110110110110110110110110110110110111100110110110110110110110110110111100110111101100111100110110110011011001100110110011001100011001100110110001100110011011001100110110110110110110011110110011110110110110001101100011011110110110001100110011001100011011011000110000111100011001111001101101101100110000011000110110011011000110110011011001100110011011001101101101101101100110110011011001100110011011011011011011011011,68.84739607970343,60.211729255790075,50.929869492335996,4.554651807265123,10,0.8655324295318292
anti_reasons,01101101101111001101100110110111101100111101100110110110110110110110110110110110111100110110110110110110110110110111100110111101100111100110110110011011001100110110011001100011001100110110001100110011011001100110110110110110110011110110011110110110110001101100011011110110110001100110011001100011011011000110000111100011001111001101101101100110000011000110110011011000110110011011001100110011011001101101101101101100110110110001101100110011011011011011011011011,68.8416724735996,60.22391552168186,50.692798462169606,4.598164371639503,10,0.8655436084500008
anti_reasons,01101101101111001101100110110111101100111101100110110110110110110110110110110110111100110110110110110110110110110111100110111101100111100110110110011011001100110110011001100011001100110110001100110011011001100110110110110110110011110011011011110110110001101100011011110110110001100110011001100011011011000110000111100011001111001101101101100110000011000110110011011000110110011011001100110011011001101101101101101100110110011001101100110011011011011011011011011,68.82173836754808,60.773280298239875,52.02182284352193,4.334850811826292,10,0.8655825422508827
anti_reasons,01101101101111001101100110110111101100110110110110110110110110110110110110110111100110111100110111100111100110110111100110111101100111100110110011011001101100110110011001100011001100110110001100110011011001100110110110110110110011110110110110011011011001101100011011011110011011000011011011001100011011000110001101100001101111000111100111101100000110011000110011110110000110001100110110001111011001101101101101101100110110011011001100110011011011011011011011011,68.81118706505256,61.471346393806336,52.9687358906115,4.002678140438781,10,0.8656031502635693
anti_reasons,01101101101111001101100110110111101100110110110110110110110110110110110110110111100110111100110111100111100110110111100110111101100111100110110110011001101100110110011001100011001100110110001100110011011001100110110110110110110011110110110110011011011001101100011011011110011011000011011011001100011011000110001101100001101111000111100111101100000110011000110110110110000110001100110110001111011001101101101101101100110110011011001100110011011011011011011011011,68.78289895889796,61.21768978689808,52.37717762119216,4.162668770319207,10,0.8656584004709025
anti_reasons,01101101101111001101100110110111101101100111100110110110110110110110110110111100110110110111100110110110110110110111100110111101100111100110110011011011001100110110110001100011001100110110001100110011011001100110110110110110110110110110011011011110110011000110110110011011110001100110011011000110001101111000000110110011011011000111101101101100000001111000110011011011001101100000110110001111011001101101101101101100110110011011001101100011011011011011011011011,68.74134023935548,60.61293812106246,52.74380532244846,4.125421724688668,10,0.8657395698450088
anti_reasons,01101101101111001101100110110111101100110110110110110110110110110110110110110111100110111100110111100111100110110111100110111101100111100110110011011001101100110110011001100011001100110110001100110011011001100110110110110110110011110110110110011011011001101100011011011110011011000011011011001100011011000110001101100001101111000111100111101100000110011000110110110110000110001100110110001111011001101101101101101100110110110011001100110011011011011011011011011,68.73702685130931,61.38684502448363,52.916180669438695,4.000552945796094,10,0.8657479944310364
anti_reasons,01101101101111001101100110110111101100111101100110110110110110110110110110110110111100110110110110110110110110110111100110111101100111100110110110011011001100110110011001100011001100110110001100110011011001100110110110110110110011110110011110110110110001101100011011110110110001100110011001100011011011000110000111100011001111001101101101100110000011000110110011011000110110011011000110110011011001101101101101101100110110011001101100110011011011011011011011011,68.73170579507124,60.045471023297125,50.2905847611472,4.652443232305214,10,0.8657583871190015
anti_reasons,01101101101111001101100110110111101100111101100110110110110110110110110110110110111100110110110110110110110110110111100110111101100111100110110110011011001100110110011001100011001100110110001100110011011001100110110110110110110011110110011110110110110001101100011011110110110001100110011001100011011011000110000111100011001111001100111101100110000011000110110011011000110110011011001100110011011001101101101101101100110110011001101100110011011011011011011011011,68.72871718566282,60.01529900721816,50.45663429497578,4.629987603481515,10,0.8657642242467523
anti_reasons,01101101101111001101100110110111101100110110110110110110110110110110110110110111100110111100110111100111100110110111100110111101100111100110110011011001101100110110011001100011001100110110001100110011011001100110110110110110110011110110110110011011011001101100011011011110011011000011011011001100011011000110000111100001101111000111100111101100000110011000110110110110000110001100110110001111011001101101101101101100110110011011001100110011011011011011011011011,68.72640244562379,61.306063690633735,52.948171817031394,3.9974075396213378,10,0.8657687452233911
anti_reasons,01101101101111001101100110110111101100110110110110110110110110110110110110110111100110111100110111100111100110110111100110111101100111100110110011011001101100110110011001100011001100110110001100110011011001100110110110110110110011110110110110011011011001101100011011011110011011000011011011001100011011000110001101100001101111000111100110111100000110011000110110110110000110001100110110001111011001101101101101101100110110011011001100110011011011011011011011011,68.72082745202925,61.3176279315996,52.89554605343642,3.9968234217478655,10,0.8657796338827554
anti_reasons,01101101101111001101100110110111101100111101100110110110110110110110110110110110111100110110110110110110110110110111100110111101100111100110110110011011001100110110011001100011001100110110001100110011011001100110110110110110110011110110011110110110110001101100011011011110110001100110011001100011011011000110000111100011001111001101101101100110000011000110110011011000110110011011001100110011011001101101101101101100110110011001101100110011011011011011011011011,68.68220947587858,59.98567882338067,50.43261742193839,4.635342197442046,10,0.8658550596174246
anti_reasons,01101101101111001101100110110111101100111101100110110110110110110110110110110110111100110110110110110110110110110111100110111101100111100110110110011011001100110110011001100011001100110110001100110011011001100110110110110110110011110110011110110110110001101100011011110110110001100110011001100011011011000110000111100011001111001101101101100110000011000110110011011000110110011011001100110011011001101101101101101100110110011001101101100011011011011011011011011,68.67409232215653,59.991217783121044,50.50859980416572,4.609279246923791,10,0.865870913433288
anti_reasons,01101101101111001101100110110111101100111101100110110110110110110110110110110110111100110110110110110110110110110111100110111101100111100110110110011011001100110110011001100011001100110110001100110011011001100110110110110110110011110110011110110011110001101100011011110110110001100110011001100011011011000110000111100011001111001101101101100110000011000110110011011000110110011011001100110011011001101101101101101100110110011001101100110011011011011011011011011,68.66950833128743,59.98880699377321,50.488494256129826,4.621141121445511,10,0.8658798665404542
anti_reasons,01101101101111001101100110110111101101100111100110110110110110110110110110111100110110110111100110110110110110110111100110111101100111100110110011011011001101100110110001100011001100110110001100110011011001100110110110110110110110110110011011011110110011000110110110011011110001101100011011000110001101111000000110110011011011000111101101101100000001111000110011011011001101100000110110011011011001101101101101101100110110011011001101100011011011011011011011011,68.66054051034237,60.35818282330108,52.119997766354196,4.282413089972992,10,0.8658973818157376
anti_reasons,01101101101111001101100110110111101100111101100110110110110110110110110110110110111100110110110110110110110110110111100110111101100111100110110110011011001100110110011001100011001100110110001100110011011001100110110110110110110011110011011110110110110001101100011011110110110001100110011001100011011011000110000111100011001111001101100111100110000011000110110011011000110110011011001100110011011001101101101101101100110110011001101100110011011011011011011011011,68.65501244835028,60.394040447289015,51.35766375615681,4.414052114514045,10,0.8659081788118159
anti_reasons,01101101101111001101100110110111101100111101100110110110110110110110110110110110111100110110110110110110110110110111100110111101100111100110110110011011001100110110011001100011001100110110001100110011011001100110110110110110011011110110011110110110110001101100011011110110110001100110011001100011011011000110000111100011001111000111101101100110000011000110110011011000110110011011001100110011011001101101101101101100110110011001101100110011011011011011011011011,68.6512131351582,60.28005710041988,51.09768665138323,4.501022071322239,10,0.8659155993453942
anti_reasons,01101101101111001101100110110111101100111101100110110110110110110110110110110110111100110110110110110110110110110111100110111101100111100110110110011011001101100110011001100011001100110110001100110011011001100110110110110110110011110011011110110110110001101100011011110110110001100110011001100011011011000110000111100011001111001101101101100110000011000110110011011000110110110011001100110011011001101101101101101100110110011001101100110011011011011011011011011,68.62538692265883,60.20553298228896,50.711341694857296,4.572124847356364,10,0.865966041166682
anti_reasons,01101101101111001101100110110111101100110110110110110110110110110110110110110111100110111100110111100111100110110111100110111101100111100110110011011001101100110110011001100011001100110110001100110011011001100110110110110110110011110110110110011011011001101100011011011110011011000011011011001100011011000110001101100001101111000110110111101100000110011000110110110110000110001100110110001111011001101101101101101100110110011011001100110011011011011011011011011,68.6240715633725,61.17822851001993,52.68001650224487,4.028413802780329,10,0.8659686102277881
anti_reasons,01101101101111001101100110110111101100111101100110110110110110110110110110110110111100110110110110110110110110110111100110111101100111100110110110011011001100110110011001100011001100110110001100110011011001100110110110110110110011110011011110110110110001101100011011110110110001100110011001100011011011000110000111100011001111001101101100110110000011000110110011011000110110011011001100110011011001101101101101101100110110011001101100110011011011011011011011011,68.61974582634704,60.33595295115462,51.25576295501074,4.42694522294092,10,0.8659770589329159
anti_reasons,01101101101111001101100110110111101100110110110110110110110110110110110110110111100110111100110111100111100110110111100110111101100111100110110011011001101100110110011001100011001100110110001100110011011001100110110110110110110011110110110110011011011001101100011011011110011011000011011011001100011011000110001101100001101111000111100111101100000110011000110110110110000110001100110110001111011001101101101101101100110110011011001100110110011011011011011011011,68.61726387764315,61.2877283476259,52.74470048620999,4.033022416260027,10,0.8659819064889782
anti_reasons,01101101101111001101100110110111101100111101100110110110110110110110110110110110111100110110110110110110110110110111100110111101100111100110110110011011001100110110011001100011001100110110001100110011011001100110110110110110110011110110011110110110110001101100011011110110110001100110011001100011011011000110000111100011001101101101101101100110000011000110110011011000110110011011001100110011011001101101101101101100110110011001101100110011011011011011011011011,68.61126732830144,59.88991980243003,50.22697330478666,4.658704082194419,10,0.8659936184994113
anti_reasons,01101101101111001101100110110111101100111101100110110110110110110110110110110110111100110110110110110110110110110111100110111101100111100110110110011011001100110110011001100011001100110110001100110011011001100110110110110110110011110110011110110110110001101100011011110110110001100110011001100011011011000110000110110011001111001101101101100110000011000110110011011000110110011011001100110011011001101101101101101100110110011001101100110011011011011011011011011,68.61057862752511,59.893649674946104,50.24904815477246,4.653865255860807,10,0.865994963618115
anti_reasons,01101101101111001101100110110111101100111101100110110110110110110110110110110110111100110110110110110110110110110111100110111101100111100110110110011011001100110110011001100011001100110110001100110011011001100110110110110110110011110011011110110110110001101100011011110110110001100110011001100011011011000110000111100011001111001101101101100110000011000110110011011000110110011011001100011011011001101101101101101100110110011001101100110011011011011011011011011,68.60936696751898,60.34441993350125,51.045892759602445,4.4597200444401075,10,0.8659973301415644
anti_reasons,01101101101111001101100110110111101100111101100110110110110110110110110110110110111100110110110110110110110110110111100110111101100111100110110110011011001100110110011001100011001100110110001100110011011001100110110110110110110011110011011110110110110001101100011011110110110001100110011001100011011011000110000111100001101111001101101101100110000011000110110011011000110110011011001100110011011001101101101101101100110110011001101100110011011011011011011011011,68.60839057741748,60.29922389069911,51.251699104047816,4.442452462297459,10,0.8659992371534815
anti_reasons,01101101101111001101100110110111101100110110110110110110110110110110110110110111100110111100110111100111100110110111100110111101100111100110110011011001101100110110011001100011001100110110001100110011011001100110110110110110110011110110110110011011011001101100011011011011011011000011011011001100011011000110001101100001101111000111100111101100000110011000110110110110000110001100110110001111011001101101101101101100110110011011001100110011011011011011011011011,68.60713095099263,61.191204703241866,52.73693361167827,4.032098415862352,10,0.8660016973613425
anti_reasons,01101101101111001101100110110111101100110110110110110110110110110110110110110111100110111100110111100111100110110111100110111101100111100110110011011001101100110110011001100011001100110110001100110011011001100110110110110110110011110110110110011011011001101100011011011110011011000011011011001100011011000110001101100001101111000111100111101100000110011000110110110011000110001100110110001111011001101101101101101100110110011011001100110011011011011011011011011,68.58979779751417,61.210113164487396,52.56200594516063,4.047245902132696,10,0.8660355511767301
anti_reasons,01101101101111001101100110110111101101100111100110110110110110110110110110111100110110110111100110110110110110110111100110111101100111100110110011011011001100110110110001100011001100110110001100110011011001100110110110110110110110110110011011011110110011000110110110011011110001100110011011000011001101111000000110110011011011000111101101101100000001111000110011011011001101100000110110011011011001101101101101101100110110011011001101100011011011011011011011011,68.58678889257072,60.40831384605876,52.60415870288992,4.164278793304153,10,0.8660414279441978
anti_reasons,11011001111011011001100110110110111101101100110110110110110110110110110110110110110111101100110110111100110110110110110110110110110110110110110110011001101100110110110001100011000110110011001100011011001100110110011011011011011011011011110011011110001111000110011011110011001100110110011011000011110001100110000111100011011011001100111100111100000110000110011110110011000110011001100011110011001101101101101101101100110110110011001101101100110110110110110110110,68.5802643608558,59.37819141321054,55.54663063678741,3.8683533621083503,10,0.8660541711702036
anti_reasons,01101101101111001101100110110111101101100110110110110110110110110110110110110110110110110110111101100111100111100111100110111101100111100110110011011001101101100110110001100011001100110110001100110011011001100110110110110110110011110110011110110011011011011000110110011011011000110110110011001100001101100110001101100001101111000111100110111100000001100110110011110011001101100011000110110011011001101101101101100110110110110001101101100110011011011011011011011,68.57522823478317,60.4832451063606,52.564318856668955,4.1365442565221375,10,0.8660640073539392
anti_reasons,01101101101111001101100110110111101100110110110110110110110110110110110110110111100110111100110111100111100110110111100110111101100111100110110011011001101100110110011001100011001100110110001100110011011001100110110110110110110011110110110110011011011001101100011011011110011011000011011011001100011011000110001101100001101111000111100111100110000110011000110110110110000110001100110110001111011001101101101101101100110110011011001100110011011011011011011011011,68.56999834890098,61.15297499954763,52.54629271912551,4.047264990145476,10,0.8660742219748028
anti_reasons,01101101101111001101100110110111101100110110110110110110110110110110110110110111100110111100110111100111100110110111100110111101100111100110110011011001101100110110011001100011001100110110001100110011011001100110110110110110110011110110110110011011011001101100011011011110011011000011011011001100011011000110001101100001101111000111100111101100000110011000110110110110000110001100110110001111011001101101101101101100110110011011001101100011011011011011011011011,68.5694466998662,61.154147285922804,52.73198201143481,4.012734513842576,10,0.8660752994143238
anti_reasons,01101101101111001101100110110111101100111101100110110110110110110110110110110110111100110110110110110110110110110111100110111101100111100110110110011011001100110110011001100011001100110110001100110011011001100110110110110110110011110011011110110110110001101100011011110110110001100110011001100011011011000110000111100011001111001101101101100110000011000110110011011000110110011001101100110011011001101101101101101100110110011001101100110011011011011011011011011,68.56545042387384,60.34541246564064,51.08954546211988,4.436814361491382,10,0.8660831046408715
anti_reasons,01101101101111001101100110110111101101100111100110110110110110110110110110111100110110110111100110110110110110110111100110111101100111100110110011011011001100110110110001100011001100110110001100110011011001100110110110110110110110110011011011011110110011000110110110011011110001100110011011000110001101111000000110110011011011000111101101101100000001111000110011011011001101100000110011011011011001101101101101101100110110011011001101100011011011011011011011011,68.56527550700281,60.829100494817524,53.39430476606096,3.972831416235104,10,0.8660834462753851
anti_reasons,01101101101111001101100110110111101100111101100110110110110110110110110110110110111100110110110110110110110110110111100110111101100111100110110110011011001100110110011001100011001100110110001100110011011001100110110110110110110011110110011110110110011001101100011011110110110001100110011001100011011011000110000111100011001111001101101101100110000011000110110011011000110110011011001100110011011001101101101101101100110110011001101100110011011011011011011011011,68.55802375514446,59.83934122844342,50.17953897667837,4.663138023279814,10,0.8660976098532335
anti_reasons,11011001111011011001100110110110111101101100110110110110110110110110110110110110110111101100110110111100110110110110110110110110110110110110110110011001101100110110110001100011000110110011001100011011001100110110011011011011011011011011110011011110001111000110011011110011001100110110011011000011110001100110000111100011011011001100111100111100000110000110011110110011000110001101100110110011001101101101101101101100110110110011001101101100110110110110110110110,68.55701163079647,59.351160799457126,55.49338819727298,3.8706352604257708,10,0.8660995866586007
anti_reasons,01101101101111001101100110110111101100110110110110110110110110110110110110110111100110111100110111100111100110110111100110111101100111100110110011011011001100110110011001100011001100110110001100110011011001100110110110110110110011110110110110011011011001101100011011011110011011000011011011001100011011000110001101100001101111000111100111101100000110011000110110110110000110001100110110001111011001101101101101101100110110011011001100110011011011011011011011011,68.54458949102434,61.01636236061489,52.1643222361097,4.146942925286059,10,0.8661238486503431
anti_reasons,01101101101111001101100110110111101100110110110110110110110110110110110110110111100110111100110111100111100110110111100110111101100111100110110011011001101100110110011001100011001100110110001100110011011001100110110110110110110011110110110110011011011001101100011011011110011011000011011011001100011011000110001101100001101111000111100111101100000110001100110110110110000110001100110110001111011001101101101101101100110110011011001100110011011011011011011011011,68.53962068340718,61.114903015273285,52.47647181545352,4.0538718938798635,10,0.8661335533527204
anti_reasons,11011001111011011001100110110110111101101100110110110110110110110110110110110110110111101100110110111100110110110110110110110110110110110110110110011001101100110110110001100011000110110011001100011011001100110110011011011011011011011011110011011110001111000110011011110011001100110110011011000011110001100110000111100011011011001100111100111100000110000110011110110011000110011000110110110011001101101101101101101100110110110011001101101100110110110110110110110,68.53280144541384,59.29496637426448,55.41887092565933,3.891199363598931,10,0.8661468721769261
anti_reasons,01101101101111001101100110110111101100110110110110110110110110110110110110110111100110111100110111100111100110110111100110111101100111100110110011011001101100110110011001100011001100110110001100110011011001100110110110110110110011110110110110011011011001101100011011011110011001100011011011001100011011000110001101100001101111000111100111101100000110011000110110110110000110001100110110001111011001101101101101101100110110011011001100110011011011011011011011011,68.51753220666947,61.07984889380003,52.54138487773111,4.0510820790995705,10,0.8661766949088487
anti_reasons,01101101101111001101100110110111101100111101100110110110110110110110110110110110111100110110110110110110110110110111100110111101100111100110110110011011001100110110011001100011001100110110001100110011011001100110110110110110110011110011011110110110110001101100011011110110110001100110011001100011011011000110000111100011001111001101101101100110000011000110110011011000110110011011001100110011011001101101101101101100110110011001101100110110011011011011011011011,68.51618225196094,60.306053367180915,51.10491738778431,4.449916772855596,10,0.8661793315391388
anti_reasons,01101101101111001101100110110111101100110110110110110110110110110110110110110111100110111100110111100111100110110111100110111101100111100110110011011001101100110110011001100011001100110110001100110011011001100110110110110110110011110110110110011011011001101100011011011110011011000011011011001100011011000110001101100001101101100111100111101100000110011000110110110110000110001100110110001111011001101101101101101100110110011011001100110011011011011011011011011,68.50662170601112,61.05284930523179,52.45035551205575,4.058610681560309,10,0.866198004480447
anti_reasons,01101101101111001101100110110111101100111101100110110110110110110110110110110110111100110110110110110110110110110111100110111101100111100110110110011011001100110110011001100011001100110110001100110011011001100110110110110110110011110011011110110110110001101100011011110011110001100110011001100011011011000110000111100011001111001101101101100110000011000110110011011000110110011011001100110011011001101101101101101100110110011001101100110011011011011011011011011,68.50604932531041,60.20952972279688,51.097150513252586,4.464416714776433,10,0.8661991224115031
anti_reasons,01101101101111001101100110110111101100110110110110110110110110110110110110110111100110111100110111100111100110110111100110111101100111100110110011011001101100110110011001100011001100110110001100110011011001100110110110110110110011110110110110011011011001101100011011011110011011000011011011001100011011000110001100110001101111000111100111101100000110011000110110110110000110001100110110001111011001101101101101101100110110011011001100110011011011011011011011011,68.5059330052348,61.05657917774787,52.47243036204155,4.0539574982965245,10,0.8661993495991508
anti_reasons,01101101101111001101100110110111101100110111100110110110110110110110110110110110111100110110110110110110110110110111100110111101100111100110110110011011001100110110011001100011001100110110001100110011011001100110110110110110110011110011011110110110110001101100011011110110110001100110011001100011011011000110000111100011001111001101101101100110000011000110110011011000110110011011001100110011011001101101101101101100110110011001101100110011011011011011011011011,68.48853956794784,60.3487639732114,50.569475582071014,4.526848281401094,10,0.8662333211563519
anti_reasons,01101101101111001101100110110111101101100111100110110110110110110110110110111100110110110111100110110110110110110111100110111101100111100110110011011011001100110110110001100011001100110110001100110011011001100110110110110110110110110110011011011110110011000110110110011011110001100110011001100110001101111000000110110011011011000111101101101100000001111000110011011011001101100000110110011011011001101101101101101100110110011011001101100011011011011011011011011,68.45773188954789,60.253727204144056,52.30596310250851,4.196618047275172,10,0.8662934924032268
anti_reasons,01101101101111001101100110110111101100111101100110110110110110110110110110110110111100110110110110110110110110110111100110111101100111100110110110011011001100110110011001100011001100110110001100110011011001100110110110110110110011110011011110011110110001101100011011110110110001100110011001100011011011000110000111100011001111001101101101100110000011000110110011011000110110011011001100110011011001101101101101101100110110011001101100110011011011011011011011011,68.45599895819873,60.166084982498965,51.04587155446616,4.465425749241741,10,0.8662968770347681
anti_reasons,01101101101111001101100110110111101100110110110110110110110110110110110110110111100110111100110111100111100110110111100110111101100111100110110011011001101100110110011001100011001100110110001100110011011001100110110110110110110011110110110110011011011001101100011011011110011011000011011011000110011011000110001101100001101111000111100111101100000110011000110110110110000110001100110110001111011001101101101101101100110110011011001100110011011011011011011011011,68.44302097501622,60.97381775017883,52.333306887028776,4.0754763081417975,10,0.8663222246581714
anti_reasons,01101101101111001101100110110111101101100111100110110110110110110110110110111100110110110111100110110110110110110111100110111101100111100110110011011011001100110110110001100011001100110110001100110011011001100110110110110110110110110011011011011110110011000110110110011011110001100110011011000110001101111000000110110011011011000111101101101100000001111000011011011011001101100000110110011011011001101101101101101100110110011011001101100011011011011011011011011,68.43879332113448,60.67948345873464,53.23503450477863,3.998705498650541,10,0.8663304817946592
anti_reasons,01101101101111001101100110110111101101100111100110110110110110110110110110111100110110110111100110110110110110110111100110111101100111100110110011011011001100110110110001100011001100110110001100110011011001100110110110110110110110110110011011011110110011000110110110011011110001100110011011000110001101111000000110011011011011000111101101101100000001111000110011011011001101100000110110011011011001101101101101101100110110011011001101100011011011011011011011011,68.42893749150568,60.21290188373555,52.2263111380248,4.205928405779775,10,0.866349731461903
anti_reasons,11011001111011011001100110110110111101101100110110110110110110110110110110110110110111101100110110111100110110110110110110110110110110110110110110011001101100110110110001100011000110110011001100110011001100110110011011011011011011011011110011011110001111000110011011110011001100110110011011000011110001100110000111100011011011001100111100111100000110000110011110110011000110011001100110110011001101101101101101101100110110110011001101101100110110110110110110110,68.40100162353646,59.010196652605984,54.92626371724075,3.9440403105777575,10,0.8664042937040304
anti_reasons,01101101101111001101100110110111101100111101100110110110110110110110110110110110111100110110110110110110110110110111100110111101100111100110110110011011001100110110011001100011001100110110001100110011011001100110110110110110011011110011011110110110110001101100011011110110110001100110011001100011011001100110000111100011001111001101101101100110000011000110110011011000110110011011001100110011011001101101101101101100110110011001101100110011011011011011011011011,68.39097873225666,60.404581282536185,51.63296332860021,4.360739661854594,10,0.8664238696635612
anti_reasons,01101101101111001101100110110111101100111101100110110110110110110110110110110110111100110110110110110110110110110111100110111101100111100110110110011011001100110110011001100011001100110110001100110011011001100110110110110110110011110011011110110110110001101100011011110110011001100110011001100011011011000110000111100011001111001101101101100110000011000110110011011000110110011011001100110011011001101101101101101100110110011001101100110011011011011011011011011,68.38687606299078,60.06164178234584,50.83523605396504,4.4927572864306065,10,0.8664318826894711
anti_reasons,01101101101111001101100110110111101101100111100110110110110110110110110110111100110110110111100110110110110110110111100110111101100111100110110011011011001100110110110001100011001100110110001100110011011001100110110110110110110110110011011011011110110011000110011110011011110001100110011011000110001101111000000110110011011011000111101101101100000001111000110011011011001101100000110110011011011001101101101101101100110110011011001101100011011011011011011011011,68.37538942908475,60.58838894363466,53.18364766269521,4.033923965734986,10,0.8664543175213189
anti_reasons,11011001111011011001100110110110111101101100110110110110110110110110110110110110110111101100110110111100110110110110110110110110110110110110110110011001101100110110110001100011000110110011001100011011001100110110011011011011011011011011110011011110001111000110011011110011001100110110011011000011110001100011000111100011011011001100111100111100000110000110011110110011000110011001100110110011001101101101101101101100110110110011001101101100110110110110110110110,68.36412073298966,59.02412862862072,54.99259602975609,3.908939966032208,10,0.8664763266933796
anti_reasons,01101101101111001101100110110111101101100111100110110110110110110110110110111100110110110111100110110110110110110111100110111101100111100110110011011011001100110110110001100011001100110110001100110011011001100110110110110110110110110011011011011110110011000110110110011011110000110110011011000110001101111000000110110011011011000111101101101100000001111000110011011011001101100000110110011011011001101101101101101100110110011011001101100011011011011011011011011,68.34634999433311,60.541732748672686,53.07769721187378,4.044630626739884,10,0.8665110351673182
anti_reasons,11011001111011011001100110110110111101100110110110110110110110110111100110110111100110110110110110110110110110110110110110110110110110110110110011011011001101100110110001100011000110110011001100011011001100110110011011011011011011011011110011011110110011000111100110110110001101101100011110001100001101101100000111100001111001100110111100110110000001100111100011110011001100011001100011001111001101101101101101101100110110011011001101101100110110110110110110110,68.34383202371467,59.38633117822121,54.43290479097455,4.310186192364374,10,0.8665159530786823
anti_reasons,11011001111011011001100110110110111101101100110110110110110110110110110110110110110111101100110110111100110110110110110110110110110110110110110110011001101100110110110001100011000110110011001100011011001100110110011011011011011011011011110011011110001111000110011011110011001100110110011001100011110001100110000111100011011011001100111100111100000110000110011110110011000110011001100110110011001101101101101101101100110110110011001101101100110110110110110110110,68.33906467774072,58.98407264489386,54.9286838648988,3.921325155523706,10,0.8665252643012876
anti_reasons,11011001111011011001100110110110111101101100110110110110110110110110110110110110110111101100110110111100110110110110110110110110110110110110110110011001101100110110110001100011000110110011001100011011001100110110011011011011011011011011110011011110001111000110011011110011001100110110011011000011110001100110000111100011011011001100111100111100000110000110011110110001100110011001100110110011001101101101101101101100110110110011001101101100110110110110110110110,68.32452171522932,58.96436955934994,54.90452700536475,3.927425623967533,10,0.8665536685249428
anti_reasons,01101101101111001101100110110111101101100111100110110110110110110110110110111100110110110111100110110110110110110111100110111101100111100110110011011011001100110110110001100011001100110110001100110011011001100110110110110110110110110011011011011110110011000110110110011011110001100110011011000110001101111000000110110011011011000111101101101100000001111000110011011001101101100000110110011011011001101101101101101100110110011011001101100011011011011011011011011,68.23744341776376,60.41527864095692,52.848916137923915,4.064224693559758,10,0.8667237433246802
anti_reasons,01101101101111001101100110110111101101100111100110110110110110110110110110111100110110110111100110110110110110110111100110111101100111100110110011011011001100110110110001100011001100110110001100110011011001100110011110110110110110110011011011011110110011000110110110011011110001100011011011000110001101111000000110110011011011000111101101101100000001111000110011011011001101100000110110011011011001101101101101101100110110011011001101100011011011011011011011011,68.22469607978053,60.76071866374774,53.603375952040764,3.938950666262402,10,0.8667486404691787
anti_reasons,11011001111011011001100110110110111101101100110110110110110110110110110110110110110110111100110110111100110110110110110110110110110110110110110110011001101100110110110001100011000110110011001100011011001100110110011011011011011011011011110011011110001111000110011011110011001100110110011011000011110001100110000111100011011011001100111100111100000110000110011110110011000110011001100110110011001101101101101101101100110110110011001101101100110110110110110110110,68.16380565371922,58.61611082712589,54.32203310076138,4.058839974101573,10,0.8668675670825796
anti_reasons,01101101101111001101100110110111101101100111100110110110110110110110110110111100110110110110110110110110110110110111100110111101100111100110110011011011001100110110110001100011001100110110001100110011011001100110110110110110110110110110011011011110110011000110110110011011110001100110011011000110001101111000000110110011011011000111101101101100000001111000110011011011001101100000110110011011011001101101101101101100110110011011001101100011011011011011011011011,68.12842616142555,59.62895844646503,51.52853074519662,4.323040886497462,10,0.8669366676534658
anti_reasons,11011001111011011001100110110110111101101100110110110110110110110110110110110110110111101100110110111100110110110110110110110110110110110110110110011001101100110110110001100011000110110011001100011011001100110110011011011011011011011011110011011110001111000110011011110011001100110110011011000011110001100110001101100011011011001100111100111100000011000110011110110011000110011001100110110011001101101101101101101100110110110011001101101100110110110110110110110,68.12779879842749,58.76220197107676,54.634217061823236,3.982042109847724,10,0.8669378929718213
anti_reasons,01101101101111001101100110110111101101100111100110110110110110110110110110111100110110110111100110110110110110110111100110111101100111100110110011011011001100110110110001100011001100110110001100110011011001100110110110110110110011110110011011011110110011000110110110011011110001100110011011000110001101111000000110110011011011000111101101101100000001111000110011011011001101100000110110011011011001101101101101101100110110011011001101100011011011011011011011011,68.06933680555048,60.23678891674632,52.614359814862695,4.075675151242705,10,0.8670520765516592
anti_reasons,01101101101111001101100110110111101101100110110110110110110110110110110110111100110110110111100110110110110110110111100110111101100111100110110011011011001100110110110001100011001100110110001100110011011001100110110110110110110110110110011011011110110011000110110110011011110001100110011011000110001101111000000110110011011011000111101101101100000001111000110011011011001101100000110110011011011001101101101101101100110110011011001101100011011011011011011011011,67.99609375060359,60.07312243689928,51.95395862573364,4.153983286015898,10,0.8671951293933524
anti_reasons,11011001111011011001100110110110111101101100110110110110110110110110110110110110110111101100110110110110110110110110110110110110110110110110110110011001101100110110110001100011000110110011001100011011001100110110011011011011011011011011110011011110001111000110011011110011001100110110011011000011110001100110000111100011011011001100111100111100000110000110011110110011000110011001100110110011001101101101101101101100110110110011001101101100110110110110110110110,67.95548412678639,58.43836972318544,54.21563345139511,4.039354236996914,10,0.8672744450648704
anti_reasons,11011001111011011001100110110110111101101100110110110110110110110110110110110110110111101100110110111100110110110110110110110110110110110110110110011001101100110110110001100011000110110011001100011011001100110110011011011011011011011011011011011110001111000110011011110011001100110110011011000011110001100110000111100011011011001100111100111100000110000110011110110011000110011001100110110011001101101101101101101100110110110011001101101100110110110110110110110,67.9498490347956,58.98861340998267,54.83181081536609,3.7129391260652302,10,0.8672854511039149
anti_reasons,01101101101111001101100110110111101101100111100110110110110110110110110110111100110110110111100110110110110110110111100110111101100111100110110011011011001100110110110001100011001100110110001100110011011001100110110110110110110110110110011011011110110011000110110110011011110001100110011011000110001101111000000110110011011011000111100111101100000001111000110011011011001101100000110110011011011001101101101101101100110110011011001101100011011011011011011011011,67.93331995548093,59.857336933227415,52.36799316571065,4.064272649188202,10,0.8673177344619514
anti_reasons,11011001111011011001100110110110111101101100110110110110110110110110110110110110110111100110110110111100110110110110110110110110110110110110110110011001101100110110110001100011000110110011001100011011001100110110011011011011011011011011110011011110001111000110011011110011001100110110011011000011110001100110000111100011011011001100111100111100000110000110011110110011000110011001100110110011001101101101101101101100110110110011001101101100110110110110110110110,67.92274367587889,58.438579588449144,54.22783652352971,4.021556657002743,10,0.867338391258049
anti_reasons,01101101101111001101100110110111101101100111100110110110110110110110110110110110110110110111100110110110110110110111100110111101100111100110110011011011001100110110110001100011001100110110001100110011011001100110110110110110110110110011011011011110110011000110110110011011110001100110011011000110001101111000000110110011011011000111101101101100000001111000110011011011001101100000110110011011011001101101101101101100110110011011001101100011011011011011011011011,67.91729861129673,59.75324061681091,52.058471233125054,4.205951891297228,10,0.8673490261498111
anti_reasons,01101101101111001101100110110111101101100111100110110110110110110110110110111100110110110111100110110110110110110111100110111101100111100110110011011011001100110110110001100011001100110110001100110011011001100110110110110110110110110110011011011110110011000110110110011011110001100110011011000110001101111000000110110011011011000111101101101100000001111000110011011011001101100000110110011011011001101101101101101100110110110011001101100011011011011011011011011,67.91425273275775,59.86846652997705,52.286726980566854,4.0961199321185715,10,0.8673549751313325
anti_reasons,11011001111011011001100110110110111100111100110110110110110110110110110110110110110111101100110110111100110110110110110110110110110110110110110110011001101100110110110001100011000110110011001100011011001100110110011011011011011011011011110011011110001111000110011011110011001100110110011011000011110001100110000111100011011011001100111100111100000110000110011110110011000110011001100110110011001101101101101101101100110110110011001101101100110110110110110110110,67.89865724351128,58.54422808327588,54.19335814205327,4.079686224883321,10,0.8673854350712671
anti_reasons,01101101101111001101100110110111101101100111100110110110110110110110110110111100110110110111100110110110110110110111100110111101100111100110110011011011001100110110110001100011001100110110001100110011011001100110110110110110110110110110011011011110110011000110110110011011110001100110011011000110001101111000000110110011011011000111101100111100000001111000110011011011001101100000110110011011011001101101101101101100110110011011001101100011011011011011011011011,67.89805333347772,59.799249437093025,52.26609236456458,4.07391627344969,10,0.8673866145830513
anti_reasons,01101101101111001101100110110111101101100111100110110110110110110110110110111100110110110111100110110110110110110111100110111101100111100110110011011011001100110110110001100011001100110110001100110011011001100110110110110110110110110110011011011110110011000110110110011011110001100110011011000110001101111000000110110001111011000111101101101100000001111000110011011011001101100000110110011011011001101101101101101100110110011011001101100011011011011011011011011,67.88669808454813,59.76252037663752,52.262028513601656,4.094708194647756,10,0.8674087928036169
anti_reasons,01101101101111001101100110110111101101100111100110110110110110110110110110111100110110110111100110110110110110110111100110111101100111100110110011011011001100110110011001100011001100110110001100110011011001100110110110110110110110110011011011011110110011000110110110011011110001100110011011000110001101111000000110110011011011000111101101101100000001111000110011011011000111100000110110011011011001101101101101101100110110011011001101100011011011011011011011011,67.87436994631537,60.27905212674275,53.06659905604428,3.8632776440106147,10,0.8674328711986028
anti_reasons,01101101101111001101100110110111101101100111100110110110110110110110110110111100110110110111100110110110110110110111100110111101100111100110110011011011001100110110110001100011001100110110001100110011011001100110110110110110110110110110011011011110110011000110110110011011110001100110011011000110001101111000000110110011001111000111101101101100000001111000110011011011001101100000110110011011011001101101101101101100110110011011001101100011011011011011011011011,67.85807069241193,59.760995504703956,52.26193999379192,4.087162150144938,10,0.8674647056788829
anti_reasons,11011001111011011001100110110110111101101100110110110110110110110110110110110110110111101100110110111100110110110110110110110110110110110110110110011001101101100110110001100011000110110011001100011011001100110110011011011011011110011011110011011110001111000110011011110011001100110110011011000011110001100110000111100011011011001100111100111100000110000110011110110011000110011001100110110011001101101101101101101100110110110011001101101100110110110110110110110,67.81716404932068,58.356171893230645,54.14135556621388,4.070809047336488,10,0.8675446014661705
anti_reasons,01101101101111001101100110110111101101100111100110110110110110110110110110111100110110110111100110110110110110110111100110111101100111100110110011011011001100110110110001100011001100110110001100110011011001100110110110110110110110110110011011011110110011000110110110011011110001100110011011000110001101111000000110110011011011000111101101101100000001111000110011011011001100110000110110011011011001101101101101101100110110011011001101100011011011011011011011011,67.81231826766754,59.725827230398224,51.97261559523957,4.099120931877617,10,0.8675540658834618
anti_reasons,11011001111011011001100110110110111101101100110110110110110110110110110110110110110111101100110110111100110110110110110110110110110110110110110110011001101100110110110001100011000110110011001100011011001100110110011011011011011011011011110011011110001111000110011011110011001100110110011011000011110001100110000111100011011011001100111100111100000110000110011110011011000110011001100110110011001101101101101101101100110110110011001101101100110110110110110110110,67.80042554901677,58.7676050750555,55.106828965959885,3.7983791215292833,10,0.8675772938495766
anti_reasons,01101101101111001101100110110111101101100111100110110110110110110110110110111100110110110111100110110110110110110111100110111101100111100110110011011011001100110110110001100011001100110110001100110011011001100110110110110110110110110110011011011110110011000110110110011011110001100110011011000110001101111000000110110011011011000111101101101100000001111000110011011011001101100000110110011011011001101101101101101100110110011011001101100110011011011011011011011,67.79448975909159,59.76934985311932,52.11524679733815,4.0826905034003955,10,0.8675888871892743
anti_reasons,11011001111011011001100110110110111101101100110110110110110110110110110110110110110111101100110110111100110110110110110110110110110110110110110110011001101100110110110001100011000110110011001100011011001100110110011011011011011011011011110011011110001111000110011011110011001100110110011011000011110001100110000111100011011011001100111100111100000110000110011011110011000110011001100110110011001101101101101101101100110110110011001101101100110110110110110110110,67.76027951510012,58.683313340049565,54.962364284862595,3.8177519406121543,10,0.86765570407207
anti_reasons,01101101101111001101100110110111101100110111100110110110110110110110110110111100110110110111100110110110110110110111100110111101100111100110110011011011001100110110110001100011001100110110001100110011011001100110110110110110110110110110011011011110110011000110110110011011110001100110011011000110001101111000000110110011011011000111101101101100000001111000110011011011001101100000110110011011011001101101101101101100110110011011001101100011011011011011011011011,67.75960124810919,59.81388264252608,51.550669422960375,4.117597089713611,10,0.8676570288122867
anti_reasons,01101101101111001101100110110111101101100111100110110110110110110110110110111100110110110111100110110110110110110111100110111101100111100110110110011011001100110110110001100011001100110110001100110011011001100110110110110110110110110011011011011110110011000110110110011011110001100110011011000110001101111000000110110011011011000111101101101100000001111000110011011011001101100000110110011011011001101101101101101100110110011011001101100011011011011011011011011,67.75439759237392,59.88056581474827,52.33132304116374,4.107285472073737,10,0.8676671922023946
anti_reasons,11011001111011011001100110110110111101101100110110110110110110110110110110110110110111101100110110111100110110110110110110110110110110110110110110011001101100110110110001100011000110110011001100011011001100110110011011011011011011011011110011011110001111000110011011110011001100110110011011000011110001100110000111100011011011001100110110111100000110000110011110110011000110011001100110110011001101101101101101101100110110110011001101101100110110110110110110110,67.74890785353675,58.58768237397722,54.78706925796022,3.788041735482417,10,0.867677914348561
anti_reasons,11011001111011011001100110110110111101100110110110110110110110110110110110110110110111101100110110111100110110110110110110110110110110110110110110011001101100110110110001100011000110110011001100011011001100110110011011011011011011011011110011011110001111000110011011110011001100110110011011000011110001100110000111100011011011001100111100111100000110000110011110110011000110011001100110110011001101101101101101101100110110110011001101101100110110110110110110110,67.7411279684109,58.5424058998996,54.167854225858065,4.03934574276169,10,0.8676931094366975
anti_reasons,11011001111011011001100110110110111101101100110110110110110110110110110110110110110111101100110110111100110110110110110110110110110110110110110110011001101100110110110001100011000110110011001100011011001100110110011011011011011011011011110011011110001111000110011011110011001100110110011011000011110001100110000111100011001111001100111100111100000110000110011110110011000110011001100110110011001101101101101101101100110110110011001101101100110110110110110110110,67.71938721162635,58.49134094545375,54.614860556330974,3.8089640577690527,10,0.8677355718522923
anti_reasons,11011001111011011001100110110110111101101100110110110110110110110110110110110110110111101100110110111100110110110110110110110110110110110110110110011001101100110110110001100011000110110011001100011011001100110110011011011011011011011011110011011110001111000110011011110011001100110110011011000011110001100110000111100001111011001100111100111100000110000110011110110011000110011001100110110011001101101101101101101100110110110011001101101100110110110110110110110,67.71860467010849,58.49286581738731,54.60153514599279,3.8106006508697146,10,0.8677371002536943
anti_reasons,01101101101111001101100110110111101101100111100110110110110110110110110110111100110110110111100110110110110110110111100110111101100111100110110011011011001100110110110001100011001100110110001100110011011001100110110110110110110110110110011011011110110011000110110110011011110001100110011011000110001101111000000110110011011011000111101101101100000001101100110011011011001101100000110110011011011001101101101101101100110110011011001101100011011011011011011011011,67.71684656485564,59.59652452076671,51.84701812658168,4.113321124641686,10,0.8677405340530163
anti_reasons,01101101101111001101100110110111101101100111100110110110110110110110110110111100110110110111100110110110110110110111100110111101100111100110110011011011001100110110110001100011001100110110001100110011011001100110110110110110110110110110011011011110110011000110110110011011110001100110011011000110001101111000000110110011011001100111101101101100000001111000110011011011001101100000110110011011011001101101101101101100110110011011001101100011011011011011011011011,67.68384758745958,59.53447081072521,51.82090182318391,4.138226050619071,10,0.867804985180743
anti_reasons,11011001111011011001100110110110111101101100110110110110110110110110110110110110110111101100110110111100110110110110110110110110110110110110110110011001101100110110110001100011000110110011001100011011001100110110011011011011011011011011110011011110001111000110011011110011001100110110011011000011110001100110000111100011011011001100111100111100000110000110011110110011000110011001100110011011001101101101101101101100110110110011001101101100110110110110110110110,67.67083811159617,58.538061860189465,54.75126926695284,3.824544391226768,10,0.8678303943132888
anti_reasons,01101101101111001101100110110111101101100111100110110110110110110110110110111100110110110111100110110110110110110111100110111101100111100110110011011011001100110110110001100011001100110110001100110011011001100110110110110110110110110110011011011110110011000110110110011011011001100110011011000110001101111000000110110011011011000111101101101100000001111000110011011011001101100000110110011011011001101101101101101100110110011011001101100011011011011011011011011,67.66518357012146,59.52493826828426,51.84556546351888,4.140493300568743,10,0.8678414383396065
anti_reasons,11011001111011011001100110110110111101101100110110110110110110110110110110110110110111101100110110111100110110110110110110110110110110110110110110011001101100110110110001100011000110110011001100011011001100110110011011011011011011011011110011011110001111000110011011011011001100110110011011000011110001100110000111100011011011001100111100111100000110000110011110110011000110011001100110110011001101101101101101101100110110110011001101101100110110110110110110110,67.63621000789188,58.36057527242565,54.27274661699243,3.8479543735897845,10,0.8678980273283362
anti_reasons,11011001111011011001100110110110111101101100110110110110110110110110110110110110110111101100110110111100110110110110110110110110110110110110110110011001101100110110110001100011000110110011001100011011001100110110011011011011011011011011110011011110001101100110011011110011001100110110011011000011110001100110000111100011011011001100111100111100000110000110011110110011000110011001100110110011001101101101101101101100110110110011001101101100110110110110110110110,67.63490314029944,58.36437491541373,54.23769987978638,3.8472017882011764,10,0.8679005798041026
anti_reasons,11011001111011011001100110110110111101101100110110110110110110110110110110110110110111101100110110111100110110110110110110110110110110110110110110011011001100110110110001100011000110110011001100011011001100110110011011011011011011011011110011011110001111000110011011110011001100110110011011000011110001100110000111100011011011001100111100111100000110000110011110110011000110011001100110110011001101101101101101101100110110110011001101101100110110110110110110110,67.63226370944707,58.22832930685811,54.106039532857785,3.9419125235893686,10,0.8679057349424861
anti_reasons,01101101101111001101100110110111101101100111100110110110110110110110110110111100110110110111100110110110110110110111100110111101100111100110110011011011001100110110110001100011001100110110001100110011011001100110110110110110110110110110011011011110011011000110110110011011110001100110011011000110001101111000000110110011011011000111101101101100000001111000110011011011001101100000110110011011011001101101101101101100110110011011001101100011011011011011011011011,67.63060401430263,59.48389223673861,51.77346749507562,4.147935359067401,10,0.8679089765345651
anti_reasons,11011001111011011001100110110110111101101100110110110110110110110110110110110110110111101100110110111100110110110110110110110110110110110110110110011001101100110110110001100011000110110011001100011011001100110110011011011011011011011011110011011011001111000110011011110011001100110110011011000011110001100110000111100011011011001100111100111100000110000110011110110011000110011001100110110011001101101101101101101100110110110011001101101100110110110110110110110,67.62715374810973,58.3637034428182,54.20784244544881,3.8458062482218662,10,0.8679157153357232
anti_reasons,11011001111011011001100110110110111101101100110110110110110110110110110110110110110111101100110110111100110110110110110110110110110110110110110110011001101100110110110001100011000110110011001100011011001100110110011011011011011011011011110011011110001111001100011011110011001100110110011011000011110001100110000111100011011011000110111100111100000110000110011110110011000110011001100110110011001101101101101101101100110110110011001101101100110110110110110110110,67.61630028144084,58.385841100436025,54.54366679749394,3.825207439658767,10,0.8679369135128109
anti_reasons,01101101101111001101100110110111101101100111100110110110110110110110110110111100110110110111100110110110110110110111100110111101100111100110110011011011001100110110110001100011001100110110001100110011011001100110110110110110110110110011011011011110110011000110110110011011110001100110011011000110001101111000000110110011011011000110111101101100000001111000110011011011001101100000110110011011011001101101101101101100110110011011001101100011011011011011011011011,67.59557019684843,59.84110453787012,52.634161922216435,3.9754526952168683,10,0.8679774019592804
anti_reasons,01101101101111001101100110110111101101100111100110110110110110110110110110111100110110110111100110110110110110110111100110111101100111100110110011011011001100110110110001100011001100110110001100110011011001100110110110110110110110110011011011011110110011000110110011011011110001100110011011000110001101111000000110110011011011000111101101101100000001111000110011011011001101100000110110011011011001101101101101101100110110011011001101100011011011011011011011011,67.57845739483187,59.85788068935485,52.71938671296968,3.985640232174636,10,0.868010825400719
anti_reasons,11011001111011011001100110110110111101101100110110110110110110110110110110110110110111101100110110111100110110110110110110110110110110110110110110011001101100110110110001100011000110110011001100011011001100110110011011011011011011011011110011011110001111000110011011110011001100110110011011000011110001100110000111100011011011001100111100110110000110000110011110110011000110011001100110110011001101101101101101101100110110110011001101101100110110110110110110110,67.56511101923742,58.36494194579085,54.48728185490497,3.8378392059054884,10,0.8680368925405519
anti_reasons,01111001111011011001100111101101101100111100110110111100111101101101100110111100111101100110111101100111100110110111100111101101101101100110110110011001101101100110110001100000110110110011000110110001101100110110011011011011011011011011011011011011001101111000011011110110001101100011110110000011110011000110000110110001101111000111100110110011000011000110011011011001100111100001100011110001101101101101101101100110110110011011001100110110011011011011011011011,67.55338119573429,62.138826559363906,59.358991678573815,2.9170225814942365,10,0.8680598023520815
anti_reasons,01101101101111001101100110110111101101100111100110110110110110110110110110111100110110110111100110110110110110110111100110111101100111100110110011011011001100110110110001100011001100110110001100110011011001100110110110110110110110110011011011011110110001100110110110011011110001100110011011000110001101111000000110110011011011000111101101101100000001111000110011011011001101100000110110011011011001101101101101101100110110011011001101100011011011011011011011011,67.54904121146907,59.8152839970207,52.64631169814869,3.993294163580341,10,0.8680682788838494
anti_reasons,11011001111011011001100110110110111101101100110110110110110110110110110110110110110111101100110110111100110110110110110110110110110110110110110110011001101100110110110001100011000110110011001100011011001100110110011011011011011011011011110011011110001111000110011011110011001100110110011011000011110001100110000110110011011011001100111100111100000110000110011110110011000110011001100110110011001101101101101101101100110110110011001101101100110110110110110110110,67.5478715962512,58.2685461239911,54.32414202614919,3.855422091177448,10,0.8680705632885719
anti_reasons,01101101101111001101100110110111101101100111100110110110110110110110110110111100110110110111100110110110110110110111100110111101100111100110110011011011001100110110110001100011001100110110001100110011011001100110110110110110110110110011011011011110110011000110110110011011110001100110011011000110001101111000000110110011011011000111101101100110000001111000110011011011001101100000110110011011011001101101101101101100110110011011001101100011011011011011011011011,67.54149698237691,59.815851027397834,52.50043813909708,3.973387333831008,10,0.8680830137062951
anti_reasons,11011001111011011001100110110110111101101100110110110110110110110110110110110110110111101100110110111100110110110110110110110110110110110110110110011001101100110110110001100011000110110011001100011011001100110110011011011011011011011011110011011110001111000110011011110011001100110110011011000011110001100110000111100011011001101100111100111100000110000110011110110011000110011001100110110011001101101101101101101100110110110011001101101100110110110110110110110,67.5401549455502,58.26481625147501,54.323792702649165,3.8559779143690083,10,0.8680856348719723
anti_reasons,01101101101111001101100110110111101101100111100110110110110110110110110110111100110110110111100110110110110110110111100110111101100111100110110011011011001100110110110001100011001100110110001100110011011001100110110110110110110110110011011011011011110011000110110110011011110001100110011011000110001101111000000110110011011011000111101101101100000001111000110011011011001101100000110110011011011001101101101101101100110110011011001101100011011011011011011011011,67.53636134247304,59.81461252442517,52.66602188337049,3.98915023190112,10,0.8680930442529824
anti_reasons,11011001111011011001100110110110111101101100110110110110110110110110110110110110110111101100110110111100110110110110110110110110110110110110110110011001101100110110110001100011000110110011001100011011001100110110011011011011011011011011110011011110001111000110011011110011001100110110011011000011011001100110000111100011011011001100111100111100000110000110011110110011000110011001100110110011001101101101101101101100110110110011001101101100110110110110110110110,67.50745690911016,58.19557240710388,54.17080347374853,3.877615749391731,10,0.8681494982243942
anti_reasons,01101101101111001101100110110111101101100111100110110110110110110110110110111100110110110111100110110110110110110111100110111101100111100110110011011011001100110110110001100011001100110110001100110011011001100110110110110110110110110011011011011110110011000110110110011011110001100110011011000110001101101100000110110011011011000111101101101100000001111000110011011011001101100000110110011011011001101101101101101100110110011011001101100011011011011011011011011,67.47591253628642,59.707516387818636,52.408781821924805,4.0053591199412475,10,0.8682111083275657
anti_reasons,11011001111011011001100110110110111100110110110110110110110110110110110110111101100110110111101100110111100110110110110110110110110110110110110110011011001101100110011001100011000110110001101100011011001100110011011011011011011011011011110011110011001111000110011110110011110000110011011011000110110001111000000110110001101100110111101100110110000001101101100110011001101101100001101100011011001101101101101101101100110110110011001101101100110110110110110110110,67.25483682458692,58.31746590319041,54.23636287036163,3.8645094360543495,10,0.8686428968269787
anti_reasons,11011001111011011001100110110110111100110110110110110110110110110110110110111101100110110111101100110111100110110110110110110110110110110110110011011011001101100110011001100011000110110001101100011011001100110011011011011011011011011011011011110011001111000110011110110011110000110110011011000110110001111000000110110001101100110111101100110011000001101101100110011001101101100001101100011011001101101101101101101100110110110011001101101100110110110110110110110,67.14931912224428,58.64271412123348,54.521860254508866,3.700293335233093,10,0.8688489860893667
anti_reasons,11011001111011011001100110110110111100110110110110110110110110110110110110111101100110110111101100110111100110110110110110110110110110110110110110011011001101100110011001100011000110110001101100011011001100110011011011011011011011011011011011110011001111000110011110110011110000110110011011000110110001111000000110110001101100110111101100110110000001101101100110011001101101100001101100001111001101101101101101101100110110110011001101101100110110110110110110110,66.95878968221493,58.519232367108444,54.56973892824911,3.69294516314154,10,0.8692211139019239
anti_reasons,11011001111011011001100110110110111100110110110110110110110110110110110110111101100110110111101100110111100110110110110110110110110110110110110110011011001101100110011001100011000110110001101100011011001100110011011011011011011011011011011011110011001111000110011110110011110000110110011011000110110001111000000110110001101100110111101100110110000001101101100110011001101101100000111100011011001101101101101101101100110110110011001101101100110110110110110110110,66.92622192793803,58.470915179560656,54.47606497291892,3.7082252937357634,10,0.869284722796996
anti_reasons,11011001111011011001100110110110111100110110110110110110110110110110110110111101100110110111101100110111100110110110110110110110110110110110110110011011001101100110011001100011000110110001101100011011001100110011011011011011011011011011011011110011001111000110011110110011110000110110011011000110110001111000000110110001101100110111101100110110000001101101100110011000111101100001101100011011001101101101101101101100110110110011001101101100110110110110110110110,66.91492937769935,58.458973518498134,54.4306788145551,3.7028295237930626,10,0.8693067785591809
anti_reasons,11011001111011011001100110110110111100110110110110110110110110110110110110111101100110110111101100110111100110110110110110110110110110110110110110011011001101100110011001100011000110110001101100011011001100110011011011011011011011011011011011110011001111000110011110110011110000110110011011000110110001111000000110110001101100110111101100110110000001100111100110011001101101100001101100011011001101101101101101101100110110110011001101101100110110110110110110110,66.91374124621532,58.44590661419198,54.405016889135084,3.6920386325478542,10,0.8693090991284858
anti_reasons,11011001111011011001100110110110111100110110110110110110110110110110110110111101100110110111101100110111100110110110110110110110110110110110110110011011001101100110011001100011000110110001101100011011001100110011011011011011011011011011011011110011001111000110011110110011110000110110011011000011110001111000000110110001101100110111101100110110000001101101100110011001101101100001101100011011001101101101101101101100110110110011001101101100110110110110110110110,66.86157608284009,58.314608092104734,54.141783357615104,3.7112472835060895,10,0.869410984213203
anti_reasons,11011001111011011001100110110110111100110110110110110110110110110110110110111101100110110111101100110111100110110110110110110110110110110110110110011011001101100110011001100011000110110001101100011011001100110011011011011011011011011011011011110011001111000110011110110011110000110110011011000110110001111000000110110001101100110111101101100110000001101101100110011001100111100001101100011011001101101101101101101100110110110011001101101100110110110110110110110,66.82943843336456,58.42832136827833,54.47728818558353,3.708969495388359,10,0.8694737530598349
anti_reasons,11011001111011011001100110110110111100111100110110110110110110110111100110110110110110110110110111100110111100110110110110110110110110110110110110011011001100110110001101100011000110110001101100110011001100110110011011011011011110011011110011011110011001111000011011110011011011000110011011001100001101101100000110001101101111001100110111100000110011000111100011110001100111100001101100110011001101101101101101100110110110110011001101101100110110110110110110110,66.82627841039309,57.749507694639064,53.833943794839485,3.9421387117323006,10,0.869479924979701
anti_reasons,11011001111011011001100110110110111100110110110110110110110110110110110110111101100110110111101100110111100110110110110110110110110110110110110110011011001101100110011001100011000110110001101100110011001100110011011011011011011011011011011011110011001111000110011110110011110000110110011011000110110001111000000110110001101100110111101100110110000001101101100110011001101101100001101100011011001101101101101101101100110110110011001101101100110110110110110110110,66.79442210606065,58.18614545790217,53.98345776450035,3.754558699062937,10,0.8695421443241003
anti_reasons,11011001111011011001100110110110111101100111100110110110110110110110110110110111101100110111100110110111100110110110110110110110110110110110110110011011001101100110011001100011000110110011001100011011001100110011011011011011011011011011011011011110110011000110011110011011110001100110011011001100011001111000000110110011001111000110111100110011000110001100011011011011000110001101100011011011001101101101101101100110110110110011001100111100110110110110110110110,66.77835711161072,58.80585393468162,54.996040460566945,3.50152284894687,10,0.8695735212663853
anti_reasons,11011001111011011001100110110110111101100111100110110110110110110110110110111101101100110111100110110111100110110110110110110110110110110110110110011011001101100110011001100011000110110011001100011011001100110011011011011011011011011011011011011110110011000110011110011011110001100011011011000110011001111000000110110011001111000110111100110110000110001100011011011011000110001101100011011011001101101101101101100110110110110011001100111100110110110110110110110,66.73886094707098,58.92301555469803,55.22266424724718,3.4027831260828942,10,0.869650662212752
anti_reasons,11011001111011011001100110110110111100110110110110110110110110110110110110111101100110110111101100110111100110110110110110110110110110110110110110011011001101100110011001100011000110110001101100011011001100110011011011011011011011011011011011110011001111000110011110110011110000110110011001100110110001111000000110110001101100110111101100110110000001101101100110011001101101100001101100011011001101101101101101101100110110110011001101101100110110110110110110110,66.7324851602649,58.16002145019003,53.985877912158394,3.732119828006064,10,0.8696631149213576
anti_reasons,01101101101101100111100111101101101101100110110110110110111100111100111100111100110111100111100110110110110110111101101101101101101101100110110011011011001101100110110000011001100110110001100110001101100110110110011011011011011110011011011011011011001101100110110110011011001101100011011011001100110001100110001100011001101111000110111101100110000001101100011011011000110110001100110011001101101101101101101101100110110110110011001100110110011011011011011011011,66.72875820309612,59.45953561956499,54.79425202440802,3.882254225940923,10,0.8696703941345779
anti_reasons,11011001111011011001100110110110111100110110110110110110110110110110110110111101100110110111101100110111100110110110110110110110110110110110110110011011001101100110011001100011000110110001101100011011001100110011011011011011011011011011011011110011001111000110011110110011110000110110011011000110110001111000000110011001101100110111101100110110000001101101100110011001101101100001101100011011001101101101101101101100110110110011001101101100110110110110110110110,66.70604680368875,58.11919612978153,53.92303496328925,3.7437928849930424,10,0.8697147523365454
anti_reasons,11011001111011011001100110110110111100110110110110110110110110110110110110111101100110110111101100110111100110110110110110110110110110110110110110011011001101100110110001100011000110110001101100011011001100110011011011011011011011011011011011110011001111000110011110110011110000110110011011000110110001111000000110110001101100110111101100110110000001101101100110011001101101100001101100011011001101101101101101101100110110110011001101101100110110110110110110110,66.70521913121408,58.12977320098538,53.95171546023349,3.735745464138625,10,0.8697163688843474
anti_reasons,11011001111011011001100110110110111100110110110110110110110110110110110110111101100110110111101100110111100110110110110110110110110110110110110110011011001101100110011001100011000110110011001100011011001100110011011011011011011011011011011011110011001111000110011110110011110000110110011011000110110001111000000110110001101100110111101100110110000001101101100110011001101101100001101100011011001101101101101101101100110110110011001101101100110110110110110110110,66.70090758766328,58.128547470538855,53.95058836518158,3.735227782756175,10,0.8697247898678452
anti_reasons,11011011011011011001100110110110111100110110110110110110110110110110111101100110110110110111101100111101100110110110110110110110110110110110110110011011001101100110001101100011000110110011001100110011000110110110011011011011011110011011011011110011001111011000011110011011011001100110011110001100001101101100000111100011001100110110110110111100000001101100011011110011000111100001101100001111001101101101101101101100110110110011001101101100110110110110110110110,66.64984931297177,58.89136245858579,55.390583710434456,3.7421259077164377,10,0.869824513060602
anti_reasons,11011001111011011001100110110110111100110110110110110110110110110110110110111101100110110111101100110110110110110110110110110110110110110110110110011011001101100110011001100011000110110001101100011011001100110011011011011011011011011011011011110011001111000110011110110011110000110110011011000110110001111000000110110001101100110111101100110110000001101101100110011001101101100001101100011011001101101101101101101100110110110011001101101100110110110110110110110,66.53447569501768,57.71004486490601,53.33053798706799,3.8821283005363156,10,0.8700498521581685
anti_reasons,11011001111011011001100110110110111100110110110110110110110110110110110110111101100110110111100110110111100110110110110110110110110110110110110110011011001101100110011001100011000110110001101100011011001100110011011011011011011011011011011011110011001111000110011110110011110000110110011011000110110001111000000110110001101100110111101100110110000001101101100110011001101101100001101100011011001101101101101101101100110110110011001101101100110110110110110110110,66.36885614398611,57.619926901111704,53.284418375760254,3.8297780761893905,10,0.8703733278437771
anti_reasons,11011001111011011001100110110110111100110110110110110110110110110110110110111101100110110111101100110111100110110110110110110110110110110110110110011011001101100110011001100011000110110001101100011011001100110110011011011011011011011011011011110011001111000110011110110011110000110110011011000110110001111000000110110001101100110111101100110110000001101101100110011001101101100001101100011011001101101101101101101100110110110011001101101100110110110110110110110,66.24233451226236,57.64784588445893,53.31557157682705,3.8058862385784558,10,0.8706204404057376
anti_reasons,01101101101101100111100111101101101100111101100110110110111101101100110111100110110110110110110110110111100110110111101101101101101101100110110110011011001100110110001101100011000110011011000110001101101100110110011011011011011011011011011110011011001101111001100011011011110011000110011001100011011001111000000111100001101100110110110110110011000110000110011011011000110110001100110011001101101101101101101101101100110110011011001101100110011011011011011011011,66.21907305883431,58.60138480345738,52.898022219321,4.494375297890189,10,0.8706658729319643
anti_reasons,11011001111011011001100110110110111101100111100110110110110110110110110110110111101100110111100110110111100110110110110110110110110110110110110110011011001101100110011001100011000110110011001100011011001100110011011011011011011011011011011011011110110011000110011110011011110001100110011011000110011001111000000110110011001111000110111100110110000110001100011011011011000110001101100011001111001101101101101101100110110110110011001100111100110110110110110110110,66.20842193419678,58.438500143837324,54.61246995283861,3.470285804756886,10,0.8706866759097719
anti_reasons,11011001111011011001100110110110111100110110110110110110110110110110110110111101100110110110111100110111100110110110110110110110110110110110110110011011001101100110011001100011000110110001101100011011001100110011011011011011011011011011011011110011001111000110011110110011110000110110011011000110110001111000000110110001101100110111101100110110000001101101100110011001101101100001101100011011001101101101101101101100110110110011001101101100110110110110110110110,66.20456238428669,57.53525269251101,53.23435888130652,3.7917132556864592,10,0.87069421409319
anti_reasons,01101101101101101101100111101101101101100110110110110110111100111100110110110110111101100110110110111101100110110111101101101101101101100110110011011011001100110110110001100011000110110000110110001101101100110011011011011011011011011011011110011011011011000111100011011011011011001100110011000110110001101100001100001111001100110110110110110011000011001100011011011000110110001100110011001101101101101101101101101100110110110011001101100110011011011011011011011,66.19202761098764,58.89184768085071,53.78113321615857,3.971124845699505,10,0.8707186960722898
anti_reasons,11011001111011011001100110110110111101100111100110110110110110110110110110110111101100110111100110110111100110110110110110110110110110110110110110011011001101100110011001100011000110110011001100011011001100110011011011011011011011011011011011011110110011000110011110011011110001100110011011000110011001111000000110110011001111000110111100110110000110001100011011011011000110001100110011011011001101101101101101100110110110110011001100111100110110110110110110110,66.17585417991988,58.390182956289536,54.591834174107376,3.4758876760239,10,0.870750284804844
anti_reasons,11011001111011011001100110110110111100110110110110110110110110110110110110111100110110110111101100110111100110110110110110110110110110110110110110011011001101100110011001100011000110110001101100011011001100110011011011011011011011011011011011110011001111000110011110110011110000110110011011000110110001111000000110110001101100110111101100110110000001101101100110011001101101100001101100011011001101101101101101101100110110110011001101101100110110110110110110110,66.17280113554804,57.5361726120867,53.214254798826516,3.7651318204709456,10,0.8707562477821327
anti_reasons,11011001111011011001100110110110111101100111100110110110110110110110110110110111101100110111100110110111100110110110110110110110110110110110110110011011001101100110011001100011000110110011001100011011001100110011011011011011011011011011011011011110110011000110011110011011110001100110011011000110011001111000000110110011001111000110111100110110000110000110011011011011000110001101100011011011001101101101101101100110110110110011001100111100110110110110110110110,66.16337349819719,58.36517439092088,54.58446261182361,3.439300898327713,10,0.8707746611363336
anti_reasons,11011001111011011001100110110110111100110110110110110110110110110110110110111101100110110111101100110111100110110110110110110110110110110110110110011011001101100110011001100011000110110001101100011011001100110011011011011011011011011011011011110011001111000110011110110011110000110110011011000110110001111000000110110001101100110111101100110110000001101101100011011001101101100001101100011011001101101101101101101100110110110011001101101100110110110110110110110,66.15369999762432,57.85926214534574,54.01955833212219,3.641329397764674,10,0.87079355469214
anti_reasons,11011001111011011001100110110110111101100111100110110110110110110110110110110111100110110111100110110111100110110110110110110110110110110110110110011011001101100110011001100011000110110011001100011011001100110011011011011011011011011011011011011110110011000110011110011110110001100110011011000110011001111000000110110011001111000110111100110110000110001100011011011011000110001101100011011011001101101101101101100110110110110011001100111100110110110110110110110,66.1510745830978,58.06266338938896,54.11886895698022,3.58675559332261,10,0.8707986824548871
anti_reasons,11011001111011011001100110110110111100110110110110110110110110110110110110111101100110110111101100110111100110110110110110110110110110110110110110011011001101100110011001100011000110110001101100011011001100110011011011011011011011011011011011110011001111000110011110110011110000110110011011000110110001111000000110110001101100110111100110110110000001101101100110011001101101100001101100011011001101101101101101101100110110110011001101101100110110110110110110110,66.14232833606093,57.763631179273396,53.84426330521981,3.614765469264695,10,0.870815764968631
anti_reasons,11011001111011011001100110110110111101100111100110110110110110110110110110110111101100110111100110110111100110110110110110110110110110110110110110011011001101100110011001100011000110110011001100011011001100110011011011011011011011011011011011011110110011000110011110011011110001100110011011000110001101111000000110110011001111000110111100110110000110001100011011011011000110001101100011011011001101101101101101100110110110110011001100111100110110110110110110110,66.11885135309242,58.24470428573378,54.59826411640934,3.420362920913133,10,0.8708616184509914
anti_reasons,11011001111011011001100110110110111101100111100110110110110110110110110110110111101100110111100110110111100110110110110110110110110110110110110110011011001101100110011001100011000110110011001100011011001100110011011011011011011011011011011011011110110011000110011110011011110001100110011011000011011001111000000110110011001111000110111100110110000110001100011011011011000110001101100011011011001101101101101101100110110110110011001100111100110110110110110110110,66.11120833482195,58.23387586883363,54.59025675179058,3.422257062768907,10,0.8708765462210508
anti_reasons,11011001111011011001100110110110111100110110110110110110110110110110110110110111100110110111101100110111100110110110110110110110110110110110110110011011001101100110011001100011000110110001101100011011001100110011011011011011011011011011011011110011001111000110011110110011110000110110011011000110110001111000000110110001101100110111101100110110000001101101100110011001101101100001101100011011001101101101101101101100110110110011001101101100110110110110110110110,66.10887764681759,57.47828034050011,53.16892572084585,3.760994605733383,10,0.8708810983460594
anti_reasons,11011001111011011001100110110110111101100111100110110110110110110110110110110111101100110111100110110111100110110110110110110110110110110110110110011011001101100110011001100011000110110011001100011011001100110011011011011011011011011011011011011110110011000110011110011011110000110110011011000110011001111000000110110011001111000110111100110110000110001100011011011011000110001101100011011011001101101101101101100110110110110011001100111100110110110110110110110,66.07673864975003,58.18604024909077,54.53768539919028,3.4338645285936535,10,0.870943869824707
anti_reasons,11011001111011011001100110110110111100110110110110110110110110110110110110111101100110110111101100110111100110110110110110110110110110110110110110011011001101100110011001100011000110110001101100011011001100110011011011011011011011011011011011110011001111000110011011110011110000110110011011000110110001111000000110110001101100110111101100110110000001101101100110011001101101100001101100011011001101101101101101101100110110110011001101101100110110110110110110110,66.05977831200782,57.58292041304405,53.366377368396215,3.6692645960431665,10,0.8709769954843597
anti_reasons,11011001111011011001100110110110111100110110110110110110110110110110110110111101100110110111101100110111100110110110110110110110110110110110110110011011001101100110011001100011000110110001101100011011001100110011011011011011011011011011011011110011001111000110011110110011110000110110011011000110110001111000000110110001101100110110111100110110000001101101100110011001101101100001101100011011001101101101101101101100110110110011001101101100110110110110110110110,66.04689705306747,57.56614426155933,53.51290816744337,3.667726088391666,10,0.8710021541932276
anti_reasons,11011001111011011001100110110110111101100111100110110110110110110110110110110111101100110111100110110111100110110110110110110110110110110110110110011011001101100110011001100011000110110011001100110011001100110011011011011011011011011011011011011110110011000110011110011011110001100110011011000110011001111000000110110011001111000110111100110110000110001100011011011011000110001101100011011011001101101101101101100110110110110011001100111100110110110110110110110,66.04405435804252,58.10541323463106,54.409689105777616,3.4653959024705294,10,0.8710077063319482
anti_reasons,11011001111011011001100110110110111100110110110110110110110110110110110110111101100110110111101100110111100110110110110110110110110110110110110110011011001101100110011001100011000110110001101100011011001100110011011011011011011011011011011011110011001111000110011110011011110000110110011011000110110001111000000110110001101100110111101100110110000001101101100110011001101101100001101100011011001101101101101101101100110110110011001101101100110110110110110110110,66.02963049041607,57.536524077721836,53.32994066425202,3.6768982411909246,10,0.8710358779484061
anti_reasons,11011001111011011001100110110110111100110110110110110110110110110110110110111101100110110111101100110111100110110110110110110110110110110110110110011011001101100110011001100011000110110001101100011011001100110011011011011011011011011011011011110011001101100110011110110011110000110110011011000110110001111000000110110001101100110111101100110110000001101101100110011001101101100001101100011011001101101101101101101100110110110011001101101100110110110110110110110,66.02832362282363,57.5403237207099,53.294893927045976,3.6801906114490253,10,0.8710384304241726
anti_reasons,11011001111011011001100110110110111101100111100110110110110110110110110110110111101100110111100110110111100110110110110110110110110110110110110110011011001101100110011001100011000110110011001100011011001100110011011011011011011011011011011011011110110011000110011110011011110001100110011110000110011001111000000110110011001111000110111100110110000011001100011011011011000110001101100011011011001101101101101101100110110110110011001100111100110110110110110110110,66.00755216226457,58.18535037118132,54.33213534550043,3.46184356971766,10,0.871078999683077
anti_reasons,11011001111011011001100110110110111100110110110110110110110110110110110110111101100110110111101100110111100110110110110110110110110110110110110110011011001101100110011001100011000110110001101100011011001100110011011011011011011011011011011011011011001111000110011110110011110000110110011011000110110001111000000110110001101100110111101100110110000001101101100110011001101101100001101100011011001101101101101101101100110110110011001101101100110110110110110110110,66.00607983789189,57.535675714483354,53.265088359177845,3.6838506843479717,10,0.8710818753166174
anti_reasons,11011001111011011001100110110110111100110110110110110110110110110110110110111101100110110111101100110111100110110110110110110110110110110110110110011011001101100110011001100011000110110001101100011011001100110011011011011011011011011011011011110011001111000110011110110011110000110110011011000110110001111000000110110001101100110111101100110110000001101101100110011001101100110001101100011011001101101101101101101100110110110011001101101100110110110110110110110,66.005000767942,57.632121476444205,53.711333751650635,3.6475803535599165,10,0.8710839828751133
anti_reasons,11011001111011011001100110110110111100110110110110110110110110110110110110111101100110110111101100110111100110110110110110110110110110110110110110011011001101100110011001100011000110110001101100011011001100110011011011011011011011011011011011110011001111000110011110110011110000110110011011000110110001111000000110110001101100110111101100110110000001101101100110011001101101100001100110011011001101101101101101101100110110110011001101101100110110110110110110110,65.99628615770372,57.59631627763829,53.66718634637679,3.6644212418853273,10,0.871101003598235
anti_reasons,11011001111011011001100110110110111101100111100110110110110110110110110110110111101100110111100110110111100110110110110110110110110110110110110110011011001101100110011001100011000110110011001100011011001100110011011011011011011011011011011011011110110011000110011110011011110001100110011001100110011001111000000110110011001111000110111100110110000110001100011011011011000110001101100011011011001101101101101101100110110110110011001100111100110110110110110110110,65.98211741224678,58.079289226918924,54.39011241290787,3.4454167980282935,10,0.8711286769292055
anti_reasons,11011001111011011001100110110110111101100111100110110110110110110110110110110111101100110111100110110111100110110110110110110110110110110110110110011011001101100110011001100011000110110011001100011011001100110011011011011011011011011011011011011110110011000110011110011011110001100110011011000110011001111000000110110011001111000110111100110110000110001100011011011001100110001101100011011011001101101101101101100110110110110011001100111100110110110110110110110,65.96757444973538,58.05958614137501,54.35381537019782,3.4516177700972897,10,0.8711570811528606
anti_reasons,11011001111011011001100110110110111101100111100110110110110110110110110110110111101100110111100110110111100110110110110110110110110110110110110110011011001101100110011001100011000110110011001100011011001100110011011011011011011011011011011011011110110011000110011110011011110001100110011011000110011001111000000110011011001111000110111100110110000110001100011011011011000110001101100011011011001101101101101101100110110110110011001100111100110110110110110110110,65.95567905567063,58.038463906510415,54.32059202355545,3.457379703212082,10,0.8711803143443932
anti_reasons,11011001111011011001100110110110111101100111100110110110110110110110110110110111101100110111100110110111100110110110110110110110110110110110110110011011001101100110110001100011000110110011001100011011001100110011011011011011011011011011011011011110110011000110011110011011110001100110011011000110011001111000000110110011001111000110111100110110000110001100011011011011000110001101100011011011001101101101101101100110110110110011001100111100110110110110110110110,65.95485138319594,58.04904097771426,54.343439352722285,3.449723421135652,10,0.8711819308921954
anti_reasons,11011001111011011001100110110110111100110110110110110110110110110110110110111101100110110111101100110111100110110110110110110110110110110110110110011011001101100110011001100011000110110001101100011011001100110011011011011011011011011011011011110011001111000110011110110011110000110110011011000110110001111000000110110001101100110111101100110110000001101100110110011001101101100001101100011011001101101101101101101100110110110011001101101100110110110110110110110,65.95288036069844,57.5407401366679,53.55601159347931,3.6729466288144246,10,0.8711857805455109
anti_reasons,11011001111011011001100110110110111100110110110110110110110110110110110110111101100110110111101100110111100110110110110110110110110110110110110110011011001101100110011001100011000110110001101100011011001100110011011011011011011011011011011011110011001111000110011110110011011000110110011011000110110001111000000110110001101100110111101100110110000001101101100110011001101101100001101100011011001101101101101101101100110110110011001101101100110110110110110110110,65.94283588191875,57.43123251433023,53.26952831514336,3.6826862422653397,10,0.8712053986681274
anti_reasons,11011001111011011001100110110110111100110110110110110110110110110110110110111101100110110111101100110111100110110110110110110110110110110110110110011011001101100110011001100011000110110001101100011011001100110011011011011011011011011011011011110011001111000110011110110011110000110110011011000110110001101100000110110001101100110111101100110110000001101101100110011001101101100001101100011011001101101101101101101100110110110011001101101100110110110110110110110,65.9386501461943,57.432556111507836,53.33785074000189,3.680581773398094,10,0.8712135739332143
anti_reasons,11011001111011011001100110110110111100110110110110110110110110110110110110111101100110110111101100110111100110110110110110110110110110110110110110011011001101100110011001100011000110110001101100011011001100110011011011011011011011011011011011110011001111000110011110110011110000110110011011000110011001111000000110110001101100110111101100110110000001101101100110011001101101100001101100011011001101101101101101101100110110110011001101101100110110110110110110110,65.90087739163434,57.371521212400054,53.22799752100812,3.696090469444638,10,0.8712873488444641
anti_reasons,11011001111011011001100110110110111101100111100110110110110110110110110110110111101100110111100110110110110110110110110110110110110110110110110110011011001101100110011001100011000110110011001100011011001100110011011011011011011011011011011011011110110011000110011110011011110001100110011011000110011001111000000110110011001111000110111100110110000110001100011011011011000110001101100011011011001101101101101101100110110110110011001100111100110110110110110110110,65.78410794699954,57.6293126416349,53.78067994652973,3.5646407599033747,10,0.8715154141660165
anti_reasons,11011001111011011001100110110110111101100110110110110110110110110110110110110111101100110111100110110111100110110110110110110110110110110110110110011011001101100110011001100011000110110011001100011011001100110011011011011011011011011011011011011110110011000110011110011011110001100110011011000110011001111000000110110011001111000110111100110110000110001100011011011011000110001101100011011011001101101101101101100110110110110011001100111100110110110110110110110,65.65440576578456,57.89868445967414,54.548033434822656,3.5802371790680803,10,0.8717687387387021
anti_reasons,01111001111011011001101101101101101101101100110110111100111100111100110110110111100110110110110110110111100110110111100111101101101101100110110110011011001100110110011001100001100110110011000110001101101100110110011011011011011011011011110011011011011001100111100011110011110000111100011001101100110001100110000110001111001100110111100111100110000001101100110011011011000111100001100011011001101101101101101101100110110110011011001101100110011011011011011011011,65.59581931039604,57.87290903376329,53.01021622604425,3.8434525950202807,10,0.8718831654093827
anti_reasons,11011001111011011001100110110110111100110111100110110110110110110110110110110111101100110111100110110111100110110110110110110110110110110110110110011011001101100110011001100011000110110011001100011011001100110011011011011011011011011011011011011110110011000110011110011011110001100110011011000110011001111000000110110011001111000110111100110110000110001100011011011011000110001101100011011011001101101101101101100110110110110011001100111100110110110110110110110,65.54170997801735,57.63944466530095,53.66401800451189,3.6736744717105427,10,0.8719888476991848
anti_reasons,11011001111011011001100110110110111101100111100110110110110110110110110110110111101100110111100110110111100110110110110110110110110110110110110110011011001101100110011001100011000110110011001100011011001100110110011011011011011011011011011011011110110011000110011110011011110001100110011011000110011001111000000110110011001111000110111100110110000110001100011011011011000110001101100011011011001101101101101101100110110110110011001100111100110110110110110110110,65.49196676424422,57.56711366118782,54.06504227310599,3.508901082733751,10,0.8720860024135855
anti_reasons,11011001111011011001100110110110111101100111100110110110110110110110110110110111101100110110110110110111100110110110110110110110110110110110110110011011001101100110011001100011000110110011001100011011001100110011011011011011011011011011011011011110110011000110011110011011110001100110011011000110011001111000000110110011001111000110111100110110000110001100011011011011000110001101100011011011001101101101101101100110110110110011001100111100110110110110110110110,65.45419463626857,57.45452046923989,53.720587276880266,3.497372645267813,10,0.872159776101038
anti_reasons,11011001111011011001100110110110111101100111100110110110110110110110110110110110111100110111100110110111100110110110110110110110110110110110110110011011001101100110011001100011000110110011001100011011001100110011011011011011011011011011011011011110110011000110011110011011110001100110011011000110011001111000000110110011001111000110111100110110000110001100011011011011000110001101100011011011001101101101101101100110110110110011001100111100110110110110110110110,65.4224333875299,57.45544038881559,53.84171884044251,3.4733799747268708,10,0.8722218097899807
anti_reasons,11011001111011011001100110110110111101100111100110110110110110110110110110110111101100110111100110110111100110110110110110110110110110110110110110011011001101100110011001100011000110110011001100011011001100110011011011011011011011011011011011011110110011000110011110011011110001100110011011000110011001111000000110110011001111000110110110110110000110001100011011011011000110001101100011011011001101101101101101100110110110110011001100111100110110110110110110110,65.3919605880428,57.68289895600229,54.02225407334802,3.354272166451102,10,0.8722813269764789
anti_reasons,11011001111011011001100110110110111101100111100110110110110110110110110110110111101100110111100110110111100110110110110110110110110110110110110110011011001101100110011001100011000110110011001100011011001100110011011011011011011011011011011011011110110011000110011110011011110001100110011011000110011001111000000110110001101111000110111100110110000110001100011011011011000110001101100011011011001101101101101101100110110110110011001100111100110110110110110110110,65.36165740461455,57.588082399412386,54.00935313497651,3.3555040489934567,10,0.8723405128816122
anti_reasons,11011001111011011001100110110110111101100111100110110110110110110110110110110111101100110111100110110111100110110110110110110110110110110110110110011011001101100110011001100011000110110011001100011011001100110011011011011011011011011011011011011110110011000110011011011011110001100110011011000110011001111000000110110011001111000110111100110110000110001100011011011011000110001101100011011011001101101101101101100110110110110011001100111100110110110110110110110,65.30941056398969,57.50218818977295,54.11441354265418,3.357613809637798,10,0.8724425574922077
anti_reasons,11011001111011011001100110110110111101100111100110110110110110110110110110110111101100110111100110110111100110110110110110110110110110110110110110011011001101100110011001100011000110110011001100011011001100110011011011011011011011011011011011011110110001100110011110011011110001100110011011000110011001111000000110110011001111000110111100110110000110001100011011011011000110001101100011011011001101101101101101100110110110110011001100111100110110110110110110110,65.2779558748055,57.459591497438794,54.05411404180873,3.367809999749349,10,0.8725039924320205
anti_reasons,01111001111011011001100111101101101101100111100110111100111100111101100111101100110110110110110110110111101100110111100111101101101101100110110110011001101101100110001100110011000110110001100110011001100110110011011011011011011011011011011011110011001101111000110011011011011000110011011011000110011001111000000110011001101111000110111101100011000001100110110011011011000110110000111100001101101101101101101101100110110110011011001101100011011011011011011011011,65.2764514921059,59.38816000932677,54.732578885427316,3.572477019692677,10,0.8725069306794806
anti_reasons,11011001111011011001100110110110111101100111100110110110110110110110110110110111101100110111100110110111100110110110110110110110110110110110110110011011001101100110011001100011000110110011001100011011001100110011011011011011011011011011011011011110110011000110011110011011110001100110011011000110011001111000000110110011001111000110111100110110000110001100011011011011000110001101100011011011001101101101101101100110110110110011001101101100110110110110110110110,65.27513560154357,57.46133081419109,53.87067187725677,3.3860397951462367,10,0.8725095007782352
anti_reasons,11011001111011011001100110110110111101100111100110110110110110110110110110110111101100110111100110110111100110110110110110110110110110110110110110011011001101100110011001100011000110110011001100011011001100110011011011011011011011011011011011011011110011000110011110011011110001100110011011000110011001111000000110110011001111000110111100110110000110001100011011011011000110001101100011011011001101101101101101100110110110110011001100111100110110110110110110110,65.27020648261579,57.458920024843266,54.08114995777552,3.3640564510188518,10,0.8725191279636411
anti_reasons,11011001111011011001100110110110111101100111100110110110110110110110110110110111101100110111100110110111100110110110110110110110110110110110110110011011001101100110011001100011000110110011001100011011001100110011011011011011011011011011011011011110110011000110011110011011110001100110011011000110011001111000000110110011001111000110111100110110000110001100011011011011000110001101100011011011001101101101101101101100110110110011001100111100110110110110110110110,65.20823810132151,57.432672198458135,53.97334309668369,3.3491839211996703,10,0.8726401599583564
anti_reasons,11011001111011011001100110110110111101100111100110110110110110110110110110110111101100110111100110110111100110110110110110110110110110110110110110011011001101100110011001100011000110110011001100011011001100110011011011011011011011011011011011011110110011000110011110011011011001100110011011000110011001111000000110110011001111000110111100110110000110001100011011011011000110001101100011011011001101101101101101100110110110110011001100111100110110110110110110110,65.19246813390063,57.35050029105912,53.85790050135243,3.383826032016532,10,0.8726709606759753
anti_reasons,11011001111011011001100110110110111101100111100110110110110110110110110110110111101100110111100110110111100110110110110110110110110110110110110110011011001101100110011001100011000110110011001100011011001100110011011011011011011011011011011011011110110011000110011110011011110001100110011011000110011001101100000110110011001111000110111100110110000110001100011011011011000110001101100011011011001101101101101101100110110110110011001100111100110110110110110110110,65.18828239817618,57.35182388823673,53.744488737437464,3.3961817149197016,10,0.8726791359410622
anti_reasons,11011001111011011001100110110110111101100111100110110110110110110110110110110111101100110111100110110111100110110110110110110110110110110110110110011011001101100110011001100011000110110011001100011011001100110011011011011011011011011011011011011110110011000110011110011011110001100110011011000110011001111000000110110011001101100110111100110110000110001100011011011011000110001101100011011011001101101101101101100110110110110011001100111100110110110110110110110,65.18320768005626,57.36003283350008,53.72914230634187,3.3927143730377125,10,0.8726890474998901
anti_reasons,11011001111011011001100110110110111101100111100110110110110110110110110110110111101100110111100110110111100110110110110110110110110110110110110110011011001101100110011001100011000110110011001100011011001100110011011011011011011011011011011011011110011011000110011110011011110001100110011011000110011001111000000110110011001111000110111100110110000110001100011011011011000110001101100011011011001101101101101101100110110110110011001100111100110110110110110110110,65.1560782731946,57.30945425951347,53.80938089723614,3.3930292757215432,10,0.8727420346226669
anti_reasons,01101101101101101101100111101101101100110110110110110110111101101100110110110110110111100111100110110110110111100111101101101101101101100110110011011011001100110110110000110011000110110001100110011001100110110110011011011011011011011011011011110011110001100110110011110110011000110110110001100110001111000011000111100011011001101101101100110001100001101100110011011000110110001100110011001101101101101101101101101100110110110011001100110110011011011011011011011,65.14695087109546,59.10112896589861,55.49916502939919,3.259807217378801,10,0.8727598615798917
anti_reasons,01111011011011011001100111101101101100110110110110111100111101101101101100111100110110110110110110110110110110110111100111101101101101100110110110011001101100110110011001100000110110011001100110110001101100110110011011011011011011011011011011011011001111011000110011011011001111001100011000110110001101100110000110001101111001100110111100111100000011011000011011110011001100110001100011001101101101101101101101101100110110110011001101100110011011011011011011011,64.27717112389907,57.61524800969433,54.58397093233658,2.895147636045554,10,0.8744586501486347
anti_reasons,01101101101101100110110110110111101100111101100110111100111100111100110110110110110111100110110111100110111100110110110110110110110110110110110110011001101100110110110001100011000110110011000110001101100110110011011011011011110110110011011011011011001101100110011110011011001100110011011000111100001101100001100110001101101111000110111100111100000110000110110011011011000110011001100110001101111001101101101101100110110110110001101101100110011011011011011011011,62.80106874995628,58.6505853588984,52.50900627295475,3.3782526439226763,10,0.8773416625977416
anti_reasons,01111001111011011001100111101101101100110110110110111100111100111100110110111100110111101100110110110110110110110111100111101101101101100110110011011011001100110110001100011001100110110001100110110001101100110110011011011011011011011011110011110011110011000110110011011011011011000110011011000110110011000110000110001101101101100110110110110011000110001100110011110000110110110000110110011001101101101101101101101100110110110011001101100110011011011011011011011,62.4550186645112,56.102740720617795,52.92886651825851,3.1163770369309605,10,0.8780175416708765
anti_reasons,01101101101101100110110110110111101100110111100110111100111100111100110111100111100110110110111100110111100110111100110110110110110110110110110110011011001101100110110000011000110110110001100110011001101100110011011011011011110011110110011011011011011001100110011011011011001100110011110001100011001101101100000111100001111000111100111100110000110001111000011110011001100111100000110110001101111001101101101101101100110110110011001101100110011011011011011011011,61.008588431368985,57.38837911676394,51.96935155733291,2.816579784161172,10,0.8808426007199824
anti_reasons,01101101101101101100110110110110110110110110111100111100111100111101100110110110110110110110111100111101100110111101100110111100110110110110110110011011001101100110110000011011000110110001100110110001100110110110011011011011011011011011011011011011110001101100011110011011110001100011110001100011001111000110000110110001111001100110110111100001100001101101100011011000110110110000110011001111011001101101101101101100110110011011011001100110011011011011011011011,60.708885672109346,57.231109821937764,53.03831619543433,2.5632545874589585,10,0.8814279576716615
anti_reasons,01101101101101101100110110110110110110110110111100111100111100111101100110110110110110110110111100111101100110111101100110111100110110110110110110011011001101100110110000011011000110110001100110110001100110110110011011011011011011011011011011011011110001101100011110011011110001100011110001100011001111000110000110110001111001100110110111100001100001100111100011011001100110110000110011001111011001101101101101101100110110011011011001100110011011011011011011011,60.702779871238505,57.21804291763162,52.86528531227421,2.598194719682204,10,0.8814398830639874
anti_reasons,01101101101101101100110110110110110110110110111100111100111100111101100110110110110110110110111100111101100110111101100110111100110110110110110110011011001101100110110000011011000110110001100110110001100110110110011011011011011011011011011011011011110001101100011110011011110001100011110001100011001111000110000110110001111000110110110111100001100001101101100011011001100110110000110011001111011001101101101101101100110110011011011001100110011011011011011011011,60.63452514781608,57.11725941444557,52.529876100476926,2.6197130611071078,10,0.8815731930706717
anti_reasons,01101101101101101100110110110110110110110110111100111100111100111101100110110110110110110110111100111101100110111101100110111100110110110110110110011011001101100110110000011011000110110001100110110001100110110110011011011011011011011011011011011011110001101100011110011011110001100011110000110011001111000110000110110001111001100110110111100001100001101101100011011001100110110000110011001111011001101101101101101100110110011011011001100110011011011011011011011,60.58607069218955,57.055800931698,52.48354057228307,2.6035260556282673,10,0.8816678306793173
anti_reasons,01101101101101101100110110110110110110110110111100111100111100111101100110110110110110110110111100111101100110111101100110111100110110110110110110011011001101100110110000011011000110110001100110110001100110110110011011011011011011011011011011011011110001101100011110011011110000110011110001100011001111000110000110110001111001100110110111100001100001101101100011011001100110110000110011001111011001101101101101101100110110011011011001100110011011011011011011011,60.57496856636723,57.03890877580152,52.476078073669534,2.5967513899155845,10,0.8816895145188139
anti_reasons,01101101101101101100110110110110110110110110111100111100111100111101100110110110110110110110111100111101100110111101100110111100110110110110110110011011001101100110110000011011000110110001100110110001100110110110011011011011011011011011011011011011110001100110011110011011110001100011110001100011001111000110000110110001111001100110110111100001100001101101100011011001100110110000110011001111011001101101101101101100110110011011011001100110011011011011011011011,60.56823983783312,57.03508652281538,52.47236722384675,2.5955633258619804,10,0.8817026565667322
anti_reasons,01101101101101101100110110110110110110110110111100111100111100111101100110110110110110110110111100111101100110111101100110111100110110110110110110011011001101100110110000011011000110110001100110110001100110110110011011011011011011011011011011011011110001101100011110011011110001100011110001100011001111000011000110110001111001100110110111100001100001101101100011011001100110110000110011001111011001101101101101101100110110011011011001100110011011011011011011011,60.5060585449712,56.972213737356526,52.407989928501436,2.600073412119836,10,0.8818241044043531
anti_reasons,01101101101101101100110110110110110110110110111100111100111100111101100110110110110110110110111100111101100110111101100110111100110110110110110110011011001101100110110000011011000110110001100110110001100110110110011011011011011011011011011011011011110001101100011110011011110001100011110001100011001111000110000110110001111001100110110111100000110001101101100011011001100110110000110011001111011001101101101101101100110110011011011001100110011011011011011011011,60.46170975428123,56.9019494030141,52.346509052878076,2.591130647768948,10,0.8819107231361695
anti_reasons,01101101101101101100110110110110110110110110111100111100111100111101100110110110110110110110111100111101100110111101100110111100110110110110110110011011001101100110110000011011000110110011000110110001100110110110011011011011011011011011011011011011110001101100011110011011110001100011110001100011001111000110000110110001111001100110110111100001100001101101100011011001100110110000110011001111011001101101101101101100110110011011011001100110011011011011011011011,60.46100537059955,56.900683773978486,52.35080963527438,2.5932277641693955,10,0.8819120988855478
anti_reasons,01101101101101101100110110110110110110110110111100111100111100111101100110110110110110110110111100111101100110111101100110111100110110110110110110011011001101100110110000011011000110110001100110110001100110110110011011011011011011011011011011011011110001101100011110011011110001100011110001100011001111000110000110011001111001100110110111100001100001101101100011011001100110110000110011001111011001101101101101101100110110011011011001100110011011011011011011011,60.45547789376555,56.89133243322116,52.34843793489346,2.587976919400561,10,0.8819228947387392
anti_reasons,01101101101101101100110110110110110110110110111100111100111100111101100110110110110110110110111100111101100110111101100110111100110110110110110110011011001101100110110000011011000110110001100110110001100110110110011011011011011011011011011011011011110001101100011110011011110001100011110001100011001111000110000110110001111001100110110111100001100001101101100011011001100110011000110011001111011001101101101101101100110110011011011001100110011011011011011011011,60.43696832354678,56.8722164504854,52.3310380105164,2.579521491580388,10,0.8819590462430726
anti_reasons,01101101101101101100110110110110110110111100111100111100111100111101100110110110110110110110111100111101100110111101100110111100110110110110110110011011001101100110110000011011000110110001100110110001100110110110011011011011011011011011011011011011110001101100011110011011110001100011110001100011001101100110000110110001111001100110110111100001100001101101100011011001100110110000110011001111011001101101101101101100110110011011011001100110011011011011011011011,60.403177531313986,56.821791383111346,51.198519611527665,2.9576683046733616,10,0.8820250438841524
anti_reasons,01101101101101101100110110110110110110110110111100111100111100111101100110110110110110110110111100111101100110110111100110111100110110110110110110011011001101100110110000011011000110110001100110110001100110110110011011011011011011011011011011011011110001101100011110011011110001100011110001100011001111000110000110110001111001100110110111100001100001101101100011011001100110110000110011001111011001101101101101101100110110011011011001100110011011011011011011011,60.206949506304596,56.80871188175388,52.14870173061761,2.4809894082555233,10,0.8824083017454989
anti_reasons,01101101101101101100110110110110110110110110111100111100111100111101100110110110110110110110111100111101100110111101100110111100110110110110110110011011001101100110110000011011000110110001100110110001100110110110011011011011011011011011011011011011110001101100011110011011110001100011110001100011001111000110000110110001111001100110110111100001100001101101100011011001100110110000110011001111011001101101101101101100110110110011011001100110011011011011011011011,60.12305704997897,56.54689707946265,51.66133251121351,2.7020604580362004,10,0.8825721541992598
anti_reasons,01101101101101101100110110110110110110110110110110111100111100111101100110110110110110110110111100111101100110111101100110111100110110110110110110011011001101100110110000011011000110110001100110110001100110110110011011011011011011011011011011011011110001101100011110011011110001100011110001100011001111000110000110110001111001100110110111100001100001101101100011011001100110110000110011001111011001101101101101101100110110011011011001100110011011011011011011011,60.015733470448865,57.06048144354946,53.04939175413994,2.2388165633971377,10,0.8827817705655295
anti_reasons,01101101101101101100110110110110110110110110111100111100111100111101100110110110110110110110111100111101100110111101100110111100110110110110110110011011001101100110110000011011000110110001100110110001100110110110011011011011011011011011011011011011110001101100011110011011110001100011110001100011001111000110000110110001111001100110110110110001100001101101100011011001100110110000110011001111011001101101101101101100110110011011011001100110011011011011011011011,59.928466846975496,56.47767998657863,51.96931672181194,2.664129059621477,10,0.882952213189501
anti_reasons,01101101101101101100110110110110110110110110111100111100111100111101100110110110110110110110111100111100110110111101100110111100110110110110110110011011001101100110110000011011000110110001100110110001100110110110011011011011011011011011011011011011110001101100011110011011110001100011110001100011001111000110000110110001111001100110110111100001100001101101100011011001100110110000110011001111011001101101101101101100110110011011011001100110011011011011011011011,59.90831666815093,56.48218116834564,51.797676019507854,2.524933390268478,10,0.8829915690075177
anti_reasons,01101101101101101100110110110110110110110110111100111100111100111101100110110110110110110110111100111101100110111101100110111100110110110110110110011011001101100110110000011011000110110001100110110001100110110110011011011011011011011011011011011011110001101100011110011011110001100011110001100011001111000110000110110001101101100110110111100001100001101101100011011001100110110000110011001111011001101101101101101100110110011011011001100110011011011011011011011,59.864764960173375,56.43942605418956,51.768141800909156,2.6758560200876573,10,0.8830766309371614
anti_reasons,01101101101101101100110110110110110110110110111100111100111100111101100110110110110110110110111100111101100110111101100110111100110110110110110110011011001101100110110000011011000110110001100110110001101100110110011011011011011011011011011011011011110001101100011110011011110001100011110001100011001111000110000110110001111001100110110111100001100001101101100011011001100110110000110011001111011001101101101101101100110110011011011001100110011011011011011011011,59.8287177834528,56.42428443396291,52.11751624224585,2.456633007259043,10,0.8831470355791937
anti_reasons,01101101101101101100110110110110110110110110111100111100111100111101100110110110110110110110111100110111100110111101100110111100110110110110110110011011001101100110110000011011000110110001100110110001100110110110011011011011011011011011011011011011110001101100011110011011110001100011110001100011001111000110000110110001111001100110110111100001100001101101100011011001100110110000110011001111011001101101101101101100110110011011011001100110011011011011011011011,59.81787533121931,56.386454831921256,51.70386048100573,2.539304773372089,10,0.8831682122437123
anti_reasons,01101101101101101100110110110110110110110110111100111100111100111101100110110110110110110110110110111101100110111101100110111100110110110110110110011011001101100110110000011011000110110001100110110001100110110110011011011011011011011011011011011011110001101100011110011011110001100011110001100011001111000110000110110001111001100110110111100001100001101101100011011001100110110000110011001111011001101101101101101100110110011011011001100110011011011011011011011,59.81774346410478,56.392063204551334,51.713544573127756,2.532844013751965,10,0.8831684697966704
anti_reasons,01101101101101101100110110110110110110110110111100111100111100111101100110110110110110110110111100111101100110111101100110111100110110110110110110011011001101100110110000011011000110110001100110110001100110110110011011011011011011011011011011011011110001101100011011011011110001100011110001100011001111000110000110110001111001100110110111100001100001101101100011011001100110110000110011001111011001101101101101101100110110011011011001100110011011011011011011011,59.79825201388449,56.355056716483695,51.6830179065314,2.6315429443306386,10,0.8832065390353818
anti_reasons,01101101101101101100110110110110110110110110111100111100111100111101100110110110110110110110111100111101100110111101100110111100110110110110110110011011001101100110110000011011000110110001100110110001100110110110011011011011011011011011011011011011110001101100011110011011110001100011011001100011001111000110000110110001111001100110110111100001100001101101100011011001100110110000110011001111011001101101101101101100110110011011011001100110011011011011011011011,59.7893604354346,56.328224430534306,51.68263469471284,2.6364607151734547,10,0.8832239053995418
anti_reasons,01101101101101101100110110110110110110110110111100111100111100111101100110110110110110110110111100111101100110111101100110111100110110110110110110011011001101100110110000110011000110110001100110110001100110110110011011011011011011011011011011011011110001101100011110011011110001100011110001100011001111000110000110110001111001100110110111100001100001101101100011011001100110110000110011001111011001101101101101101100110110011011011001100110011011011011011011011,59.77630160376299,56.42176836636245,52.03458013427008,2.4652125602870862,10,0.8832494109301504
anti_reasons,01101101101101101100110110110110110110110110111100111100111100111101100110110110110110110110111100111101100110111101100110111100110110110110110110011011001101100110110000011011000110110001100110110001100110110110011011011011011011011011011011011011110001101100011110011011110001100011110001100011001111000110000110110001111001100110110111100001100001101100110011011001100110110000110011001111011001101101101101101100110110011011011001100110011011011011011011011,59.76949428659988,56.31287644010753,52.079871078494776,2.596684233360687,10,0.8832627064714846
anti_reasons,01101101101101101100110110110110110110110110111100111100111100111100110110110110110110110110111100111101100110111101100110111100110110110110110110011011001101100110110000011011000110110001100110110001100110110110011011011011011011011011011011011011110001101100011110011011110001100011110001100011001111000110000110110001111001100110110111100001100001101101100011011001100110110000110011001111011001101101101101101100110110011011011001100110011011011011011011011,59.76076299157174,56.4826043193283,51.644842754088565,2.4880479247937974,10,0.8832797597820865
anti_reasons,01101101101101100110110110110111101100110110110110111100111100111100111100111100110110111101100110110110110111100110110110110110110110110110110110011011001101100110110001100001100110110000110110110001101100110110011011011011110011110110011011011011011011000110110110011110001111000110011000110110001111000000110110110011001100110110110110110011000011001101100011011001100111100000110110001101111001101101101101101100110110011011001101100110011011011011011011011,59.73338992414139,56.4370348451194,52.44803515345207,2.2547213761271725,10,0.8833332228044113
anti_reasons,01101101101101101100110110110110110110110110111100111100111100111101100110110110110110110110111100111101100110111101100110111100110110110110110110011011001101100110110000011011000110110001100110110001100110110110011011011011011011011011011011011011110001101100110110011011011001100011110001100011001111000110000110110001111000110110110111100001100001101101100011011001100110110000110011001111011001101101101101101100110110011011011001100110011011011011011011011,59.7144168947716,56.235063261451934,51.593352335562216,2.6400753393883813,10,0.8833702795023992
anti_reasons,01101101101101101100110110110110110110110110111100111100111100111101100110110110110110110110111100111101100110111101100110111100110110110110110110011011001101100110110000011011000110110001100110110001100110110110011011011011011011011011011011011011110001101100011110011011011001100011110001100011001111000110000110110001111001100110110111100001100001101101100011011001100110110000110011001111011001101101101101101100110110011011011001100110011011011011011011011,59.68280317293623,56.203368817769864,51.56221135243259,2.623420064508113,10,0.8834320250528589
anti_reasons,01101101101101101100110110110110110110110110111100111100111100111101100110110110110110110110111100111101100110111101100110111100110110110110110110011011001101100110110000011011000110110001100110110001100110110110011011011011011011011011011011011011110001101100110110011011011001100011110000110011001111000110000110110001111001100110110111100001100001101101100011011001100110110000110011001111011001101101101101101100110110011011011001100110011011011011011011011,59.66596243914506,56.17360477870437,51.54701680736836,2.6235600568764403,10,0.8834649171110448
anti_reasons,01101101101101101100110110110110110110110110111100111100111100111101100110110110110110110110111100111101100110111101100110111100110110110110110110011011001101100110110000011011000110110001100110110001100110110110011011011011011011011011011011011011110001101100110110011011011000110011110001100011001111000110000110110001111001100110110111100001100001101101100011011001100110110000110011001111011001101101101101101100110110011011011001100110011011011011011011011,59.65486031332274,56.15671262280789,51.53955430875482,2.616659393647538,10,0.8834866009505415
anti_reasons,01101101101101101100110110110110110110111101100110111100111100111100110110110110110110110110111100110110110111100111100110111100110110110110110110011011001101100110110001100011000110110001100110001101101100110011011011011011011011011011011011011110001101100111100011110011001101100110011000110110001101111000000110110001101111001100110110110000110001101100011011011110000111100000110011011011011001101101101101101100110110110001111001100011011011011011011011011,59.65464782060408,56.848245446066755,49.367311236912506,3.0793437725973907,10,0.8834870159753827
anti_reasons,01101101101101101100110110110110110110110110111100111100111100111101100110110110110110110110111100111101100110111101100110111100110110110110110110011011001101100110110000011011000110110001100110110001100110110110011011011011011011011011011011011011110001100110110110011011011001100011110001100011001111000110000110110001111001100110110111100001100001101101100011011001100110110000110011001111011001101101101101101100110110011011011001100110011011011011011011011,59.64813158478863,56.15289036982175,51.53584345893206,2.615511834899796,10,0.8834997429984597
anti_reasons,01101101101101101100110110110110110110110110111100111100111100111101100110110110110110110110111100111101100110111101100110111100110110110110110110011011001101100110110000011011000110110001100110110001100110110110011011011011011011011011011011011011011001101100011110011011110001100011110001100011001111000110000110110001111001100110110111100001100001101101100011011001100110110000110011001111011001101101101101101100110110011011011001100110011011011011011011011,59.64652638572039,56.162322786224216,51.53378530920478,2.6115264190101537,10,0.8835028781528899
anti_reasons,01101101101101101100110110110110110110110110111100111100111100111101100110110110110110110110111100111101100110111101100110111100110110110110110110011011001101100110110000011011000110110001100110110001100110110110011011011011011011011011011011011011110001101100110110011011001101100011110001100011001111000110000110110001111001100110110111100001100001101101100011011001100110110000110011001111011001101101101101101100110110011011011001100110011011011011011011011,59.628125191389174,56.11844628670018,51.518625068599796,2.61039314164616,10,0.883538817985568
anti_reasons,01101101101101101100110110110110110110110110111100111100111100111101100110110110110110110110111100111101100110111101100110111100110110110110110110011011001101100110110000011011000110110011000110110001100110110110011011011011011011011011011011011011110001101100110110011011011001100011110001100011001111000110000110110001111001100110110111100001100001101101100011011001100110110000110011001111011001101101101101101100110110011011011001100110011011011011011011011,59.540897117555076,56.01848762098486,51.414285870359684,2.6121927448465216,10,0.8837091853172753
anti_reasons,01101101101101101100110110110110110110110110111100111100111100111101100110110110110110110110111100111101100110111101100110111100110110110110110110011011001101100110110000011011000110110001100110110001100110110110011011011011011011011011011011011011110001101100110110011011011001100011110001100011001111000110000110011001111001100110110111100001100001101101100011011001100110110000110011001111011001101101101101101100110110011011011001100110011011011011011011011,59.53536964072107,56.00913628022753,51.41191416997875,2.606752801924278,10,0.8837199811704667
anti_reasons,01101101101101101100110110110110110110110110111100111100111100111101100110110110110110110110111100111101100110111101100110111100110110110110110110011011001101100110110000011011000110110001100110110001100110110110011011011011011011011011011011011011110001101100110110011011011001100011110001100011001111000110000110110001111001100110110111100001100001101101100011011001100110011000110011001111011001101101101101101100110110011011011001100110011011011011011011011,59.516860070502304,55.990020297491775,51.39451424560169,2.5983605298731045,10,0.8837561326748002
anti_reasons,01101101101101101100110110110110110110110110111100111100111100111100111101101100110110111100110110110110111101101101100110111100110110110110110011011011001101100110110000110001100110110011000110011001101100110110011011011011011011011011011011011011011001100110110011011011001100110110011011000110001111001100000110001101101100111100110110111100000011000110110011110000110110001100110011001111011001101101101101100110110110110011011001100110011011011011011011011,59.457652412440794,55.23467258526459,51.301072978038874,2.921511754535977,10,0.8838717726319516
anti_reasons,01101101101101101100110110110110110110110110111100111100111100111101100110110110110110110110111100111101101100111101100110111100110110110110110110011011001101100110110000011011000110110001100110110001100110110110011011011011011011011011011011011011110001101100110110011011011001100011110001100011001101100110000110110001111001100110110111100001100001101101100011011001100110110000110011001111011001101101101101101100110110011011011001100110011011011011011011011,59.42321089092235,55.874354561480956,51.31318884345698,2.789212399831567,10,0.8839390412286673
anti_reasons,01101101101101101100110110110110110110110110111100111100111100111101100110110110110110110110111100111101100110110111100110111100110110110110110110011011001101100110110000011011000110110001100110110001100110110110011011011011011011011011011011011011110001101100110110011011011001100011110001100011001111000110000110110001111001100110110111100001100001101101100011011001100110110000110011001111011001101101101101101100110110011011011001100110011011011011011011011,59.28684125326012,55.92651572876025,51.2121779657029,2.496530519716894,10,0.8842053881772263
anti_reasons,01101101101101101100110110110110110110110110110110111100111100111100110110111100111100110111100110111100111100110111100110111100110110110110110011011011001101100110110000110011000110110000110110110001101100110011011011011011011011011011011011011011011001100110011011110011011011000110011000110011011001100011000110001101101101100110110111100011000110000110110011011011000110001101100011110011011001101101101101101100110110110001111001100110011011011011011011011,59.184791923671085,56.166107005808215,51.002626886056916,2.441553304010361,10,0.8844047032740799
anti_reasons,01101101101101101100110110110110110110110110111100111100111100111101100110110110110110110110111100111101100110111101100110111100110110110110110110011011001101100110110000011011000110110001100110110001100110110110011011011011011011011011011011011011110001101100110110011011011001100011110001100011001111000110000110110001101101100110110111100001100001101101100011011001100110110000110011001111011001101101101101101100110110011011011001100110011011011011011011011,58.9446567071289,55.55722990119593,50.831618035994445,2.698756016195232,10,0.8848737173688889
anti_reasons,01101101101101101100110110110110110110110110111100111100111100111101100110110110110110110110111100110111100110111101100110111100110110110110110110011011001101100110110000011011000110110001100110110001100110110110011011011011011011011011011011011011110001101100110110011011011001100011110001100011001111000110000110110001111001100110110111100001100001101101100011011001100110110000110011001111011001101101101101101100110110011011011001100110011011011011011011011,58.89776707817484,55.50425867892763,50.76733671609103,2.5565286366240807,10,0.8849652986754397
anti_reasons,01101101101101101100110110110110110110110110111100111100111100111101100110110110110110110110110110111101100110111101100110111100110110110110110110011011001101100110110000011011000110110001100110110001100110110110011011011011011011011011011011011011110001101100110110011011011001100011110001100011001111000110000110110001111001100110110111100001100001101101100011011001100110110000110011001111011001101101101101101100110110011011011001100110011011011011011011011,58.897635211060305,55.509867051557706,50.77702080821305,2.550314625014524,10,0.8849655562283978
anti_reasons,01101101101101101100110110110110110110110110111100111100111100111101100110110110110110110110111100111101100110111101100110111100110110110110110110011011001101100110110000011011000110110001100110110001100110110110011011011011011011011011011011011011110001101100110011011011011001100011110001100011001111000110000110110001111001100110110111100001100001101101100011011001100110110000110011001111011001101101101101101100110110011011011001100110011011011011011011011,58.87814376084002,55.47286056349005,50.746494141616694,2.654938003793622,10,0.8850036254671093
anti_reasons,01101101101101101100110110110110110110110110111100111100111100111101100110110110110110110110111100111101100110111101100110111100110110110110110110011011001101100110110000011011000110110001100110110001100110110110011011011011011011011011011011011011110001101100110110011011011001100011011001100011001111000110000110110001111001100110110111100001100001101101100011011001100110110000110011001111011001101101101101101100110110011011011001100110011011011011011011011,58.86925218239013,55.44602827754066,50.74611092979813,2.659110457690641,10,0.8850209918312693
anti_reasons,01101101101101101100110110110110110110110110111100111100111100111101100110110110110110110110111100111101100110111101100110111100110110110110110110011011001101100110110000110011000110110001100110110001100110110110011011011011011011011011011011011011110001101100110110011011011001100011110001100011001111000110000110110001111001100110110111100001100001101101100011011001100110110000110011001111011001101101101101101100110110011011011001100110011011011011011011011,58.85619335071851,55.53957221336882,51.09805636935538,2.4856215954772214,10,0.8850464973618779
anti_reasons,01101101101101101100110110110110110110110110111100111100111100111101100110110110110110110110111100111101100110111101100110111100110110110110110110011011001101100110110000011011000110110001100110110001100110110110011011011011011011011011011011011011110001101100110110011011011001100011110001100011001111000110000110110001111001100110110111100001100001101100110011011001100110110000110011001111011001101101101101101100110110011011011001100110011011011011011011011,58.849386033555405,55.43068028711389,51.143347313580065,2.616883396156501,10,0.8850597929032121
anti_reasons,01101101101101101100110110110110110110110110111100111100111100111100110110110110110110110110111100111101100110111101100110111100110110110110110110011011001101100110110000011011000110110001100110110001100110110110011011011011011011011011011011011011110001101100110110011011011001100011110001100011001111000110000110110001111001100110110111100001100001101101100011011001100110110000110011001111011001101101101101101100110110011011011001100110011011011011011011011,58.84065473852726,55.600408166334674,50.70831898917386,2.506537297996727,10,0.8850768462138139
anti_reasons,01101101101101101100110110110111101100110111100110111100111100111100111100110111100110110110110111101100110111100110110110110110110110110110110110011011001101100110011001100011000110011011000110011001101100110110011011011011110011110011011011011110011001101100110011110011001101100110011000110110001101100110000110001101101100110110110110110001100011011001100110011110000110001101100110001101111001101101101101100110110110110001101101100110011011011011011011011,58.7368140138989,55.72497076011077,49.942982126499416,2.676268181045654,10,0.8852796601291038
anti_reasons,01101101101101101100110110110110110110110110111100111100111100111101100110110110110110110110111100111101100110111101100110111100110110110110110110011011001101100110110000011011000110110001100110110001100110110110011011011011011011011011011011011011011001101100110110011011011001100011110001100011001111000110000110110001111001100110110111100001100001101101100011011001100110110000110011001111011001101101101101101100110110011011011001100110011011011011011011011,58.72641813267592,55.28012663323059,50.59726154429008,2.633259935484231,10,0.8852999645846173
anti_reasons,01101101101101101100110110110110110110110110111100111100111101101100110110110110110110111100110110110110110110110111100110111100110110110110110110011011001101100110011001100001100110110001100110001101101100110110011011011011011011011011011011011011011001100110110011011011110000110011011011001100011001111000001100011011001101100110110110111100000011011000110011110000110110001100110011011011011001101101101101101100110110110011011001100110011011011011011011011,57.220010247969384,54.08689458918178,48.69058532646313,2.5297788201901024,10,0.8882421674844347
