reason_type,bitmap_index,max_cost,mean_cost,min_cost,std_cost,n_samples,robustness
anti_reasons,1111111111111111100011111011111011111111111111111111,14.097434210720532,13.401049642010705,12.625288545090054,0.31101720211360473,495,0.41260690788664445
anti_reasons,1111111111111101100011111111111111111111111111011111,14.00737380221131,13.446599255831622,13.031435577142364,0.17320693902020223,495,0.41635942490786204
anti_reasons,1111111111111111100011111111111111111011111111011111,13.97629111155961,13.15079963021391,12.73241009716543,0.3103602966565665,495,0.41765453701834965
anti_reasons,1111111100011111100111111111111111111111111111111111,13.961220119165803,13.509553356382359,13.301300403919907,0.14695758979571058,495,0.41828249503475823
anti_reasons,1111111111111111100011111011111111111011111111111111,13.935986325736547,13.03867143659473,12.495438939542598,0.32264962534754577,495,0.4193339030943105
anti_reasons,1111111110011111100011111111111111111011111111111111,13.935338887794266,13.046086053272077,12.626472665500089,0.29857325953647096,495,0.41936087967523894
anti_reasons,1111111111111111100111111011111111111111100111111111,13.933687948394672,12.840034199376554,12.445250353640455,0.2513409267294643,495,0.4194296688168887
anti_reasons,1111111111111111100011111111111011111111111111011111,13.931333692321797,13.513177835629888,13.09954729472346,0.12419844617746179,495,0.4195277628199251
anti_reasons,1111111111111111111111111011111011111111100111011111,13.889937186359543,12.791292888009911,12.156077628506518,0.2520650973570518,495,0.42125261723501906
anti_reasons,1111111110011111100011111111111111111111111111011111,13.879605603546477,12.97849260592073,12.641281252678896,0.2851804721568671,495,0.4216830998522302
anti_reasons,1111111111111111100011111011111111111111111111111110,13.86755973793477,13.159850491371115,12.431965744883898,0.3108320313454507,495,0.42218501091938465
anti_reasons,1111111111111101111111111011111111111111100111011111,13.8605455349666,12.724714308211645,12.236381560823746,0.20803345752112115,495,0.42247726937639174
anti_reasons,1111111111111111100011111011111111111111111111110111,13.85594534774681,13.165817068695002,12.427543836898302,0.31325239621154144,495,0.422668943843883
anti_reasons,1111111111101111111111011111111111111111100111011111,13.85563122541208,12.84210800336687,12.474002039695241,0.18574273515908996,495,0.42268203227449663
anti_reasons,1111111111111111100011011111111111111111100111111111,13.836374317331455,12.801878698031535,12.431204148644442,0.254609068430723,495,0.42348440344452276
anti_reasons,1111111111111111111111111111111111111111000111011011,13.830279891288415,12.964138930283537,12.67516371827686,0.3420130486310242,495,0.42373833786298276
anti_reasons,1111111110011111100011111111111111111111111111111011,13.827328982769885,12.984459183244615,12.628826780523902,0.2814827593023065,495,0.42386129238458814
anti_reasons,1110111100011111111111111111111111111111111011111111,13.819942175542831,12.382967341169309,12.218109407586681,0.2979463171230858,495,0.42416907601904874
anti_reasons,1111111111111111111111111011111001111111000111111111,13.81866800972196,12.770210223349697,12.378743899220218,0.28526689667764615,495,0.42422216626158493
anti_reasons,1111111111111111111111011111111011111111100111011111,13.815111636474787,12.75916600903305,12.214690368396033,0.22366231180797924,495,0.42437034848021715
anti_reasons,1111111100011111111111111110111111111111100111111111,13.8050819120849,13.20063525308421,12.717284552510401,0.1824403309950702,495,0.4247882536631292
anti_reasons,1111111100011111111111111111111111111111100111011111,13.804290159643541,12.893767980013404,12.622775188787935,0.2787211923549554,495,0.42482124334818583
anti_reasons,1111111100011111111111111111111111111111100111111011,13.796682729225891,12.899734557337291,12.612765083292672,0.27670236515452507,495,0.42513821961558784
anti_reasons,1111111111011111111111111111111111111111000111111011,13.793720209674284,12.914515074553702,12.5861911694249,0.3094346617950851,495,0.4252616579302382
anti_reasons,1111111111111101111111011111111111111111100111011111,13.785589101577363,12.692587429234784,12.308121770109672,0.21126816891947225,495,0.42560045410094316
anti_reasons,0111111111111111100011111111111111111111111111011111,13.778767136639386,12.745039796426568,12.473426157870584,0.22833087253709858,495,0.42588470264002554
anti_reasons,1111111111111111100111111111111011111111100111111011,13.767139601953902,12.790731083361138,12.24300849354862,0.20636452152207949,495,0.42636918325192075
anti_reasons,1111110111111111100111111111111011111011000111111111,13.760943690885396,12.514131866060659,11.171024523127794,0.43578568846998256,495,0.4266273462131085
anti_reasons,1111111111101111111111111111011011111111100111011111,13.759800290379912,12.708193726628691,11.82207219448257,0.33689985928465543,495,0.426674987900837
anti_reasons,1111111111111111111111011111111111111111000111011111,13.747663129341026,12.81391728036361,12.555244974012298,0.20576074010130732,495,0.4271807029441239
anti_reasons,1111111111111111100111111111111001111111100111111111,13.742655345690183,12.876328457004963,12.427679582436165,0.2675179964703137,495,0.42738936059624233
anti_reasons,1111111111111111100011111111111111111011110111111011,13.742218341513587,12.587232172274584,12.05359016757354,0.32129087398410894,495,0.42740756910360056
anti_reasons,1111111111111111111111011111111111111011100111011111,13.73214575553162,12.396787803617075,11.914394976291744,0.3422050881410985,495,0.42782726018618245
anti_reasons,1111111111111111111111111011111111111011100111011111,13.728489301375557,12.428914682593934,11.914339199193497,0.3329466141225264,495,0.4279796124426851
anti_reasons,1111111111111111111111111111011111111111000111011111,13.710279622743206,12.847400890583916,12.520433546826144,0.1764885286671243,495,0.4287383490523664
anti_reasons,1111111111111011111110111111111111111011111011111111,13.702010182997961,12.355342633046204,11.743418077691963,0.35673923760103604,495,0.4290829090417516
anti_reasons,1111111111111111100011111111111111111111111111011110,13.701760282659922,13.271978684990298,12.919334034929046,0.13935816261120357,495,0.42909332155583657
anti_reasons,1111111111111011111111110111111111111011111011111111,13.701508258381665,12.374912507682243,11.745007996569091,0.3447209799541666,495,0.4291038225674306
anti_reasons,1111111100011101111111011111111111111011111111111111,13.701172144930165,12.720202300246944,11.906666668314646,0.3327943875434467,495,0.4291178272945765
anti_reasons,1111111111111011111111011111111111111011111111011111,13.697959321484893,12.21568564820254,11.742678758209387,0.3961538867959228,495,0.4292516949381294
anti_reasons,1111111111111111111111111111011001111111000111111111,13.696670673741266,12.771566954593142,12.349765477144564,0.30942812391395114,495,0.42930538859411393
anti_reasons,1111111111111111111111111111011111111011100111011111,13.6947622489338,12.430271413837382,11.88088616271294,0.32772368364849525,495,0.42938490629442494
anti_reasons,1111111111111101111111111111011011111111100111011111,13.689758166545198,12.558673152496606,11.701925429289897,0.34244585349739437,495,0.42959340972728344
anti_reasons,1111111111111011111111111111111111111011111011011111,13.686504662460667,12.035918355634578,11.630566489642293,0.47594408928026355,495,0.4297289723974722
anti_reasons,1111111111111111111111011111111111111111000111111011,13.682891901885409,12.819883857687497,12.538643166333708,0.2045552177209025,495,0.42987950408810793
anti_reasons,1111111111111011111111111111111111111011111011111011,13.68208275447507,12.041884932958466,11.611590858761485,0.47104823070372126,495,0.4299132185635387
anti_reasons,1110111100011111111111111111111011111111111111011111,13.68175293701014,12.539591819374824,11.98993070281976,0.24695171050813014,495,0.42992696095791083
anti_reasons,1110111111111011111111111111111111111011111111011111,13.680075336052434,12.0360900348835,11.643484115095232,0.4375282282673258,495,0.4299968609978152
anti_reasons,1110111100011111111111111110111011111111111111111111,13.679818113981183,12.84645909244563,12.41368801293676,0.17707237401071751,495,0.4300075785841174
anti_reasons,1111111111111011111111011111111111111011111111111011,13.679315393130196,12.221652225526425,11.740845605686271,0.3932685050724885,495,0.4300285252862418
anti_reasons,1111111111111111100111111111111111111111000111111011,13.678898195638608,12.845482354691695,12.564195455517496,0.18096143236184592,495,0.430045908515058
anti_reasons,1110111111111011111000111111111111111011111111111111,13.676869579102034,12.2790792592306,11.682201965474938,0.332157368335033,495,0.4301304342040819
anti_reasons,1110111100011111111111111111111011111111111111111011,13.658975858654031,12.545558396698711,11.991450957820355,0.25558122531099114,495,0.4308760058894153
anti_reasons,1111111111111111100111111111111111111011100111111011,13.653337508901233,12.42835287794516,11.930888779390965,0.3296076307686304,495,0.4311109371291153
anti_reasons,1111111111111111100011011111111001111111111111111111,13.644332654911418,12.863117174275747,12.377270607816998,0.27565015442068147,495,0.43148613937869096
anti_reasons,1111111100011101111111011110111111111111111111111111,13.63028628777467,12.9594761259664,12.474109186177671,0.18311363638010938,495,0.4320714046760554
anti_reasons,0111111111111011111111111111111111111011111111011111,13.625568562754285,12.021774334362586,11.632617603096536,0.44033004722393626,495,0.43226797655190474
anti_reasons,1111111111111111111111111011111111111111100111011110,13.623108617017332,12.550093737370322,12.102302726967837,0.20711195784930073,495,0.43237047429094455
anti_reasons,0111111111111011111000111111111111111011111111111111,13.616100714892552,12.264763558709687,11.6847862004194,0.33231417416455267,495,0.43266247021281035
anti_reasons,1111111100011101111111111110111111111111111011111111,13.603350221047517,12.779708833398441,12.218220168134568,0.20050718388706265,495,0.43319374078968675
anti_reasons,1111111111111001111111111111111111111011111111011111,13.603062749577225,12.723333793767639,12.237561595665841,0.30276834728617896,495,0.4332057187676156
anti_reasons,1111111100011111111111111011111011111011111111111111,13.601573821288092,12.81890775902207,12.025367846232863,0.3407189305918576,495,0.4332677574463295
anti_reasons,1111111110011111100111111011111111111111111111111111,13.599867730830862,12.872393034669706,12.510512983565597,0.19300213985590536,495,0.4333388445487141
anti_reasons,1111111111111001111000111111111111111011111111111111,13.59359490171549,12.96632301811474,12.324816083939213,0.21277556746267515,495,0.4336002124285213
anti_reasons,0110111100011111111111111111111111111111111111011111,13.591111234534015,11.771453780171504,11.505620092394718,0.42410214992017664,495,0.4337036985610827
anti_reasons,1101111111111001111111111011111111111111111111111111,13.589099860935336,13.076517618684726,12.411226344144579,0.18620013000585567,495,0.433787505794361
anti_reasons,1111111111011111111111111011111111111111000111111111,13.584121299172631,12.796420303610631,12.447443192239419,0.19784997551461053,495,0.43399494586780707
anti_reasons,1111111100011101111111111110011111111111111111111111,13.582261421312086,12.992959736186707,12.107795276263587,0.16673266864109546,495,0.434072440778663
anti_reasons,1111111111111101111000111111111011111111100111011111,13.572889218297853,12.91243383921944,12.094831550009463,0.21640990650389072,495,0.43446294923758944
anti_reasons,1111111100011101111111111111111111111111111011011111,13.57180012950494,12.472841560327636,12.083779046979403,0.26548288753389476,495,0.4345083279372942
anti_reasons,1111111110011111111111011111111111111111100111111111,13.571376678672106,12.821850319049705,12.486828661653597,0.20443277947819716,495,0.4345259717219956
anti_reasons,1111111111111101111111111111111011111111100111011011,13.56822695313751,12.67541119219623,12.18159501737266,0.19570265228832268,495,0.43465721028593707
anti_reasons,1111111110011101100111111111111111111111111111011111,13.565000969942975,12.750544761532137,12.28625394582172,0.21500056908725707,495,0.434791626252376
anti_reasons,1111111100011101111111111111011111111011111111111111,13.564664232615277,12.75368591046725,11.898224165979554,0.33460755353266064,495,0.43480565697436346
anti_reasons,1111111111111001111111111011111011111111111111111111,13.562470499775639,12.973583805564434,12.124215538509866,0.2772466781910449,495,0.43489706250934834
anti_reasons,1111111100011101111111111111111111111111111011111011,13.562235651123794,12.478808137651523,12.075496822381051,0.2622634258597905,495,0.4349068478698419
anti_reasons,1110111110011111111111111111111011111011111111011111,13.557810567025566,12.082153138632703,11.356819015026588,0.35983275075538335,495,0.4350912263739347
anti_reasons,0110111100011111111111111111111111111111111111111011,13.557591724799149,11.77742035749539,11.483742975412493,0.41964628321906333,495,0.43510034480003545
anti_reasons,1111111111011111100011111111111001111111111111111111,13.556705957078018,12.957748391141953,12.501399923176425,0.18903413686115655,495,0.4351372517884159
anti_reasons,1110111110011111111111111111111111111111100111111111,13.555167797515717,12.642254705730666,12.414428391961748,0.20537103638207874,495,0.43520134177017844
anti_reasons,1111111111111111100011110111111111111111111011111111,13.551359236076184,13.098177969746224,12.708659562645574,0.14392183005557121,495,0.43536003183015903
anti_reasons,1110111110011111111111111111111011111111111111011011,13.545650615774655,12.020526268605241,11.331793965473619,0.40834285900983014,495,0.4355978910093894
anti_reasons,1110111100011101111111111110111111111111111111111111,13.537166688201836,12.779880512647363,12.120743959942194,0.190947793829339,495,0.43595138799159017
anti_reasons,1110111111111111111111111111111111111111000111111011,13.535029970625956,12.64028824436846,12.442095105802158,0.23627496538232665,495,0.4360404178905851
anti_reasons,1111111111111111111111111111111111111111000011111011,13.532016350600973,12.640116565119536,12.425810200523088,0.2754218791332493,495,0.4361659853916261
anti_reasons,1111111111111111111000111111111011111011100111011111,13.52958750237428,12.61663421360173,11.662720662987773,0.3024793226421249,495,0.4362671874010716
anti_reasons,1111111111111111100111111111111111111111100111110011,13.5294101434037,12.555498510045435,12.130980751230386,0.18657483623442012,495,0.4362745773581792
anti_reasons,1110111100011101111111111111111111111111111111011111,13.529151936913738,12.473013239576558,12.107478349786323,0.23424634696032215,495,0.43628533596192753
anti_reasons,1111111111111111111111111111111111111011100011011111,13.528842397556437,12.217020511049116,11.804297091639203,0.3699276319358899,495,0.4362982334351485
anti_reasons,1111110111101111101111111111111001111111000111111111,13.528563946220604,12.524052907748722,11.192880469049113,0.4554961367980605,495,0.4363098355741415
anti_reasons,1111111110011111100111111111111011111111111111011111,13.526511669918541,12.817123341330403,12.301564731315125,0.1931504059739464,495,0.43639534708672745
anti_reasons,1111111111111111111111111111111011111011100111011011,13.524925237213937,12.379611566578518,11.58393039351658,0.3589864882668638,495,0.43646144844941925
anti_reasons,1110111100011101111111111111111111111011111111111111,13.524291263829758,12.540606686927907,11.988221701159343,0.29089652644655556,495,0.4364878640070934
anti_reasons,1111111110011101100111111111111111111111111111111011,13.523810695780698,12.756511338856024,12.282435414140028,0.21410097758628324,495,0.4365078876758043
anti_reasons,1111101110011111100111111111111111111111111110011111,13.515424329291772,12.827133358819594,12.371219492186256,0.19278932115021982,495,0.4368573196128428
anti_reasons,1111111111111111101111111011111111111111100111011111,13.511965476854906,12.313071090347108,11.834745046075328,0.23122855951933383,495,0.4370014384643789
anti_reasons,1111101111111111100111111011011111111111110111111111,13.509578572299194,12.21802133961348,11.045703830024811,0.42945523471893843,495,0.43710089282086695
anti_reasons,1111101111101111111111111011011111111111110111011111,13.505760530941995,12.252222022580657,11.076889259596646,0.36268548678791573,495,0.4372599778774169
anti_reasons,1111111111111011111110011111111111111011111111111111,13.504060886104803,12.535109925614165,11.940635657424789,0.2810766749801624,495,0.4373307964122999
anti_reasons,1110111100011101111111111111111111111111111111111011,13.49880429825488,12.478979816900445,12.103659818104632,0.23252870197759842,495,0.43754982090604666
anti_reasons,1110111110011111111111111111111111111011110111111111,13.497639406522886,12.277386530053787,11.80177513793927,0.30902653184079953,495,0.43759835806154646
anti_reasons,1111111111111111100111011111111011111111111111011111,13.497510802806755,12.777581845676194,12.267930579709423,0.2067374534547212,495,0.4376037165497185
anti_reasons,1111111111111111100111111011011011111111110111111111,13.497316665318959,12.129403227014105,11.001635847535404,0.5301006794664562,495,0.4376118056117101
anti_reasons,1111110001111111111110111111111001111111000111111111,13.496735955288054,12.848756089836153,12.10631377661793,0.2791301013866468,495,0.4376360018629978
anti_reasons,1111111111011111100011111111111111111011110111111111,13.49498338562104,12.531641739220861,11.97340756266841,0.31992534846179843,495,0.4377090255991233
anti_reasons,1111111111101111111111111011011011111111110111011111,13.49349862396176,12.163603909981282,11.036389175260286,0.46633067713710796,495,0.43777089066826
anti_reasons,1111111110011111100111111111111011111111111111111011,13.490575170464242,12.82308991865429,12.299590834844665,0.20508396439727403,495,0.4378927012306566
anti_reasons,1111111100011101111111111111111011111111111111011011,13.489456626934444,12.635432615857038,12.13038267097586,0.22627857505183488,495,0.4379393072110648
anti_reasons,1111111111111011111111011011111111111011111111111111,13.48655275057194,12.103557454583356,11.582186057114578,0.32973782108469946,495,0.4380603020595025
anti_reasons,1111111110011111100111111111111001111111111111111111,13.483043098276045,12.908687292298115,12.484962101099807,0.18306718320237997,495,0.4382065375718315
anti_reasons,1111111111111011111111111011111111111111100111111111,13.478417217485168,12.640516207318875,12.345586014731516,0.19479372356699357,495,0.43839928260478467
anti_reasons,1111111111011111111111011111111111111111000111111111,13.477336110831054,12.764293424633774,12.439818417591445,0.20319949458883443,495,0.43844432871537276
anti_reasons,1111111111111111111111111011011111111111100111011111,13.476150999440723,12.25054977286685,11.739443558824403,0.2637243528602818,495,0.4384937083566366
anti_reasons,1111101111111111100111111011111111111111110111011111,13.470208721815272,12.328792801989216,11.751525834965866,0.24825734468947813,495,0.438741303257697
anti_reasons,0110111110011111111111111111111111111011111111011111,13.469507330208172,11.314015099429383,10.840755699969877,0.5034450877424562,495,0.43877052790799287
anti_reasons,1111111110011111100111111111111111111111100111111111,13.468498651138407,12.847448816053905,12.547426742091332,0.17860748174983612,495,0.4388125562025663
anti_reasons,1111101111111011100111111011111111111111111111111111,13.468292791202808,12.580152269602909,12.119238367119646,0.17716703695118582,495,0.43882113369988296
anti_reasons,1111111111111101100111011111111111111111111111011111,13.467988267909332,12.711003265877928,12.22519966795462,0.24377601300543106,495,0.43883382217044453
anti_reasons,1111101110011111100111111111111111111111111110111011,13.46314770851518,12.833099936143482,12.358603989745996,0.19518546015745894,495,0.43903551214520087
anti_reasons,1110111100011111111111011111111111111111111111111111,13.461892473906634,12.562734633737268,12.319956073342166,0.2097262168932321,495,0.4390878135872236
anti_reasons,1111111111111111111111011111111111111111100111011110,13.46143693697755,12.517966858393462,12.054891628264985,0.19658991179068758,495,0.439106794292602
anti_reasons,1111111111111111111111111111011111111111100111011110,13.460689748651458,12.551450468613767,12.016927516073173,0.21551487362031402,495,0.4391379271395226
anti_reasons,1110111111111111111111111111111111111011100111011111,13.459322499410515,12.217192190298038,11.82561965645011,0.3428377420426718,495,0.4391948958578952
anti_reasons,1111111110001111100111111111111111111111111110011111,13.456859979534881,12.821457240554036,12.28870222694461,0.17302999096168098,495,0.43929750085271324
anti_reasons,1111111110011111100011111111111111111111111011111111,13.456635016047967,12.654470240756726,12.377304579096213,0.22709396729870795,495,0.43930687433133475
anti_reasons,1111111111111111100111111111111111111011110111110011,13.452958240514468,12.190630334368556,11.56586496652977,0.3323412771802763,495,0.4394600733118972
anti_reasons,1111111111111111011111111111111111111001100111011111,13.450576920133797,12.219477450284407,11.751507792697486,0.3715475775839533,495,0.43955929499442514
anti_reasons,1111111111011111100011011111111111111011111111111111,13.448721904620136,12.359551162162221,11.810963133368382,0.3581254809535172,495,0.43963658730749433
anti_reasons,1110111110011111111111111111111111101111111011111111,13.44453642108234,11.985080845176112,11.408058160871958,0.3583480324138236,495,0.43981098245490247
anti_reasons,1111111111111111111111011111011001111111100111111111,13.441300359265291,12.142588957899218,11.531687484166119,0.40107383880475217,495,0.4399458183639462
anti_reasons,1111111111011111111111111111011111111111000111111111,13.439952604233234,12.797777034854079,12.415437557872572,0.19447991906406056,495,0.44000197482361525
anti_reasons,1111111110001111100111111111111111111111111110111011,13.437940024020408,12.827423817877923,12.25201987072257,0.1796884377963713,495,0.440085832332483
anti_reasons,1111111111111101100111111011111111111111110111011111,13.428555163442095,12.173596109591573,11.503845454344805,0.2979726544420528,495,0.4404768681899127
anti_reasons,1111101111011111111111111011111111111011100111111111,13.427476710249639,12.300511052504989,11.540686955767141,0.32946107440034617,495,0.44052180373959837
anti_reasons,1111111111111111100111011111011111111111100111111111,13.425811583385027,12.099766318298148,11.54414194158605,0.33731035852663194,495,0.4405911840256239
anti_reasons,1110111110011101111111111111111111111011111111011111,13.425603532140908,12.015574558834437,11.489296946453262,0.36574652657275936,495,0.44059985282746217
anti_reasons,1111111111111001111111111011111111111011111111111111,13.420875886355049,12.611205600148457,12.056583505019299,0.2861870839003653,495,0.44079683806853964
anti_reasons,1111111111111111011000111111111111111011100111011111,13.419339950207945,12.018008567316969,11.228198355437911,0.4284079599626883,495,0.44086083540800225
anti_reasons,1111111111111111011111111111111111111011100111011011,13.418355762929442,11.780985920293757,11.158661858572227,0.5271976172922557,495,0.44090184321127324
anti_reasons,1111111111101111111111011111111111011111100111111011,13.416746114539507,12.521278056407345,12.016277432052455,0.1920392623270172,495,0.4409689118941872
anti_reasons,1111111111101111111111011011111111111111110111111011,13.4111932052219,12.303484764043349,11.676336220283476,0.295393385357484,495,0.4412002831157541
anti_reasons,1111111111111111100011111111111111111011111011111011,13.40735900233482,12.235374302647985,11.757067434351585,0.3681018390307743,495,0.44136004156938247
anti_reasons,1111111111111111111000111111111111111111100111011110,13.400290783311085,12.905211155336604,12.310928902291753,0.15654654302145968,495,0.4416545506953714
anti_reasons,1111111111011111011111111111111111111011100111011111,13.398671693591979,11.725395487240032,11.115433199562126,0.49407888201885064,495,0.44172201276700085
anti_reasons,0111111100011111111111111111111011111111111111011011,13.395746870170784,11.933873156451984,11.292720207285774,0.3977417050651344,495,0.4418438804095507
anti_reasons,1110111110011111011111111111111011111111111111011111,13.395643767041626,11.84590569776392,11.128512714216217,0.4044526750839836,495,0.44184817637326557
anti_reasons,1111111110001111111111111011111001111111111110110111,13.391272474809961,12.349521226261736,10.749444875492088,0.504450062425251,495,0.442030313549585
anti_reasons,0111111110011111100111111111111111111111111111011111,13.388440120862711,12.048985302127083,11.683443951200916,0.3455582439296811,495,0.44214832829738704
anti_reasons,1111110011111111111000111111111111111011100111011111,13.388205509703122,12.48611521722786,11.619598367329974,0.28068691526358697,495,0.44215810376236997
anti_reasons,1111110111111111101111111111111011111011000111111011,13.388153222519525,11.9931353343551,11.015796788495733,0.37138506011575206,495,0.4421602823950198
anti_reasons,1111111100011101111111111111011111111111111111111011,13.385770560982092,12.692059040439789,12.27110427171281,0.179434630323841,495,0.4422595599590795
anti_reasons,1110111110011101111111111111111111111111111111011011,13.385479055375503,11.953947688806975,11.451046263339414,0.3949922918412377,495,0.44227170602602073
anti_reasons,1111110011111111111111111111111111111011100111011011,13.38389050617249,12.249092570204649,11.446230172265476,0.35713813058366906,495,0.4423378955761462
anti_reasons,1110111110011111111111111111111111111011111111111110,13.382857145098443,12.438323527718927,11.912328440395232,0.25271247270729796,495,0.4423809522875649
anti_reasons,1110111111111111111111111111111011111111111011011111,13.382683471912248,12.392620442784997,11.878335282613293,0.2295647032483257,495,0.44238818867032303
anti_reasons,1111111111111011100111111111111011111111111111011111,13.382460715155002,12.603662350622715,12.132693705525135,0.17852932387184747,495,0.4423974702018749
anti_reasons,1110111110011111111111111011111111111011111111111111,13.376641686151755,12.137422831972007,11.655447439769821,0.3292405833770657,495,0.44263992974367683
anti_reasons,1111101111111011100111110111111111111111111111011111,13.376577877574185,12.433905075543944,11.955613145848995,0.26767552020248897,495,0.44264258843440896
anti_reasons,1111111111111111111111011111111011011111100111111011,13.375223273532889,12.438336062073523,11.973185248173994,0.191887909389987,495,0.442699030269463
anti_reasons,1111111111111111111111011011111011111111110111111011,13.369670364215283,12.220542769709528,11.323402231337305,0.35433763015441994,495,0.4429304014910299
anti_reasons,1111111111101111111111011111011111111111100111111011,13.365942493618068,12.139933578589211,11.577915754514988,0.2773373718287964,495,0.4430857294325805
anti_reasons,1110111111111111111111111011111111111111000111111111,13.365643833599705,12.52219347342539,12.307565024140757,0.15889214198309395,495,0.44309817360001225
anti_reasons,1111111111011111100011111111111111111011111011111111,13.360418270677789,12.17978386959426,11.69109254649188,0.35095191423578603,495,0.44331590538842547
anti_reasons,1111111111111111111111111011011111111111100111111011,13.359488548364924,12.256516350190736,11.729771112980597,0.2720199988342964,495,0.44335464381812817
anti_reasons,1110111110011111111111011111111111111011111111111111,13.356537238049262,12.10529595299515,11.653056265942208,0.3421284176541188,495,0.4434776150812808
anti_reasons,1111111111111011111111011111111011111111100111111111,13.349878372888146,12.44099144138353,11.762919954058312,0.24253151501791978,495,0.44375506779632723
anti_reasons,1111111110011111111111111111111111111011100011111111,13.3497538949,12.112306934107282,11.680709068356387,0.33963380833792367,495,0.44376025437916666
anti_reasons,1110111110011111111111111111111001111011111111111111,13.348950121849764,12.173717089600416,11.633861996684885,0.3210357432467979,495,0.44379374492292645
anti_reasons,1110111110011111111111011111111111111111111111011111,13.348567231027255,12.037702505643798,11.6606340874428,0.3599155296378179,495,0.44380969870719766
anti_reasons,1110111110011111111111011111111111111111111111111011,13.34437728679835,12.043669082967687,11.652625610458077,0.35736755820197624,495,0.4439842797167354
anti_reasons,1111111111111101111111011111111111011111100111111011,13.344054045917979,12.371757482275257,11.78056725232775,0.22026966721957342,495,0.44399774808675085
anti_reasons,1110111110011111111111111111111001111111111111111011,13.336790170598853,12.112090219572954,11.624354298175627,0.3150960566930938,495,0.4443004095583811
anti_reasons,1110111110011111111111111111111011111111111011111111,13.336314157484463,12.287906865843166,11.769307480059249,0.2245367926768853,495,0.44432024343814736
anti_reasons,0111111110011111100111111111111111111111111111111011,13.33616350008612,12.05495187945097,11.665849430426668,0.3406854959003246,495,0.444326520829745
anti_reasons,1111111111111111100111111011011111111011110111111111,13.335868780334977,11.767025021598128,10.883503263318772,0.48578992738575055,495,0.44433880081937593
anti_reasons,1111111111111011111111111011111111111011111011111111,13.335098014037463,11.923790162015395,11.4754525945946,0.32983602658757155,495,0.44437091608177237
anti_reasons,1111111111111111111111011011111111111111100111111011,13.332320174051846,12.223032739970431,11.752428734081477,0.26012483763287325,495,0.4444866594145064
anti_reasons,1111111111101111111111111011011111111011110111011111,13.332050738977774,11.801225704565304,10.931799982177631,0.43625766643967817,495,0.4444978858759261
anti_reasons,1111111111011111100011011111111111111111111111111110,13.331563005557527,12.480730216938609,11.866663362597867,0.25690785605745126,495,0.4445182081017697
anti_reasons,1111111110001111100110111111111111111111110111111111,13.325846619454312,12.649955577812635,12.013990661365106,0.17935405384681644,495,0.4447563908560703
anti_reasons,1111111110011011111111111111111011111111111011111111,13.325602162824831,12.293582984108722,11.692396393096207,0.27864959547235807,495,0.44476657654896534
anti_reasons,1111111111111111111111011111011011111111100111111011,13.325422904680774,12.056991584255393,11.206369692814395,0.3372819191734543,495,0.44477404563830103
anti_reasons,1111111111111111111111011011111011111111111111011011,13.324239773353783,12.19270726524693,11.496825071226876,0.2772797394608849,495,0.4448233427769257
anti_reasons,1110111111011111111111111111110111111011100111111111,13.323709874681535,11.875709336669749,11.38793776161631,0.3471501166286347,495,0.44484542188826937
anti_reasons,1111111111111111101111111111011011111111100111011111,13.321955908902877,12.14702993463207,11.477012516493085,0.2999956577391111,495,0.4449185037957134
anti_reasons,1111111111111001111111011111111111111111100111111111,13.320355837990725,12.374412861585263,11.934842308863123,0.20856642961196398,495,0.4449851734170531
anti_reasons,1111111111111111111111111011111001111111100111111011,13.316880650460504,12.2914538765757,11.737035555238254,0.2775294326853836,495,0.445129972897479
anti_reasons,1111111111011111100011011111111111111111111111110111,13.31673706811234,12.486696794262496,11.854047860157607,0.2583636477954698,495,0.44513595549531915
anti_reasons,1110111111111111111111011111111111111111000111111111,13.311589221761142,12.49006659444853,12.298047049505989,0.15664114720600297,495,0.4453504490932857
anti_reasons,0111111111111111100111011111111111111111111111011111,13.310708288129039,12.009443806472875,11.620646147806573,0.25651541979186887,495,0.4453871546612901
anti_reasons,1111110111001111111111111011111111111011100111111111,13.310134035520013,12.069255462539418,11.121067605125498,0.3788077110790727,495,0.4454110818533328
anti_reasons,1111111111111111100011111011111111111111111011111111,13.310007696769482,12.647055624079377,12.334010647903058,0.15879097897302427,495,0.4454163459679382
anti_reasons,1111111111111111100111111011111111011011110111111111,13.308892698111773,12.148369499416258,11.480365063244928,0.33303451895969205,495,0.4454628042453428
anti_reasons,1111111111111111111111011011111001111111100111111111,13.306232651483894,12.14123222665577,11.55871227177562,0.3845968686931717,495,0.4455736395215044
anti_reasons,1111111110011111100111111111111111111011111110111011,13.304721805142783,12.382103618128129,11.882110303612565,0.334097882436369,495,0.445636591452384
anti_reasons,1111111111101111111111111111011001111111100111111011,13.303400998908115,12.208354715194481,11.571740645125901,0.34100837779581744,495,0.4456916250454952
anti_reasons,1110111111111111111111111011111111011011111111011111,13.30254346004432,11.915339884630425,11.308331239900472,0.381200815537744,495,0.4457273558314866
anti_reasons,1110111111111111111000111011111111011011111111111111,13.29933770309392,12.158329108977524,11.609146778364797,0.2749543240685237,495,0.4458609290377533
anti_reasons,1111111111111111100111011111111111111111100111111011,13.298898246391015,12.21650435799777,11.785419619567687,0.24502849438785174,495,0.4458792397337077
anti_reasons,1111111111111111100011111111111111111111100011111111,13.296518874647317,12.622111405463576,12.378346513152652,0.1545801347034993,495,0.4459783802230285
anti_reasons,1110111111111111111111011111111111111011100111111111,13.296071847951737,12.072937117701995,11.651509580344197,0.31894620485024056,495,0.44599700633534434
anti_reasons,1111111111111111111111011011111111111111100111011111,13.295476535338588,12.217066162646544,11.781063150787524,0.2582839839051743,495,0.4460218110275588
anti_reasons,1111111111111001111110111011111111111111111111111111,13.295135603024175,12.863036430208734,12.359815582560522,0.13149131646859755,495,0.4460360165406594
anti_reasons,1111101110011111100110111111111111111111110111111111,13.294689825728229,12.655631696078194,12.139080880890605,0.1550827993491513,495,0.44605459059465713
anti_reasons,1111111110011101111111111111011111111011111111111011,13.293735698634036,12.23462035969767,11.627722769881093,0.34232781059852696,495,0.44609434589024854
anti_reasons,1111111110011111100110111111111011111111110111111111,13.291955047505814,12.567013583478815,11.90082930584359,0.2382162039542864,495,0.4461685396872578
anti_reasons,0111111111111011100111111111111111111111111111011111,13.28969048934311,11.835524311419395,11.508076928695075,0.35128532081426284,495,0.44626289627737037
anti_reasons,1110111111111111111111111011111111111011100111111111,13.286221241398607,12.105063996678854,11.639908149413912,0.31909968984114967,495,0.44640744827505807
anti_reasons,1111111110011111111111111111111111111111111011110011,13.285360480159232,12.382491555766428,11.972929308920353,0.2552486933718431,495,0.4464433133266986
anti_reasons,1110111111111111111111110111111011011111111011111111,13.284345894197305,12.404818070549249,11.818127837750092,0.22356249269302475,495,0.44648558774177893
anti_reasons,1111111111111011111111011011111011111111111111111111,13.281316084830316,12.465935659999333,11.715027320304234,0.2744628302843657,495,0.4466118297987368
anti_reasons,1110111111111111011111111111111011111011111111011011,13.280648892357583,11.426809759655175,10.527193549326418,0.49115563236558224,495,0.4466396294851007
anti_reasons,1111111111111111100111011111111111111011110111011111,13.278652920892979,11.845669604997003,11.201938415573743,0.38315219114895344,495,0.44672279496279255
anti_reasons,1110111111111111111111111111011111111111000111111111,13.27420571516332,12.523550204668837,12.278170089175706,0.16563235089218323,495,0.4469080952015283
anti_reasons,1111111111101111100011111111111111111111111011011111,13.268725428850072,12.674727925073894,12.405520807048706,0.16364450097203562,495,0.44713644046458034
anti_reasons,1110111111111111111111111011111111111011111111011011,13.268636436795642,11.650733446511914,11.063300769871512,0.4596801128643606,495,0.44714014846684824
anti_reasons,1110111110011011111111111111111111111111111011111111,13.262024992528552,11.539760645426318,11.276361648509488,0.440128360356191,495,0.4474156253113103
anti_reasons,1111111111111111111111011111111111011011100111111011,13.26142118048022,12.07595785665755,11.363789727671273,0.3633720197852016,495,0.44744078414665756
anti_reasons,1110111111011111011111111111111011111011111111011111,13.26096482302012,11.371219326601452,10.486461518194407,0.4666224945764335,495,0.44745979904082833
anti_reasons,1111111100011101111111011111111111111111111111011111,13.25960569258839,12.652608852895595,12.221498257396313,0.2054927260979245,495,0.44751642947548376
anti_reasons,1111111111111111111111011011111111111011110111111011,13.255868271162614,11.858164564293551,11.143256131836912,0.39352641752639084,495,0.44767215536822447
anti_reasons,0110111110011111111111111111111110011011111111111111,13.25235975366555,11.078782526113683,10.615125274725399,0.48597877912021004,495,0.4478183435972688
anti_reasons,1110111111111111111111110111111011111111111011111011,13.250438870948624,12.140211632430738,11.349227729282836,0.28464550065496624,495,0.4478983803771407
anti_reasons,1111111111111001100111111111111111111111111111011111,13.24607664003812,12.537083770824447,12.06743009636821,0.19605287326024537,495,0.4480801399984117
anti_reasons,1110111111111111111111111111111011111111100111011111,13.245880407532798,12.579570395714013,12.04114304921656,0.1801251610837818,495,0.4480883163528001
anti_reasons,1110111111011111111000111011111111111011111111111111,13.245746610507776,11.838132237805292,11.066783946909354,0.35096757815553287,495,0.4480938912288427
anti_reasons,1111111111111111111111111011011111111111110111011110,13.245156238741892,12.006860651966356,11.318180030482406,0.34528310192447337,495,0.4481184900524212
anti_reasons,1111111111111111111111011111011111111011100111111011,13.242457023737607,11.694613378839415,11.017921328765695,0.38523883407659987,495,0.4482309573442663
anti_reasons,1101111111111001111111111111111111111111100111111011,13.239377692214791,12.460170437667,12.15369744477991,0.15928171090406082,495,0.44835926282438365
anti_reasons,0110111110011111111111111111111111111111111011111111,13.238184852170157,11.519768826639845,11.288766887942886,0.3812858200359771,495,0.4484089644929101
anti_reasons,1111111110001111111111111011011001111111111111111111,13.237303673157902,12.122618779544563,11.143161104001527,0.407139166621239,495,0.44844568028508747
anti_reasons,1111111100011101111111011111111111111111111111111011,13.236690794021563,12.658575430219482,12.217679725714621,0.2070911803522361,495,0.4484712169157682
anti_reasons,1110111110011111111111111111111011101111111111111011,13.235388070809831,12.147671900705516,11.273662458258062,0.31609879679773173,495,0.4485254970495903
anti_reasons,1111111111111101100111111111011111111111100111111011,13.235282232910665,12.016011501461325,11.465138773265918,0.28369498088021144,495,0.44852990696205564
anti_reasons,1111111111011111111111111011011111111111100111111111,13.230863270192751,12.200925917137013,11.627258608065388,0.2939068020338922,495,0.44871403040863533
anti_reasons,1110111111011111111111110111111011111111111011111111,13.23075480161116,12.084621199377013,11.288945144868732,0.27276941857931136,495,0.4487185499328683
anti_reasons,1111111111111111100111111011011111111111110111111110,13.23048809597675,11.888204076374514,10.814691630758594,0.510422019996972,495,0.4487296626676355
anti_reasons,1111111110011011111111011111111011111111111111111111,13.228488741533042,12.473350276676683,11.760544440627854,0.23217183102791236,495,0.4488129691027899
anti_reasons,1111111111111101111111111011111011111111110111011011,13.228007978697306,12.130821375548818,11.465512316573445,0.28496963762837113,495,0.44883300088761224
anti_reasons,1111111111111001111111111111111011111111100111111011,13.226297755320578,12.357236624546706,11.86534688947639,0.18952294988045643,495,0.44890426019497587
anti_reasons,1110111111111111111111011011111111111111111111111111,13.225890571640786,12.627657428692261,12.323926366136188,0.1968919655020755,495,0.4489212261816339
anti_reasons,1111111111011111100011111111111111111111100111111110,13.223803420073457,12.487912877299665,11.890621159779359,0.22193647445202805,495,0.44900819083027266
anti_reasons,1111111111111111100111011111111111111011110111111011,13.222446343501783,11.851636182320892,11.198683816436658,0.3834300655282713,495,0.44906473568742566
anti_reasons,1111111111111111100111111011111011111111111111011011,13.213977832765515,12.218305762251129,11.590887316232536,0.23122351134570268,495,0.4494175903014369
anti_reasons,1111111111001111100011111111111111111111111011111111,13.213566253283522,12.625104069344056,12.37847602317318,0.1677053109164426,495,0.4494347394465199
anti_reasons,1111111111111111100111011111111111111111111111011110,13.213383882687669,12.536382695036604,12.06757768662959,0.21812713950907306,495,0.44944233822134716
anti_reasons,1110111110011101111111111111111110011011111111111111,13.208455955598286,11.780341985518735,11.259541114257349,0.36151895150302343,495,0.4496476685167381
anti_reasons,1111111111011111100011111111111111111111100111110111,13.202629025385933,12.493879454623551,11.883326273102316,0.22345435161252192,495,0.4498904572755861
anti_reasons,1111111111111101100111111111011111111111100111011111,13.202268973181033,12.010044924137437,11.435403573275343,0.2767620659945799,495,0.4499054594507903
anti_reasons,1101111111111001111000111111111111111111100111111111,13.202121136262933,12.69719308469021,12.093554855374286,0.14735411082472383,495,0.4499116193223778
anti_reasons,1111111111111101100111111111111111111111111011011111,13.199628751783617,12.531235973309968,12.07173689316929,0.18826205358442322,495,0.45001546867568265
anti_reasons,0111111111111011111111111011111111111011111111111111,13.199088381856853,11.909646140743403,11.487783443978842,0.3066500197131017,495,0.45003798408929774
anti_reasons,1111111110001111111111111011011011111011111111111111,13.198097691939399,12.0986482759282,10.620208156276732,0.5074928692828666,495,0.4500792628358584
anti_reasons,1111111111111111100111111011111111111111110111011110,13.191118245492827,11.99897553875025,11.439722078138693,0.29197412379890614,495,0.45037007310446553
anti_reasons,1111111111111111000111111111111011011111111111011011,13.189821136082319,11.834983438069461,11.31844002740797,0.407918928413245,495,0.45042411932990334
anti_reasons,1111101111111111100111111011111111111111111110011011,13.183700647423931,12.22831577974032,11.843328617285126,0.2141420405933014,495,0.45067913969066953
anti_reasons,1111111111111111111111011111111011111011110111011011,13.178264242188725,11.802894870954248,10.936658631721679,0.3886054176542558,495,0.45090565657546977
anti_reasons,1111111111111001111000111111111011111111100111111111,13.176269223516094,12.59425927156992,11.828722375492092,0.23491099392144718,495,0.45098878235349604
anti_reasons,1110111110011101111111111111111111111111111011111111,13.176225554549879,12.2213282860449,11.90700686181863,0.19795838202225052,495,0.45099060189375506
anti_reasons,1111111111111111100111111111111011111101100111011111,13.173632857817738,12.631853073625976,12.173698730976215,0.14651782303903751,495,0.45109863092426095
anti_reasons,1111111111111111111111111011111011111111111011011011,13.172785036819306,12.01293997267897,11.282983260056417,0.3176070898581706,495,0.45113395679919555
anti_reasons,1111110111101111111111111011111011111111110111011011,13.172600658864768,12.05476247798089,11.200905461348464,0.33295530655944167,495,0.451141639213968
anti_reasons,0111111110011111111111111111111111101111111011111011,13.172019093914392,11.379362182253274,10.699463528119159,0.49676944613131496,495,0.4511658710869003
anti_reasons,1111111111111111111111111111011001111011100111111011,13.168071212193881,11.763034515444685,10.988395523285611,0.40769118288735695,495,0.45133036615858824
anti_reasons,1111111111001111111111011111011111111111100111111111,13.166654450260204,12.084343145535488,11.266962054680267,0.3119156236024785,495,0.4513893979058249
anti_reasons,1111111111111111111111011011011001111111111111111111,13.162446239382703,12.16753317651502,11.495378920333387,0.43243664880513244,495,0.45156474002572067
anti_reasons,1111111110011111100111111111011111111011111111111111,13.160928749373682,12.34397367353869,11.769408857419492,0.3279942065707217,495,0.45162796877609657
anti_reasons,1110111110011101111111111111111110011111111111111011,13.158686028467475,11.718715115491273,11.213676046390491,0.3872335777550212,495,0.4517214154805219
anti_reasons,1111111111101111111111111011111011111011110111011011,13.15748611594324,11.75056585730644,10.832845779608334,0.40281518497912294,495,0.45177141183569836
anti_reasons,1101111111111001111111111111111111111111100111011111,13.157028398801586,12.454203860343112,12.076112597867493,0.16023470118543856,495,0.4517904833832672
anti_reasons,1111111110011011111111011011111111111111111111111111,13.15589010414179,11.931250430290175,11.46011552267829,0.29366309671414986,495,0.45183791232742543
anti_reasons,1111111111111011111111110111111111111111111011111110,13.154410379537113,12.49609156245863,11.885054662599732,0.17994890389615315,495,0.45189956751928695
anti_reasons,1110111111111111111111111011111111111000011111011111,13.153854175371197,11.811670444177054,11.112738983144398,0.3764230830998116,495,0.4519227426928668
anti_reasons,1110111110011011111110111111111011111111111111111111,13.152980831221779,12.01580940104346,11.193397498230553,0.31342394218904585,495,0.4519591320324259
anti_reasons,1111111110011111100111111111111111111111111111110011,13.151539081309815,12.587857345338588,12.14549149364796,0.17527715714026654,495,0.45201920494542436
anti_reasons,1111111111111101111111111111111011111111100011011111,13.149479768212915,12.34542224970834,11.841907974930857,0.18306149192113336,495,0.4521050096577952
anti_reasons,1111111111111101111111011111111111111011110111011011,13.148741707291302,11.736316291155982,10.989712709643236,0.3855778696162344,495,0.4521357621961958
anti_reasons,1111111110001111111110111011111001111111111111110111,13.148565343808091,12.150184059057738,10.993818224690424,0.3979465166095319,495,0.45214311067466284
anti_reasons,1111111110001111100111111111111111111111110111011111,13.147193376798212,12.330531300401008,11.955173642242432,0.20336619558017272,495,0.45220027596674117
anti_reasons,1111111111111011111110111111111111111111111011111110,13.147162272061822,12.476521687822592,11.930778139928936,0.18954008018176396,495,0.45220157199742406
anti_reasons,1111111110011101111111111011011111111011111111111111,13.146736668147742,12.1165255887546,11.15594044268367,0.40400534405031785,495,0.45221930549384404
anti_reasons,1111111110011111111111111011111001111111110111111110,13.14669244644954,11.937084601409488,11.016487697314684,0.40668630160508507,495,0.45222114806460245
anti_reasons,1111101111111111100111111011011111011111111111111111,13.146427428197207,12.46075885059328,11.670485509303544,0.2348318298149311,495,0.4522321904917831
anti_reasons,1111111111011111111111011011011011111111111111111111,13.146212181552649,12.02634536981747,11.021473923927932,0.4065491162471328,495,0.45224115910197293
anti_reasons,1111111110011111111110111011111001111111111110110111,13.145421597276803,12.156031856572218,11.110123309963676,0.3776358609987666,495,0.4522741001134666
anti_reasons,1111111110011111111111011011011111111111111111111111,13.143564805953469,12.13865353556396,11.553389233460672,0.29732732665488093,495,0.45235146641860546
anti_reasons,1111110011101111111000111111111001111111100111011111,13.14286700997662,12.258231941261073,11.434762747735004,0.2834164858558294,495,0.45238054125097416
anti_reasons,1111111110011111111111111011111111111111100111011111,13.142606079830555,12.256607658300753,11.799794396906202,0.29069651040080374,495,0.45239141334039357
anti_reasons,1111111111111011111111110111111111111111111011110111,13.141274415787704,12.502058139782518,11.95554195251028,0.1692547040833317,495,0.45244689934217897
anti_reasons,0111111110011011111111111111111111111111111011111111,13.140943242490248,11.525444944905402,11.25819514002406,0.44448672799701267,495,0.452460698229573
anti_reasons,1111111111111111111111011011110111111111000111111111,13.138812371677531,12.409930088845975,11.88878405542755,0.18844134853782438,495,0.45254948451343624
anti_reasons,1111111111111111111111011111111111011111100111110011,13.137493814982687,12.203103488757824,11.6235856478823,0.1771031781001022,495,0.45260442437572135
anti_reasons,1110111110011011111111111111111011111111111111011111,13.136784528220655,11.696385123631833,11.06136767876756,0.38185617168784103,495,0.45263397799080607
anti_reasons,1111101111111111100111111011011111111111111111011111,13.134033659936488,12.190185835150883,11.614552042289272,0.239548343425076,495,0.4527485975026463
anti_reasons,1110111111111011111111111011111111111011111111111111,13.133187524336465,11.923961841264317,11.496280870311008,0.30701895342900476,495,0.45278385315264724
anti_reasons,1111111111111111111111011011111111111111110111110011,13.13194090566508,11.985310196393828,11.31331189505238,0.3175167810394856,495,0.45283579559728826
anti_reasons,1111111110011011101111111011111111111111111111111111,13.131836882534712,12.02725535799074,11.590788222508571,0.25050962841149793,495,0.45284012989438704
anti_reasons,1111101110011011100111111111111111111111111111011111,13.131429391865128,11.990197346554446,11.615971473434413,0.3588495362398416,495,0.45285710867228635
anti_reasons,1110111110011101111111111111111111101111111111111011,13.13108318573656,12.08109332090725,11.485842796684427,0.27542556778853805,495,0.45287153392764334
anti_reasons,1111111111111001111111111111111011111111100111011111,13.130399037641888,12.35127004722282,11.901974476953795,0.17501288399157075,495,0.4529000400982547
anti_reasons,1111111111111011111111111011111011111111111011111111,13.129861348295838,12.286168367431372,11.614359449389463,0.21334714578138947,495,0.45292244382100677
anti_reasons,1110111110011111111111111111111111111111110011111111,13.12595837742679,11.885770717538437,11.557116808297527,0.2754931649710522,495,0.4530850676072171
anti_reasons,1111111111111111100111011111011001111111111111111111,13.12369952559726,12.16100479454236,11.490650809317964,0.38029452346690956,495,0.45317918643344746
anti_reasons,1111111111101111111111111111011011111011110111011011,13.122952896093851,11.751922588549888,10.785686447313555,0.41735169275428596,495,0.45321029599608953
anti_reasons,1111111111111111100111111111111111111001100111011111,13.12183895050478,12.269474868209999,11.826415034526427,0.3050840772661557,495,0.4532567103956342
anti_reasons,1111111110011111100110110111111011101111111111111111,13.11711130166637,12.407948323438346,11.38606839034076,0.3013096654893152,495,0.45345369576390127
anti_reasons,1111110111111101101111111011111111111011110110011111,13.115960441200395,11.410038881103276,9.788974241933122,0.5541521915138571,495,0.45350164828331685
anti_reasons,1111111111011111100111011111111001111111111111111111,13.11550056499912,12.222152401188257,11.63786133088319,0.2631247840110013,495,0.4535208097917033
anti_reasons,1111111111111011101111110111111111111111111011111111,13.113552902180347,12.259068915435419,11.821985623991631,0.24021804239793662,495,0.4536019624091522
anti_reasons,1111101110011011100111111111111111111111111111111011,13.11278546351043,11.996163923878335,11.60549045529068,0.3539227838194452,495,0.4536339390203987
anti_reasons,1111111111111101111111111111011111111011110111011011,13.111358200693482,11.769799901376288,11.069059659009174,0.37324749540318325,495,0.4536934083044383
anti_reasons,1111111110001111100110110111111111101111111110111111,13.109595077598236,12.412282222661979,11.266507531061736,0.3009051248140878,495,0.45376687176674013
anti_reasons,1111101110011011100110111111111111111111111111111111,13.107091920209475,12.309621623966073,12.093184472349424,0.2306018538374684,495,0.45387116999127186
anti_reasons,1111111110001111100111111111111111111111110111111011,13.106232675766302,12.336497877724897,11.93185485894604,0.20660303610521183,495,0.4539069718430707
anti_reasons,1111111111111111100111111111111011111111111011011111,13.106101702104365,12.597814553108234,12.143050120012788,0.15120148803500583,495,0.45391242907898477
anti_reasons,1111110001111111100111111011111111111011111110111011,13.106049673944703,12.021682396906426,11.13570234874651,0.3676311565472556,495,0.45391459691897074
anti_reasons,1111101110011111100111111111111111111111110111011111,13.10523563740668,12.336207418666568,11.9263331678594,0.22750020580806204,495,0.453948515108055
anti_reasons,1110111111111111111111011111111011111111111111011111,13.104829236817922,12.572387735352956,12.08974985722654,0.17010167245810634,495,0.4539654484659199
anti_reasons,1111101111011111100111111011011111111111111111111111,13.10464528560902,12.140561979421047,11.357968226693789,0.286668904781135,495,0.4539731130996242
anti_reasons,1111111110001111100110111111011111111111111111111111,13.104258097834467,12.511348610974302,11.877730908187434,0.19294307657242232,495,0.4539892459235638
anti_reasons,1111111111001111111111111111011001111111100111111111,13.103500806527972,12.152764282140755,11.262630554025273,0.37766392224416157,495,0.45402079972800113
anti_reasons,1111111111111011111111110011111111111111111011111111,13.10284019016062,12.19519086671171,11.572914104743091,0.2605416522563521,495,0.4540483254099742
anti_reasons,1111110110011111111111111011111001111111110111111111,13.10260142099219,12.12010216730755,11.560853235094683,0.3532303056900153,495,0.4540582741253254
anti_reasons,1111111111011111100011111111111011111111110111111011,13.101375515915546,12.302616982234913,11.614028088507558,0.2448158682006965,495,0.4541093535035189
anti_reasons,1110111110011011111111111111111011111111111111111011,13.101058675639752,11.70235170095572,11.062779902537006,0.38464456813680414,495,0.454122555181677
anti_reasons,1111111111111111100111011011011111111111111111111111,13.100090577091962,12.12471053691395,11.508221580522255,0.363518508240756,495,0.45416289262116827
anti_reasons,1111111111011111100111111011011011111111111111111111,13.098167071830236,12.051943866821668,11.089656497716035,0.37406915241772704,495,0.45424303867374016
anti_reasons,1111111110011111111111111111111011111111100011111111,13.097724119167513,12.47468513952326,11.865179313284985,0.20693334928309465,495,0.45426149503468694
anti_reasons,1111111110011101111111011111111111111111111111011011,13.097721246856876,12.133543302126014,11.565066170949404,0.3389631737505785,495,0.4542616147142968
anti_reasons,1110111111111111111111111111111111111011100011111111,13.095611477336424,11.893169825134036,11.54605600956114,0.3080844995746758,495,0.454349521777649
anti_reasons,1111111110011111100111110111111111011000011110111111,13.091468373413374,11.957868703831705,11.150030592497096,0.37040748534517687,495,0.45452215110777605
anti_reasons,1111111111111111000111111111111011111011111111011011,13.090843891299084,11.632003869978412,10.84464400956099,0.4160626012536563,495,0.45454817119587154
anti_reasons,1111110111111101111111011111111011111011111111011011,13.087159054021917,11.912872967760697,10.982956862571237,0.36654972211353404,495,0.4547017060824201
anti_reasons,1111110001111111100111111011111011111011111111111011,13.083408742216823,11.932892605058127,10.905080504323111,0.4073886534075169,495,0.454857969074299
anti_reasons,1111101110011111100110110111111111101111111110111111,13.083385322261423,12.417958340927536,11.239790133491047,0.30299416644637117,495,0.45485894490577405
anti_reasons,1111111111111111100111111110111111011001111111011110,13.083361248434525,11.978020991634299,11.182144198405764,0.3535809540099954,495,0.4548599479818948
anti_reasons,1110111111111111111111111011111111011111111011111111,13.081047050503217,12.121093611840886,11.74268441194946,0.23823166697757886,495,0.45495637289569923
anti_reasons,1111101110011111100110111111011111111111111111111111,13.078048342497654,12.517024729239859,12.00210708821401,0.16643883826233377,495,0.45508131906259774
anti_reasons,1111111111111111111111011011111001111111111111111011,13.077427923901688,12.284271216214643,11.6736491732021,0.27473211098910194,495,0.4551071698374297
anti_reasons,1111111111001111111111111011011111111011110111111111,13.077195145671897,11.751601848835467,10.613338743493397,0.46962063774300533,495,0.45511686893033765
anti_reasons,1111101110011111100111111111111111111111110111111011,13.077124440532915,12.342173995990454,11.903014384563008,0.2272981154071982,495,0.4551198149777952
anti_reasons,1111111111111001111111111011111111101111111111111111,13.075988573744578,12.670757784897383,11.917395668752079,0.2187015950982293,495,0.45516714276064263
anti_reasons,1111111110011111100110111111011011111111111111111111,13.074817135757455,12.428406616640483,11.727653082158682,0.2591875319825233,495,0.45521595267677273
anti_reasons,1111111110011111111111111011111111111111100111111011,13.07475504427126,12.26257423562464,11.782323214454088,0.29155072214775424,495,0.45521853982203087
anti_reasons,1111111111011111000111111110111011111111111111011111,13.073967258147135,11.815687262644145,11.209285612328216,0.3479654527940257,495,0.45525136424386936
anti_reasons,1111111111111011100111011011111111111111111111111111,13.072868702640974,11.917307431640165,11.473279760493483,0.25348155918569787,495,0.45529713738995936
anti_reasons,1111111111111111101111111111111111111011100111011011,13.071741608844109,11.901389768915717,11.282546054931869,0.4200902188528343,495,0.45534409963149547
anti_reasons,1111111111011111100111111111110011111111100111111111,13.070436948043813,12.443281652408961,11.912037102225781,0.1814507632457396,495,0.45539846049817445
anti_reasons,1110111111111111101111111011111111111111100111111111,13.069697416877956,11.989220404432029,11.544894776288649,0.24365621724914693,495,0.45542927429675184
anti_reasons,0110111111111111111111111111111111101111111011011111,13.068298003839356,11.154258495956139,10.59804706283982,0.44804952180576635,495,0.45548758317336013
anti_reasons,1111111111111111100011111111111001111111111011111111,13.067579831255896,12.683349881707786,12.318584168095008,0.14773657503973084,495,0.45551750703100435
anti_reasons,1111111111111111100111111011011111111111110111110111,13.067310512322244,11.894170653698403,10.794419100650218,0.5165953981506776,495,0.4555287286532398
anti_reasons,0111111111111111111111011111111111111111100111011111,13.066873378173236,11.991027969829732,11.668955818314469,0.25168719028536923,495,0.45554694257611517
anti_reasons,1111111110011101100110110111111111101111111111111111,13.066341771233223,12.34136974364008,11.482110166160389,0.259660246091256,495,0.45556909286528235
anti_reasons,0110111111111111111111111111111111111111100111011111,13.065930280137867,11.811432356510693,11.567794409879035,0.29878890186819274,495,0.45558623832758893
anti_reasons,0111111110011011111111011111111111111111111111111111,13.064987629852405,11.705212237473363,11.36710138011541,0.3400556813759429,495,0.4556255154228165
anti_reasons,1110111111111111111111111011111111111011111011111111,13.05929997850545,11.918114043749839,11.508823207183061,0.311148677141957,495,0.4558625008956062
anti_reasons,1111111110011111111111111111011111111011111111110011,13.059033305966002,12.065966366180234,11.34066790600131,0.3134345155892396,495,0.45587361225141654
anti_reasons,1111110111111111111111011111111111111011110110011011,13.058175478764584,11.666105191102535,10.854699231577953,0.3489574907700774,495,0.4559093550514757
anti_reasons,1111111111001111111111011111111111111111100111111011,13.058011230556613,12.201081185235111,11.80513463562945,0.23543204371948792,495,0.4559161987268078
anti_reasons,1110111111111111111111111111111111111111111011011110,13.057545430430132,12.151421292145407,11.789444648293244,0.20726493487050612,495,0.45593560706541114
anti_reasons,1111111111011111100111011111111111111111100111111111,13.05729542460065,12.160913924944047,11.707910465225083,0.2551609009066634,495,0.45594602397497297
anti_reasons,1111111100011101111111111011111111111111111111011011,13.054567498490291,12.09333276947053,11.614847532718557,0.2984909073625876,495,0.4560596875629045
anti_reasons,1110111111101111011111111111111011011111111111011111,13.051547087829146,12.136736397523482,11.784284890548642,0.22236704616740155,495,0.4561855380071189
anti_reasons,1110111111111111111111111011111111111111111011011111,13.051329971483444,11.85052059639849,11.522206220441436,0.3163366126659172,495,0.45619458452152317
anti_reasons,1111101111111111100111111011011111101111111111111111,13.050718470272141,12.317331467251158,10.96796815050514,0.34542058865215264,495,0.45622006373866075
anti_reasons,1111111111111111101111111011011001111111100111111111,13.05051650128112,11.52909615225479,10.698194572342192,0.48700649694148773,495,0.4562284791132867
anti_reasons,1111101111011111111111111011011111111011110111111111,13.049524331974201,11.757277967101025,10.731053197131455,0.43052473963182974,495,0.4562698195010749
anti_reasons,1110111111111111111111111011111111111111111011111011,13.047140027254539,11.856487173722376,11.51498497220037,0.3118933165503475,495,0.4563691655310609
anti_reasons,1111111110011111111111011111011001111111111111111111,13.04496863516773,12.17494779319237,11.52783835099488,0.30953877223883636,495,0.45645964020134455
anti_reasons,1111111111011111111111011111011111111011100111111111,13.043168980379747,11.639022945785692,10.926839637140672,0.39190754327692157,495,0.4565346258175106
anti_reasons,1111110011101111111111111111111001111111100111011011,13.042573165316089,12.02120929423786,11.317236977538288,0.2346925090601349,495,0.45655945144516297
anti_reasons,1111111111011111100111111011111111111011110111111111,13.041643336545174,11.828172628244026,11.11917609574917,0.38045375463848125,495,0.45659819431061777
anti_reasons,1111111111011111000111111111111011111111111111011011,13.039965581721793,11.514786566897227,10.787205595722325,0.4607923897247571,495,0.4566681007615919
anti_reasons,1111111111111111100111111011111001111111111111111011,13.03758759563938,12.309869713218841,11.742148244568083,0.23321191978979366,495,0.4567671835150259
anti_reasons,1111111111011111101111111011111111111011100111111111,13.037243093764769,11.733671142242809,11.08389207854633,0.3805946688195196,495,0.45678153775980135
anti_reasons,1111111111111111111000011011111011111111111111111011,13.036601195008467,12.435696489594031,11.503561751989658,0.26853413665384757,495,0.45680828354131386
anti_reasons,1111111110001111111111111111011001111111111111111011,13.035782682305115,12.240713550487634,11.652026205659586,0.26985292707930797,495,0.45684238823728684
anti_reasons,1111110111111111101100111111111001111111000110111111,13.03572630061773,12.245926820580857,11.010213326104994,0.3708778793926042,495,0.45684473747426124
anti_reasons,1111111110011111111111111011111001101111111111110111,13.03558876672288,12.04236130637105,10.904959362588894,0.3616525092647176,495,0.4568504680532134
anti_reasons,1111111110011101111111111111111111101111111011111011,13.035133228141826,12.080921641658328,11.47273136463643,0.3026962592821082,495,0.456869448827424
anti_reasons,1110111111111111111111111011011111111111100111111111,13.033882939463775,11.926699086951771,11.4876521021518,0.2884329304503035,495,0.45692154418900943
anti_reasons,1111111111111111111111011111011111111111100111110011,13.032715708222176,11.82175901093969,11.173282422183325,0.29680653172094335,495,0.456970178824076
anti_reasons,0111111111111111100111111111111111111111111011011111,13.032405867110405,11.829676513904914,11.50844063375152,0.3226614679651619,495,0.45698308887039973
anti_reasons,1111111110011101111111111111111111111111100011111111,13.031914583753109,12.408106559724994,12.083630500192658,0.16046285413809377,495,0.4570035590102871
anti_reasons,1111111110011111111111111011111001111011110111111111,13.027748119635255,11.815905546633099,11.005539373093635,0.4232016416555801,495,0.4571771616818644
anti_reasons,1110111111011111111111111011111111111111111011111111,13.027455957917073,11.800896740668652,11.427290394300721,0.2987705208479402,495,0.4571893350867886
anti_reasons,1111111111001111111111111111011011111111100111111011,13.025564444691172,12.06716690849693,11.270837500277956,0.3211291547360218,495,0.45726814813786787
anti_reasons,1111110011101101100011110110111011101100111110111111,13.024304552328594,12.130930427533844,9.769113507963691,0.6799638936206477,495,0.4573206436529752
anti_reasons,1111111110011111111000110111111111111011111011111110,13.020265342398936,11.825396145413146,10.786354149667588,0.29787565638551156,495,0.45748894406671103
anti_reasons,1110111111111111111111111111111001111111111011111011,13.019448462952548,11.892781431350786,11.486907357469347,0.28572099895616543,495,0.4575229807103105
anti_reasons,1111111111101111111111011111011011111111111111011011,13.018991956397892,12.10960810386571,11.438665596277236,0.258328925979883,495,0.45754200181675453
anti_reasons,1110111111111111111111011111011111111111100111111111,13.018835400687347,11.89457220797491,11.478892499527998,0.25890346357815053,495,0.45754852497136056
anti_reasons,1110111111101111011111111111111011111111111111011011,13.017640064580466,11.872129959404973,11.200931107642745,0.30795464111325616,495,0.45759833064248057
anti_reasons,1111111111011111111111011111111011111111100111111011,13.016488389549993,12.11813919090129,11.355256292693873,0.2783345639975631,495,0.4576463171020836
anti_reasons,1111111110011111111000110111111111111011111011110111,13.016075398170031,11.831362722737033,10.948867394198437,0.29864874363511124,495,0.45766352507624875
anti_reasons,1110110001111111111111011111111001111111111111111111,13.014772747599997,12.31094508177632,11.603769935646806,0.2725851571787327,495,0.45771780218333347
anti_reasons,1111111110011111111000111011111111111011111111110111,13.01462269090462,12.30163228196,11.502713035041152,0.2788304373459436,495,0.4577240545456408
anti_reasons,1111101111111111100111111011011111111111111111111011,13.013907541142208,12.196152412474772,11.60256924209979,0.24826742277647257,495,0.45775385245240796
anti_reasons,1110111110011111111111111111111111111111111011111110,13.011176116002346,12.046707715203574,11.628099154705511,0.19073407496550496,495,0.4578676618332356
anti_reasons,1111111111111111100111111011011111011011111111111111,13.010112548160745,12.009762532577927,11.369307039118258,0.33217962384961086,495,0.457911977159969
anti_reasons,1101101110011011111111111011111111101111111111111111,13.00934743772559,12.059407286789188,11.283056957087794,0.29657932596358383,495,0.4579438567614337
anti_reasons,1110111110011111111111111111111111111111111011110111,13.006986171773441,12.052674292527463,11.673532322195227,0.18548429635814728,495,0.4580422428427733
anti_reasons,0111111100011111111111111011111111111111111111011011,13.00602801783919,11.391773310065476,10.8996419344193,0.48327313731185845,495,0.45808216592336704
anti_reasons,1111111111111111111111011011011011111111111111111011,13.005486641615777,12.081935802871195,11.158477059060317,0.3665610018443977,495,0.45810472326600926
anti_reasons,1110111111111111111111111011111001111111100111111111,13.005269205125158,11.961636613336733,11.496305790502491,0.29851895370425596,495,0.4581137831197851
anti_reasons,1111110111011111111111111011111111111011100111111110,13.003372745499874,11.74511431756601,10.85145084099839,0.37883004773299284,495,0.4581928022708386
anti_reasons,1111111111111111100111111011011011111111111111111011,13.001492935368976,12.107534299875395,11.30774083907664,0.3309739492322738,495,0.4582711276929593
anti_reasons,1110111111111111111000110111110011111011111011111111,12.997469834531532,11.555599189181036,10.612896970465544,0.3348852147791204,495,0.4584387568945195
anti_reasons,1111111111111111111111111011111001111111100011111111,12.99667912199849,11.96146493408781,11.487316596681518,0.28126545286520654,495,0.4584717032500629
anti_reasons,1110111111111111111000111011111111111000011111111011,12.996273854636899,11.46325670612223,10.745238420587587,0.40976714961152105,495,0.45848858939012926
anti_reasons,0110111111111111111111110111111111001111111011111111,12.995708348429096,11.16645612372039,10.174476875945919,0.47360384043647047,495,0.4585121521487877
anti_reasons,1111111110011111111000111111011011111011110111111111,12.993982651134207,11.968687551255934,10.805661752693467,0.4179184018913218,495,0.45858405620274134
anti_reasons,1111111110001101111111111111011111111111111111011011,12.993867413551888,12.082571019721653,11.653115255740248,0.22322751817287784,495,0.4585888577686713
anti_reasons,0111111111111011111111111011111011111111111111111111,12.99385171611523,12.27202434615938,11.618232688747852,0.20642652765629166,495,0.458589511828532
anti_reasons,1111111111011111100111111111111011101111100111111111,12.992091261593096,12.264916742681878,11.150284309829551,0.27359615777658786,495,0.45866286410028767
anti_reasons,1110111111111111111000110110110011111111111011111111,12.991525342227309,11.794873014900492,10.847088253650538,0.38773935968409173,495,0.45868644407386217
anti_reasons,1111111111001111111111111011111111111011100110110111,12.987628598268694,11.813596378855058,10.14332529060205,0.4990380051105158,495,0.45884880840547104
anti_reasons,1111111111111111000111111110111011011101111111011111,12.980180999774046,11.982972701405103,11.17290561449982,0.34606044587801515,495,0.4591591250094148
anti_reasons,0111111111111111111111111011111111111111100111011111,12.980145634800389,12.023154848806591,11.680473537629833,0.2407811762348811,495,0.4591605985499838
anti_reasons,1110111111111111111111111111111111111111100111011110,12.979051838190587,12.338371245074423,11.953246516515721,0.1436821797716923,495,0.4592061734087255
anti_reasons,1110110111111111111100111111111111101101111011011111,12.978961261799276,11.427329633324312,10.32072422813788,0.40963246220230604,495,0.4592099474250302
anti_reasons,1110111111111111111111110111111111011111111011111110,12.975072172392437,12.163618919909657,11.521540991281103,0.2430432836813528,495,0.4593719928169818
anti_reasons,1111111111111111111111111111111011111011110011011011,12.97422281570782,11.623127578386288,10.729413601278011,0.40660082328487995,495,0.45940738267884085
anti_reasons,1111101110001111100110110111111011111100011110111111,12.97197737516288,12.205862504233135,10.773997847134538,0.3368743265298529,495,0.45950094270154673
anti_reasons,1110111111111111111111111011111011111111111111011011,12.970874547118306,12.013111651927892,11.298565298841002,0.2819016728139885,495,0.4595468938700705
anti_reasons,1111111110011111111111111011011111111011111111111110,12.97063346179901,11.941905017913276,11.092820367178813,0.38820056378653567,495,0.4595569390917079
anti_reasons,1110111110011111111111111111011111111111111011111111,12.968540163381057,11.747163750700103,11.375410405386434,0.27421433029701153,495,0.45964415985912266
anti_reasons,1110111110011111111111111111111011111111110111111011,12.96499206053799,12.048361773067839,11.337451838410036,0.2694590292437786,495,0.4597919974775838
anti_reasons,1111111110001111100111111111011111111111111111111011,12.96393296526077,12.197890910886562,11.767971256033729,0.20472589942841077,495,0.45983612644746785
anti_reasons,1110111111111111111111110111111111011111111011110111,12.963089372202955,12.169585497233546,11.515149154435283,0.22919605859790065,495,0.4598712761582102
anti_reasons,0111111111111111011111111111111111111011110111011011,12.962687160546453,11.010357910829534,10.303863998368575,0.5573061143785765,495,0.4598880349772311
anti_reasons,1111111110011111111111011011111011111111111111011111,12.961892500342275,12.08202711098121,11.379451938740493,0.2820292904533026,495,0.45992114581907184
anti_reasons,1111110011101111111111111111011111111011110110011011,12.96091264162869,11.542795497065832,10.648556531292437,0.40064247943157,495,0.4599619732654713
anti_reasons,1111111111111111100111111011011111111011111111011111,12.960323867972269,11.739189517135529,11.030838034390554,0.37283942524149594,495,0.4599865055011555
anti_reasons,1111111111111111111111111111011001111111100111110011,12.956482258631393,11.89018014754496,11.163478506534297,0.36441696840556004,495,0.4601465725570253
anti_reasons,1111110011111111111111110011111111111011110111011110,12.956124107827211,11.628933290682939,10.607770581600393,0.3672702477830712,495,0.46016149550719954
anti_reasons,1111111110001111111111110011111001111101111111110111,12.954803315852589,12.0168425012825,10.584177889279172,0.382570571684326,495,0.46021652850614214
anti_reasons,1111111110011111111111111111011001111011110111111111,12.954575803938397,11.817262277876546,10.969788108213919,0.4383230936248506,495,0.4602260081692334
anti_reasons,0111111110011111111111111111111011111111111011111011,12.953720138638657,11.682188202920326,11.057281336316901,0.35793737459577624,495,0.46026166089005593
anti_reasons,1111111110011111111111111011011001111111111111111110,12.952479098098529,11.798477634571153,10.88204313270839,0.4257844625358861,495,0.4603133709125613
anti_reasons,1111111111111011101111111111111111111011110111011111,12.951095377871152,11.74215654063989,11.142677084685904,0.364293714753655,495,0.4603710259220354
anti_reasons,1111111111111111111111111011111111111111100011111011,12.950540846824238,12.04326544740247,11.658845274001388,0.26491818100386655,495,0.46039413138232343
anti_reasons,1111111111001111111111111111011011111011110111111011,12.94911254180194,11.70229873282005,10.613279143775653,0.44824936434874785,495,0.46045364409158585
anti_reasons,1111111111111101111111011111011011111111111111011011,12.948949832563176,11.960087529733626,11.346935875845837,0.26322938862208156,495,0.46046042364320094
anti_reasons,1111111110011111111111111111011011111000110111111111,12.947030976233082,12.057509818595443,11.162947444127179,0.37726624157165317,495,0.4605403759902883
anti_reasons,1111110110011111100111110111111111111000011110111111,12.945677113603628,12.059085756415106,11.482530471575402,0.2725803680204517,495,0.4605967869331822
anti_reasons,1111111111011111100111111111110111111111100111111110,12.945202465205794,12.20208250176937,11.677558967364297,0.19884618713441773,495,0.4606165639497586
anti_reasons,1111111110011111111111011011111011111111111111111011,12.943248571987578,12.087993688305097,11.276871853879692,0.2948848131303068,495,0.4606979761671842
anti_reasons,1111111111111111111111011111011011011011111111111011,12.942793229351986,11.93486091955831,11.181546814171485,0.32515654741796357,495,0.46071694877700053
anti_reasons,1111111111101111111111011011011111111111110111011111,12.941236155712074,11.589377184617913,10.80421553548219,0.389863269105181,495,0.4607818268453302
anti_reasons,1111111110011111111000111011111011111011110111111111,12.937645499897974,11.967330820012487,10.836963542894395,0.396131470919352,495,0.46093143750425114
anti_reasons,1111111111011111111111111111111001111011100111110111,12.937033474886421,12.01295462421832,11.203582775127849,0.3746000857797202,495,0.4609569385463991
anti_reasons,1111111111111111111111011111011111011011110111011111,12.936387631967834,11.526758193929696,10.775361570710336,0.3477955384526186,495,0.4609838486680069
anti_reasons,1111111111011101111111111111011111111011110111111011,12.936035633358928,11.72017604564645,11.014741204526969,0.3803552167953747,495,0.4609985152767113
anti_reasons,1111111111011111100111110111111011111111111011111111,12.935613830715265,12.28981530970025,11.685640956027399,0.1840437337217353,495,0.461016090386864
anti_reasons,1111111111111011101111111111111111111011110111111011,12.932451449516455,11.748123117963777,11.145468036687477,0.3607073682048908,495,0.46114785627014776
anti_reasons,1111111111111111100110011111011111111011110111111111,12.930865705661368,11.456952880307082,10.742047792026767,0.4143999326078884,495,0.4612139289307763
anti_reasons,1111111111011111111111111111011111111011100111111011,12.929854670810402,11.78924459570562,11.109004113737399,0.3958259119806614,495,0.46125605538289993
anti_reasons,1110111111111111111111011111111111111111111111011110,12.928704746867703,12.331188584713367,11.909982612263178,0.15298839487189395,495,0.4613039688805124
anti_reasons,1110111111111011111111111011111011111111111111111111,12.92795085859484,12.286340046680294,11.633612569626234,0.20700314304755985,495,0.46133538089188164
anti_reasons,0110111111111111111111110111111111101111111011111011,12.927792081225341,10.901849685601881,9.891822913812254,0.4972227152917834,495,0.4613419966156108
anti_reasons,0111111111111111101111011111111111111111111110011011,12.926719757764758,11.40983917965713,10.934363913582576,0.3006553512179356,495,0.4613866767598017
anti_reasons,1111101110011111100111111111011111111111111111111011,12.92319375264714,12.203567029152122,11.740810718332112,0.22245082759734874,495,0.4615335936397025
anti_reasons,0111111111111111100011111111111111111111100111111011,12.92202951140284,12.016564421789658,11.675750819619411,0.22544393929206108,495,0.4615821036915483
anti_reasons,1111110110011111100111110111111111011000111110111111,12.921287643737486,11.897197148829274,11.235183002753178,0.2947917668955068,495,0.4616130148442714
anti_reasons,1110111111111111111111110111111111111111111011110011,12.921110885237603,11.904979059115036,11.349955085315377,0.24774809386908483,495,0.4616203797817665
anti_reasons,1110111111111111111111011111111111111111100111011111,12.920646260412942,12.005343670350646,11.675753511089185,0.24814277082236685,495,0.46163973914946077
anti_reasons,1110110001111111111111111011111111011011111111111111,12.919693677837436,12.159702819811885,11.374737994056815,0.2709865189963097,495,0.4616794300901068
anti_reasons,1111111111001111111111111011011001111111110111111111,12.919315200186288,11.608174465493345,10.481896903039711,0.5059827498389029,495,0.46169519999223796
anti_reasons,1110111110011111111111111111111001111111111111110111,12.918918983572615,12.30086272170069,11.72276244302112,0.21468502461337297,495,0.46171170901780767
anti_reasons,1111111110011101111111011111111111111011110111011111,12.917598296206387,11.625636136890261,10.942967962912434,0.37615517862369796,495,0.4617667376580672
anti_reasons,1111111111111011101111111011111111111011110111111111,12.916412526839654,11.630028347020707,10.949194084126454,0.3619449369279384,495,0.4618161447150144
anti_reasons,0111111111111011101111011111111111111111111111011111,12.915886688102978,11.164306129793907,10.694636812599597,0.3564138693215901,495,0.46183805466237593
anti_reasons,1111111110001111111111111011011011111111111111111011,12.91529599583411,12.037021405900738,11.162480420979833,0.34616522643225284,495,0.46186266684024535
anti_reasons,1111111111111111100111111011011111011111111111110111,12.915177751474333,12.136908164678202,11.40582238783838,0.31401723114275937,495,0.46186759368856944
anti_reasons,1111111111011111111111011011011111111111111111111110,12.91349329409005,11.785146219177882,10.98582615044935,0.36419671230303535,495,0.4619377794129146
anti_reasons,1111111111111101101111011111111011111111111111011011,12.911827368230991,12.022608847213883,11.49644714157762,0.25355074628670815,495,0.4620071929903754
anti_reasons,1111111111011111101111110011111111111111100111111111,12.909989439370252,12.005071846939126,11.461821636994733,0.20816783203306505,495,0.46208377335957285
anti_reasons,1111111111111111100111011011111111011111110111111111,12.909450514446382,11.936520979468868,11.359461989916287,0.2978427009105042,495,0.46210622856473405
anti_reasons,1111111110011111111000011111011011111011111111111111,12.909272602634864,11.796596974197296,10.664304713105821,0.3908218271000553,495,0.4621136415568806
anti_reasons,1111111110011111111111111011111011111111111011011111,12.908754519686186,11.902259818413249,11.191277755182782,0.29987307986747375,495,0.46213522834640897
anti_reasons,1111111110011111111110111011111001111101111111110111,12.908296801742543,12.08172851927113,11.267482155873301,0.31050071184776984,495,0.4621542999273941
anti_reasons,1111111111011111100111111111111011111111100111011111,12.907049789235714,12.137771110581602,11.513718755708922,0.22694279978026366,495,0.4622062587818453
anti_reasons,1110111111011111111111110111111111111111111011111110,12.905616760129044,11.843422048737425,11.173974179180165,0.24250210899026725,495,0.4622659683279565
anti_reasons,1111111111011111111111011011011111111111111111110111,12.905273181183057,11.791112796501768,10.969830543609284,0.3735588356467231,495,0.46228028411737265
anti_reasons,0110111111111111111111111011111111011111111111011111,12.905028940194317,11.50958005084308,11.037159630736223,0.3629167120602354,495,0.46229046082523684
anti_reasons,1111111111011111111000111111011111111011100111111111,12.90455567742611,12.026267242728833,11.191896696709147,0.3346588301666105,495,0.46231018010724545
anti_reasons,1111111111011111111111111111111001111011100111111011,12.904157299376948,11.824182122090583,11.117104774964572,0.3923922123427302,495,0.4623267791926272
anti_reasons,1110111110011011111111011111111111111111111111111111,12.903975290892355,11.719527937994277,11.38414237963061,0.33465360854335235,495,0.46233436287948526
anti_reasons,0111111111111111100111111111111110011011111111011011,12.903859064784497,10.797287250976828,10.126218574983085,0.6027207300837267,495,0.46233920563397934
anti_reasons,1111111111111111100111111111111111111101100111011110,12.903710992688055,12.390653922986385,12.007714046917407,0.15400143439059705,495,0.46234537530466435
anti_reasons,1110111111011111111111111111111011111111100111111011,12.90280113985925,11.938543577582253,11.275588669781827,0.27946664676766225,495,0.46238328583919797
anti_reasons,1111111110011101111000011111111111111011111111111011,12.901923611920383,11.846756434098651,11.167157666039985,0.34810809978237,495,0.4624198495033174
anti_reasons,1110111111011111111111110111111111111111111011110111,12.90142681590014,11.849388626061312,11.197535393090758,0.23805285009700622,495,0.46244054933749423
anti_reasons,1111111111001111111111111011111111111001100110111111,12.899418318502065,12.06331540671797,10.85479764302645,0.36212193633409495,495,0.4625242367290806
anti_reasons,1111111111111111100111111111111111111001110111011110,12.897193961655649,12.025785747309506,11.423606346348095,0.2964447186647657,495,0.4626169182643479
anti_reasons,1111111111111111111111011111011011111011111111011011,12.895506486517434,11.664287904115914,10.758583988374157,0.3977526702073845,495,0.46268722972844023
anti_reasons,1111111110011011111111111011111011101111111111111111,12.895196313064929,12.035253248028004,10.902489367282756,0.31113320510396997,495,0.46270015362229466
anti_reasons,1111111111111111100111111111111011101111100111011111,12.893347114528863,12.314540598411712,11.454373758240427,0.22861773979372313,495,0.46277720356129737
anti_reasons,1110111111011111111111111011111011111111111111011111,12.892468901501948,11.957521218874168,11.254938998573632,0.27927572585769483,495,0.4628137957707522
anti_reasons,1111111111111111100111110011111011111111111011111111,12.890284042612894,12.227310971810905,11.42000295242759,0.20655063604769863,495,0.46290483155779605
anti_reasons,1111111110011101111111111111111111111111110011111011,12.89020527993151,11.981611514020653,11.542189969528252,0.24520158413792975,495,0.4629081133361871
anti_reasons,1111111111101111111111111011011001111111110111111011,12.887921119049821,11.663764898547068,10.786057625903616,0.46790042027943274,495,0.46300328670625746
anti_reasons,1111111111111111100111111011011111111011111111111011,12.887690842316305,11.745156094459418,11.022450099016524,0.3782995016473987,495,0.46301288157015397
anti_reasons,1110111111001111011111111111110011111111111111011111,12.887580295015,11.524680528452796,10.983136066456643,0.34441530208918764,495,0.46301748770770834
anti_reasons,1111111111011111100011111111111111111111111011110111,12.887521340126879,12.306929501694535,11.824471252588754,0.15879836538997377,495,0.46301994416138004
anti_reasons,1111111110011101111111111111011111111000110111111111,12.883376773785276,11.990931238797177,11.089268542433048,0.34771930820620783,495,0.46319263442561354
anti_reasons,1110111111111111111111111011111111011011110111111111,12.881292780899965,11.943175389093023,11.39348836219022,0.2822512043544657,495,0.4632794674625015
anti_reasons,1111111110011101111111111111011111111011110111011111,12.880214789608567,11.659119747110566,10.985412088012836,0.36982635691101867,495,0.4633243837663097
anti_reasons,1111111111111101111111111011111111111111111011011011,12.87984098382474,11.946361392880704,11.511071935638792,0.28262488782173795,495,0.4633399590073025
anti_reasons,1110111111111111101111111111111001111111100111111111,12.878664814173467,12.025514662060438,11.517673787815015,0.253866077914445,495,0.4633889660761056
anti_reasons,1110111111111111111111011111111111111111100111111011,12.877949022784506,12.011310247674535,11.675503829695334,0.24521437731571427,495,0.4634187907173123
anti_reasons,1110111111011111111111111011111001111111111111111111,12.876218532480348,12.04908516984188,11.505480675537585,0.2599355428028583,495,0.4634908944799855
anti_reasons,1111111111111111100111111011011111011111111111111110,12.875757127327319,12.130941587354314,11.425920179119146,0.31213556577214113,495,0.463510119694695
anti_reasons,1111111110011111111000110111111111111011110111111110,12.87535621250156,12.177254015039745,11.049793574186412,0.25826263607711825,495,0.46352682447910165
anti_reasons,1111111110011111111111111011111011111111111011111011,12.872818020231886,11.908226395737136,11.156491568250397,0.3081912406937627,495,0.4636325824903381
anti_reasons,1111111110011101111111111111111011101111100111111011,12.872430814681154,12.10047370762886,11.268554044301418,0.24826374414034816,495,0.46364871605495195
anti_reasons,1111111110011111100110110111111111101111111111110111,12.872344004064505,12.172715750122643,11.228584195880044,0.2969411769249651,495,0.4636523331639789
anti_reasons,1111111111111111100111111111011011111111111111011011,12.872249424140517,12.219662493494575,11.556452909343836,0.22092745089178892,495,0.4636562739941451
anti_reasons,1110111111111111111111111111111001111111100111111011,12.871752771734524,12.079731384279802,11.639561034273047,0.22931270447270127,495,0.4636769678443948
anti_reasons,0111111111111011101111111011111111111111111111111111,12.871613052907078,11.79380254849658,11.415347922306456,0.20520525470674256,495,0.4636827894622051
anti_reasons,1111111111111111101100110111111001111111000111111111,12.87118625955965,12.291738999712909,11.615938299220675,0.1875232680283639,495,0.46370057251834795
anti_reasons,1111110001111101100111110110111111011000011111011111,12.869899851822344,11.263705037927613,9.883416821728154,0.46623668153911524,495,0.4637541728407356
anti_reasons,1111111111101111111111111011011111111001100111111110,12.868115405915447,11.672178857584182,10.103222525927686,0.5650128758326891,495,0.4638285247535231
anti_reasons,1111111110011111111111111111011011111111111011011111,12.867849408785231,11.903616549656697,11.125421563308207,0.29053391544287605,495,0.4638396079672821
anti_reasons,1111110011111111101111111011111111111011110111011110,12.866853937701077,11.241688993739798,10.062767641613716,0.479969529928022,495,0.4638810859291218
anti_reasons,1111111111111111111111011111011111011011110111111011,12.865348656815723,11.532724771253584,10.769034976269262,0.34895382424670524,495,0.4639438059660116
anti_reasons,1111111110011111111111111111111111111111100011111110,12.865005231704913,12.233485988883668,11.789422619982268,0.1514464289278249,495,0.4639581153456286
anti_reasons,1111111110011101111111011111111111111011110111111011,12.864117060160385,11.63160271421415,10.939713363775349,0.37984622967857457,495,0.4639951224933173
anti_reasons,1111111111011111100011111111111111111111110111110011,12.863646057365344,12.06738440891921,11.498732789140801,0.20383480469193452,495,0.46401474760977734
anti_reasons,1111111111001111111111011011011111111111110111111111,12.862636485945115,11.539753328888075,10.486228403694707,0.43709414285569914,495,0.4640568130856202
anti_reasons,1111111111111111111111111111011001111111100011111111,12.862075575362212,11.962821665331257,11.45475222363266,0.299687459072783,495,0.46408018435990783
anti_reasons,0110111111111011111111111011111111111111111111111111,12.86029861728979,11.518202007476976,11.25492521502607,0.2648887418174488,495,0.4641542242795921
anti_reasons,1111111110011101111111111011011111111111111111011111,12.857633058666277,12.048932141403249,11.604119248294023,0.23374356880393166,495,0.4642652892222384
anti_reasons,1111111110011111111111111111111111111111100011110111,12.85678511879792,12.239452566207557,11.808134431448622,0.14949290472509721,495,0.46430062005008665
anti_reasons,1111111111111101101111011111111111111011111111011011,12.852763578322685,11.660230641797908,10.861397953284534,0.422342826301745,495,0.4644681842365548
anti_reasons,1111111111111111011111111111111111111101100111011110,12.851658324438919,12.340656505060792,11.88626404504003,0.180137141420059,495,0.46451423648171175
anti_reasons,1111111111011111100111111011011111111111111111110111,12.847747069005157,11.816711293505966,10.968644295748438,0.3504411918817812,495,0.4646772054581184
anti_reasons,1110111111111111111111111111011111111011110111111011,12.84610426388659,11.679925682217961,11.021538476369175,0.3558445874441267,495,0.46474565567139214
anti_reasons,1111110001111111100111111011111111111011111111110011,12.84567928366662,11.697660031742425,10.71688236223005,0.39660177528006,495,0.46476336318055755
anti_reasons,1111111111101101100111111110110111111000011111011011,12.845542758778127,11.234165701508482,10.09444109105466,0.49283868241053197,495,0.4647690517175781
anti_reasons,1110111111011111111111111011111111111111100111111111,12.845523836050985,11.98784669359767,11.576385046744845,0.23749717829140682,495,0.46476984016454226
anti_reasons,1111110011111111101111110011111111111011110111011111,12.844980967664785,11.391910643659726,10.404611075590232,0.3609394481695642,495,0.464792459680634
anti_reasons,1110111110011111111111111011111011111111111111111011,12.84399434016686,11.90839807498606,11.201420015771873,0.28293778561514127,495,0.4648335691597142
anti_reasons,0111111111111111100111111011111111111111111111011011,12.843882049418767,11.45016772304781,10.967102377751143,0.3495025340214828,495,0.4648382479408847
anti_reasons,1111111111111001101111111111111111111111100111111011,12.843739118132259,11.879014826883905,11.427105229406603,0.2134116988185164,495,0.46484420341115584
anti_reasons,1111111111111101100111111111011111111111111111011011,12.842726889243094,12.153083913696308,11.667090890355873,0.20571210566773906,495,0.4648863796148711
anti_reasons,1111111111111111101111111111011001111111100111111011,12.84153145205651,11.647190923197858,10.973284412937051,0.31688210248473914,495,0.4649361894976455
anti_reasons,1111111111011111111111111111011001111111100111111110,12.840881141116125,11.828623137167346,10.98768803646489,0.3925998158914289,495,0.4649632857868281
anti_reasons,1111111111011111100111111011011111111111111111111110,12.839612405522477,11.81074471618208,10.975939182425481,0.3423882706701126,495,0.4650161497698968
anti_reasons,0111111111111111101111011111111111101111111111011011,12.838434590334932,11.018223367141777,10.414061652727352,0.37241020952469106,495,0.4650652254027111
anti_reasons,1111111111111111111111111111011011111111100011111011,12.838326943230891,11.877224291687432,11.097174161919877,0.2739571807936066,495,0.46506971069871283
anti_reasons,0110111111111111111111111011111111111111111111011011,12.83711267299056,11.244973612724571,10.812215221139812,0.43440876253470273,495,0.46512030529205994
anti_reasons,1111110011001111111111111111111001111111100111111011,12.83667709644819,11.971585438508024,11.53723994783392,0.22664606234997473,495,0.4651384543146587
anti_reasons,1110111111011111111111110111110011111111100111111111,12.83550008667434,11.979712154407578,11.251747096461678,0.2233102217948239,495,0.46518749638856915
anti_reasons,1110111110011101101111111111111111111111111111011111,12.834124641063205,11.899730966587612,11.398036068865446,0.25214776526533156,495,0.46524480662236645
anti_reasons,1111111111011111111111111111011001111111100111110111,12.832661028209131,11.834589714491234,10.980393149787847,0.40478962349663894,495,0.4653057904912862
anti_reasons,1111111110011111111000111110110111111111100111111110,12.832482814792268,12.218136313841313,11.444032480910474,0.23818355409456568,495,0.46531321605032216
anti_reasons,1111111110011111111111111111011011111111111011111011,12.831912909330931,11.909583126980584,11.123833583131574,0.30334824070214433,495,0.4653369621112112
anti_reasons,1110111110011111111111111111011011111111111111011111,12.829423429256535,11.90378822890562,11.153405847066125,0.2672297325732562,495,0.46544069044764436
anti_reasons,1111111111001111111111011111011011111111111111111011,12.828952532329986,12.059984248135873,11.219161005945681,0.3136392052538038,495,0.4654603111529173
anti_reasons,1111110110011111111111011111111111111011110110011111,12.827032067679669,11.555425036836814,11.04448686498073,0.32286559501547,495,0.4655403305133471
anti_reasons,1110111111111101111111111111111111101111111011011111,12.826503029240536,11.855817955361193,11.341199330216657,0.25496285132246466,495,0.46556237378164433
anti_reasons,0111111110011111111111111111111011111011111011011111,12.824732894397577,11.146445533221975,10.383781715983428,0.4358359546564581,495,0.4656361294001009
anti_reasons,1111111110011111100110111111011111111111111111111110,12.821401275497427,12.187207466000894,11.616616796242536,0.20792600041613868,495,0.4657749468542739
anti_reasons,1111111110011101111111011011111111111111111111011111,12.821107167046216,12.015448531182944,11.545332325461766,0.24537782839643688,495,0.4657872013730743
anti_reasons,1111111111011111111111110111111110011011100011111111,12.82080938602817,11.076419154599618,10.490704227485445,0.45577119200274674,495,0.4657996089154929
anti_reasons,1111111110011111100110111111011111111111111111110111,12.820573241675925,12.193174043324781,11.609321909565493,0.21948098339352992,495,0.4658094482635031
anti_reasons,1110111111111101111111111011111111011111111111011111,12.819562028692292,12.211139510248135,11.645892445538651,0.19988196927123508,495,0.4658515821378212
anti_reasons,0111111111111111000111111111111111111011111111011011,12.81779637501286,10.863865830775094,10.250828272686467,0.5751315514801562,495,0.46592515104113086
anti_reasons,0111111110011111111111111111111111111111110011111011,12.8174298033234,11.280052054615599,10.848052397645082,0.42067839422560777,495,0.465940424861525
anti_reasons,1110111111111101111111111111011111111111100111111011,12.814333009304155,11.81081739113809,11.3611337919236,0.21533415555528512,495,0.46606945794566024
anti_reasons,1111111111111111100111011111111001111011111111111011,12.813058100793231,11.74796674186752,11.054547410040957,0.3805620042118068,495,0.4661225791336153
anti_reasons,1111111111111111100111111011011111101111111111110111,12.81266346349248,11.993480781336078,10.667059605478729,0.43436770110115114,495,0.46613902235448
anti_reasons,0111111110011111011111111111111111111011110111011111,12.811902831901172,10.899677756563815,10.24157870620365,0.5205461722014922,495,0.46617071533745114
anti_reasons,0111111110011111100110110111111111101111111111111111,12.811324380002054,11.639810284235026,10.719100317399365,0.3495634427523246,495,0.4661948174999144
anti_reasons,1110111110011101111111111111111111111111110111111011,12.8107982110855,11.981783193269573,11.56087409115112,0.22393811868643365,495,0.46621674120477086
anti_reasons,1111100011111111100111011011110111011101111111111111,12.809641209991545,11.684587926730892,10.684263959249668,0.33192142686263804,495,0.4662649495836856
anti_reasons,1110111110011111111111111111011011111111111111111011,12.807573846492259,11.909754806229508,11.154325782791702,0.2826999014758291,495,0.46635108972948924
anti_reasons,1111111111011111111111111111011111111111100111110011,12.805927305312869,11.916390227805895,11.245446103618432,0.23672876645764188,495,0.46641969561196384
anti_reasons,1111111110011111111111011111011011111111111111011111,12.80577638481003,12.083383842224658,11.3444409812102,0.2761698160225194,495,0.4664259839662487
anti_reasons,1111111111111111101111111111011011011011110111011111,12.80343423260348,11.455365234671776,10.72839128053381,0.36040925533280027,495,0.46652357364152164
anti_reasons,0110111111011111111111111011111111111111111111011111,12.799335599548307,11.189383179670848,10.733951705910645,0.4119397612929923,495,0.46669435001882054
anti_reasons,1110111111111111111111111011011011011111111111111111,12.79780540512656,12.166946627670667,11.545174184782228,0.23195381016334463,495,0.4667581081197266
anti_reasons,1111111111111111100111111011011111101111111111111110,12.797599778114732,11.987514204012191,10.671481513464325,0.42916655438761003,495,0.46676667591188614
anti_reasons,1110111111111101111111111111011111111111100111011111,12.795292790483353,11.8048508138142,11.348526872220635,0.20643834552893342,495,0.46686280039652694
anti_reasons,1111110011101111100111111110110011111011110111111011,12.79273266631541,11.461128867173779,10.373529527045115,0.3925446035508437,495,0.4669694722368579
anti_reasons,1111111111111111000111111110111111011101111111011110,12.792522055509636,11.741773550765513,10.748048626566693,0.37323252440156734,495,0.4669782476870985
anti_reasons,0110111111111111011111011111111111111111111111011111,12.790839770434646,11.038226162906389,10.65215224601061,0.443596993285208,495,0.46704834289855646
anti_reasons,1101110011111101111000111011111011111000011110111011,12.789226271579185,11.542113525767148,9.860354831392389,0.46697044410750693,495,0.46711557201753395
anti_reasons,1111111110011111111111011111011011111111111111111011,12.788879977132213,12.089350419548545,11.245570063678764,0.2936639608916566,495,0.4671300009528244
anti_reasons,1111111110011111111111111111011011111011111011111111,12.786934703947836,11.971209997008046,11.12886094424929,0.3517821315743268,495,0.46721105400217355
anti_reasons,1110111111111111111111011111111001111111111111111011,12.786930613754313,12.072548723918747,11.596724268815958,0.22221292273724488,495,0.46721122442690366
anti_reasons,1111111111101101111111111111011111111111100011111011,12.786014364177607,11.7261898192645,11.063586670921941,0.25794722782145274,495,0.46724940149259975
anti_reasons,1111111111011111111111011111011111111111100111111110,12.78420242687495,11.760202000562078,11.02730701566993,0.3275453755665354,495,0.46732489888021045
anti_reasons,1111111110011111111111111111111011111011110011011111,12.78386837054508,11.512447424120566,10.637618286253712,0.3833774286778997,495,0.4673388178939549
anti_reasons,1101101110011011111111111011111110011111111111111111,12.782651982143992,11.697029081373211,11.318945618064586,0.28304942414498846,495,0.4673895007440003
anti_reasons,1111111111111111100110111111011001111011110111111111,12.781684109787205,11.525374016912352,10.736730483477618,0.4650461027726054,495,0.4674298287588664
anti_reasons,1111111111111111101111011111111111111011110111011011,12.780939449648985,11.324673073291445,10.5492673391661,0.4412092679168419,495,0.46746085626462563
anti_reasons,1111111111011111100111111011111001111111110111111111,12.780715626952793,11.684745244901903,10.936852920985586,0.356943277428677,495,0.46747018221030034
anti_reasons,1111111110011111111111111111111111111000110111011110,12.780601466233083,11.927082130331588,11.343380974902425,0.26332763293930944,495,0.4674749389069549
anti_reasons,1110111111111101101111111111111111111111100111011111,12.780098141834946,11.86737213129446,11.334154251105995,0.22458221698599964,495,0.46749591075687724
anti_reasons,1111111111011111100111111111011001111011111111111111,12.778524031433506,11.725859919034102,10.914509352665835,0.4028198378413144,495,0.46756149869027064
anti_reasons,1110111111011111111000110111111011111111100111111111,12.778359671328573,11.917190836927318,10.805386040765033,0.29656453549425044,495,0.4675683470279761
anti_reasons,1111111110011101111111111011111011111111111111011011,12.777711211562817,11.998272294144385,11.359714007096798,0.2560113515596251,495,0.4675953661848826
anti_reasons,1111111110011101111111011111011111111111111111011111,12.776253849912608,12.016805262426391,11.577849622704798,0.22812279311532216,495,0.4676560895869747
anti_reasons,1111111111011111111111011111011111111111100111110111,12.775982313967956,11.766168577885967,11.001646594241937,0.3364239047650679,495,0.4676674035846685
anti_reasons,1111110011111111111111111011110111111011110111011110,12.775449643725075,11.595449680462632,10.448537910182196,0.3347866574621994,495,0.46768959817812183
anti_reasons,1111111111111101101111111111011111011011110111011111,12.773911697706058,11.388786654873508,10.458602498525508,0.39053126883672434,495,0.46775367926224753
anti_reasons,1110111111111101111111111011111111111111111111011011,12.773911684638318,11.946533072129625,11.527420819439069,0.2482810391234257,495,0.46775367980673677
anti_reasons,1111111110011101111111111111111111111011110011011111,12.773024034298377,11.4458688443223,10.837025790037536,0.371604967665941,495,0.4677906652375676
anti_reasons,1111111111111101100111111111111111111111100011111011,12.772944602789627,11.802760598673059,11.38172284971255,0.2089829642112983,495,0.4677939748837655
anti_reasons,1111111110011101111111111011111111111111111011011111,12.772095704483746,11.835681238614983,11.406332955621856,0.25785259937434374,495,0.4678293456465106
anti_reasons,1111110011001111111111111111011111111011110110111011,12.771148591065995,11.493171641335994,10.42448987113056,0.4068256811096392,495,0.46786880870558356
anti_reasons,1111110110011111111111011111111111111011110110111011,12.770538235172436,11.561391614160703,11.01364059998287,0.32806422644653455,495,0.46789424020114845
anti_reasons,1111111111011111111111111011011111111011110111111110,12.770433855651756,11.427460703862058,10.441674140809944,0.4702234489373668,495,0.46789858934784345
anti_reasons,1111111111101101111111111111011111111111100011011111,12.769786721535331,11.720223241940612,11.052118886586257,0.24738758513846773,495,0.46792555326936125
anti_reasons,1111111111111111111111111111011110011111000111111011,12.769675436377005,12.020765354866288,11.649903624750554,0.25944484545476953,495,0.46793019015095816
anti_reasons,0111111110011111111111011111111111101111111111011011,12.769241842958825,10.961759935095424,10.203927664856137,0.5270644356844347,495,0.46794825654338223
anti_reasons,1111111111111111111111011011011111111111111111110011,12.767757183065575,11.846703229555493,11.11433146790185,0.3266818652558086,495,0.4680101173722677
anti_reasons,1111111111011111100111111111111111101111100111111110,12.767176002856779,12.023717592042287,11.05105002814916,0.2783569605323648,495,0.4680343332143009
anti_reasons,1101111110001101111000110110111011111101100111111111,12.766726096602603,11.957011209070322,9.910131360957426,0.3855308869983468,495,0.4680530793082248
anti_reasons,1111111111011111100111111011011111111011111111111111,12.765422059238482,11.689565661405693,10.936094795750769,0.3943349746000682,495,0.46810741419839663
anti_reasons,1111111111111111111000011011111111111111111111110011,12.765228102451506,12.200463916278329,11.491317173117295,0.20722487040884593,495,0.46811549573118727
anti_reasons,1111110001111111100111111110111111111000011110011110,12.76504885800193,11.595648283937665,10.672382898986752,0.35914622765726795,495,0.4681229642499196
anti_reasons,1101111111111101111111111111011111111111100011111011,12.764781821275966,11.746181638050972,11.122097859173177,0.21898349217335306,495,0.4681340907801681
anti_reasons,1111111111111111100111111011011111111111111111110011,12.763763476818772,11.872301726559693,11.182830539267835,0.3008572859228298,495,0.46817652179921787
anti_reasons,1101100011111101111000111011111011111000011111111011,12.76340169909693,11.541941846518224,9.764404873797655,0.44378364582141755,495,0.46819159587096126
anti_reasons,1111111111011111100111111111111111101111100111110111,12.762569019940022,12.029684169366176,11.03697396782336,0.27794020618634396,495,0.46822629083583245
anti_reasons,1111111110011101111111111011111111111111111011111011,12.7625312261026,11.84164781593887,11.40186673753347,0.2576966639012189,495,0.46822786557905827
anti_reasons,0111111111111111100111110111111111111011111011111011,12.762379850707015,11.047491611176193,10.418754044694705,0.42517715055287086,495,0.4682341728872077
anti_reasons,1111110011111111111111111011111111111001110111011110,12.761848454929314,11.73439724594981,10.78210519718864,0.3692145148500706,495,0.46825631437794524
anti_reasons,1111110011111101100111111110111111111000011111011110,12.76089818232231,11.495369633503094,10.51058831985623,0.417636809756873,495,0.4682959090699038
anti_reasons,0110111111111111111111011111111111101111111111011111,12.759945252111683,11.3340257885241,10.775194035618144,0.3311974553279697,495,0.46833561449534655
anti_reasons,1111110111111111111100011111111111111011110111011011,12.759935924070392,11.460739401530375,10.550355048745867,0.3703476440744849,495,0.4683360031637337
anti_reasons,1110111111101111011000111110110011111111111111011111,12.758726535859148,11.526791341874727,10.62398569202365,0.37753224918396844,495,0.46838639433920215
anti_reasons,1111111110011111100111110110111111011000111111111110,12.755514652880517,11.502285411386392,10.59157043212827,0.37789248764599814,495,0.46852022279664507
anti_reasons,1110111110001111111111110111111111111001111011011011,12.754596252722202,10.241013445585365,9.509945449542895,0.6136147279043378,495,0.4685584894699083
anti_reasons,1101111111111101111111111111011111111111100011011111,12.752961251982951,11.740215060727085,11.174374479949769,0.2093989291595058,495,0.4686266145007104
anti_reasons,1111111110011111111111111011111111111111100011111111,12.75277022127818,11.932585293136752,11.539765104792655,0.24880372633364198,495,0.46863457411340914
anti_reasons,1111100001101111111110110110110111111111000111111011,12.752760955942659,11.926584283935433,10.909252937800877,0.3386528282668961,495,0.4686349601690559
anti_reasons,1111111111111001101111111111111111111111100111011111,12.75242732813725,11.873048249560016,11.305140305283551,0.2190025149460475,495,0.46864886132761463
anti_reasons,1111110011101111100110111111110011111011110111111011,12.751686799011587,11.473685871514599,10.38070593280066,0.3705613163656377,495,0.4686797167078506
anti_reasons,0110111111111011111000111111111111111111100111111111,12.748291977755537,11.138877473482461,10.620743516247137,0.33659956340888,495,0.46882116759351933
anti_reasons,1111111110011111111111111111111011111011110011111011,12.747931871090781,11.518414001444455,10.619440751395455,0.39057458482929835,495,0.4688361720378841
anti_reasons,1110111111011111111111111111111001111111100111111111,12.746927665265247,12.024140951226078,11.556111635411819,0.23653511532836294,495,0.46887801394728135
anti_reasons,1111111111111111111111111111011111111011100011111011,12.743393989888366,11.514846086271454,10.904561700841624,0.37360409200620714,495,0.46902525042131804
anti_reasons,1111111111111111111100011110111111111001110111011011,12.743245567788108,11.242905174164108,10.548094265102444,0.43344484305139114,495,0.46903143467549546
anti_reasons,1110111111111111111111011111011001111111111111111111,12.74316312970576,11.955810684219124,11.417902904118694,0.306836254044481,495,0.4690348695955934
anti_reasons,0110111110011111111111111011111111111111111111111011,12.741317651734947,11.14026003578274,10.696606168911094,0.40305715722047736,495,0.46911176451104386
anti_reasons,1111111111111111111111111011111111011011110011111011,12.739907745656254,11.351600747442177,10.684873887127695,0.38096429054800807,495,0.46917051059765613
anti_reasons,1111111110011111100111111111111111111111110011111111,12.739470297759961,12.090964827861672,11.70528020722287,0.21500745602053228,495,0.4691887375933349
anti_reasons,1110111110001111111111111011011111111111111111111111,12.737043574574622,11.874602029620256,11.219863365923452,0.2614689744408892,495,0.4692898510593907
anti_reasons,1111111111011111111111111011011011111111111011111111,12.73701807470751,11.846578077249509,10.953325876396283,0.32304910972981626,495,0.4692909135538538
anti_reasons,1111111110011111111111111011011111111111111011111111,12.73437069910833,11.958886242996,11.455383012216009,0.25691193150833747,495,0.4694012208704862
anti_reasons,1111111111001101100111111110110111111000011111011111,12.733744804575812,11.17857526845476,10.050193907732293,0.4746739858199785,495,0.46942729980934117
anti_reasons,1111111111011111111111111111011111111011110111110011,12.729475402423637,11.551522052129014,10.65110638810837,0.3599595398417759,495,0.4696051915656818
anti_reasons,1111111111111111100111111011011111111111111011111111,12.729332514652908,11.944943244345989,11.482522236719412,0.23561561299027567,495,0.46961114522279546
anti_reasons,1111111111111111111111111110011011111011110111011011,12.729069835808875,11.545876214519549,10.629204990680401,0.3646685378315598,495,0.4696220901746302
anti_reasons,1111111111111111111111011011011111111111111111011110,12.728306712760972,11.834770074907718,11.234688244991347,0.30898718755815946,495,0.4696538869682928
anti_reasons,1111110001101111111110110110110111011111000111111011,12.726938257058816,11.678567534011128,10.442370276493717,0.440123845546223,495,0.4697109059558827
anti_reasons,1111111110001101111111110111111111111001111011011011,12.726784005062376,10.928257204469503,10.18950592834444,0.46186128009854416,495,0.46971733312240105
anti_reasons,1111111111011111111000111011111011111111111011111011,12.726396599027094,11.608935801570421,10.595306886560849,0.38282716739073075,495,0.46973347504053775
anti_reasons,1111101111111101100111111110110111111000011110011011,12.724999950776352,11.161233724663854,10.033230656300232,0.46829005889021874,495,0.469791668717652
anti_reasons,1111110110011111111111011011111111111111111110011111,12.724979337501898,11.945237431129497,11.625733477539091,0.20466919366905745,495,0.46979252760408763
anti_reasons,1111111111011111100111011011111111111111110111111111,12.72403691271162,11.616324108296634,10.947647260717066,0.3382740554915963,495,0.46983179530368246
anti_reasons,1111111110011111111111111111011001111111111011111111,12.72278630192444,11.995180500624409,11.430641820106816,0.26316304788952394,495,0.4698839040864816
anti_reasons,1111111111111111011111111111111111101111100111011110,12.719140592939661,12.02334402984653,11.300102552646972,0.29613598066222235,495,0.47003580862751415
anti_reasons,1111111111101101111000110011111011111100111110011011,12.716972237404205,11.658977671981118,10.12886881722354,0.29061960209971427,495,0.47012615677482483
anti_reasons,1111110001111111100111111011111111011000111111111110,12.715506936903369,11.690741844497843,10.612731886259501,0.40504433155370023,495,0.4701872109623596
anti_reasons,1111111111011111111111111111111001111111100011111111,12.715488496919914,12.023969271977156,11.535776926360795,0.24629920120334406,495,0.47018797929500356
anti_reasons,0111111110011111111111111111111111111011110011011111,12.715019193715637,10.744309384917246,10.171564695426083,0.4976022153968436,495,0.47020753359518175
anti_reasons,1111110111011111111111111011111111111001100110111111,12.713639415081504,11.922191827642624,11.130470223236147,0.31354817977706306,495,0.470265024371604
anti_reasons,1110111111111111111111111111011011111011111111011011,12.711728548387056,11.484692290796875,10.549296286278826,0.389790703820351,495,0.470344643817206
anti_reasons,1111111111111111111111111011111111111011110011011011,12.711019051546584,11.081027731999779,10.332771054976577,0.47670565427726336,495,0.47037420618555903
anti_reasons,1111111110011111111111111011011111111111111111011110,12.710680772604995,11.874311570561927,11.234384087899704,0.2382310661952358,495,0.4703883011414586
anti_reasons,0110111111111011111111111111111111111111100111111011,12.708587663958697,10.901854826459248,10.578967765354065,0.41924038820621823,495,0.47047551400172094
anti_reasons,1110111111111111111000111111011011111011111111111011,12.708522791436655,11.727681515143978,10.599462356311394,0.35888047743863655,495,0.4704782170234727
anti_reasons,1111110011101111100110111110111011111011110111111011,12.708274674033794,11.475042602758046,10.294301116594962,0.3981298359038324,495,0.4704885552485919
anti_reasons,0111111111111011101111111111111011111111111111011111,12.708239687887755,11.738532855157274,11.251045280512516,0.22261800277051952,495,0.47049001300467685
anti_reasons,1111110110011111111111011011111111111111111110111011,12.7063354091472,11.951204008453384,11.57769261160069,0.21156830193265713,495,0.4705693579522
anti_reasons,1111111111111111100111011011111111001111111111111110,12.70539418926511,11.62723406950847,10.573165937772849,0.35636044545874,495,0.47060857544728707
anti_reasons,1111111110011111111000111011111111111011110111111110,12.704926612435376,11.726131669372897,10.794403901720761,0.3307281941789504,495,0.4706280578151927
anti_reasons,1111111111011111111000111111011111111011111111110011,12.704412684100829,11.766675772013517,10.82860082610709,0.3303797797440316,495,0.47064947149579883
anti_reasons,1111111111011111100111111110111001111011111111110111,12.7041170195412,11.740868194206456,10.923096809708607,0.3237989774243323,495,0.47066179085244997
anti_reasons,1111111111101111111111111111011011101101100111111011,12.703901899541446,12.091024963915768,11.020554800570308,0.3474488209106784,495,0.4706707541857731
anti_reasons,1111111110011111111111011011111111111111111111011110,12.703096276963034,11.84082796034162,11.291045064831877,0.2376191364929979,495,0.47070432179320687
anti_reasons,1111111111011111111111111111111001111111100111110011,12.702525481409008,11.951327754190858,11.255548404333204,0.24340473562542522,495,0.47072810494129136
anti_reasons,1111111111111111011111111111111001111011100111011111,12.702263026756892,11.699185406979096,10.997093231759738,0.37409712480409674,495,0.47073904055179616
anti_reasons,1111110111111001111111111011111111111101111111011011,12.701954143305974,11.573718286283897,10.87087961567719,0.23899258954502325,495,0.4707519106955844
anti_reasons,1111111111111111111111110011111111111111110011011011,12.700722078682276,11.352428436696096,10.542368403343772,0.40407506589136893,495,0.4708032467215718
anti_reasons,1111111111111111100111111011111001111111111011111111,12.700718780314292,11.979880770730952,11.474540108004584,0.24168637926832515,495,0.47080338415357115
anti_reasons,1111111110011111111111111111111111101111100111110011,12.699900997302027,12.09921760106991,11.31019510451386,0.25457901514033154,495,0.47083745844574887
anti_reasons,1111111111101111111000111011011011101111111111111011,12.699565826233927,11.914500299564134,10.592144928967278,0.40519881646788597,495,0.4708514239069197
anti_reasons,1111111110011111111111110111111001111011110111110111,12.69888759549066,11.86439743202576,10.695315252631078,0.36673792663171334,495,0.47087968352122245
anti_reasons,1111111110011111111111111111011001111111111111110011,12.698483889259675,11.922538982838113,11.153309790346727,0.284319677607087,495,0.4708965046141802
anti_reasons,1111111111111101100111110111111110011101111011111111,12.69817301508047,11.884716579904843,11.199547783099575,0.2625130721442757,495,0.4709094577049804
anti_reasons,1111100011001111111000111111111111111011100110111110,12.696860501377243,11.786050561805988,9.865289070341275,0.48590153530804653,495,0.47096414577594825
anti_reasons,1111111111111111111111011111011111011011111111110011,12.696858189493948,11.69962834624261,11.07034494121878,0.2965507052599666,495,0.4709642421044188
anti_reasons,1101111110011011111111111111111110011111100111111111,12.695200680447392,11.750864637116518,11.417988650154504,0.3310858610625778,495,0.47103330498135865
anti_reasons,0111111110011111111111111011111111111111111011011111,12.694863011052009,11.134121779209929,10.691118484846726,0.4417035388636425,495,0.47104737453949963
anti_reasons,1111111110011111111111111011011111111111111111110011,12.694240546791008,11.886244725209703,11.173583201679753,0.2590136968204127,495,0.4710733105503747
anti_reasons,1110111111111111111111111011011011111111111111011111,12.694171835744445,11.896373612228269,11.12753413004548,0.28048838778497837,495,0.4710761735106481
anti_reasons,1110111111011111111000111111111011111011110111111011,12.691882372361023,11.219295086526662,10.097090073139391,0.4043882722882005,495,0.4711715678182907
anti_reasons,1111111110011111111111111011111111111011110111011110,12.691744529347467,11.483142445025797,10.735648372775195,0.34017234713288136,495,0.47117731127718887
anti_reasons,1111111111011111100111111110111001111011111111111110,12.690233724779546,11.734901616882567,10.964626755157333,0.3173233201038441,495,0.47124026146751896
anti_reasons,0111111111111111100111110111111111011001111011111111,12.689658795375964,11.159186616883426,10.432578967025128,0.3925611501113128,495,0.47126421685933484
anti_reasons,1111101110011011111100110111111111011101111011011111,12.688834955270282,10.762774327927106,9.48637187143587,0.7066011231452674,495,0.4712985435304049
anti_reasons,0111111110011011100110111111111111111111111111111111,12.688498611326024,11.452865472163376,11.232339033625987,0.3418753426523637,495,0.4713125578614157
anti_reasons,1111111110011101111000111011111011111011111111111011,12.686801496920934,11.711485426117024,10.724755029193105,0.3580559319157516,495,0.4713832709616278
anti_reasons,1110111111111101111111110111111111101111111011111011,12.685997106626521,11.603409145006934,10.75714994096537,0.3150373181259338,495,0.4714167872238949
anti_reasons,1111111111111111101111111111011011111011110111011011,12.685108514616816,11.190758796553265,10.188896348746482,0.424101436284291,495,0.471453811890966
anti_reasons,1111101111111101100110110110110111111000111110011111,12.682749969534507,11.38122395377103,10.34026393392493,0.3806643669448234,495,0.4715520846027289
anti_reasons,1111111110011111011111111011111111111011110111011111,12.681135917797084,11.125715949380625,10.33680199011826,0.4675610053143581,495,0.4716193367584548
anti_reasons,1110111110011101111111111111011111111111111111011111,12.680258829579023,11.837209649107354,11.413140545554828,0.21505503940328924,495,0.47165588210087406
anti_reasons,1111111110011111111000111111011111111011110111111110,12.679498803191253,11.727488400616345,10.709028690826097,0.3499694135791023,495,0.4716875498670311
anti_reasons,0111111111011011101111011111111111111111111111111111,12.678553075752609,11.11468227406407,10.632034826769395,0.33692868000895604,495,0.4717269551769746
anti_reasons,1111111111011111100111111011111001101111111111111111,12.677832060133126,11.78405537253958,10.779806257538091,0.2819266820160885,495,0.4717569974944531
anti_reasons,1110111111111001111111111011111111111111111111111111,12.677496113260675,12.219761466882028,11.827009933477843,0.13603033087388977,495,0.47177099528080524
anti_reasons,1101101100001111111000011110111011101100111110111111,12.67568807379275,11.629584598789059,9.820540106269025,0.46560546760492005,495,0.4718463302586354
anti_reasons,0111111110011111111111111011111111111111111011111011,12.67558689614313,11.140088356533818,10.673647302394611,0.43825078106023213,495,0.4718505459940362
anti_reasons,1111100011101111111000111011111111111011110111011110,12.67499198436851,11.369692695998598,9.77306574086668,0.48604762652533173,495,0.47187533398464543
anti_reasons,1111111111111101111111111111011111111011111011011011,12.673400742061311,11.417942031749687,10.789418838870096,0.39567747620986815,495,0.4719416357474454
anti_reasons,1111111110011011111100110111111110011100111011011111,12.673243236027556,10.223101897900188,8.894072720585909,0.829241358372987,495,0.47194819849885183
anti_reasons,1110111111111111111000110111110111111011111011111110,12.672331793049416,11.314400038541445,10.504461316023724,0.3137005412139031,495,0.4719861752896076
anti_reasons,0111111110011111111111111111011111111111111011011111,12.67101542468265,11.135478510453376,10.659112850479877,0.41762973553292265,495,0.47204102397155623
anti_reasons,1111111111111111111111111111011011011011111011111011,12.67070581797846,11.755093626990352,11.080878943256714,0.3177257051919003,495,0.47205392425089754
anti_reasons,1111111111011111100111111111111001111011110111111110,12.670675556933896,11.455869848274359,10.441579833731948,0.4431417731905321,495,0.47205518512775435
anti_reasons,1110111111111101111111011111111111101111111111011111,12.669636384290323,12.035585247929154,11.622135239876322,0.19037815524702978,495,0.4720984839879032
anti_reasons,0111111111111111100111111111011111111111111111011011,12.669541973681842,11.451524454291256,10.934154952284864,0.31987987653057376,495,0.47210241776325657
anti_reasons,1110111111011111111111111011111111111011110111111111,12.668293812221512,11.62297851792079,10.975203741719408,0.3556652984411314,495,0.4721544244907704
anti_reasons,1111110011101111011111111111111001111111100111011111,12.668218427069199,11.846588723396536,11.132620586596508,0.23415006218322765,495,0.4721575655387834
anti_reasons,1110111111111111111000110111110111111011111011110111,12.668141848820511,11.320366615865334,10.535472754107023,0.30655530149198496,495,0.47216075629914533
anti_reasons,1110111100011111111111111011011111111111111111111111,12.665842500117625,11.88672051061258,11.438983707604407,0.24054162351395755,495,0.47225656249509895
anti_reasons,1111111110001101111000111110110011111101100111111111,12.665133754868148,11.987991672688208,10.585963004011646,0.2687515032595975,495,0.47228609354716056
anti_reasons,1111111111111111100111110011111111111111111011111110,12.664800663326456,11.986111821171315,11.333932071034218,0.19605474502916131,495,0.47229997236139765
anti_reasons,1110111111111101111111111011011111111111111111011111,12.664780184351503,11.829795032430003,11.305910729163427,0.2154311417297988,495,0.4723008256520207
anti_reasons,1110111111111111100111110111111111001111111011111111,12.664593229401397,11.38596593456454,10.556860327229476,0.37572333962349197,495,0.4723086154416084
anti_reasons,1111110111111101111111111011111111111001110111011110,12.664556919720752,11.572758190825402,10.106977587128691,0.4772237551751737,495,0.47231012834496866
anti_reasons,0111111111111111111111111111011111011011111011111011,12.664322863106522,10.986955587787032,10.293779595383944,0.4395987952129219,495,0.47231988070389497
anti_reasons,1111111111011111101111111011111111111111100111111011,12.663357973775701,11.672044272215349,11.111746429767893,0.2933638766587272,495,0.4723600844260124
anti_reasons,1110111111111111111111111011011111011011111111111111,12.662418650907073,11.80456842225469,11.246225645420733,0.2860212890387884,495,0.4723992228788719
anti_reasons,1111110111101101111000111011111011111100111110011011,12.662414430465274,11.69177358795925,10.502874477075734,0.3465703436518902,495,0.47239939873061354
anti_reasons,1111111111111111100110011111011111111111110111111110,12.660156887107298,11.578131935083471,10.661902229114654,0.4301706372474993,495,0.47249346303719586
anti_reasons,1111111110011011011100110111111111011100111011011111,12.65914844953562,9.962883953415039,8.47383596020268,0.9372598695776431,495,0.4725354812693492
anti_reasons,1101111110011101111000111110110011111101100111111111,12.658581391425962,12.00798349147468,10.983946503831406,0.23770573096557246,495,0.47255910869058493
anti_reasons,1111101111111101100111110110110111111000111110011011,12.655530697527826,11.06776625368329,9.924538479878793,0.45293076716851544,495,0.4726862209363406
anti_reasons,1111110001101111100111111111111001111001111110111011,12.653696035031455,11.820609329498895,10.544779955583259,0.4516697743350178,495,0.4727626652070227
anti_reasons,1111111111111111100111110011111111111111111011110111,12.653186273138497,11.992078398495204,11.294541827679048,0.19388666818673087,495,0.472783905285896
anti_reasons,1111111111111111101111111011111011111011110111011011,12.65317996985651,11.18940206530982,10.223330755635185,0.42283187809705636,495,0.47278416792264544
anti_reasons,1111110111101111111111111011111011101111111111011011,12.65296105541884,12.154072605618566,11.046260698807483,0.266012348531843,495,0.4727932893575483
anti_reasons,0111111111111111011111011111111011111111111111011011,12.652383270884712,11.200645539186871,10.502510590066807,0.4239466804836458,495,0.472817363713137
anti_reasons,0111111110011111111111111111011111111111111011111011,12.651739309773772,11.141445087777264,10.638464590115257,0.41704741835899,495,0.4728441954260928
anti_reasons,1111111111001101100111111110110111111000111111011011,12.651426578797027,10.752080222750418,9.546612570098214,0.5249195366801146,495,0.47285722588345724
anti_reasons,1111111111001111111111111011111111111001100111111110,12.649787756642375,11.73332646423008,10.497743682870937,0.39391814269781217,495,0.47292551013990103
anti_reasons,1111111110011111111111111111011111111000110111110111,12.648674381117242,11.822277245279741,11.013330423173382,0.33733967686614846,495,0.47297190078678153
anti_reasons,1111111111011111111111111011011001111111110111110111,12.648475421867445,11.289999897843822,10.197430652313018,0.5360113046483478,495,0.4729801907555231
anti_reasons,1110111111111111111111011111011111111011111111011111,12.648253023463269,11.501868527835434,10.906015614683785,0.36176857173539595,495,0.4729894573556971
anti_reasons,1111111110011111111000111011111011111011111011111111,12.643421360321279,11.615472950385888,10.561399569660484,0.3576923031617013,495,0.47319077665328
anti_reasons,1110111111111101111111011111011111111111111111011111,12.64236232856975,11.797668153453143,11.376498850351126,0.20276651307550939,495,0.4732349029762605
anti_reasons,1110111111111011111000111111111011111111100111111111,12.641980714562337,11.907015512685781,11.097451922745911,0.2432368773412478,495,0.4732508035599027
anti_reasons,1111111111111111111111111111011011111011111011011011,12.64181712386879,11.484520611547953,10.533030297429997,0.4133421622336634,495,0.47325761983880044
anti_reasons,1111110011111111101111111111011111011011110110011111,12.64139397813832,11.24623814318772,10.191457823238272,0.3844726287239336,495,0.4732752509109034
anti_reasons,1101110111111101111000110011111011111000011110111011,12.640988521901008,11.356075549721343,9.34776656758369,0.44517119366947433,495,0.4732921449207913
anti_reasons,1111111111011111111111111011011111111011110111110111,12.638972354804862,11.433427281185946,10.41873812246219,0.4790272804454531,495,0.47337615188313076
anti_reasons,1111110111001111111111111111011111111001100111111111,12.638521625912148,11.91770076137159,10.97446337552832,0.3631839834973286,495,0.47339493225366047
anti_reasons,1111111111001111111111111011111111111001100111110111,12.638173366454415,11.73929304155397,10.461061326648897,0.40161598893622313,495,0.47340944306439936
anti_reasons,0111111111111011101111111111111111111111111011011111,12.638023385173165,10.984538837225946,10.585111386398555,0.44242322896287883,495,0.47341569228445146
anti_reasons,0111111111011111000111111110111111111011111111011111,12.637395899761122,10.517773131066363,9.849458234687033,0.585021586237571,495,0.4734418375099533
anti_reasons,0111111110011111111000111111111011111111100111011111,12.63633202830831,11.508791263146744,10.595111938640752,0.33210526606574753,495,0.4734861654871537
anti_reasons,1111101110011011011100110111111111111100111011111111,12.636119033789244,10.808270243065158,9.43483695019759,0.6364942654046621,495,0.47349504025878153
anti_reasons,1110110011101111111100011111111001111111111111111111,12.635895139447259,11.997605025681302,10.961175315860348,0.33704230653742456,495,0.4735043691896975
anti_reasons,1110111110011111111111111111111111111111110111110011,12.635664074826968,11.813129199752137,11.266124305201272,0.2107252868029506,495,0.47351399688220963
anti_reasons,1110111111111101111111111111111111111111110011011111,12.635584013998319,11.756507827723517,11.300162565953437,0.20782558149005498,495,0.47351733275007
anti_reasons,1111111110011111111111111111011111111000110111111110,12.634842529954566,11.816310667955852,11.034629784798238,0.3276245308998499,495,0.47354822791855977
anti_reasons,1111111110011111111000011111011111111011111111110111,12.634433753791875,11.561364400881594,10.607504413164047,0.3401704839154551,495,0.47356526025867185
anti_reasons,0111111111111111111111111111011111111011111011011011,12.634199908914047,10.716382572344633,10.051260362791977,0.530019331693968,495,0.4735750037952481
anti_reasons,1111111110011111111000111111011111111011110111110111,12.633999892933053,11.733454977940232,10.748861452751695,0.3607289088625922,495,0.47358333779445616
anti_reasons,1111110011111111100111110111111111111011100011111111,12.632164481669763,11.54207166444677,10.781971112416764,0.3037849080047564,495,0.47365981326375983
anti_reasons,1111111110011111111000011111111111111011111111110011,12.631705789484652,11.678102440581217,10.820634012398742,0.3180839794277848,495,0.4736789254381395
anti_reasons,1111111111101111111000111111011011101111100111111011,12.630508534775409,11.88955608094833,10.588352721464254,0.38873429970769263,495,0.4737288110510246
anti_reasons,1111111111011111111111111011111111111001100110110111,12.629835076793492,11.74514083906845,10.660197021995243,0.36882910201668023,495,0.47375687180027115
anti_reasons,1111110001111101100111110111111111111000011110011110,12.629581117002093,11.393798696157772,10.093228659832834,0.466949996020043,495,0.4737674534582461
anti_reasons,1111110011101101111100110011111011111011110110011111,12.626580136107567,11.189118102148578,8.823535764165676,0.644022413430327,495,0.4738924943288514
anti_reasons,1111111111011111111111011111011011111011111111111011,12.62517946800746,11.614664048386077,10.566549648462496,0.41602786523664576,495,0.4739508554996892
anti_reasons,1110111111111101111111111111011111111011111111011011,12.624628648704942,11.41811371099861,10.798003024950104,0.37525734163289115,495,0.4739738063039608
anti_reasons,1101110011111101111000110011111011111000011111111011,12.622712671209806,11.362346233199187,9.444036719360628,0.3909740045784684,495,0.4740536386995914
anti_reasons,0111101110011111111111011111111111101100111111111011,12.620737076705147,11.214791652422923,10.267145509001264,0.3857890764693507,495,0.47413595513728557
anti_reasons,1101111110001101111000111110111011101101100111111111,12.618640668123197,11.74516268912293,9.72472078663313,0.42999164997163475,495,0.4742233054948668
anti_reasons,0111111110011111111111111111111011111111100111011011,12.61856565632778,11.27176861612353,10.543205192368847,0.4010430987571259,495,0.47422643098634254
anti_reasons,1111111110011111111000011111011111111011111111111110,12.618031310642506,11.555397823557705,10.810847293535407,0.3295584614865734,495,0.47424869538989556
anti_reasons,1111110011111101111000110011111011111000011110111011,12.617444487817096,11.348202211927195,9.59525309732899,0.40392451606995683,495,0.4742731463409543
anti_reasons,1111101111111011101111110011111110011111111111111111,12.61741573134098,11.559581199579615,11.056463163894247,0.21878057950961552,495,0.4742743445274592
anti_reasons,1111110011111111100111111111111001111000111110111011,12.615482419943794,11.847508327707628,10.960592165730745,0.33803454622384677,495,0.47435489916900864
anti_reasons,1111111110011111111000110111111111111000110111110111,12.614657261339271,11.91766254432443,10.842661290960573,0.2487407523243195,495,0.4743892807775304
anti_reasons,1111101111101111111000111011110011111011100110111011,12.613385834804896,11.379400297588212,9.788012193761665,0.3881034127614589,495,0.47444225688312935
anti_reasons,1111111111011111100111110111111111111111111011110111,12.612984706584994,12.054582736384548,11.604511575788438,0.16321733040806216,495,0.4744589705589586
anti_reasons,1111111111011111100111110111111111111111111011111110,12.611735324007864,12.04861615906066,11.638158425188461,0.16924661713577246,495,0.47451102816633906
anti_reasons,1111111111001111111111111111011111111001100111111110,12.611310167816958,11.734683195473528,10.474253764494788,0.41319341473820825,495,0.4745287430076267
anti_reasons,1110111110011111111111011111011111111111111111111111,12.610534982426753,11.926931043268063,11.477282448884637,0.23372195121330225,495,0.4745610423988853
anti_reasons,1111111111111111100111110111111111011001111011110111,12.610018176398643,11.692092082771044,11.0993095688796,0.2759262519381893,495,0.4745825759833898
anti_reasons,1111111111111111101111111111110110011001100111111011,12.609007729330866,11.221386765290287,10.454354069496976,0.45643606708463647,495,0.4746246779445472
anti_reasons,1111111111111111100111110111111111111111100011111110,12.608673168120003,11.961167602555513,11.371008631698492,0.18928691920530544,495,0.47463861799499985
anti_reasons,1111111111011111100111111111111001111111111011111111,12.60789539043882,12.042385108620298,11.55686085405684,0.21142442665551386,495,0.47467102539838246
anti_reasons,1111110001111111101100111011011011111111000110111111,12.607578930739072,11.206666541048076,9.532159953870071,0.6123798818456205,495,0.47468421121920534
anti_reasons,0111111111111111000111111110111111011001111111011111,12.607073825496455,10.685058569827323,9.80815268130913,0.5804851456887422,495,0.474705257270981
anti_reasons,1111111110011111111111111111011111111111100011111111,12.60507983189323,11.9339420243802,11.5086381295557,0.2390883177340188,495,0.47478834033778206
anti_reasons,1110111111111011111111011111111111111111100111111111,12.602686029717962,11.687169102701125,11.397440276867155,0.22918250426604117,495,0.47488808209508493
anti_reasons,1111110111101101111000110011111011111101111110011011,12.60255079075309,11.546044815909033,9.861302635566195,0.3684776615218146,495,0.4748937170519546
anti_reasons,1110111111111011111111111111111011111111100111111011,12.602276400765497,11.669992865662568,11.030186728431481,0.2680259261153097,495,0.4749051499681043
anti_reasons,1111111111011111101111111111011011111111100111111011,12.601482966496233,11.50600311650031,10.694501668005389,0.3081092996506511,495,0.47493820972932366
anti_reasons,1111111111011111111111011111011111111111111111110011,12.600280108191566,11.909207567444838,11.206900630781545,0.24595030567504836,495,0.47498832882535147
anti_reasons,1111111111011111101111111111111110011011100111111011,12.599174982883627,11.019163800144366,10.273311446985499,0.49078507253980863,495,0.4750343757131822
anti_reasons,1111111111111111111111111111011111111111100011110011,12.597546452414216,11.64199171837173,11.08860204465392,0.20692253600338345,495,0.47510223114940764
anti_reasons,1110111111111101111111111111111110011011110111111011,12.59681645518964,11.321488104521242,10.676278874450308,0.36077128104682576,495,0.47513264770043173
anti_reasons,1111111111011111111111111110011011111011110111111011,12.595869593411303,11.496252358789711,10.565533190012635,0.3716343953062284,495,0.47517210027452905
anti_reasons,1111111111011111101111111111011001111111100111111111,12.593872189125445,11.591600490144135,10.870665075218962,0.3483686266547634,495,0.47525532545310645
anti_reasons,1111111110011111111111111110111111111000110111110011,12.593568625958275,11.648513018324358,11.159006962353795,0.2797866204465449,495,0.47526797391840525
anti_reasons,1111111110011111111111111110011001111011111111111011,12.590903936560952,11.504891084082832,10.715417864880765,0.37902612250867024,495,0.4753790026432937
anti_reasons,1111111111111111100111111011111011101111111011111111,12.590546861293546,12.015462451863515,10.982417867511874,0.26925888070391824,495,0.47539388077943556
anti_reasons,1111101111101111111000111011111011111001100110111011,12.589645642165655,11.51834786307539,9.781255218587118,0.45238063631418785,495,0.4754314315764311
anti_reasons,1110111111111111111111110111111011111111100011111111,12.589284038400708,11.997172642871867,11.206148692772052,0.20364075195515915,495,0.47544649839997055
anti_reasons,1111100011111111100111011011110111111101111111110111,12.588743687505165,11.608753990740118,9.95491611933988,0.4621227959144724,495,0.47546901302061817
anti_reasons,1111111110011111111000111111111111111000110111110011,12.588337354290092,11.584634969600653,10.77422138933029,0.2880326940933156,495,0.4754859435712462
anti_reasons,1111100011111111100111011011110111011111111111110111,12.5880795298143,11.434868898867977,9.956601985384205,0.4275763486296859,495,0.47549668625773756
anti_reasons,1111111110011111111111011111111001111111111111110011,12.58805988036331,11.889055372617806,11.195255880169718,0.24169720255530866,495,0.4754975049848621
anti_reasons,0111111111111011111000111111111011111111100111111111,12.58728953646938,11.892699812164865,11.103047956192432,0.24238882734234812,495,0.4755296026471092
anti_reasons,0111111110011111111111111011111011111111111111011011,12.584322473318133,11.296712834739335,10.5027543645519,0.3978794678284078,495,0.4756532302784111
anti_reasons,0111111111101111111111111011011111111111110111011111,12.583707072402603,11.395465870777961,10.849862619989796,0.30234431232206355,495,0.4756788719832249
anti_reasons,0111111111111111011111110110111111011001110111011111,12.583374903233032,10.573175262203614,9.68985853710388,0.5640946113284292,495,0.4756927123652903
anti_reasons,0111111111111111100111110111111110011101111011111111,12.582896977381253,11.18315712049979,10.322271055480774,0.38108871615334666,495,0.4757126259424478
anti_reasons,1111111111001101100111111111110111111000011111011011,12.582242822119209,10.87767457270784,9.907470561978775,0.5058484949665165,495,0.4757398824116996
anti_reasons,1111111111011111100111011111111011111111110111111011,12.581603517903744,11.567020992281218,10.760669517455279,0.3059156339710824,495,0.475766520087344
anti_reasons,1110111111111111111111111011011011111111111111111011,12.581356705877582,11.902340189552156,11.07706230838232,0.29761720506497685,495,0.47577680392176747
anti_reasons,0111111111111011011000011111111111111111111111011011,12.579503830651399,10.09811900339131,9.301925297285463,0.7409929595931823,495,0.47585400705619174
anti_reasons,1111110011111111100111110111111001111001111110111011,12.579105283276771,11.70177955565741,10.871391079813254,0.317769241716559,495,0.47587061319680124
anti_reasons,0111111111111111111111111011111001111111111111011011,12.578249473238047,11.492990362648879,10.887510276162429,0.3376561226176941,495,0.4759062719484147
anti_reasons,1111100011111111100111011011111111011101111111110111,12.576697828133124,11.573816464355156,9.94618718996727,0.45686498440707574,495,0.4759709238277865
anti_reasons,0111111110011111111111011011111111111111111111011111,12.576242690026113,11.31388907177789,10.845104013227125,0.355710452325591,495,0.4759898879155786
anti_reasons,1111110011101111011111111111111011111011110111011011,12.574122147087403,11.396123174075832,10.343075749832185,0.33775998775905564,495,0.4760782438713582
anti_reasons,1101110111111101111000111110111011101111100110111011,12.573521975291778,11.789022601614393,9.901640003843593,0.4745311937491013,495,0.47610325102950923
anti_reasons,1111101111011101100111111110110111111000011110011111,12.573480736806834,11.10564329161013,9.988983472977864,0.4507005213170961,495,0.47610496929971524
anti_reasons,1110111111011111111111111111111111111111100111110011,12.573473154148228,11.703311004266551,11.194572542297887,0.22467089771639007,495,0.4761052852438238
anti_reasons,1111100001111101100111110110111111111000111111011110,12.57309959979322,11.268032666951425,9.938008423659328,0.44379985626474255,495,0.4761208500086158
anti_reasons,0111111111011111111111111111011111111011111011111011,12.572524812938783,10.6667587166148,9.973207412247191,0.504624903490481,495,0.47614479946088406
anti_reasons,0111111111111011111111111111111011111111100111011111,12.57204809244688,11.649710587817767,11.066462910641752,0.2669481002863808,495,0.47616466281471337
anti_reasons,1111110111111111101111110011111111111011110111011110,12.56896999376572,11.055651017693993,9.976373940291507,0.4189317786599422,495,0.4762929169264284
anti_reasons,0111111111011111011111110110111111111011110111011111,12.56896063430061,10.405889823442658,9.547435560297474,0.5841942652952785,495,0.4762933069041412
anti_reasons,0111111110011111111110011111111111101100111111111011,12.568436070247353,11.015626164467847,9.882917644826765,0.4816972217641951,495,0.4763151637396936
anti_reasons,1110111111111111111111111011011111011111111111110111,12.567483854220661,11.931714054354964,11.37091642693927,0.21556138879840145,495,0.4763548394074725
anti_reasons,1111110011111111111111111110011111111011110110011011,12.567029581343716,11.336749123035492,10.425249155295964,0.3180382023258626,495,0.47637376744401183
anti_reasons,1111111110011101111000110111111111111011110011111111,12.564264031509353,11.430482680991254,10.325725790274676,0.30365305431237366,495,0.47648899868711025
anti_reasons,1111111111111101111000111011111111011011111011111011,12.56307584025816,11.332778000569927,10.702537237507617,0.3470506570922599,495,0.47653850665591
anti_reasons,1110111111111111111111111111111011111111100011111011,12.562964131351528,11.664145068148088,11.055947272902237,0.24717412240742992,495,0.47654316119368634
anti_reasons,1111110001111111100111011011111111111000011110111111,12.562271398476978,11.440994782249712,10.181586441896581,0.4624352564387901,495,0.4765720250634592
anti_reasons,0111111110011111111111011111111011111111111111011011,12.562178280922948,11.264585955762474,10.57328787320718,0.40393705799352536,495,0.4765759049615438
anti_reasons,1111111111111011101100111111111111111000110111111111,12.562032466948626,11.789994147644153,11.464936147228574,0.22466493103565996,495,0.4765819805438073
anti_reasons,1110111111111111111000111111111011011000110111111011,12.561002861278983,11.273933909659693,10.505662456414653,0.3126267308595364,495,0.4766248807800424
anti_reasons,0111111111111111111000111111111001111111100111011111,12.559875153615545,11.70506879105629,10.98750275509515,0.28047654877840894,495,0.4766718685993523
anti_reasons,1111111110001101111000110110110011111111100111111111,12.558512090691687,11.882527717421336,10.22899696864409,0.3137312068532551,495,0.4767286628878463
anti_reasons,1111110111101101111000110011111011111100111111011011,12.556706114500443,11.512006295391291,10.002372572402574,0.2935664860874786,495,0.47680391189581484
anti_reasons,1111111110011111111111111011111111111111110011011111,12.556681734878696,11.500123670108522,10.941834231179898,0.35544474619483984,495,0.47680492771338767
anti_reasons,1111100111101111111110110110110111011011000111111011,12.555899154449303,11.197438800121894,10.053944078137425,0.4151386672727594,495,0.47683753523127903
anti_reasons,1111111111011111111000110111011111011011111111110111,12.555887539148884,11.772906822453882,10.812088296353474,0.26328540355331753,495,0.47683801920212987
anti_reasons,1111111110011111111111011111011111111111111111011110,12.555405887578083,11.842184691585066,11.289340556405037,0.22034950479944854,495,0.4768580880175799
anti_reasons,1111111111111111111111111011011001111111110111110011,12.555019314645973,11.345590330897547,10.409379454981085,0.4954884366796197,495,0.4768741952230845
anti_reasons,1111110011111111100111111011111111111000011110111011,12.553914705577023,11.646306153381637,10.898716876117046,0.33201682526763143,495,0.4769202206009574
anti_reasons,1110111110011111101111111111111111111111111111011110,12.553772685543194,11.725110395746288,11.258599115611128,0.22017214715551967,495,0.47692613810236695
anti_reasons,1111111111111111100111110111111111011001111011111110,12.553456893866969,11.686125505447157,11.116154379667316,0.28608144934945695,495,0.4769392960888763
anti_reasons,0110111111111111111111111110111110011111100111111011,12.553403463323122,10.694294554138063,9.935719121816529,0.49444132123818607,495,0.47694152236153664
anti_reasons,1111111110011111111111111011111111111111110011111011,12.55249179064979,11.50609024743241,10.942985132224377,0.35424870371239164,495,0.4769795087229254
anti_reasons,1101111110011101111000110110110011111111100111111111,12.551959727249502,11.902519536207809,10.428266072921389,0.28785049744282154,495,0.4770016780312708
anti_reasons,1110111111111111111111111110111011101111100111111011,12.551681393212572,11.824810798757358,10.989440720197978,0.26958031151210754,495,0.47701327528280946
anti_reasons,1111111110011011011100110111111110011100111011111111,12.551474254514376,10.054447904382751,8.540371574135747,0.8188343199531408,495,0.477021906061901
anti_reasons,1111101111011111111100110110111111111001100011111111,12.550528922544963,11.102853909533396,10.202825146224878,0.38411709565172497,495,0.4770612948939599
anti_reasons,1111111111101111111111011011011111101111111111111011,12.548427270375665,11.694653889579477,10.893370937062315,0.2932370903890255,495,0.4771488637343473
anti_reasons,1111110001101111100111111111011001111011111110111011,12.54762866668649,11.265379759808622,9.780579561420597,0.5671057518188289,495,0.47718213888806293
anti_reasons,1111100111001111111111111111110011011011000110111111,12.547273271140707,11.722665301646835,10.012246466100644,0.37146991196589946,495,0.47719694703580384
anti_reasons,1111100111001111111100111110111111011011000111111111,12.547126315452761,11.68605413027661,10.911596805746449,0.2559906409944442,495,0.4772030701894683
anti_reasons,1111110111111101111000110011111011111100111110011011,12.547018406471295,11.517854092905772,10.302083847259253,0.2793735858535933,495,0.4772075663970293
anti_reasons,1111100111101111111000111011011111101111111111111011,12.546512153021073,11.777538940463497,10.355286130761494,0.3784176743761204,495,0.4772286602907886
anti_reasons,1111111111111111100111110111111111111001100011111111,12.54650373991156,11.68707711536785,11.18438634517636,0.2612845561453291,495,0.4772290108370183
anti_reasons,1111111111001101100111111110111111111000011111011011,12.54601076315933,10.879031303951287,9.867625747064967,0.48784676487074524,495,0.4772495515350279
anti_reasons,0111111111111111111111111011011011111111110111011111,12.543774351724675,11.312523876444141,10.42982823067016,0.37049615808915826,495,0.4773427353448052
anti_reasons,1110111111111111111111111011111111111111100011111111,12.543654945876234,11.713448184163505,11.422398906497417,0.21116165161145037,495,0.47734771058849024
anti_reasons,1111111111011101111000111011111111111111111011111011,12.543560839676044,11.542357221772155,10.89445183825694,0.31321161330299024,495,0.4773516316801648
anti_reasons,1111110110011111100011110110111111011100011110111110,12.536380584186732,11.556937397884912,10.550012372161655,0.36118480544431314,495,0.47765080899221946
anti_reasons,1110111111011111111111111011011111111111111111111110,12.535738355590246,11.605550605858843,10.911652684185956,0.2796823292478822,495,0.4776775685170731
anti_reasons,0111111111111011111111111111111011111111100111111011,12.53536573622484,11.655677165141654,11.00227830552532,0.27128002228025816,495,0.477693094323965
anti_reasons,1111110001111111100111011011111011111000011111111111,12.535297548113565,11.352204990401411,9.977684438784568,0.4921391525353335,495,0.4776959354952681
anti_reasons,1111111110011111111111111111011111111011111011111110,12.534917599242503,11.730010846368456,11.041207023176913,0.29506208489021496,495,0.477711766698229
anti_reasons,1110111111111111111111111011011111111011111111011111,12.53474961174215,11.533995406812293,10.886884130704946,0.3623234228614882,495,0.4777187661774104
anti_reasons,1111111111101111111111011011011111101111111111011111,12.533363584997916,11.68868731225559,10.903510824562145,0.2826634437445346,495,0.4777765172917535
anti_reasons,1110111111111111111000111110111011111000110111111011,12.533311296976992,11.3102281672881,10.478610797185702,0.3152679073496105,495,0.477778695959292
anti_reasons,1111111111111101100111110111111110011111111011111011,12.532460335860183,11.446225049914196,10.815189221858663,0.33656124254621494,495,0.4778141526724924
anti_reasons,1111110111111111100111111111011001111101111111111011,12.532153816763467,11.932735540351002,11.30248959693661,0.2602076188310757,495,0.4778269243015222
anti_reasons,1110111111111111111111110111111011111011110011111111,12.531755647407877,11.632304467194984,10.619999479964852,0.3087638869004129,495,0.47784351469133846
anti_reasons,1111100111111111100111011011110111011101111111110111,12.531529488634778,11.354294878089046,9.871307955480276,0.4139847867752374,495,0.4778529379735509
anti_reasons,1111111111011111111111110111111111111111100011111110,12.531388744067499,12.03020032241752,11.323785651892162,0.1789835413559111,495,0.4778588023305209
anti_reasons,1110111111111101111111110111111111011111110011111111,12.52960100540891,11.768705455487767,11.1511712275929,0.20938415632969903,495,0.47793329144129537
anti_reasons,1110111111111111101111111011111111111111111011111111,12.529353182336052,11.802270451503011,11.437711846250272,0.19008131909364154,495,0.47794361740266444
anti_reasons,1111101111011111111000110111011111111101100110110111,12.529075412046698,11.58473818527039,10.272090064853451,0.35013051049797406,495,0.47795519116472096
anti_reasons,1111111111011111111100111111110111111000110111011110,12.52898030553909,11.406338968962785,10.763307250663248,0.3149032503022978,495,0.4779591539358713
anti_reasons,1110111111111111111111111011011111011111111111111110,12.528063230073647,11.925747477031075,11.388248895608166,0.21312460032825098,495,0.47799736541359805
anti_reasons,1110111111101111111111111111011011111111111111011011,12.52796498993224,11.930012490546673,11.225824240492653,0.21852808915021782,495,0.4780014587528233
anti_reasons,1110111111111111111111111111110001101111100111111111,12.527547663697987,11.909051441157738,11.23099865034245,0.23317075061713652,495,0.47801884734591715
anti_reasons,1110111111011111111111111011011111111111111111110111,12.527518242683252,11.61151718318273,10.899158191664457,0.28925406377356666,495,0.47802007322153117
anti_reasons,1110111111111101111111110111111111111011110011111111,12.526012880084547,11.56572588739672,10.579031264924343,0.29938932396676754,495,0.4780827966631439
anti_reasons,0111111110011111011111111011111111111011111111011011,12.524522002884092,10.16831109608011,9.355355268261517,0.6936512974225865,495,0.47814491654649616
anti_reasons,1111111111111011111111111111111111111111100011110111,12.524252159723043,12.025991575499868,11.65058710503785,0.13056707131920586,495,0.47815616001153993
anti_reasons,1111110111111111100111110111111001111000111110111011,12.523706045382598,11.661470351661825,10.874198464408535,0.3040846018579498,495,0.47817891477572505
anti_reasons,1111111111111111111000111011011001111111111111110011,12.521888802073866,11.56074405078205,10.570454901956447,0.38826839904489263,495,0.4782546332469223
anti_reasons,1111111111111111111111110110011111111111000011111111,12.52034376819227,11.974500871086763,11.40138358841745,0.1984959406997144,495,0.4783190096586555
anti_reasons,1111111111101111111111111111011011111111111011011011,12.519788257657918,11.92984081129775,11.197839956734734,0.23138932189060815,495,0.4783421559309201
anti_reasons,1111111110011111111111111011011011101111111111111011,12.518819506784148,11.651253390899866,10.466365083984343,0.33910434010603974,495,0.47838252055066055
anti_reasons,1111111111011111111111110011111111111111100011111111,12.516620777020231,11.729299626670599,11.013562304434947,0.26278109846048514,495,0.47847413429082375
anti_reasons,1111111111011101100111111110110111111000011111011011,12.516039997233827,10.671628198677501,9.363244242634908,0.6357389415493451,495,0.4784983334485905
anti_reasons,1110111111011111111111111111111111111011110111110011,12.515944763155398,11.338442828589672,10.603331357470573,0.32349637982766294,495,0.4785023015351918
anti_reasons,1111100111101111100111110110111111111011110111011110,12.515485125420332,11.24100438670384,9.709993318529522,0.4510094612903279,495,0.47852145310748617
anti_reasons,0111110110011111111111011111111111111111111110011011,12.515144904067267,11.127796275910761,10.759988589097848,0.31410043207333405,495,0.47853562899719726
anti_reasons,0111111111111111100111110111111110011111111011111011,12.51473846194246,10.744665590509141,10.133676807047845,0.5008518201340826,495,0.47855256408573077
anti_reasons,1110111110011111111111111011111111111111111111110011,12.514666354455837,11.673165501670358,11.12270964035921,0.22589613889768037,495,0.4785555685643401
anti_reasons,1111110110011111100111110111111111011000111111111110,12.514113081814907,11.567208206341384,10.981134338086564,0.29623939994056003,495,0.4785786215910456
anti_reasons,1111111110011011011100111111111110011100111011011111,12.514084218740091,9.715453752335087,8.451221663239854,0.9355213257143665,495,0.4785798242191629
anti_reasons,1111111111011001101111111111111111111111100111111111,12.513522324837107,11.82342439383018,11.28977241029526,0.2155725635045433,495,0.4786032364651206
anti_reasons,1111110011111111100111011011110111011101111111110111,12.51315023260052,11.360737240815812,10.386669213079884,0.37791484538694436,495,0.47861874030831164
anti_reasons,0111111111111111111111111111011111111011110111011011,12.512973976975802,11.068240441971234,10.30950359950431,0.43422906905794434,495,0.47862608429267495
anti_reasons,1111111110011111101111011011111111111111111110011111,12.51213800483178,11.52519721820822,11.015442626609797,0.2898704415736489,495,0.4786609164653425
anti_reasons,1111100001101111101111110110110111111111000111111011,12.51179452093848,11.55890986162833,10.623769054113811,0.3253026064495969,495,0.47867522829423004
anti_reasons,1111111110011101101111111111011111011011111111011111,12.51160397751288,11.256237573469077,10.491561881695016,0.381965260492443,495,0.47868316760362994
anti_reasons,1110111111011111111111111011011111111011111111111111,12.51087559817578,11.484371551082456,10.792122441721009,0.3741175497504032,495,0.4787135167426758
anti_reasons,1111110011111111100111110111111001111000111111111011,12.508804151412617,11.667741035139667,10.921266338107936,0.28758117524022053,495,0.4787998270244743
anti_reasons,1111111111111101100111110111111110001111111011111111,12.508208656786698,11.567404104690581,10.813093131727683,0.2939333020904757,495,0.4788246393005543
anti_reasons,0111111111111111111111111111111001111111100111011011,12.507951353371007,11.468046144033075,10.94076539350212,0.34338747574353956,495,0.478835360276208
anti_reasons,1110111111111101111111111111111111111011110011111011,12.50658737617795,11.232698312672943,10.643229692746244,0.34732178641189615,495,0.4788921926592521
anti_reasons,1110111111111111111111111111111011111011110011111011,12.505435740358697,11.299276892471209,10.429234011176714,0.3575246709680035,495,0.47894017748505424
anti_reasons,1111111111011111111111111011011111111111111011111110,12.504299187244913,11.605378926609921,10.92934030953764,0.25981862690190477,495,0.4789875338647953
anti_reasons,1110111111011111111111110111110111111111100111111110,12.504013349902511,11.738513003767988,11.137671247977618,0.21300836237220155,495,0.478999443754062
anti_reasons,1110110111101111111100011111111001111101111111111111,12.502718224478336,11.917031004902372,10.950581134235536,0.3100163901109806,495,0.4790534073134026
anti_reasons,1111111110011111111111111111011111111011111011110111,12.502184164104253,11.735977423692344,11.072060644307516,0.3015764582173508,495,0.4790756598289895
anti_reasons,1111111110011101111000111110110011101111100111111111,12.501493288056826,11.755135090098614,10.529449706654372,0.319875850826526,495,0.4791044463309656
anti_reasons,1111111111011111000111111111111011111111110111011111,12.50089709710604,11.536655494035937,10.697192574456132,0.30318184302590934,495,0.4791292876205816
anti_reasons,1111111111111011111111111111111111111111100011111110,12.500522881389273,12.02002499817598,11.52508758173641,0.14162932506500683,495,0.47914487994211363
anti_reasons,1111100011111111100111110110110011111011110111111011,12.500100604057629,11.208429597761189,10.198755114194052,0.328033101280516,495,0.4791624748309321
anti_reasons,1111111111111111001111111011111111111011110111011011,12.498400538038334,10.590776419025058,9.736259483072503,0.4815843954175428,495,0.4792333109150694
anti_reasons,1111110111011111111111111011011111111001110110111111,12.497778631936471,11.378958742238659,10.32192419831766,0.44492331653549805,495,0.4792592236693137
anti_reasons,1111110011101101100111110110111011101100111110011111,12.497110630261105,11.539589510176194,9.6093661630633,0.5383176417818364,495,0.479287057072454
anti_reasons,1110111111111101111111110111111111111111110011111011,12.496290403313646,11.504099017369258,10.859903921329597,0.23316300968871248,495,0.47932123319526476
anti_reasons,1111111111011111111111111011011111111111111011110111,12.496079074337919,11.611345503933808,10.910616652622004,0.26842898836087187,495,0.4793300385692534
anti_reasons,1110111111011111111111110111111011101111100111111111,12.495797235641815,11.801347244680494,10.669613061656023,0.305009677306909,495,0.4793417818482577
anti_reasons,1111100111101111100111110110110111111011100111011111,12.495294657752519,11.19283450970588,10.328664112174373,0.36062994071022125,495,0.4793627225936451
anti_reasons,1110111111111111111000111111111011111111110011111011,12.494259976386289,11.47467266946696,10.541583353509063,0.3128764723799891,495,0.47940583431723793
anti_reasons,1111101110001101111100011111110111111100111111111011,12.493013550222889,11.72628624424805,10.942895088827603,0.2515123129568927,495,0.479457768740713
anti_reasons,1111110011101111100110111110110111111011110111111011,12.491686376321148,11.35058149181808,10.66795355810057,0.3027890954656477,495,0.4795130676532855
anti_reasons,1110111110011111111111111111011111111111111111011110,12.49127575263887,11.662589078266029,11.085327877447588,0.2080206681763359,495,0.4795301769733804
anti_reasons,1111111111011111111111111111011111111011100011111111,12.488864202203708,11.459255653217731,10.817384070307574,0.3627866721015579,495,0.4796306582415122
anti_reasons,1111111111101101100110110110110111111000111111011011,12.488361780173337,10.862752968213734,9.709560676306982,0.4783026672272301,495,0.47965159249277767
anti_reasons,1110111111011111111111110111110111111111100111110111,12.488054450034799,11.744479581091875,11.114298973111287,0.2040347542751663,495,0.47966439791521676
anti_reasons,1111111111111011100111111111111111111111100011111111,12.487732357462278,11.712595920456401,11.410041805279109,0.22403151036710042,495,0.47967781843907176
anti_reasons,1111110110001101111111111111111111111101111011011011,12.487523788955247,11.4908292128221,11.09009090656556,0.23305284819864966,495,0.47968650879353136
anti_reasons,0111111111111111101111011111111011111111111111011011,12.486360433139252,11.321049387808829,10.75499648001194,0.27502429790099303,495,0.47973498195253117
anti_reasons,1111110011101101111000110111111011111000110110011111,12.484006676593605,11.562651356758003,9.397136695469891,0.5259424354128932,495,0.4798330551419331
anti_reasons,0111111110011111011111111111111011111111100111011111,12.48253551584613,11.097148045282207,10.349445735932576,0.3964423818536447,495,0.4798943535064112
anti_reasons,1111111111111111111000111011011111101111111111110011,12.48121435346685,11.763723618873097,10.70107512957258,0.3311471307326117,495,0.47994940193888125
anti_reasons,1111111111111111111111111111011111101101100111110011,12.479834531590567,11.940248283224731,11.114090656937044,0.26668482988561376,495,0.4800068945170597
anti_reasons,1111110001111111100011111111111001111000110111111110,12.476223166213643,11.478269968778294,9.97500686198149,0.5484487808159505,495,0.48015736807443155
anti_reasons,1111111111011111111111111011111111111011110011111011,12.474670228740877,11.031403876269943,10.304297669912282,0.45402440721336434,495,0.4802220738024635
anti_reasons,1111110110011111100111110110111111111000111111111110,12.474299099684362,11.603502463969793,10.881445018580942,0.2948846677050426,495,0.48023753751315157
anti_reasons,1111100011111111100111110111110011011011110111111011,12.473851853753391,11.17213534013278,10.216558584502499,0.31709845086357763,495,0.4802561727602753
anti_reasons,1111101111001111101100111111110011111111000110111111,12.473215923288006,11.875223820701093,10.256936290182674,0.32371859318794244,495,0.4802826698629997
anti_reasons,1111110111101111100110111110110011111011110111111011,12.47307427363895,11.255521016491935,10.285842723078652,0.3272300379958717,495,0.4802885719317104
anti_reasons,1110111111111101111000110110110111101111111011111111,12.469957650991498,11.258070527476688,9.983916835480434,0.4801389877055055,495,0.48041843120868755
anti_reasons,1111110001111111111111111011111011011011111011111011,12.469188356432326,11.400730291202553,10.658455507089872,0.29731928990118145,495,0.4804504851486531
anti_reasons,1111111110011101111000110110110011111101100111111111,12.468734026704556,11.814072177634728,10.672409847205882,0.286162390128916,495,0.4804694155539768
anti_reasons,0111111111111111011111111111111001111111100111011111,12.46869559033338,11.293425573191753,10.744776833985107,0.3400923976378495,495,0.4804710170694425
anti_reasons,1110111111101111011111111110110011101111111111011111,12.468349659778163,11.4109477496279,10.316327866091033,0.3813906100029509,495,0.48048543084257656
anti_reasons,1111111111111111011111111011111110011011110111011011,12.466327180370696,10.40379399060483,9.642670608606068,0.5959529976156297,495,0.48056970081788764
anti_reasons,1110111111111111101111111111111111111011110111011110,12.465600473343109,11.327883384776255,10.644056861662564,0.3372209556373598,495,0.4805999802773705
anti_reasons,0110111111111111111000110110111110011111100111111111,12.464584654695429,10.672941813483128,9.733628348800375,0.46535065638554246,495,0.4806423060543571
anti_reasons,1111111111011111111111110011111111111111110011111011,12.46437325587657,11.302804580966258,10.473474071302686,0.3752429918883205,495,0.4806511143384763
anti_reasons,1111110011001111111000110111111111111011100110111110,12.463421724567164,11.60645494848695,9.85904023447836,0.417209605629936,495,0.48069076147636813
anti_reasons,1110110011111111111100011111111001111101111111111111,12.460908746227105,11.929149485894694,11.29134178309067,0.23113050871691662,495,0.4807954689072039
anti_reasons,1111110001111111100011111110111001111000110111111111,12.459846109208735,11.596364739721363,10.608347130988314,0.37135117857956185,495,0.48083974544963604
anti_reasons,1111101110011011111000111110111111101100111011011111,12.459177266028737,10.404167019283829,8.853304608505972,0.7178921394302068,495,0.4808676139154693
anti_reasons,1111100111001111111000110111111111111011100110111110,12.457875336263962,11.600012585760185,9.809631878670963,0.45605728593750916,495,0.4809218609890016
anti_reasons,1111111110011111111111111011111111111111111011011110,12.457593005928796,11.661060667773661,11.162571583138215,0.2502681115129107,495,0.48093362475296686
anti_reasons,1111111111111111111111011111011110011111111111110011,12.457566270329835,11.723598849858973,11.302768512481693,0.18142207537000735,495,0.4809347387362569
anti_reasons,1111110111101111111000110111111011111000110110011011,12.457542085115886,11.277562272745174,9.956281873879107,0.3330569251486966,495,0.4809357464535048
anti_reasons,1110111111001111111000111111011011111111111111111011,12.457092326999934,11.526008319438125,10.552892875428164,0.30780816103936753,495,0.4809544863750027
anti_reasons,1111100111101111111100110111111111111001100110011011,12.45651733501094,11.384325514971263,10.427687655594285,0.29185765374957073,495,0.4809784443745442
anti_reasons,1111110001101111101111110110110111011111000111111011,12.453381704652951,11.310893111704024,10.18933540137283,0.40407261546197787,495,0.48110909563946036
anti_reasons,1111111111011111100111110111110111111011110111111110,12.453135899619516,11.578838938414346,10.941220364510347,0.27069225577378453,495,0.48111933751585345
anti_reasons,1111110111111111100111110110111111111011100011111111,12.451726490832545,11.323906809424107,10.554800586064436,0.29434139975977086,495,0.4811780628819773
anti_reasons,1111100011001111111000110111111111111011100111111110,12.451490936379379,11.606283269238027,9.905902030447901,0.38264229095084784,495,0.48118787765085924
anti_reasons,1110111111011111111000110111111111111111100111111110,12.450592628920917,11.675991686287729,10.736299400226558,0.24215569197603912,495,0.48122530712829514
anti_reasons,1111111111101101111111110111011111111111111011011011,12.450364298507377,11.604886843821337,10.910912378608941,0.21970608744839448,495,0.48123482089552594
anti_reasons,1111110011111111100110111110110011111011110111111011,12.449780607126407,11.267639497484259,10.613652461868753,0.27787386576972684,495,0.481259141369733
anti_reasons,1111111111111111101111111111011111011011110111011110,12.449759533106246,11.214166084032184,10.41235098546047,0.34711278532107603,495,0.4812600194539064
anti_reasons,1111111111011011011100110111111110011100111011011111,12.449642859344557,9.512168085868934,8.032417429565076,0.9847393575242933,495,0.48126488086064345
anti_reasons,1101101100001111111000011110111011111100111110111011,12.449057105062938,11.508405544012673,9.993833763100717,0.30563378051633716,495,0.4812892872890443
anti_reasons,1111111110011011011100110111111110011101111011011111,12.447135886425052,9.569724980284867,8.144448670181227,0.9538893747332625,495,0.4813693380656229
anti_reasons,0110111111111111111000110110111111001111100111111111,12.44682583474264,10.708523494615688,9.476998158298215,0.5174833303445682,495,0.48138225688572334
anti_reasons,1111101111111101100110110110110111111000111111011011,12.446404040781806,10.868429086479292,9.682702565796687,0.5042892786881276,495,0.4813998316340914
anti_reasons,1110111111011111111000110111111111111111100111110111,12.446402684692012,11.681958263611616,10.877983841626213,0.2442286606316354,495,0.48139988813783285
anti_reasons,1111111111011111100111110111111111111000110111110111,12.443870311324215,11.611106465597482,10.862810230465769,0.27272605394857796,495,0.4815054036948244
anti_reasons,1111111110001101111000111110111011111101100111111011,12.442474817005737,11.68844770818474,10.512696965695257,0.2390121431032606,495,0.48156354929142764
anti_reasons,0111101111111011111000011111111111111111111111011011,12.442397187094764,10.78536276227545,10.162410596937397,0.5302793956722803,495,0.48156678387105145
anti_reasons,1111101111101111111000110011111111111001100110111011,12.44145490453213,11.427370362355727,10.108358371553171,0.30907081909853806,495,0.4816060456444946
anti_reasons,0110111111111111111111111111011111111111111011011111,12.440302087968561,10.91634140148013,10.532873579510953,0.36129087883246713,495,0.4816540796679766
anti_reasons,1111100001101111111111011011111001111000111110110111,12.439961642163556,11.0828592112904,8.39125294174323,0.808360997234672,495,0.4816682649098518
anti_reasons,1111101111111101100110111110110111111000111110011011,12.439788629143528,11.048196379047253,10.045372744124188,0.41265511801998855,495,0.4816754737856863
anti_reasons,1111111111101111011111111011111111111011110111011011,12.43960834545561,11.151940211021678,10.367992519258152,0.4105490984013379,495,0.4816829856060162
anti_reasons,1110110011101111111110011111111001111101111111111111,12.4386743470427,11.850722215638188,10.84692631994016,0.321550049477156,495,0.4817219022065542
anti_reasons,0111111111111111111111111011111011101111111111011011,12.438461698446272,11.52857204378144,10.527963214612955,0.31051547037947824,495,0.4817307625647387
anti_reasons,1111111110011111111100110011111001111111111111110110,12.438135926768082,11.561638904038022,10.038808123497128,0.409346610855327,495,0.4817443363846633
anti_reasons,1111111111101111101111111111011111111111100011111011,12.434624954604198,11.314546601399964,10.8586577840508,0.2368060048625178,495,0.48189062689149176
anti_reasons,1111100111001111111111011110111111111011100111111110,12.433843448501527,11.25924950495037,9.561357345482953,0.4518308959782025,495,0.48192318964576975
anti_reasons,1111110111111111111100011111111111011101100110111011,12.432827364801264,11.864661065128193,11.273132458426597,0.17727121139988344,495,0.48196552646661395
anti_reasons,1111100011101111100111111110110111111111100111011110,12.432566656982084,11.500051540528071,10.285949147542276,0.3887062686863079,495,0.48197638929241315
anti_reasons,1111100111111111100110110111111011011011110111111011,12.431882613621179,11.258386487349389,10.23751354820844,0.2907786100503752,495,0.4820048910991176
anti_reasons,1110111111011111111111110111110111111011110111110111,12.430526059041968,11.379611405414996,10.702604302662564,0.25047236115898097,495,0.48206141420658466
anti_reasons,1111100011111111100111110110111011011011110111111011,12.430439728775596,11.173492071376227,10.189384761160946,0.32606432299465943,495,0.48206501130101687
anti_reasons,1110111111111111111000111111011111011111111111110011,12.429808888802954,11.695428509919322,11.18486362974897,0.20337953064923414,495,0.4820912962998769
anti_reasons,1111100011011111111000110111111111111011100110111110,12.429050957429427,11.612131066752507,10.205613305304578,0.34375251163380083,495,0.48212287677377386
anti_reasons,1110111111111111111111111011011111111111111111011110,12.427343266402236,11.65517446158868,11.06287211116762,0.22521122642515223,495,0.4821940305665735
anti_reasons,1110111111101111111000111111011011011111111111111011,12.426577862919526,11.846205190610357,11.144381232184315,0.20331082524161906,495,0.48222592237835304
anti_reasons,1111111111101111111111111011111111111111110011011011,12.426500251158323,11.526347931749577,11.02298423685043,0.2830977873558696,495,0.48222915620173656
anti_reasons,1111111111011111111111111011111001111111111011111011,12.426297806838084,11.457510528191035,10.763713199412152,0.3609348210117262,495,0.4822375913817465
anti_reasons,1111111111111111111111110111011011111011110011111011,12.425890039230303,11.253980728332404,10.16776689072121,0.3832643765211213,495,0.48225458169873736
anti_reasons,1111101111011101100111111110110111111000111110011011,12.424722530882068,10.67914824590579,9.485402135343785,0.4971331439019685,495,0.48230322787991387
anti_reasons,1111110011111111011111111110111011111011110111011011,12.42398872620129,11.190076800045492,10.106701578785682,0.36441793136559303,495,0.4823338030749462
anti_reasons,1111110011101111100110111110111111011011110111111011,12.422025501039116,11.315643965433116,10.565194995180725,0.30749365946909035,495,0.48241560412337015
anti_reasons,1111111110011111101111111011011011111111111111111011,12.420590184066624,11.475857613904115,10.614895127246694,0.33063170785214735,495,0.48247540899722396
anti_reasons,1111110011101111100110110111111011011011110111111011,12.420160487735757,11.180372957451489,9.884122391699126,0.346829113177162,495,0.48249331301101017
anti_reasons,1111111111111101100111110111111111111101100011111111,12.419160461775173,11.98287674098556,11.314807246820505,0.17614654309946606,495,0.48253498075936785
anti_reasons,1111111110011111111000011110011111111100111111110111,12.418676464018166,11.535080178561847,10.557199864275518,0.22534765951400085,495,0.48255514733257643
anti_reasons,1111110110011111100111110110111111011001111111111110,12.416685008298822,11.389352555314307,10.603552207847315,0.3244664229370427,495,0.48263812465421574
anti_reasons,1111100011111111100110110110111011111011110111111011,12.415642611776011,11.222343333345457,10.180050242234806,0.33450032449012396,495,0.4826815578426662
anti_reasons,1111100011111111100111111110110011011011110111111011,12.414616012225146,11.14000846115592,10.203663082988975,0.3409537369604924,495,0.4827243328239522
anti_reasons,1111111111111111111111111111011111011011111011110011,12.414078592241854,11.51986105367465,10.954205923994225,0.27675718405835065,495,0.48274672532325613
anti_reasons,1111100011111111100111110110110111011011110111111011,12.413673807091454,11.04903096043626,9.970895426689676,0.39898325915982213,495,0.4827635913711894
anti_reasons,1111111111101101100110110110111111111000111110011011,12.413435221913339,11.076003871002001,10.169023552038281,0.3692256662364395,495,0.48277353242027754
anti_reasons,0111111111111111011111110111111111011011110011011111,12.412987220635124,10.095197056380082,9.331170573618412,0.596726147487308,495,0.4827921991402032
anti_reasons,1111111111001101100110110110110111111000111111011111,12.412732717706781,10.807162535160009,9.667584234099598,0.4537744286926912,495,0.48280280342888415
anti_reasons,1111110001111111100011111110111001111001110111111110,12.409588413510944,11.300414317751217,9.852025297897688,0.5141448244729762,495,0.48293381610371067
anti_reasons,1111101111111101100110110111110111111000111110011011,12.407709541481687,11.08032325802411,10.233821444816419,0.37578712305601175,495,0.4830121024382631
anti_reasons,1111111111001111111000110110011111111101100110110111,12.406818210514464,11.288559800349828,9.39360873838547,0.3722648847797998,495,0.48304924122856396
anti_reasons,1111110011011111100111111110111111011001110111111111,12.405823173572944,11.469543254906968,10.858306040188916,0.2831536117822435,495,0.4830907011011273
anti_reasons,1111101110001101111100011111110111111000111111011111,12.405481806114619,11.190543574549698,10.23166780874993,0.33663847169350297,495,0.48310492474522426
anti_reasons,1111101110011011111000111111111111101100111011011011,12.404750077894912,10.103266323536912,8.62548620970029,0.794261739844833,495,0.4831354134210454
anti_reasons,1111101111111101100110110110110111111001111110011011,12.402956821617453,10.902467606997034,9.823466509118973,0.41899013071016034,495,0.48321013243260613
anti_reasons,0111111111111011011000011111111110011111111111111011,12.399911949514573,9.86288643007561,9.172213114157007,0.7111306363376292,495,0.48333700210355945
anti_reasons,1111101111001111111111011110111111011011100111111110,12.398570163480986,11.158032452366966,9.802791652539849,0.3444127819951019,495,0.48339290985495886
anti_reasons,1111110111101111111100110011111011111001110110011111,12.398399648141861,11.342520548126398,9.517406409871306,0.48504310372771875,495,0.4834000146607558
anti_reasons,1111111111001101100111110110111111111000111110011011,12.398369123651875,10.706955737860538,9.727302308437944,0.4275754775616543,495,0.4834012865145052
anti_reasons,1111101110001101111100111111110111111000110111111110,12.397913872845024,11.551406653736075,9.724560754300137,0.3874861302621576,495,0.48342025529812405
anti_reasons,1100111111101101111111111111011111111111111111011011,12.396325888950363,11.798969836910212,11.212018518603054,0.18545378531552767,495,0.48348642129373487
anti_reasons,0111111111011011111111111111111011111111100111111111,12.396208293445097,11.600086732087929,10.919622737710581,0.2615337314160383,495,0.4834913211064543
anti_reasons,1111111111011111111000111011011111111111111111110011,12.3952119793245,11.586954131042987,10.637408368964595,0.2950593266414895,495,0.4835328341948125
anti_reasons,1111111111111111111000111011111011111000011011111011,12.394639690443519,11.295687139914822,10.288429117145817,0.3795619334269495,495,0.4835566795648534
anti_reasons,1110111111011111111111110111111001111011111111110111,12.393575385531456,11.567800962860078,10.6392600525303,0.30429408845155503,495,0.483601025602856
anti_reasons,1111100111011111111100110110111011111111000110110111,12.393441671414935,11.720070809538148,10.146721006913449,0.44197978922734593,495,0.4836065970243777
anti_reasons,1111100111001111111100011110111111111011100111111111,12.39190219823162,11.3838726578661,10.235200158875621,0.29748393245125504,495,0.4836707417403492
anti_reasons,1111111111011111100111110111111111111000110111111110,12.391616997758856,11.605139888273595,10.91751232561065,0.270000026767554,495,0.483682625093381
anti_reasons,1111110011111111111000110111111011111000110110011011,12.391579937096797,11.289680753737498,9.995899410595511,0.31151272198711255,495,0.48368416928763347
anti_reasons,1111110111111111100111110111111111111011110011111110,12.391351877211566,11.37071995517862,10.229770803101037,0.3792695959481477,495,0.4836936717828514
anti_reasons,1111111110011011011110110111111110011100111011011111,12.390196596650835,9.4631069870251,7.992623677667111,0.978399358291207,495,0.48374180847288184
anti_reasons,1111110011101111111000110111111011011000110110011111,12.389973573355462,11.46983129923134,9.970661088235127,0.33472590510453437,495,0.48375110111018904
anti_reasons,1111101111101111111000110011110111111011100110111011,12.389781707041584,11.28842279686855,10.110895947160035,0.27985475233158363,495,0.483759095539934
anti_reasons,1110111111011111111000110111111111111011110111110111,12.388874293699182,11.317090087934737,10.291834628819014,0.2845583909298874,495,0.48379690442920076
anti_reasons,1110111111111111101111111011111111111011110111111011,12.388751543942465,11.032949266353224,10.343175607567522,0.39033116963484454,495,0.4838020190023973
anti_reasons,0110111110001111111111111111011111111111111111011111,12.388219314514318,11.051194297077634,10.661776652017592,0.27651756681769396,495,0.4838241952285701
anti_reasons,1111111111111101111111111111011011111111111011011011,12.388085498124767,11.780320237165665,11.130694921286077,0.2189771541991586,495,0.48382977091146806
anti_reasons,1111110110011111111111111011111011101111111111011011,12.387804685387522,11.53644538157559,10.550201032319537,0.28984088830953586,495,0.4838414714421866
anti_reasons,1101111111111101111111110111011111111111111011011011,12.384754990747169,11.62487866260781,10.888566915036478,0.24891952184807922,495,0.4839685420522013
anti_reasons,1111100001101111100110011111111111011011000111111111,12.383774465918957,11.044500554271577,9.567632966894953,0.4202279138746002,495,0.48400939725337677
anti_reasons,1111110110001111100110110111111011011100111110111111,12.38307521987868,11.897174199306399,10.698134421558299,0.31581683047469433,495,0.484038532505055
anti_reasons,0111111111111111111111111011011111111011110111011111,12.38232646674069,10.950145671028164,10.164388070711883,0.40501847362051246,495,0.48406973055247127
anti_reasons,0111101111111011011000011111111111111111111111011111,12.381694896896581,10.610742191434127,9.964702393152809,0.5299470144989944,495,0.48409604596264244
anti_reasons,1111100001101111100111011111111111011011000111110111,12.381647065051606,10.919815356311576,8.880532513284566,0.611895362478088,495,0.4840980389561831
anti_reasons,1110111111111111111000111111011111111011111111110011,12.379194805725634,11.492448941828275,10.675210202379471,0.29562504691244973,495,0.48420021642809863
anti_reasons,1111111111111001100111011111111110011111111111111011,12.378844726621676,10.968823622784967,10.324434095919322,0.3501708640614155,495,0.48421480305743014
anti_reasons,1111111111011111111000111111111001111000011111110011,12.378598082515008,11.371147333661694,10.55786037929565,0.3546725550712945,495,0.484225079895208
anti_reasons,1111110011111111100111110011111011111000111110111011,12.37842724288347,11.385440795442586,10.24185953839993,0.38131206692300973,495,0.48423219821318875
anti_reasons,1111111110011111111111110111111001111000110111111110,12.378129464495533,11.592872806662669,10.536931106137915,0.31008974956763374,495,0.48424460564601945
anti_reasons,1111100111001111111111011110111111011011100111111111,12.376413422351355,11.341050018265031,10.248745052208312,0.3184956565825901,495,0.4843161074020269
anti_reasons,1111100111001111111111011111111111011011100111111110,12.376102194201803,11.222955247321961,9.578856586870144,0.43095706059290945,495,0.4843290752415915
anti_reasons,1111111111011111111111111111011111111111100011111110,12.375008320029812,11.580434707994117,10.98151890305354,0.2263160089633775,495,0.4843746533320912
anti_reasons,0111111111111111100111111111011111111111100111111011,12.372601843988399,11.31445204205627,10.833180951207881,0.23324822788490898,495,0.48447492316715
anti_reasons,1111110111001111111110111111111111011011000111110111,12.371810275272143,11.658734333384697,10.684310397490863,0.2669886640163922,495,0.48450790519699405
anti_reasons,1111101111111101100110110110111111111000111110011011,12.371477482521808,11.081679989267558,10.142165441527988,0.3685690506957291,495,0.4845217715615914
anti_reasons,1111111111011111111000110110111001111011111111110011,12.370400212574642,11.252735644065329,10.165298513282771,0.3610152112119161,495,0.4845666578093899
anti_reasons,1111100001101111100110011111111111111011000111110111,12.370165516917018,10.968666618280803,8.868262459980112,0.6140777538400963,495,0.4845764367951243
anti_reasons,0111111111011011101111111111111111111111111011111111,12.369899867846883,10.934914981496108,10.529922427175162,0.40831536323982554,495,0.48458750550637986
anti_reasons,0110111110001111111111111111011111111111111111111011,12.36894319960544,11.05716087440152,10.639185237655093,0.2816996190111484,495,0.4846273666831067
anti_reasons,0110111111111111111111110111011111011111111011111111,12.367712432558301,10.92853902924438,10.381158662735698,0.3258071602927227,495,0.48467864864340415
anti_reasons,1110110111111001111111111111111111101101111111011011,12.367567248583333,10.891771886362461,10.152998761465902,0.36518467000386345,495,0.48468469797569447
anti_reasons,1110111111011111111111111111111001111011111111110011,12.367255478482276,11.2347733881363,10.446459329908853,0.34119028784874,495,0.4846976883965718
anti_reasons,1111110111111111100111110110111111011011111011111110,12.367067982632076,11.322955199503413,10.345515240064142,0.3345557565893905,495,0.4847055007236635
anti_reasons,1111111111011111111111111111011111111111100011110111,12.366788207122818,11.586401285318006,10.946547348589657,0.23399882697423588,495,0.48471715803654924
anti_reasons,1111111111111101101111111111111111111011110011011011,12.364966078700865,10.910929313966731,10.123567787647985,0.4207616234069654,495,0.4847930800541306
anti_reasons,1111110111111111111111111011110111111001110111011110,12.364959723801427,11.514875659683701,10.437015741898378,0.2926478706252026,495,0.4847933448416072
anti_reasons,1110111111111111111111111111111001111011110011111111,12.364958620341747,11.384874266115034,10.742301205597686,0.34782311301079066,495,0.4847933908190939
anti_reasons,1111110011011111111111111110011111111011110110111011,12.360844630298716,11.287125267305656,10.699355812660986,0.2907317676487081,495,0.48496480707088685
anti_reasons,1110111111111111111111111111111001111111100011111111,12.359079020767817,11.749742441791913,11.399845611404409,0.2114950231308279,495,0.4850383741346743
anti_reasons,1110111111111111111000111110111001111011110111111011,12.358736835914382,11.069980626569205,10.16617146900562,0.35753057426560814,495,0.4850526318369007
anti_reasons,1111110011111111100111110011111011111011111111110011,12.35867083811497,11.326976478317787,10.00445958469743,0.46177322355435196,495,0.48505538174520957
anti_reasons,1110111111011111111111110111111111111000110111110111,12.357794066536393,11.405912355274246,10.625250802391657,0.2507654231212631,495,0.48509191389431694
anti_reasons,1111101111011111111000110111011111111101100110111110,12.357269944611804,11.578771607946504,10.265540113868568,0.3373746449407768,495,0.4851137523078415
anti_reasons,1101100110001101111111011111111111001100111110111011,12.356860528176975,11.136447054271502,9.369546383543145,0.42068285439626296,495,0.48513081132595937
anti_reasons,1111101111111111100110110110110111111000111110011011,12.356037168414439,11.023797458125857,9.899769985061445,0.5110100165349675,495,0.48516511798273176
anti_reasons,1111101111011101100111111111110111111000011110011011,12.35553877420425,10.804742595863212,9.846260127224346,0.4800465700608621,495,0.48518588440815624
anti_reasons,1111100111101111100110111110111111111011110111011110,12.355339405545012,11.221434512067802,9.705566768398304,0.4146920696794175,495,0.4851941914356245
anti_reasons,1111101111101111111110110111110111111000110110011110,12.3547398152507,11.559141837014486,10.273203180267355,0.2997875386279546,495,0.4852191743645542
anti_reasons,0111111111111111111111111011011111111011111111011011,12.354668729303057,10.928276743889453,10.167807618793768,0.4501067997598856,495,0.4852221362790393
anti_reasons,1111110111111101101100111011111111111011110111011110,12.354522966719436,10.796076053933042,9.254994029537011,0.5225913253697004,495,0.48522820972002345
anti_reasons,1111101110001101111100110111110011111001110110111111,12.354420857353274,11.568268937215258,9.385341330833796,0.47416566623266126,495,0.4852324642769469
anti_reasons,1111111111011111011111110111111011111011110011011111,12.35346815116886,10.54313822441117,9.294193519139792,0.4924554689141245,495,0.48527216036796417
anti_reasons,1111111111111111100111111011111111101111111011110111,12.353200587761181,11.780229878547813,10.962736947650763,0.2771861258338655,495,0.4852833088432841
anti_reasons,1111110011111111100011110111111111001111100111110110,12.352797149937684,11.37896310956167,9.710647385215466,0.535936976472878,495,0.4853001187525965
anti_reasons,1110111111111111111111111011011111111111111111110011,12.351035154971683,11.667107616236454,11.047431254464582,0.2429929111662452,495,0.4853735352095132
anti_reasons,1111111111001111111111111011011111101111111011111111,12.350558812280308,11.459296163957793,10.616230448253042,0.26640439987917214,495,0.4853933828216538
anti_reasons,1100111111011111011100110111110011111100011111011011,12.349764363418508,9.980454147740065,8.62315041054947,0.7635756673272102,495,0.4854264848575621
anti_reasons,1111110111101111111100011011111001111000111111110111,12.348842936185623,11.083700328921688,9.31297740305623,0.6064432963897696,495,0.4854648776589324
anti_reasons,1111111111111111100111011011111001111000011111111111,12.348381090711436,11.199406006187663,10.475933869695034,0.42421149765794597,495,0.4854841212203568
anti_reasons,1110111111011111111000111111011111111111111111110011,12.347350785137257,11.37523163874709,10.556159095596252,0.29003355390669056,495,0.4855270506192809
anti_reasons,0111101110011111111110011111111111101101111111111011,12.347015271964427,11.049493005736666,9.977204844589886,0.4191404770995099,495,0.48554103033481555
anti_reasons,1110111111111111111000110110110011101111100111111111,12.34696606957565,11.511599060203972,10.33916754342411,0.415539254492417,495,0.4855430804343479
anti_reasons,1111111111001111100111111110110111111000011110011011,12.345824140528537,10.7425406776994,9.681205019907724,0.5549057783727729,495,0.48559066081131097
anti_reasons,1111100001101111111100011011111001111001111111110111,12.344283229862686,10.99014003734617,8.747983000674267,0.6914513342285215,495,0.4856548654223881
anti_reasons,1111110111001111111110111110111111111011000111110111,12.344256876540031,11.695028591013106,10.51434504159275,0.3044123322326087,495,0.48565596347749873
anti_reasons,1111111111011111100111011111111111111111110111110011,12.343874059353542,11.331788418965518,10.630547168123954,0.2764835588599379,495,0.48567191419360245
anti_reasons,1110111111111111111111111011011111111111111011111111,12.342814018285656,11.739749134022754,11.33696641856238,0.2220911151122587,495,0.48571608257143095
anti_reasons,0111101111111011011000011111111111111111111111111011,12.342304653541412,10.616708768758016,9.945508654571093,0.5259487634732489,495,0.48573730610244115
anti_reasons,1111100011101111111100011011111001111001111110110111,12.342240679463714,10.96662166344798,8.392502944239308,0.7778819690897233,495,0.48573997168901195
anti_reasons,1110111111111111111000110110111011001111100111111111,12.340514571549436,11.476661533819009,10.386551871097112,0.41217731465660923,495,0.4858118928521068
anti_reasons,1111110011111111100111111011111011111000111110110011,12.339454325952575,11.241185722846545,9.531356648149005,0.5409105840002779,495,0.48585606975197604
anti_reasons,1111101111101111111100011111110111011011000110110111,12.339206921711614,11.334407098482597,9.621109015741665,0.39024690442287163,495,0.48586637826201606
anti_reasons,1111111111111111011000110011111011011111111011011111,12.338137706800557,10.898767174497372,9.770138920841575,0.4892165861010128,495,0.4859109288833101
anti_reasons,1111111111111111100111111011111111101111111011111110,12.338136902383432,11.774263301223925,10.976813007976562,0.2796236152269748,495,0.4859109624006903
anti_reasons,1111111111001101100110110110111111111000111110011111,12.337806159446783,11.020413437948276,10.1270471098309,0.36172565521907996,495,0.485924743356384
anti_reasons,1111100011111111100110111110111011011011110111111011,12.330158019943527,11.153922196740186,10.184958211029729,0.2929303119058713,495,0.4862434158356864
anti_reasons,1111100111101111101111110110110111011011000111111011,12.329853329651034,10.829764377814792,9.703628047757128,0.42700550448309066,495,0.48625611126454027
anti_reasons,1111111111111101111000111011111111111000011011111011,12.32733154256728,11.229108560116556,10.562431192196804,0.3519362188192173,495,0.48636118572636333
anti_reasons,1111100001101111100011110110110111111011000110110111,12.326099673831902,11.062863123206892,9.05193979785864,0.595890746674417,495,0.48641251359033744
anti_reasons,0111111111111111000111111111011111011111111111011111,12.325379328711392,10.950107359166518,10.458767216806482,0.3749645069784818,495,0.4864425279703587
anti_reasons,0111111110011111111111111111111011101111100111111011,12.32522012535462,11.398914248223806,10.403891478496316,0.3127555831677952,495,0.48644916144355743
anti_reasons,0111111111111111100111111111011111111111100111011111,12.324992245562234,11.308485464732383,10.84156888658191,0.23125097088420798,495,0.48645865643490693
anti_reasons,1111111110001101111000111111110011111101100111111011,12.324251115597102,11.687090976941292,10.75846263158035,0.20416486815219423,495,0.48648953685012075
anti_reasons,0111111111111111100111111011111111111111111011111011,12.323122623636126,11.126145357883807,10.70138697328881,0.29400815177982575,495,0.48653655734849477
anti_reasons,0111111111111011101110111111111110011111111011111111,12.321717295400337,10.471361001596058,10.198240077480795,0.4594166111398404,495,0.4865951126916527
anti_reasons,1111111111011111100111011011111111101111111111110111,12.32154727469407,11.313003775660125,10.131612292388995,0.3470037941305901,495,0.4866021968877471
anti_reasons,1111110011111101101111110011110111111011100111111110,12.321450257807538,10.889939764434676,9.19391625658135,0.5808566076359574,495,0.48660623925801927
anti_reasons,1111111111111101100110110110110111111000111110011011,12.32138958969064,10.868600765728214,9.709267666983353,0.4759960567075739,495,0.48660876709622336
anti_reasons,1110110111111111111100011110111001111111111111111111,12.32089352024477,11.863896063283306,11.275580303046267,0.1901938954530297,495,0.48662943665646796
anti_reasons,1111101111011101100111111110111111111000011110011011,12.319306715244371,10.806099327106658,9.806415312310536,0.46000189011226694,495,0.4866955535314845
anti_reasons,1111111110001101111100011110110111111000111111011111,12.319161854323571,10.978821082253802,10.121595576103159,0.40224966582997473,495,0.48670158940318453
anti_reasons,1111101111011111111000111111011111111101100110110110,12.318855113417044,11.434516535350463,9.819467486092693,0.4809980511616216,495,0.4867143702742899
anti_reasons,1111100011101101111000011011111111111011110110011111,12.318699982215467,10.724080559407883,8.49966175969682,0.6218817728327299,495,0.4867208340743555
anti_reasons,1111110011001111111000110110111111111101100110111110,12.317982020057459,11.69281734179513,9.847865978068063,0.37871307910410534,495,0.4867507491642725
anti_reasons,1101111111111101111000110011111011111000011110011011,12.31781350104087,10.984285481695544,9.471854984779544,0.3429266634177557,495,0.48675777078996374
anti_reasons,1111111111001111111111111011111111111111110011111011,12.317121537260954,11.476724076019739,10.942564421793046,0.27531428914857153,495,0.4867866026141269
anti_reasons,1111111110011111111111110111111001111011111011111110,12.316581040165701,11.506572985075271,10.50313665577928,0.28443675505272714,495,0.4868091233264291
anti_reasons,1111100001101111111110011011111001111001111110110111,12.315858098146842,10.917560564604143,8.312381966550298,0.7827089138397358,495,0.4868392459105483
anti_reasons,1110111110011111101110111110110111111111111111111110,12.315325179701599,11.462173408604455,10.75260806168438,0.2638203751697521,495,0.4868614508457667
anti_reasons,1111111110011011111000111011111110011100111111011011,12.313878407628513,10.031562064024863,8.83307794689762,0.7997156027908442,495,0.4869217330154786
anti_reasons,1111111110001101111000011110111111111100011110111011,12.313660483345839,11.49250030734647,10.6049611194815,0.2656383431681546,495,0.4869308131939234
anti_reasons,1111100111101111100110110111111111111011110111011110,12.311088172453507,11.253561391044661,9.71846226991183,0.4316904193641846,495,0.48703799281443716
anti_reasons,1110110001111111111110011111011111111011110111111111,12.311055438389966,10.898752165439495,9.98089971479985,0.4192738945310357,495,0.4870393567337514
anti_reasons,1111110111011111100111110111111111111111100111110110,12.310771045365511,11.607356180015477,10.463653031803823,0.39714103086398506,495,0.48705120644310373
anti_reasons,1111110110011011111000111110111111101100111011011111,12.308275773342313,10.257367321942926,8.753116178580516,0.6704869914222792,495,0.487155176110737
anti_reasons,1111111110011101111000111110110011111101100111111011,12.308225992896821,11.481044602910952,10.732094128780115,0.2761816007411057,495,0.4871572502959658
anti_reasons,1111110001111111100111011110111111001101100111111111,12.306423925877587,11.214466584880112,10.302759821176519,0.3519631188317867,495,0.4872323364217672
anti_reasons,1111111111101111111100011111110011011011000110110111,12.303917195120242,11.24578898588322,9.556537455573125,0.44645064961798037,495,0.48733678353665655
anti_reasons,1111101111011111100111111110110111111000011110011011,12.303866401137006,10.748216795964957,9.651625847358877,0.6004318396277158,495,0.4873388999526248
anti_reasons,1111111111011111111000111011111111111111111011110011,12.302624509352464,11.373703228254719,10.57696407966169,0.3185450177527476,495,0.4873906454436473
anti_reasons,0111111111111111011000111011111011111111111111011011,12.300770410229877,10.87839210278502,9.72765252053751,0.4994744400353427,495,0.48746789957375514
anti_reasons,1111111110011111111111110111111001111011111011110111,12.29997635481991,11.51253956239916,10.60374696602061,0.29107937558161256,495,0.48750098521583707
anti_reasons,0110111111111111111111110111011111111111111011111011,12.299796165354547,10.66393259112587,9.960967990096561,0.39671789167996796,495,0.48750849311022726
anti_reasons,1111100001101111100011111110110111111011000110110110,12.299721414185711,10.912641473286962,8.370727200522369,0.7570968802588512,495,0.487511607742262
anti_reasons,1101101100011111011000111111111011111100111011011011,12.299386034529189,10.418811432865512,9.29937309278628,0.6022654428767868,495,0.48752558189461714
anti_reasons,1110111111111101111000111111011111011111100111111111,12.298351754291993,11.721043513877886,11.13512637196803,0.1643544954793338,495,0.48756867690450034
anti_reasons,1111110111011111100011110110111111011000011110111110,12.296793079318599,11.082251026722446,10.22133505837158,0.3714630121950001,495,0.4876336216950584
anti_reasons,1111110001111111100111011011111111111000011111111110,12.296703621507895,11.111005839761821,9.780252231517224,0.5005827192994441,495,0.4876373491038377
anti_reasons,0111111111111111011111110110111011011011111011011111,12.296227057343344,10.206830938029805,9.278376412641958,0.5878490185673353,495,0.4876572059440273
anti_reasons,1111111111111111011111110011111111011111110011011111,12.29594653822834,10.851011341571356,10.085244920591697,0.4625098373518488,495,0.48766889424048576
anti_reasons,1111101100001111011000111111111011111111111011011011,12.295821767723435,10.664377662118243,9.640738665871202,0.49269736088490035,495,0.48767409301152354
anti_reasons,1111101110011011111000111011111111101100111110011111,12.294983300541208,10.82795536237347,9.564391343026342,0.45507132930167415,495,0.4877090291441163
anti_reasons,1100111111101101111000111111011111011111111111111011,12.294938761937647,11.715162536973898,10.796968673813115,0.18129638231791792,495,0.48771088491926473
anti_reasons,1111111111011111011000111011111011011111111011011111,12.294821632502119,10.510149166719872,9.528921375547574,0.5626279818392145,495,0.4877157653124117
anti_reasons,1111101100001111111000111111111011101100111011111011,12.294531514872144,11.291988779422562,10.171776685623692,0.3570781009326481,495,0.487727853546994
anti_reasons,0111111110001111011111111011111111111111111111011011,12.293790102869085,10.613631295829906,10.000452789243157,0.5139885307915046,495,0.4877587457137881
anti_reasons,1111100011101111100110111110110111111011100111011111,12.292737522941367,11.1009272234375,10.264575516888499,0.3205104779081856,495,0.4878026032107764
anti_reasons,1111111111111111011111110011111111111011110011011111,12.292358412903976,10.648031773480309,9.745234337202112,0.4552402671135935,495,0.4878183994623343
anti_reasons,1101111111011101111000111110111011101111100110111011,12.289908213001274,11.367608677858756,10.020069652578222,0.34874813851953185,495,0.48792049112494695
anti_reasons,1111110111111101101110011111110111111111111111011011,12.28956286463848,11.394623002259717,10.680297119402075,0.2591112907955202,495,0.4879348806400633
anti_reasons,1111111111111101111000011111011111111000011110011111,12.28893287576213,11.325657911493888,10.620279548445609,0.31079505544836317,495,0.48796113017657794
anti_reasons,1111110111011111100111111110111001111000011110111111,12.28839631323555,11.408845122933657,10.786159719035073,0.30154927897524525,495,0.4879834869485188
anti_reasons,1111111111111111100111110111011011011111111011111111,12.288023401386441,11.901871178770937,11.277691418373202,0.14623247903928063,495,0.4879990249422316
anti_reasons,1110111111011111111111110111111111101111100111111110,12.287209145192461,11.560148094040903,10.690077526842403,0.29077194466552103,495,0.4880329522836474
anti_reasons,1111100001101111101110111110110111111111000111111011,12.287162246004947,11.539339986992292,10.70534614442961,0.26648776484513426,495,0.4880349064164605
anti_reasons,1110111111111111111000110111011111011011111111110111,12.285047172239594,11.498679992268636,10.436739663360257,0.24764713852405362,495,0.4881230344900169
anti_reasons,1111110111111101111100111011110111111011110111011110,12.284948964461929,11.149836740655877,9.98487119809417,0.3773013904854441,495,0.48812712648075296
anti_reasons,1101101100001111111000011111111011101100111110111011,12.284147943025893,11.328683903042142,9.809541659858798,0.3909846913594962,495,0.48816050237392117
anti_reasons,1101111110011011111000111011111111101101111111011011,12.283852367345125,10.442122811230576,9.149813493110594,0.627482697634546,495,0.4881728180272865
anti_reasons,1111100001111101100110111110111111111000111111011110,12.282233482415965,11.248462792315388,9.93358187352811,0.39281640947346275,495,0.48824027156600147
anti_reasons,1111101110001101101100110111111011111001110110111111,12.280801987650973,11.214508250492424,8.651797812285384,0.6001883414744834,495,0.48829991718120946
anti_reasons,1111111111011101100110110110110111111000111111011011,12.280411070949492,10.300215465382752,9.009729856647727,0.6399133781202258,495,0.4883162053771045
anti_reasons,1111111111111111100111110111011011111111111011111011,12.279491711321763,11.637264740652428,10.793451854214956,0.2056043151017515,495,0.48835451202825986
anti_reasons,1110111111011111111000111111011011111111100111111111,12.278823361943768,11.467425222503918,10.447143765437888,0.32632657583724617,495,0.4883823599190097
anti_reasons,1111111110001101111100011110110111111000111111111011,12.277971580161294,10.98478765957769,10.0789715202166,0.40189232304834716,495,0.4884178508266127
anti_reasons,1111110011011111100111111110111001111000111110111111,12.2778794770363,11.501415627998899,10.80790172665579,0.30422997010551883,495,0.48842168845682077
anti_reasons,0110111111111111111000111111011111111111111011111011,12.27775932133672,10.567927663425307,9.839048263730898,0.4302268942328653,495,0.48842669494430335
anti_reasons,1111110011111101101111110111110111111011100111011110,12.277721854045184,11.002067958053855,9.809355353333434,0.43813092570698453,495,0.4884282560814507
anti_reasons,1111111110011111111000011111011111101100111111110111,12.276581510018604,11.355358537591314,10.17065530639345,0.3277355575256221,495,0.4884757704158915
anti_reasons,1111111111111111011000011011111011111000011111011111,12.27623656410602,10.703464321915646,9.598488851832109,0.40728612476410353,495,0.48849014316224915
anti_reasons,1110111111111111111111110111111111111111100011111110,12.27582076675862,11.755973492232275,11.097333894753312,0.1728250224031602,495,0.4885074680517242
anti_reasons,1101101100011111111000111111111011101100111011011011,12.275191048681211,10.714611058483223,9.45982514460311,0.5072174109957414,495,0.4885337063049495
anti_reasons,1111110001111111100111111111111001111000111111110011,12.274920784749321,11.46839624133163,10.517658859107643,0.3766929034722154,495,0.4885449673021116
anti_reasons,1111110011111111111111011011111001111001110110110111,12.274854981229526,10.844297179850885,8.757525658271227,0.740423323352296,495,0.48854770911543643
anti_reasons,1110111111011111111000110111111111111011111111110110,12.274092032274739,11.478027085599877,10.24206441318883,0.26963461332996613,495,0.4885794986552192
anti_reasons,1111100001101111111110111110110111011111000111110011,12.272932465874176,11.455532687055978,10.320443830674398,0.3462857410464391,495,0.48862781392190935
anti_reasons,1111100001101111100011110110110111111111000110110110,12.2722451798023,11.184042177983278,8.885611172756493,0.7264526922418093,495,0.48865645084157083
anti_reasons,1111111110011011011000111110111111101100111011011011,12.271642391408898,9.125520297997767,7.348112546345478,1.0626997339346291,495,0.4886815670246293
anti_reasons,1111100110011011111000111110111111111100111011011111,12.270351332434847,10.648811455209355,9.524017239978162,0.5616318563633687,495,0.488735361148548
anti_reasons,1110111111011111111111110111111111101111100111110111,12.26972336905536,11.566114671364792,10.660781362877756,0.28945496729012427,495,0.48876152628936
anti_reasons,1111100001101111100011110110110111111011000110111110,12.269538391300227,11.056896545883003,9.063922598048123,0.5950518129901892,495,0.4887692336958239
anti_reasons,1111101111101111111000111011110111111001100110111011,12.268782432183519,11.393886752135423,10.304661941375258,0.256185525956861,495,0.4888007319923534
anti_reasons,1111111111111101101111111111111011111111110011011011,12.268008528254981,11.273307519382708,10.717413823172059,0.2427368953487678,495,0.48883297798937575
anti_reasons,1111110011011111100111111111111111011111100111110110,12.267661690102793,11.466597631777866,10.524164497135917,0.36809074608030795,495,0.48884742957905025
anti_reasons,1111100001111111111100011011110011111011100110111111,12.267504256105653,11.031034366444961,9.122869089285306,0.5360736110712863,495,0.4888539893289311
anti_reasons,0111111110011111011111111110111110011011110111111011,12.266947355406755,9.782539954191183,8.99639192135572,0.6772050302877303,495,0.4888771935247186
anti_reasons,1111101110001101111110011110110111111000111111011111,12.266938637940191,10.906069930262852,10.074793240735127,0.3793639777403385,495,0.488877556752492
anti_reasons,1111111110011111111000011111111001111000011111110111,12.266828777822711,11.16583596252977,10.339560677765745,0.3186059591172912,495,0.488882134257387
anti_reasons,1111100111101111111000111011110111111011110111011110,12.266690197733958,11.150171109732488,9.711176099059164,0.3889976215445952,495,0.48888790842775176
anti_reasons,1111111111101111111000111011110011111001100110111011,12.266638155648083,11.305268639536044,10.183820063437329,0.32157513107920194,495,0.48889007684799657
anti_reasons,1111101100001111111000111111111011101111111011011011,12.265528456031257,10.960177287735954,9.789405401081869,0.398402454638818,495,0.488936314332031
anti_reasons,1111100111101101100110110111111111111000011110011011,12.265218024474617,10.897238974900302,9.67855473783009,0.376265636757406,495,0.4889492489802243
anti_reasons,1111110110001101111000110110111011101111100110111111,12.264834025039217,11.399975240884054,8.899503798984824,0.5539754016104296,495,0.48896524895669924
anti_reasons,0111110011111111011000111111110011111011111111011011,12.264715558505827,10.468337862524741,9.406180920593807,0.5053973557899945,495,0.4889701850622572
anti_reasons,1111101100011111011000111110110011111100111011011011,12.264286727469036,9.900914242150247,8.428152261294239,0.7845554678328419,495,0.48898805302212345
anti_reasons,1110111111111111111111110111111111111111100011110111,12.263837966569138,11.761940069556164,11.08068756802351,0.1669658188572158,495,0.4890067513929526
anti_reasons,1101110111111101111000111011111011111000011110011011,12.263255694101938,11.017081397673678,9.736571094295895,0.36947136455118673,495,0.48903101274575256
anti_reasons,1111111111001101100110110111110111111000111111011011,12.261230735250182,10.50626183941309,9.58587525246245,0.4863807430421592,495,0.4891153860312424
anti_reasons,1111100001101111111100011011111011111101111110110011,12.260923103108105,11.355710660966622,9.103084026330073,0.6555861165140096,495,0.4891282040371623
anti_reasons,1111110011011111100111111110111111111001110111111110,12.260129041647678,11.387742741592307,10.573734744070636,0.32427206513912515,495,0.4891612899313468
anti_reasons,1111101100001111011000111111111011111100111011111011,12.259643761684833,10.99618915380485,10.087645203558461,0.3982354338491936,495,0.4891815099297986
anti_reasons,1111100111101111111111110110110111011011000111110011,12.259623967689,11.072753602161892,10.043678962665272,0.38367427594666004,495,0.489182334679625
anti_reasons,1111110011011111100111111110111111011011110111111110,12.25915001037008,11.213857649720168,10.575969024296684,0.3164292929242229,495,0.48920208290124667
anti_reasons,1111111111101101111111110111011110011111111011111011,12.258880571149003,11.369654270505636,10.801767029217881,0.21257707814028465,495,0.48921330953545816
anti_reasons,1111110110011011111000111111111111101100111011011011,12.257858747525749,9.956466626196008,8.53944655314688,0.7426276055504714,495,0.4892558855197605
anti_reasons,0111111110011011101111111111111011111111111111111011,12.257532261373456,11.042416315813517,10.429947604865632,0.3418276477883187,495,0.48926948910943935
anti_reasons,1111111111001101100110110110110111111001111111011011,12.256478015385948,10.328406188386014,9.15078680929364,0.527355695303283,495,0.48931341602558553
anti_reasons,1111101110001111111100110111110111111001110110111110,12.255788934682492,11.561046253332423,9.98969579807335,0.3397703822196476,495,0.4893421277215628
anti_reasons,1111111110011101101111111111111011111011110111011011,12.25486190114832,10.962840215230415,10.183967941990424,0.41089139132368613,495,0.48938075411882
anti_reasons,0111111111111011111000011111111110011111111110111011,12.254474642531363,10.550301868208672,10.000722239127706,0.4590830482584045,495,0.48939688989452657
anti_reasons,1111101110011011011000111110111111111100111011011011,12.2520008834494,9.516964431264196,8.08208875874118,0.9724156081765678,495,0.4894999631896083
anti_reasons,1111110011011111100111110111111111011111100111111110,12.25050753695877,11.610852704373906,11.03090535456212,0.22041611211592782,495,0.4895621859600513
anti_reasons,1111110011111111100111111110111111111001100011111111,12.25042007320275,11.357033353058636,10.673874166893793,0.2908744193209678,495,0.48956583028321876
anti_reasons,1111110001101111101100110111011001111111100110111111,12.249802802116896,11.180174020960086,9.533870194837679,0.6197904217965404,495,0.489591549911796
anti_reasons,1111110001111111100011111110111001111100111111110011,12.248841190179737,11.701641444682927,10.982005289706526,0.25697481204422773,495,0.48963161707584424
anti_reasons,1111100111101111111110110110110111011111000111110011,12.247408955190556,11.324584432222169,10.285851838106044,0.3877676191351731,495,0.48969129353372687
anti_reasons,1101111110011101111000110110111011111101100110111011,12.245612286312198,11.371456044182878,9.952158703333401,0.3027379104410235,495,0.4897661547369917
anti_reasons,1111110001101111111110011011111001111000111110110111,12.2448241387924,10.883693723335325,8.833633721460682,0.7066428406868851,495,0.48979899421698336
anti_reasons,1111100001111111111100011011111001111000111111110111,12.244236148030678,10.961949314342908,9.184612381144635,0.5524977308962269,495,0.48982349383205503
anti_reasons,0111111111011111011111110110111011111011111011011111,12.2426359647572,9.886634066857571,8.75286816708753,0.6256377489567018,495,0.48989016813511665
anti_reasons,1111111110001101111000111110110011111111100111111011,12.242258703950682,11.549500142697559,10.522044840241787,0.23967410385046542,495,0.4899058873353882
anti_reasons,1101101110001101111100110111110011111111100110111011,12.242202656834817,11.430181509063296,9.48999087768543,0.39131859507899536,495,0.4899082226318826
anti_reasons,1111100001101111101100110111011001111111100111111111,12.241212718990228,11.180002341711164,9.484211005198981,0.5808337553644477,495,0.4899494700420738
anti_reasons,1111110011101101111000110111111011111000110111011011,12.241145826298933,11.049856489466265,9.355338624489608,0.3726773943018839,495,0.48995225723754443
anti_reasons,1111101111101111111000111011110011111001100111111011,12.240813583165828,11.305096960287123,10.102234577730094,0.3101309546403162,495,0.4899661007014239
anti_reasons,1110111111111111111000111110111001111011111111110011,12.239764630261034,11.236884201558231,10.493509625368155,0.2862071616300868,495,0.4900098070724569
anti_reasons,1111110001101111111100011011111011111100111110110011,12.239370637607527,11.321843819697802,9.602567063639992,0.5732233725361611,495,0.4900262234330197
anti_reasons,1111111111111111111000011011111001111000011111110111,12.239274202319056,11.15842134585242,10.147119556464101,0.39703058409688263,495,0.4900302415700394
anti_reasons,1110111111111111111111110111111111111011110011110111,12.23780203615542,11.397071893879284,10.494538355216312,0.2689271616745802,495,0.4900915818268575
anti_reasons,0111111111111111111111011011011111111111111111011111,12.237169319199483,11.307831186343988,10.755835844315516,0.277295619276298,495,0.49011794503335493
anti_reasons,1111110001111111100011111110111001111000011111110110,12.236674054539677,11.18976336041473,9.60949888893773,0.5452633046219025,495,0.49013858106084685
anti_reasons,1111111111111111011000110011111011111011111011011111,12.236127845877267,10.695787606406325,9.419981573877367,0.4723083255211259,495,0.4901613397551139
anti_reasons,1111111111001111111000110110011111111101100110111110,12.235012743079569,11.28259322302594,9.412252666740168,0.3601791603677713,495,0.4902078023716846
anti_reasons,1110111111111111111111111111111111111111100011110011,12.233636145640506,11.428912494832387,11.03924625425919,0.1933579750672702,495,0.49026516059831227
anti_reasons,1111100001101111111110011011111001111000111111110111,12.231712706744403,10.883522044086401,8.69351074955554,0.6692423192327924,495,0.4903453038856499
anti_reasons,1110111111111111111000111111111111011000110111110011,12.23167487556796,11.03870133634399,10.533240859448512,0.27456281163988866,495,0.4903468801846683
anti_reasons,1110111111011111111000110111011111111011111111110111,12.231456079653451,11.178483121096404,10.104801370285552,0.3162013614413724,495,0.4903559966811062
anti_reasons,1111110011011111100111110111111111011111100111110111,12.231313798377053,11.616819281697795,11.003530455644785,0.21141851928026642,495,0.4903619250676228
anti_reasons,1111100001101111101111111110110111011111000111110011,12.230272261822298,11.087858264748872,10.064560832143222,0.40643085626656006,495,0.49040532242407087
anti_reasons,1111101111111111111000111011110011111001100110111011,12.230115905174909,11.310944757801604,10.319998887588202,0.29213352577243,495,0.49041183728437876
anti_reasons,1110110001111111111000111111110001111011111011111111,12.229780688226874,10.955162383556733,10.14540943274497,0.2811509599048618,495,0.4904258046572135
anti_reasons,1111100011101111111110011011111001111000111110110111,12.22967015634543,10.860003670188211,8.338030693120581,0.7557390739360181,495,0.49043041015227373
anti_reasons,1111100111101101100111110111111011111000011110011011,12.229561933112135,11.007786350256001,9.173869566372616,0.48146067652821495,495,0.490434919453661
anti_reasons,1111100001101111100111110111011111011011000110111111,12.228876913413457,11.018945944017736,9.124225429242811,0.5401924073676622,495,0.490463461941106
anti_reasons,1111110001101111101110111110110111011111000111111011,12.228749429719416,11.291323237067985,10.164487996781029,0.35058008171999416,495,0.49046877376169096
anti_reasons,0111111111111111011111111111011111011011111011011111,12.228208174962568,10.214965477219897,9.559598540762254,0.5620845386702757,495,0.4904913260432263
anti_reasons,1111101111101111100110110110111111111011110111011110,12.227673462434383,11.188638596089667,10.00042180270503,0.3165048126103437,495,0.4905136057319007
anti_reasons,1111110011101101111000110111111011011000110111011111,12.227524225181467,11.314462927584774,9.489333548569112,0.3822016284791401,495,0.4905198239507722
anti_reasons,1111110011111111100111011110111111101111100110110111,12.227266977058582,11.26802570740242,9.300321913068178,0.5459745819548726,495,0.49053054262255913
anti_reasons,1110110011111111111110011110111001111111111111111111,12.227012954957686,11.797587274019122,11.164775813630833,0.19946475403700753,495,0.4905411268767631
anti_reasons,1111101110001101111110011110110111111000111111111011,12.225748363777914,10.912036507586741,10.040932098554388,0.38038773726142816,495,0.4905938181759203
anti_reasons,1111111111001101100110110110111111111000111111011011,12.224998676290303,10.507618570656538,9.469485741702655,0.47566897614018167,495,0.49062505515457067
anti_reasons,1111111110011101111100111011111111111101110111011110,12.224782978213593,11.342056753549887,10.686104456586683,0.2192557590721338,495,0.49063404257443366
anti_reasons,1110111111111101111111111111111110011111110011111011,12.224659581656041,10.92987229200589,10.419178933280667,0.31889505642221977,495,0.49063918409766494
anti_reasons,1111111111111101100111110111111111101111100011111111,12.223449856523768,11.6655642657713,10.906706224536286,0.24649245421237162,495,0.49068958931150963
anti_reasons,1110111111011111111111111111011011101111100111111111,12.222806335461293,11.351581630257092,10.156543521109304,0.32976395293134014,495,0.49071640268911276
anti_reasons,1111100110011111111100110111111111111000110110111110,12.222635645991966,11.5991350565276,10.244340764579897,0.336799337329677,495,0.4907235147503347
anti_reasons,1111110011111111100111011110111111011111100110110110,12.22233575915545,11.00285605314647,9.19201432378387,0.6000553467566997,495,0.4907360100351895
anti_reasons,1111110011101101111000110111111011011001110110011111,12.222029016224099,11.348501448102516,9.348263611732735,0.465160726725914,495,0.4907487909906626
anti_reasons,1101111111011011111000110110111111101100111011011011,12.22202309883997,9.62379409093667,7.920711478153283,0.9146602285060519,495,0.49074903754833465
anti_reasons,1111110011111111100011111110111001111000110111111110,12.221957058239138,11.242857423335284,9.82430794098296,0.48393584500535824,495,0.49075178924003593
anti_reasons,0111111110011011101110111111111011111111111111111111,12.221864701461449,11.355874015901255,10.775107008586566,0.23927916267516577,495,0.49075563743910633
anti_reasons,1111110110001111111000110110111011111011110110110111,12.219219789935861,11.336676979315275,9.171281975273462,0.5535063935171435,495,0.4908658420860058
anti_reasons,0111111110011111011100011111111111001101111111111011,12.219017237554233,10.029424100200952,8.603873648503022,0.6970116967024694,495,0.4908742817685736
anti_reasons,1111111111001101100110111110111111111000111110011011,12.218383264652026,10.687385863224499,9.84813657268334,0.3928717039011353,495,0.4909006973061656
anti_reasons,1110111111111111111111111111111111111011110011110011,12.218376532248826,11.064044319155506,10.442238101921653,0.3077252048625657,495,0.4909009778229656
anti_reasons,1111111110001101111100011110111111111000011110111011,12.218316020029942,11.033130645668374,10.165394311033946,0.3536271627245745,495,0.4909034991654191
anti_reasons,1111111110011101101111111111111011111000110111011111,12.216509399619557,11.288685129593135,10.300153103975688,0.365764186794758,495,0.49097877501585174
anti_reasons,1111111111111101100111111111111110011111110011111011,12.216178321485236,11.135066402329128,10.548933505452966,0.2827476877444062,495,0.49099256993811513
anti_reasons,1111100110011011111000111111111111111100111011011011,12.215924144301022,10.347910759462437,9.300838939164437,0.6512203714087518,495,0.4910031606541241
anti_reasons,1111101100011111011000111111111011101100111011111011,12.215886465622608,10.61042113880398,9.280671980853093,0.5706191166051238,495,0.491004730599058
anti_reasons,1111100001111111111110011011111001111000111110110111,12.215811016314834,10.889369841600882,8.769041855320916,0.6377136133736745,495,0.4910078743202152
anti_reasons,1111111111111111100111110111111111111101100011110111,12.213853378347096,11.814222747468126,11.212030929573006,0.16073066572896724,495,0.491089442568871
anti_reasons,0111101111111011011100011111111111111111111111011011,12.21359222803272,10.08974565972857,9.317898888825283,0.6732328187992225,495,0.49110032383197
anti_reasons,1110111110011111101111111011011111111111111111111111,12.212917648899062,11.313438237623634,10.75517310984744,0.26736614671712766,495,0.49112843129587247
anti_reasons,1111101100011111011000111111111011101111111011011011,12.212305519891983,10.278609647117372,8.895041952777001,0.6577164387191397,495,0.49115393667116736
anti_reasons,1111100011111111111000111110110011111001110111011011,12.212156340410125,11.07816981324119,10.114125130528091,0.32034915420241317,495,0.49116015248291145
anti_reasons,1111100001101111101110110111011001111111100110111111,12.211763380454684,11.107422868969138,9.02612093278416,0.6752602073978895,495,0.4911765258143882
anti_reasons,1111110111111111100111110011111011111001111110110011,12.211674408551339,11.167794362428669,9.504068151499153,0.5101700209863685,495,0.4911802329770275
anti_reasons,0111111111111011011000011111111110011111111110111111,12.2093719761785,10.375681297367347,9.856953188705287,0.45678645518432015,495,0.4912761676592291
anti_reasons,1111101111101111101100011111110111011011000110111111,12.208616102916224,11.091417874135495,9.593387502134307,0.3755277246200701,495,0.49130766237849066
anti_reasons,1111101110011111111100110111110111111000110110111110,12.207857214050179,11.53285553032916,10.46630198132386,0.24081750969836566,495,0.49133928274790917
anti_reasons,0111101110011111111100011111111111011100111110111011,12.207351439202245,10.995637055972514,10.07202819242898,0.3965758827416311,495,0.4913603566999064
anti_reasons,1111100110011011111000111110111111011101111011011111,12.204736251126537,10.434661546553867,9.165280263619028,0.6416535744487508,495,0.49146932286972767
anti_reasons,1101101100001111111000011110111011101101111110111011,12.204382406719644,11.150828252015064,9.783221768467993,0.38890857125177286,495,0.4914840663866815
anti_reasons,1111101111001111111111110111110111111000110110011110,12.204318036501393,11.190093703873023,9.972955950962053,0.2768283130495455,495,0.49148674847910867
anti_reasons,1110111111111111111000111110111111111000110111110011,12.20398331126597,11.0749955939724,10.501467006263105,0.2707225601230146,495,0.49150069536391794
anti_reasons,1111110011011111100111111110111001111000011111111111,12.20318920855983,11.415115806411501,10.861696170769712,0.2821579846332767,495,0.4915337829766737
anti_reasons,1111111111111001100110011111111110011111111111111111,12.202920091347684,11.282281322872707,10.831981512734288,0.21876995676840993,495,0.4915449961938465
anti_reasons,1111100011111111111000011011111001111000111111110111,12.20283390440084,10.946632604858538,9.18302408698456,0.5390704377502693,495,0.49154858731663165
anti_reasons,1111110011111111100111110110110011011011110111111011,12.202712288132195,10.960412847836883,9.975577563617048,0.3396606555270076,495,0.4915536546611585
anti_reasons,1111111110011111111000011110011111101101111111110111,12.202038087340565,11.177502886564238,9.917510851642938,0.32651317288481435,495,0.49158174636080976
anti_reasons,1111101111101111111110110110110111011011000111110011,12.200964224863512,11.02038781154772,9.990275383414055,0.3676540115341569,495,0.491626490630687
anti_reasons,1111110011111111001111110110111111011101111111011110,12.200844914833038,11.255887710451379,10.080244335511404,0.36881940123028595,495,0.4916314618819567
anti_reasons,1111110011111111100011111110111001111000110111110111,12.200782663551614,11.248824000659171,9.810915624141503,0.48870997582410636,495,0.49163405568534946
anti_reasons,1101100110001101111111011110111111001100111111111011,12.199672812520822,10.924552882726683,9.699085045256712,0.39150711354111295,495,0.49168029947829905
anti_reasons,1111101111001111111100110110111011111011000110110111,12.197225781517776,11.33141829623903,9.33210047923344,0.4854972576146483,495,0.491782259103426
anti_reasons,1111111111011111111111110111011111011011111011110111,12.197108254532932,11.205895232942778,10.559164721274868,0.27330401412773425,495,0.4917871560611279
anti_reasons,1111110001111111011111110111111111011101110111011110,12.196938179228505,11.567385905252463,10.705193589528767,0.26131035393861435,495,0.49179424253214565
anti_reasons,1111100111101111111110111110110111011011000111110011,12.1965895631285,11.053183727525852,10.075097604262112,0.337595136375987,495,0.49180876820297914
anti_reasons,1111100110011111111000110110111011111000110110111111,12.19613709919493,11.479425509815819,10.101786967125815,0.3317050117658507,495,0.4918276208668779
anti_reasons,1111100111111111100111110110110011011011110111111011,12.195239328380755,10.953970485110117,10.012195723197424,0.3333515042476711,495,0.49186502798413523
anti_reasons,1111111111111101101110111111111011111001110111011011,12.195187748353609,11.2340666371726,10.565069344481323,0.321009043674639,495,0.49186717715193295
anti_reasons,1110111110011111101111111011111111111100111110110111,12.194612570386852,11.274782636301603,10.324794791033709,0.2800523844254175,495,0.4918911429005478
anti_reasons,1110111111001101111111110111111111111001111011011011,12.194382471618965,10.062126700040608,9.29511254069218,0.5169086284667526,495,0.4919007303492098
anti_reasons,1101111100001111111000011110111011101100111110111011,12.1920489047106,11.116961410746244,9.867446230218363,0.35203706961918446,495,0.49199796230372506
anti_reasons,1111111111111111100111110111011111001111111011111111,12.191028939666941,11.599045158103886,10.897642345324051,0.2569736201293198,495,0.49204046084721076
anti_reasons,1111111111111101101110011111111011111001110111011111,12.190929295251944,11.083844987252672,9.938417742098945,0.41336333910795686,495,0.4920446126978356
anti_reasons,1111110001111111100110110111110111011011110111111011,12.190594351813926,11.085278017924194,10.162643140433454,0.3506357658385275,495,0.49205856867441977
anti_reasons,1111110011111111111111011011110001111001111110110111,12.18893942195038,11.121972217215648,9.384651650375755,0.560847210555984,495,0.49212752408540084
anti_reasons,1111110111101101111000110111111011011000110110011111,12.188788992284483,11.30819224410693,9.393063396792177,0.4363594255210938,495,0.49213379198814655
anti_reasons,1111101110001101111000111011111111101111111110011110,12.1878884681844,11.282028120808512,9.554666793051593,0.4225353954668878,495,0.49217131382564994
anti_reasons,1111110001111111100111110111111111011011100111011110,12.186681590352519,11.075610746517285,10.11530820030217,0.33250990405995595,495,0.4922216004019784
anti_reasons,1111110011111111100111111111111111111001100011111110,12.18665431159069,11.238938582115566,10.196483214519937,0.37864887255694496,495,0.49222273701705455
anti_reasons,1111111111001101100110110111111111111000111110011011,12.18630417699018,10.719512742201358,10.033805611043611,0.3705650748848517,495,0.4922373259587425
anti_reasons,1111100111101111111110110110110111111011000111110011,12.18579522339702,11.121604864131122,9.947372632005616,0.34115852768786964,495,0.4922585323584575
anti_reasons,1111100001111111111100110110111011011011000110011111,12.184285680926983,11.188325376039955,10.198675831890078,0.32402257634373743,495,0.49232142996137573
anti_reasons,1111100111111101100111110111110111111011100111011110,12.184211580220182,10.925219164630725,9.391795468400622,0.4466554397371298,495,0.49232451749082573
anti_reasons,1111110111001111111111011110111111011011100111111110,12.183807112727628,11.011232755026063,10.03781248590852,0.3564651614010734,495,0.4923413703030155
anti_reasons,1111111111001111100110110110111111111000111110011011,12.183336157416331,10.662986942303105,9.686553160967414,0.47744244471621783,495,0.49236099344098616
anti_reasons,1110110011101111111100110011111011111011111110111011,12.182463749055742,11.07737495585154,9.342928839396937,0.4223809543149641,495,0.4923973437893441
anti_reasons,0111111111111011011000011111111111011111111110111011,12.181676600461863,10.290083923723522,9.640526592782425,0.5626874114024277,495,0.4924301416474224
anti_reasons,1111111111001101100110110110111111111001111110011011,12.18155145712595,10.541657091174281,9.610249685024941,0.39618437121676875,495,0.4924353559530854
anti_reasons,1111100111101111111100011011111111011111000110110111,12.181328336499739,11.220964983710505,9.069811681515667,0.5719763376971653,495,0.49244465264584425
anti_reasons,1111100001111101100110110110111111111001111111011110,12.181324909830717,11.102734020265169,9.866633541213071,0.3938577001038109,495,0.4924447954237201
anti_reasons,1111100111001111111100111111111111011011000111111110,12.181014148821886,11.567959359333539,10.258693466930513,0.3008200613993366,495,0.49245774379908813
anti_reasons,1111100110001101111100110111111111111001110110111110,12.180832927324435,11.39334931277411,8.967023043787254,0.6275537132727644,495,0.49246529469481526
anti_reasons,0111111111011111011111110111111111111011110011011111,12.180439289536736,9.77500018520785,8.829403960527493,0.6427460202416261,495,0.4924816962693027
anti_reasons,0111111111011111011111110110111110011011110111111011,12.180356406110537,9.57925428772503,8.712424369201745,0.7115379636199392,495,0.49248514974539426
anti_reasons,1111111111111101101111111011110111111001110110011111,12.180206878814088,11.190847922493562,10.170890789072876,0.39517408021037165,495,0.49249138004941295
anti_reasons,1101111110011011011100111011111111101100111110111111,12.178290062212383,10.744023500073315,9.42677370696499,0.46998237125252207,495,0.4925712474078173
anti_reasons,1111110011111101111000110111110011111000110110011111,12.177898595283159,11.355248251484218,9.792312942249563,0.3510745435486213,495,0.49258755852986835
anti_reasons,1110111111001111111111111111011001111111111111111011,12.177314635266704,11.374583046058738,10.734371366583018,0.2853140980563276,495,0.4926118901972206
anti_reasons,1111111111001111111110110111011111101101100111111110,12.177189892104902,11.257914730230121,9.672430626030835,0.4066870243123493,495,0.4926170878289624
anti_reasons,1100111111101111011100111111110011111000011111011111,12.176765956889378,10.862993908276657,10.104882131362784,0.3608614595175096,495,0.4926347517962759
anti_reasons,1111100111101101100111110110110111111111100111011110,12.175343317296353,11.080037097725516,9.514094912350037,0.5027560351524756,495,0.4926940284459853
anti_reasons,1111111111011111111111110111111111101111100011110111,12.173773411460626,11.56594299211587,10.59469405748391,0.28683876007997294,495,0.4927594411891406
anti_reasons,1110111111111111111000111111111111111111110011110011,12.172639579855478,11.239440096151258,10.592449415460292,0.24946069574895488,495,0.49280668417268847
anti_reasons,1110110110011111111110110111110111011101111011011011,12.171870215563299,9.733065174388427,8.262450104409744,0.8354447226987425,495,0.4928387410181959
anti_reasons,1111111110011111111100011110011111101100111111110111,12.171856179813586,11.135262701632675,9.866919124723022,0.32456881203732824,495,0.4928393258411006
anti_reasons,1101101100001111111100011110111011101100111110111011,12.17180880985589,11.108588067083502,9.699444438943182,0.38787088586835816,495,0.492841299589338
anti_reasons,1111110001111111100110111111111111011111100011111111,12.171055511345712,11.670391636689782,11.072328062961116,0.18703493758918097,495,0.49287268702726206
anti_reasons,1111101111101101100110110111111011111000011110011011,12.170459573897665,10.95542055964183,9.403033820125058,0.37713153162782265,495,0.49289751775426394
anti_reasons,1111110011111101111000110111111011011000110110011111,12.170224687957841,11.320310725099255,9.78904482342579,0.34342918556546376,495,0.49290730466842325
anti_reasons,1111101100001111111000011110111011101100111110111011,12.16958732233034,11.10264571022533,9.853078776038897,0.3525909843977266,495,0.4929338615695692
anti_reasons,1111100111101111101110110110110111111111000111111011,12.169000800350899,11.408391732158483,10.510433697465121,0.29589469297056575,495,0.4929582999853792
anti_reasons,1111110110011101111110110111110111011101111011011011,12.168052332279522,10.420308933272565,9.127392945574165,0.6520374897802846,495,0.4929978194883532
anti_reasons,0111111111111111000111111111011111101111111111011111,12.167954150601895,10.806679975824396,10.09641016530778,0.33720766514737843,495,0.4930019103915877
anti_reasons,1111111111101111111000011110011111111000011110011111,12.167743344322655,11.184676218970969,10.487540758778326,0.28466353817934814,495,0.49301069398655606
anti_reasons,1111111111111101111100011110111011111000111110011011,12.167642584894656,11.219810144973968,10.441832158302827,0.3046183666004363,495,0.493014892296056
anti_reasons,1101101100001111111000011110111011101100111111111011,12.167341755689236,11.116789731497322,9.858856147091693,0.35464852882762754,495,0.49302742684628187
anti_reasons,0111110011111111011111111110110011011011111111011011,12.166465815514734,10.205419386965032,8.96563408055533,0.5933687917381367,495,0.49306392435355273
anti_reasons,1111110011011111100111111111111111011001110111111110,12.166037655318263,11.351448483963898,10.641706332437112,0.31310147308422376,495,0.493081764361739
anti_reasons,1111101111011111111000110111011111111111100110110110,12.165916619325184,11.32905258008359,9.557420086990847,0.4843889350494716,495,0.4930868075281173
anti_reasons,1111100110011011111000111110111111101100111011111111,12.165837065453273,10.775957087309628,9.255458971965432,0.505096174099372,495,0.49309012227278026
anti_reasons,1111111111101111111000110011110111111001100110111011,12.164123914440816,11.214291138816385,10.156961547506626,0.25549428837779814,495,0.493161503564966
anti_reasons,1111100001111111111110110110110111011111000111110011,12.163621260054155,11.281613192002498,10.114798233776828,0.4017445901695561,495,0.49318244749774354
anti_reasons,1101100110001101111110011111111111011100111110111011,12.16336711089643,11.328725699582854,9.69073456180212,0.3350287037976446,495,0.49319303704598205
anti_reasons,1101101100011111111000011110111011101100111110111011,12.163034958888154,11.122637529011802,9.839775416520666,0.3763160817726894,495,0.49320687671299357
anti_reasons,1111110001101111101110110110110111111111000111111011,12.162369272622586,11.359744373673255,10.412501091457274,0.30542050998917614,495,0.4932346136407256
anti_reasons,1111110011111111100110110111110011011011110111111011,12.161666420828372,10.972969852177703,10.185287568471066,0.28157729539727083,495,0.4932638991321512
anti_reasons,1111110111101111111110110110110111011011000111110011,12.159972524513178,10.873588114206814,9.808245928574683,0.3747998016424059,495,0.4933344781452843
anti_reasons,1111111111001111111111111111011001111111111011111011,12.157612633246064,11.374411366809815,10.711412500066537,0.29062138704027063,495,0.49343280694808067
anti_reasons,1101110111111101111000110011111011111000011111011011,12.157547378137107,10.837314105105717,9.345358739958577,0.34474954295366955,495,0.49343552591095385
anti_reasons,1111110011111111111000110011111011111000110110011111,12.157240388846956,11.171585982794427,9.748990648224039,0.37424884136392655,495,0.4934483171313768
anti_reasons,1111101111101111111000110011110111111001100111111011,12.155947182166496,11.214119459567462,10.203823343476166,0.2673751701143987,495,0.4935022007430626
anti_reasons,1111100011111111111000110011110011111011100110111011,12.15519320821474,10.907563919202374,9.50825008134634,0.3655389313282683,495,0.49353361632438586
anti_reasons,1101101100011111011000111111111011101100111011011111,12.154710987716875,10.539990487641898,9.26708093862605,0.5327412049974516,495,0.49355370884513017
anti_reasons,1111111111111111111111110011011111101111111011011111,12.153731596160334,11.335000524634149,10.23952387953112,0.30834555682333953,495,0.4935945168266528
anti_reasons,1110111111111111111100110110011111111000111110011011,12.152320269707369,10.475072495590476,9.437153650309492,0.49032058941713774,495,0.49365332209552626
anti_reasons,1111110111111101101100111011110111111011110111011111,12.151975532581009,10.912814093632665,9.79978520843956,0.36383800222553037,495,0.49366768614245793
anti_reasons,0111111111011111011111111111011111111011111011011111,12.151075732225722,9.894768606047663,9.087134655294475,0.6239620888205011,495,0.4937051778239282
anti_reasons,1111100011101111111000011111011011111000011110011111,12.150278773955046,10.931083940976023,9.105454116317388,0.4985655693268175,495,0.4937383844185398
anti_reasons,1111111111111111100111110111111111111001110011111110,12.149606612928583,11.443387994467358,10.627725408694273,0.28066792974135196,495,0.4937663911279757
anti_reasons,1111100111001111111111111110111111011011000111110110,12.149511812923764,11.158800517086691,9.43302059892573,0.4560113046838537,495,0.4937703411281765
anti_reasons,0111111111111111111111111011011011111111111111011011,12.149432063561433,11.29065494930543,10.412691602419871,0.3118363924839681,495,0.4937736640182736
anti_reasons,1111111111001111011111111111011011111111111011011111,12.148849008950657,11.108226845000779,10.235194564257908,0.3263569153044123,495,0.4937979579603893
anti_reasons,1111110111101111100110110110110111111000011110011011,12.148746352125611,10.627633951462704,9.223260377887902,0.459781815603382,495,0.4938022353280995
anti_reasons,1111111111011111111111011111111001111000011111110011,12.148386779266746,10.983903036718552,10.24180561312242,0.36008066285527635,495,0.4938172175305523
anti_reasons,1111110011111111100111110011111111111000111110110011,12.148066343434209,11.150208222126883,10.015785671813477,0.38162693683776305,495,0.4938305690235746
anti_reasons,1111101110011011011000111110111111101100111011111011,12.147486616467821,9.64411006336447,7.813530490728452,0.8630350817460907,495,0.4938547243138408
anti_reasons,0111111111111111000111111111111111111001110111011111,12.146977303593529,10.73282332550253,10.162438595639776,0.3901919003515764,495,0.49387594568360293
anti_reasons,1111101111111111111000110011110111111001100110111011,12.146259474137347,11.219967257081942,10.495747470620755,0.260422081767167,495,0.4939058552442772
anti_reasons,0111111110011111011000110111110011111100111110011011,12.146150173540171,9.99140619073638,8.585052841546508,0.7055417764892835,495,0.4939104094358262
anti_reasons,1110110001101111111100111110111111011111000111111110,12.145722644682643,11.484358996382523,10.186366314054654,0.3276173077689618,495,0.49392822313822327
anti_reasons,1111111111111111101111111111011011101101100111111011,12.145663971358582,11.529861171919144,10.527921419231271,0.28680989574360155,495,0.4939306678600591
anti_reasons,1110110001101111101100111011111011111001111110111111,12.145097683146437,11.073532467687054,9.43953059710292,0.5800287205930559,495,0.4939542632022318
anti_reasons,1111101100001111011000111111111011101111111011011111,12.145048395066922,10.785556716894629,9.542594666102968,0.42746863277397773,495,0.49395631687221153
anti_reasons,1101111111011011111000110110111011111100111011011011,12.144733968839246,9.926620111603722,8.642425783568752,0.7481618365245979,495,0.49396941796503147
anti_reasons,1101111111001101111000110110110011101101100111111111,12.143070645489285,11.250018024758326,9.216001575537884,0.4497502617337006,495,0.49403872310461316
anti_reasons,1111110111011111111000110111111001111011111110110011,12.14176863229639,11.239050343910135,10.123093523275937,0.30909772766942445,495,0.49409297365431704
anti_reasons,1101111111111101111111110111011110011111111011111011,12.140553508290438,11.389646089292107,10.819595092301773,0.2239245350291774,495,0.4941436038212318
anti_reasons,1111110011111111011111110110111011011001110111011111,12.140029948878517,11.043396418074579,10.055503775899695,0.3176120048021768,495,0.4941654187967285
anti_reasons,1111101100001111011000111111111011101111111011111011,12.140001933269073,10.791523294218518,9.587383937370463,0.43354053843976476,495,0.4941665861137886
anti_reasons,1111100001111101100111110110011111111000111111011111,12.139967632431151,10.968488702447956,9.868854289919913,0.3800670590905156,495,0.4941680153153687
anti_reasons,0111100111111111011100011111111111111111111110011011,12.139727123853817,10.701102200293702,9.979241931631364,0.3561927470374192,495,0.49417803650609093
anti_reasons,1101111110011101111000110111110011111101100110111011,12.139272389874973,11.37009931293943,9.97078122898659,0.27130369239249036,495,0.4941969837552095
anti_reasons,1111110011111111111111011011110001111011110110110111,12.139115010153668,10.705349614363708,8.76806527125346,0.6701078969168434,495,0.4942035412435971
anti_reasons,1111110110001111111000011110011111111111111110111110,12.138441920285151,11.406028189842297,9.889415949560226,0.4220793246545201,495,0.4942315866547854
anti_reasons,1101101110001111111100110110011011111000111110111011,12.135969764063082,10.896481516509079,9.206333770223997,0.41462693391036515,495,0.49433459316403827
anti_reasons,1111100001111111101100110110111011111011000110011111,12.135822867624896,10.86950221570208,9.640437992317478,0.3556978217135637,495,0.4943407138489627
anti_reasons,1111100111101111101100011011111111111111000110110111,12.135064573800717,10.90214182337263,8.34366959855628,0.7287766719379272,495,0.4943723094249701
anti_reasons,1111110111101111100110110110111111111011110111011110,12.134890546699571,11.041838898748763,9.915372687174743,0.36199364204207496,495,0.4943795605541845
anti_reasons,1111110110001111111000111110111011111000110110110111,12.134155363040726,11.329494318954218,9.578109890758423,0.5246498975262642,495,0.4944101932066364
anti_reasons,1111100111101111100110110111111011111000011110011011,12.132208502497907,10.963817554698569,9.806186985268331,0.33690548414108906,495,0.4944913123959206
anti_reasons,1111111111001111101111111111011111111111100011111111,12.131657445383038,11.258956168346238,10.714423741276518,0.2616322624166309,495,0.49451427310904006
anti_reasons,1101111100001111011000111110110011111100111011011111,12.13151032814079,10.422177012448419,9.098786057208878,0.517462655167279,495,0.4945204029941338
anti_reasons,1111100111101111101111111110110111011011000111110011,12.129438989386111,10.68550930521875,9.45507216956309,0.43300299595139496,495,0.49460670877557866
anti_reasons,1111101110011011011000111011111111101100111110111111,12.12940191203396,10.659301368856033,9.322553689467702,0.4890806880060061,495,0.49460825366525174
anti_reasons,1111100011111111100110110110111111011011110111111011,12.129393438781332,11.062944696020528,10.099508729236524,0.3155231073546373,495,0.49460860671744455
anti_reasons,1111110110001111111111111011011111101111111111111011,12.128751992207626,11.508615913533673,10.761276139868876,0.2551385426356029,495,0.4946353336580156
anti_reasons,1111100001111111101111011011111111011111000110110111,12.127430539298048,10.81634794355189,8.702177770596776,0.6011088656541453,495,0.49469039419591465
anti_reasons,1111100111101111111100011011111001111001110110111111,12.126315263170445,10.872055500091298,8.538314988664553,0.7063184460994121,495,0.49473686403456474
anti_reasons,1111100001101111101110110110111011111011000110011111,12.126088914764914,10.791074945445574,9.053293948733634,0.45980990348909495,495,0.49474629521812863
anti_reasons,1111111111111101101110011111111011111001110111111011,12.126077163502913,11.089811564576559,9.91509705241012,0.42475933283862816,495,0.49474678485404533
anti_reasons,0111101111111011111000011111111110011111111110011111,12.124840820355653,10.465555516525674,9.95862008953088,0.41568195334977365,495,0.4947982991518478
anti_reasons,1111111111111111011000111011111011111000011011011111,12.12478182757154,10.523697029347685,9.401271272099285,0.4841475409828212,495,0.4948007571845191
anti_reasons,1111100111101101100110110111111011111000111110011011,12.124715334557044,10.894749004639397,9.113721226387804,0.44787336086289437,495,0.4948035277267898
anti_reasons,1111100110011011111000111111111111101100111011011111,12.124272850395693,10.469089814238824,9.19222621525261,0.5585966763760349,495,0.49482196456684613
anti_reasons,1110111111011111111111111111011001111011111111110111,12.124159530122485,11.118035348436678,10.213429833156773,0.41434824617864563,495,0.49482668624489645
anti_reasons,1111110011111111100110110110110111011011110111111011,12.124023260926423,10.849865472481182,9.759627464033137,0.4171711960066867,495,0.49483236412806575
anti_reasons,0111111111111111011111110111111110011011110011111011,12.123049392803251,9.595358044945872,8.844655954107958,0.644370584885919,495,0.4948729419665312
anti_reasons,1111100111101111111100111111111110011011000111110011,12.12259019838219,11.123710780953052,10.146430933767489,0.29081116774276355,495,0.49489207506740873
anti_reasons,1111100001101111100011110110111111111011000110110110,12.122125474999606,10.946125083507267,8.358100593107068,0.7877903994119707,495,0.49491143854168307
anti_reasons,1111100001111111101110110110110111111111000111111011,12.120968040297413,11.365420491938812,10.377918176580652,0.3185267045273353,495,0.4949596649876078
anti_reasons,1111111111101111111000011111011111111000011110011110,12.119923509245334,11.066581448027899,10.017563674452518,0.354411971246885,495,0.49500318711477775
anti_reasons,1111111111101101111000011110011111111000111110011111,12.119345668669288,11.1156076689118,9.987134916942782,0.3518619546745165,495,0.49502726380544637
anti_reasons,1110111111111111111000111111111001111000011111110011,12.1187669098899,11.09692050347645,10.407266466981168,0.30528203959540706,495,0.4950513787545875
anti_reasons,1110110011111011111100110111111011101101111111011011,12.11867836465107,10.343663782167893,8.809230219215959,0.5243204968713552,495,0.4950550681395388
anti_reasons,1111101110011011011000111011111111101100111111011111,12.118553433106054,10.140539924240407,8.69487208185162,0.6733448665982309,495,0.495060273620581
anti_reasons,1111110011111111100110110110111011011011110111111011,12.118254295850576,10.97432658342115,10.103114172250015,0.2917162326858845,495,0.4950727376728926
anti_reasons,1111111111111111111111110011011111101111111011111011,12.117724671800362,11.340967101958038,10.237564435621245,0.30972185895295135,495,0.4950948053416516
anti_reasons,1111111111011111011111111011111111111011110011011111,12.11762137834026,10.259413765702808,9.418538530537983,0.5561548373519957,495,0.49509910923582245
anti_reasons,1111100001101111111000011011111001111011111111110110,12.116730289365071,10.664048001463003,8.046233711023016,0.8415654460052515,495,0.495136237943122
anti_reasons,1111100111101101100110111111111011111000011110011011,12.115901766958732,10.988216475619963,9.167774622457252,0.4490435723265423,495,0.49517075971005287
anti_reasons,1111100001101111111100111011110011111001111011110111,12.115494339146329,11.024319335637855,9.007511814928382,0.5127707283536166,495,0.49518773586890297
anti_reasons,1111110001101111111000110011111011111011100110110011,12.115144337581405,10.736026617349086,8.41801670674385,0.6289658044606957,495,0.4952023192674414
anti_reasons,1111111111111111100111110111011111011111111011110111,12.115126563480333,11.666638605455235,11.15223029362466,0.15863426258652763,495,0.49520305985498614
anti_reasons,1111110111011111111000110111011111111101100110111110,12.11458800202633,11.4319719106056,10.187544476021833,0.35054864594438445,495,0.4952254999155695
anti_reasons,1111110011011111100111110110111111011000011110011111,12.114164416687665,10.827169735330527,9.732394038229522,0.4712295659710753,495,0.4952431493046806
anti_reasons,1111100011111111111000110111011011111011100111110011,12.113820364353364,10.876757283180273,9.044227995896527,0.5224479925701702,495,0.49525748481860987
anti_reasons,1111111111111111100111110111011111101111111011111011,12.113770323745863,11.334438719985377,10.447449149383738,0.26459939408542105,495,0.4952595698439224
anti_reasons,1111110011111111100111111110111111111101100011111110,12.11343284884521,11.478212407835022,10.637262783978258,0.2769403886409516,495,0.4952736312981162
anti_reasons,0111110001111111011111110111111111011001110111011111,12.11289778485426,10.510670924314269,9.630305092663534,0.41468090644069927,495,0.4952959256310725
anti_reasons,1110110011101111111100110011110011011011111110111111,12.112006731314528,11.050122396071597,9.356502873899016,0.36636694930927116,495,0.49533305286189466
anti_reasons,1110111111011111111111111111011001111111111011111111,12.111503004777692,11.129049996195514,10.512986981030247,0.3009535196573127,495,0.4953540414675962
anti_reasons,1111100110011011111000111111111111101100111011111011,12.111409877319447,10.475056391562712,9.171051820565086,0.5544860990062622,495,0.49535792177835636
anti_reasons,0111111111101111111111111011011111111111111111011011,12.11068416670893,11.373596943639251,10.859950768926007,0.2522248740470636,495,0.49538815972046124
anti_reasons,1111110111101111101110110110110111011111000111111011,12.11058798406537,11.160374982234176,10.07600004472414,0.394956559655997,495,0.49539216733060953
anti_reasons,0111111111111111111111111011011111111111111011011111,12.110313781115781,11.128063893776027,10.627879756496656,0.2994446821654439,495,0.49540359245350907
anti_reasons,1111100001111111111110011011111111011111000110110111,12.10953907638269,11.184022365858993,9.417416145128822,0.46768713856880023,495,0.4954358718173879
anti_reasons,1110110111111111111100111011111111011000011110110111,12.108902219458038,11.091451547852719,10.294438557645142,0.291931221850548,495,0.49546240752258175
anti_reasons,1111110011011111100111111110111111111000110111110111,12.10829260947422,11.281062703288267,10.459184041080386,0.3109484896196173,495,0.49548780793857417
anti_reasons,0111111111111111011111111111011111011011110111011111,12.108198436521866,10.566823346846496,9.931463191344994,0.426583296627555,495,0.4954917318115889
anti_reasons,1111101111101111101100011111110111111011000110110111,12.108152740655973,11.015583938144722,8.894016995219467,0.5281199266708633,495,0.49549363580600114
anti_reasons,1111111111111111101111011011011111111000011111111110,12.108083649507021,10.826277872900992,9.711528645188247,0.5092430433670823,495,0.4954965146038741
anti_reasons,1111111111001111111111111011011001101111111111111011,12.10781759165751,11.116081630729097,10.062109998759873,0.34774149522374137,495,0.49550760034760377
anti_reasons,1111110110001111111000110111111011111011110110110011,12.106118081837701,11.035776283568357,9.052641458023373,0.4871862197707001,495,0.49557841325676244
anti_reasons,1111100111111111100110110110111111111011110111011110,12.105929122936443,11.047515017014321,10.028607763587742,0.2999650471906892,495,0.4955862865443149
anti_reasons,1111111111001111111000110110111111101101100110110110,12.105922009088491,11.117879857227761,8.684482100522338,0.5335672242979402,495,0.4955865829546462
anti_reasons,1111110011111111111111011011110001111001110110111111,12.104221811762491,10.955068642226621,9.482306870350179,0.5086486031772696,495,0.49565742450989625
anti_reasons,1111101110001101111000011110011111111101111110111110,12.104185526216215,11.165939988015174,9.04025593243523,0.5260637676823992,495,0.4956589364076577
anti_reasons,0111111111111111001111111011111111101111111110011011,12.10393731159752,10.205718617765204,9.531953408202563,0.40119898771610507,495,0.4956692786834367
anti_reasons,0111111111011111011111111110111011111000011011011111,12.101533796283574,9.714543489798933,8.930030924470934,0.6623833981692195,495,0.4957694251548511
anti_reasons,1111110001101111011111110111111011011001110111011111,12.101252557852643,11.194353070892923,10.292088933701416,0.2597534609574752,495,0.49578114342280655
anti_reasons,1111111110011011111000111011111110011100111110011111,12.10078884721078,10.544356931316601,9.509853002095278,0.5452605636731139,495,0.49580046469955086
anti_reasons,1111111110011101101111111110111011111000110111111011,12.10072628784307,11.004149440262017,10.12050162312112,0.3460478153931381,495,0.4958030713398721
anti_reasons,1111111111011111111000110111011111111101100110110110,12.099794843790075,11.254920922031426,9.74822027146875,0.4227558394835628,495,0.49584188150874686
anti_reasons,1111111111111111100111110110111111111011100011110111,12.098411624053618,11.146855820849932,10.362085882432732,0.27524646654506085,495,0.4958995156644326
anti_reasons,1111110001101111111000110110111011111000110111011011,12.09738254053017,10.938240968356016,9.671587119181346,0.34276099744878885,495,0.4959423941445763
anti_reasons,1111100011111111100110110110111111111111100111011110,12.096114040508263,11.34004578105886,10.536187802506976,0.2704712431615325,495,0.4959952483121557
anti_reasons,1111100110001101111111011110110111001100111110111011,12.09577715378123,10.618549863556238,9.264543439933941,0.46361061964830036,495,0.4960092852591155
anti_reasons,1111111111101111101100011111110011111011000110110111,12.09573813488274,10.926965825545345,8.8308995501718,0.6009902740375751,495,0.4960109110465525
anti_reasons,0111110111111111011000011111111111011111111110011011,12.095480917366658,10.38267901967303,9.609384275456144,0.4969358990619586,495,0.496021628443056
anti_reasons,1111100001101111100110011111111111011111000111110111,12.094999058000598,11.17164618637185,9.483244908155067,0.49052417089339695,495,0.49604170591664176
anti_reasons,1111101110001101101100110111110011111011110110111111,12.094191925631922,11.075560685005247,8.65855478745993,0.5410426238436267,495,0.4960753364320033
anti_reasons,0111111110001111011000110111110011111100111111011011,12.094120137458606,9.985558393221899,8.606633968102292,0.6754241959101881,495,0.49607832760589143
anti_reasons,1111101111101111101100011111110111011111000110110111,12.09385189644595,11.21856350623577,9.515561413064047,0.4310334805431415,495,0.49608950431475207
anti_reasons,1111110011111111100111110110111111111001110011111111,12.093089839685542,11.263565882078073,10.44541588065597,0.28146895090020313,495,0.49612125667976914
anti_reasons,1111110111011111111000110111011111111101100110110111,12.092788719795314,11.437938487929488,10.148154232666663,0.3618451648537085,495,0.49613380334186197
anti_reasons,1111101110001111111000111011111111101101111110011110,12.092228701447516,11.36309315515399,10.03024362800779,0.35607478382714863,495,0.4961571374396868
anti_reasons,1111111111101111101100011111110011011011000110111111,12.091843280924722,11.002799761536117,9.541296011550624,0.39645379321653346,495,0.4961731966281365
anti_reasons,1111110111011111100111111110111111011001110111111110,12.09158984819457,11.133283628941236,10.512731710316915,0.29548131519845955,495,0.49618375632522627
anti_reasons,1111100111001101111000111011111011111000011110111011,12.091304049210459,10.86868594879826,8.899203254813806,0.478458300507518,495,0.4961956646162309
anti_reasons,1111101110001111111100110111111111111001110110011110,12.090675623716027,11.255535711505063,9.927310833032864,0.30008234385658056,495,0.4962218490118322
anti_reasons,1110110011101111111100111011111011111011111110110011,12.090647600958171,10.9331198832555,9.281512966504122,0.5614578559451643,495,0.49622301662674284
anti_reasons,1111110011111111011000110110111011011011110111011111,12.090249432976545,10.841927535107144,9.65673455202667,0.3804642042385173,495,0.4962396069593106
anti_reasons,1111110111101111111100011011111001111000110111111111,12.089912825609588,10.916796753932662,9.410632623030654,0.55339952585228,495,0.4962536322662672
anti_reasons,1111101111001111111110110111111111111000110110011110,12.089314394280782,11.20400743945729,9.943207659947323,0.28913549386149895,495,0.4962785669049674
anti_reasons,1110111110011101101110111110110111101111111111111111,12.089155810139912,11.166570071820242,10.19518310487269,0.3533238053948382,495,0.49628517457750365
anti_reasons,1111111110011011111000111011111110011100111110111011,12.088589182051154,10.550323508640489,9.488678607407754,0.5391218533729113,495,0.49630878408120194
anti_reasons,1111110110001101111000011110111111111100111110111011,12.088042225537905,11.43182875234404,10.501492802044169,0.24230836062253455,495,0.49633157393592064
anti_reasons,1111101110001111111100110111110111111001110111011110,12.088039418279264,11.042284808716797,10.02311294200569,0.25864317770666795,495,0.4963316909050307
anti_reasons,1111100011101111111000111111111001111001110110011011,12.08766526360844,10.991661501301698,9.815508574665111,0.3669228534936877,495,0.49634728068298173
anti_reasons,1111100110011101111000011111011111111101111110111110,12.087307278967833,11.315318675594835,9.42146898393754,0.5356164734126814,495,0.49636219670967363
anti_reasons,0111111110001111111111111111011111111111100111111011,12.086964629268529,11.243939148081616,10.777533193734744,0.25153078019213604,495,0.496376473780478
anti_reasons,1111111111111101111000111110011111011000110111111011,12.08617604322227,11.129932286745763,10.447406130357427,0.2847700509455069,495,0.4964093315324054
anti_reasons,1111101110011111111000110110111001111000110110111111,12.085887055260773,11.199199392757732,10.180724896674086,0.2871457614547678,495,0.4964213726974678
anti_reasons,1111110011101101111000111011110011111001111110011011,12.084896966673437,10.910447701681921,9.645727503177186,0.3736110575008463,495,0.49646262638860683
anti_reasons,1111101100011111111000111110110011101100111011011011,12.084692427725814,10.196713867767958,8.560208494885282,0.6912002110118157,495,0.49647114884475774
anti_reasons,1111100011111111111000111110011011111011100111110011,12.083281355782114,10.844630404203414,9.135255245260714,0.4786902554248439,495,0.49652994350907853
anti_reasons,1111100111111111111110110110110111011011000111110011,12.083061437550136,10.879264232472373,9.779848764345525,0.37427542642818457,495,0.49653910676874435
anti_reasons,0111111110011111001111111011111111111111111111011011,12.082054813736582,10.052467503833283,9.370069833526484,0.5949597369669417,495,0.4965810494276425
anti_reasons,0111110111111111111000111011111011111000011111111011,12.081688516928267,11.055963646942816,10.105040939978903,0.31289339735415744,495,0.4965963117946556
anti_reasons,1110110110001101111111110111110111011001111111111011,12.081679417411806,10.681563429562356,9.788503868194887,0.41744145341077615,495,0.49659669094117476
anti_reasons,1111101110001111111100111111110111111001110110011110,12.081424006640987,11.222052101284758,9.939937440448167,0.25000718243818393,495,0.4966073330566255
anti_reasons,1111101111011111111000110111011111111101100111110110,12.080365748467756,11.254749242782502,9.795082067438289,0.3884751585944992,495,0.4966514271471768
anti_reasons,1111111111011111111111110011011111101111111011111111,12.079634059545276,11.285376668904313,10.16793300182109,0.3166993159350766,495,0.49668191418561347
anti_reasons,1111110011101111111000011111011111111001100111111110,12.079532673018223,10.987754779896255,9.178075551926957,0.5772660621474179,495,0.4966861386242407
anti_reasons,1111100110011111111100111111110111111000110110111110,12.078478010667467,11.565651446307294,10.353329693268895,0.27791432003929467,495,0.49673008288885556
anti_reasons,1111100111101111111100011011110001111011110110111111,12.077865946544069,10.733107934604117,8.548854601646786,0.6339605630829082,495,0.4967555855606638
anti_reasons,0111101111011111011000011111111111011111111110011111,12.077670129279301,10.47388828396021,9.858884856679216,0.5063954193014932,495,0.4967637446133625
anti_reasons,1111110011111111001111111111111011111011110111011011,12.077238295193276,10.834959382079209,9.826797970881039,0.36662039462430007,495,0.4967817377002802
anti_reasons,1111100111011111111111011110111111011011100111111110,12.07722874766076,11.01690887329162,10.06477433447488,0.304733921978449,495,0.49678213551413497
anti_reasons,1111101110001111111000111111111011011101100110110011,12.077066902747111,11.326111587569597,9.924972748696336,0.31020154232541186,495,0.4967888790522037
anti_reasons,1111111111101111111111111011011111101111111011011111,12.07655248464529,11.50892001968763,10.75661859923183,0.21823582074563622,495,0.4968103131397795
anti_reasons,0111111110001111111111111111011111111111100111011111,12.076479184412634,11.237972570757728,10.795004376186858,0.24287414828711343,495,0.49681336731614023
anti_reasons,1110110111101111111100110111011111111001111111011011,12.07602512285837,10.646794108658916,9.495224380741485,0.36191333520078184,495,0.49683228654756795
anti_reasons,1111100011101101111000011111011011111000111110011111,12.074823171605106,10.862015390916854,8.405136893469484,0.6528580156634853,495,0.49688236784978723
anti_reasons,1111101110001101111100111011111111111000110111111110,12.074655855835044,11.133767918289532,8.980304523731999,0.5188996846103751,495,0.4968893393402065
anti_reasons,0110111111011111011000110111110011011111111111011011,12.07418535959967,9.142645305173458,7.868460879008583,0.901894085133697,495,0.4969089433500137
anti_reasons,1111100011111111111000110110011011111011100111111011,12.073855653269055,10.988885476799455,9.622587444477606,0.3889824837864095,495,0.49692268111378934
anti_reasons,0111111111111111111111111011011111111111111011111011,12.073631424893742,11.134030471099916,10.619491821122626,0.30095818909105254,495,0.4969320239627607
anti_reasons,1111111111111111100111110111111111111001110011110111,12.073442033617532,11.449354571791245,10.61062005879887,0.27969473446967946,495,0.49693991526593617
anti_reasons,1111110011011111100111111110111011111111110110110011,12.07296459832934,11.238987899231336,10.202282522458304,0.37086244333884205,495,0.4969598084029442
anti_reasons,1111101110001101101100111111110011111001110110111111,12.071621976970048,11.181024640272119,8.664424419700687,0.5491587042186103,495,0.4970157509595813
anti_reasons,1111100011111111111000011011111001111011110110111110,12.07125530177865,10.558081945200454,8.225292247949861,0.7515724538710874,495,0.49703102909255625
anti_reasons,1110110011111111111110011111111001101101111111111111,12.070198747818335,11.464954200637315,10.429817829091242,0.3103930151337339,495,0.4970750521742361
anti_reasons,0110111111111111111111111111011110011111111011111011,12.067622525576448,10.089705865762504,9.632824280250135,0.4876566051349055,495,0.49718239476764803
anti_reasons,0111111111111011011100011111111110011100111111011011,12.06738542504901,9.07036527300696,7.993234728710832,0.9045046693814172,495,0.4971922739562913
anti_reasons,1101101100001111111100111111111011101100111011011011,12.065892904418474,10.700561596554921,9.515692626807253,0.3988420026440147,495,0.4972544623158969
anti_reasons,1111111111001111111000111110011111111101100110110110,12.063627843179578,11.138338150429899,9.058502004461417,0.494729464525389,495,0.49734883986751754
anti_reasons,1111100001111111101110011011111111111111000110110111,12.063275313683668,10.865199205521119,8.691274062169434,0.6204925545739964,495,0.4973635285965138
anti_reasons,1111110001111111101110110110110111011111000111111011,12.062555224011884,11.117403742014504,9.943484523839672,0.45518231185799907,495,0.4973935323328381
anti_reasons,1111110011101101111000111111110011111000110111011011,12.06134641989813,11.01637287924596,9.955208172893837,0.31775531668811446,495,0.49744389917091125
anti_reasons,1111111100011111011000111110110011101100111011011011,12.060630247755649,9.509470108883818,7.694176048898536,0.8813258626211656,495,0.49747373967684794
anti_reasons,1110111111101111111111110111011111001111111011111111,12.060525151828221,11.309395155155983,10.536137416356905,0.27673903568753355,495,0.4974781186738241
anti_reasons,1111101110001111111000110110011111111000111011111111,12.060162531202975,10.80655619923169,9.829555587683405,0.35281345711981427,495,0.4974932278665427
anti_reasons,1111110001111111111111111011111111011011111011110011,12.059311114878858,11.16549771788685,10.42338671313574,0.2747295037932522,495,0.4975287035467143
anti_reasons,1111111111011101100110110110111111111000111110011011,12.058026485807602,10.513466368171018,9.469192732379026,0.47687599892940535,495,0.4975822297580166
anti_reasons,1111100001111111111100011110111011001111000110111111,12.057289121509024,11.361997875870985,9.510295041722838,0.4513117829652368,495,0.4976129532704573
anti_reasons,1111111111101101111000011111011111111000111110011110,12.056852659323246,10.997512897968729,9.317246451604614,0.4978048079758308,495,0.4976311391948648
anti_reasons,1111100011101101111100011111011111111000011110011111,12.055601423956228,10.934911791874123,8.984637464985994,0.5095255653813627,495,0.4976832740018239
anti_reasons,0111111111111111101111111011011111111111111111011011,12.05387937163503,10.812433151642628,10.139851975358093,0.3212125501374774,495,0.4977550261818737
anti_reasons,1111100111101111101100011011111111011111000110111111,12.05337394592268,10.977975759363403,9.073017438466069,0.48689718131892606,495,0.49777608558655506
anti_reasons,0111111111011111011111110111011111011011111011111111,12.052738154510779,9.906966233811913,9.209265051027145,0.5516664012352553,495,0.4978025768953842
anti_reasons,1111101110001111111100110111110111111011110110011110,12.05234554323554,11.116588146017886,9.93018554568956,0.2719324058449348,495,0.4978189356985191
anti_reasons,1111110001101111100111111111011011111000011110110011,12.050932654030445,10.938088923555746,8.947089882307344,0.660681557083428,495,0.4978778060820648
anti_reasons,1111111110011111011110110011110111111000110111111011,12.04919665435095,10.037944830774526,9.155580974146458,0.5699233596000376,495,0.4979501394020437
anti_reasons,1111111111111111111111110111011111111011110011110011,12.048951065266387,11.018748155016704,10.180447097218469,0.3226357146998174,495,0.4979603722805672
anti_reasons,1110111111111111111000110110111111111111110011110111,12.048766323566628,11.28196540422003,10.342386645512269,0.2723162922179082,495,0.4979680698513905
anti_reasons,1111100110001101111100110011111111111011110110111110,12.04740797108357,10.83676301184039,8.229523788393664,0.7068045486638879,495,0.4980246678715179
anti_reasons,1111111111101111011111110111011011011111111011011111,12.047011912281251,11.170048328494866,10.377037825558073,0.2712780418651922,495,0.49804117032161455
anti_reasons,1111110110001111111000111110111011111011110110110011,12.046882240309458,11.0036494045915,9.536102935607174,0.4462542963463444,495,0.4980465733204392
anti_reasons,1111100011101101111000011111011111111000011111011111,12.046519714040903,10.943113456287943,9.406846279063974,0.4254741870312161,495,0.4980616785816291
anti_reasons,0110111111011111011000110110110011111111111111011011,12.046493795297678,9.178939562801869,7.801521369925381,0.8761786878783919,495,0.4980627585292634
anti_reasons,1110111111011101101111110111110111111111100111111111,12.046221887881615,11.267513889988022,10.547306298966166,0.23991681738085896,495,0.4980740880049327
anti_reasons,1110111111011111111000111111011111111111100111111110,12.04610447448117,11.22622607186433,10.395534516866244,0.2544792905648788,495,0.49807898022995123
anti_reasons,1111111110011101111100111011110111111111110111011110,12.045129171260754,11.20310918806271,10.630791762046336,0.18971494110043874,495,0.4981196178641353
anti_reasons,1111111111111101111000011110011111111000011111011111,12.04428626487225,11.11376373994907,10.245297765546708,0.3136211500011947,495,0.49815473896365625
anti_reasons,1111111100001111011000111111111011101111111011011011,12.043680002053064,10.272933528851814,8.9406546127346,0.5790319860873426,495,0.4981799999144557
anti_reasons,1111111111001111111000110110011111111111100110110110,12.043659417792949,11.032874195163027,8.701535969093861,0.50522130324288,495,0.4981808575919605
anti_reasons,0111111111111111111000110011111011111000011110111011,12.043487686242297,10.944559635854496,9.947854620363943,0.3303521841609755,495,0.49818801307323757
anti_reasons,1111100001101111111000011011110111111001111111110110,12.043385582088437,10.892481046869861,8.685335692794567,0.6325149965638153,495,0.49819226741298184
anti_reasons,1111111111111101111100011110011111111000011110011111,12.043157071457948,11.105562075535248,10.301349360182094,0.2992175024693782,495,0.49820178868925213
anti_reasons,1111111111011111111111110110111001111011110111110011,12.042214066701428,11.037581924180824,10.177745427560293,0.3140331555108842,495,0.4982410805541072
anti_reasons,0111111111111011011100011111111110011111111110111011,12.04126930731464,9.854684765661789,9.21640665554771,0.5972507782489399,495,0.49828044552855666
anti_reasons,1111110011111111111000111110110001111001110111011011,12.041016168270117,10.651143998842203,9.641136198687049,0.3773182047619385,495,0.49829099298874513
anti_reasons,1110110001111111111110011111011111111111110111111110,12.040346619835896,11.01993122021588,9.930424492059691,0.4581550181102892,495,0.498318890840171
anti_reasons,1111111111011111100111111111011011111111111011111011,12.040149117663136,11.248646732874924,10.470449334958628,0.2831749879149523,495,0.49832712009736935
anti_reasons,0111111111101111011111111011111111101111111110011011,12.039927895251363,10.766882409761825,10.012044484619988,0.33944397255532455,495,0.4983363376978599
anti_reasons,1111100110011011111000111110111111101101111011011111,12.039358774405631,10.291234163211746,8.853772190669043,0.6024220501689673,495,0.498360051066432
anti_reasons,1111110011101101111000111011110011111000111111011011,12.03905229042079,10.87640918116418,9.786797440013563,0.32487973038634943,495,0.49837282123246707
anti_reasons,1101111100011111011000111111111011101100111011011011,12.039026796737582,10.027367299599083,8.614301276520319,0.6915273171754309,495,0.49837388346926736
anti_reasons,1101111111111011111000110110111011101100111011011011,12.038393849527983,10.103389599433832,8.624665800657331,0.6930927773291213,495,0.49840025626966733
anti_reasons,1110111111011111111000111111011111111111100111110111,12.037884361574177,11.232192649188216,10.412381347174684,0.26467985661159205,495,0.4984214849344093
anti_reasons,1111100011101111111000011011110111111011110111111110,12.037106182031227,10.933578625504104,8.961013373143054,0.5735668169991296,495,0.49845390908203224
anti_reasons,1111100001101111100011110111110111111011000110110110,12.036936443068186,10.944768352263821,8.38205133252047,0.7627258226951154,495,0.49846098153882556
anti_reasons,1111111110001111111100011110011111011100111111110111,12.036424476476162,11.19423419235013,10.129384976874128,0.24593658397684237,495,0.4984823134801599
anti_reasons,1111111110001111111000011110110011111100011110110011,12.036384300164661,10.864589428972096,9.618132804796547,0.2942320683611878,495,0.49848398749313916
anti_reasons,1111110001111111111100011011110011111000111110111011,12.035730593938025,10.98729508232374,10.092786073075205,0.31955945402498326,495,0.4985112252525823
anti_reasons,1110111111011111011000110110110011011101111110011011,12.034927011823074,9.556159437158797,7.828030983073457,0.8439750747425959,495,0.49854470784070526
anti_reasons,1111101110001101111110110111110111111000110110111110,12.033746448069527,11.2204517933159,9.160436597751637,0.4616749498948783,495,0.4985938979971031
anti_reasons,1111100011111111111000011011111001111001111111110110,12.032549990041367,10.65068218288839,8.423058640555697,0.6952401204415141,495,0.498643750414943
anti_reasons,1111101111001111111110110111110111111000110111011110,12.03094758913982,10.990756536669023,10.038672631870318,0.26967649813661465,495,0.49871051711917413
anti_reasons,1111101110011101111000011111110110011001111111011111,12.030681720510614,10.484637539064414,9.64771698876881,0.4779405331391093,495,0.49872159497872437
anti_reasons,0111111110011111001111111011111111101111111111011111,12.030554122407805,10.17364655860967,9.358858638965115,0.462576294851459,495,0.4987269115663414
anti_reasons,1111111111111111111100111011110111111000110111011110,12.030542204000483,11.34383463107344,10.699660248348053,0.2262163063553174,495,0.4987274081666465
anti_reasons,1111110011101111111100111011111011011000110111011111,12.030052423359805,11.167723479371046,10.132162594743338,0.3281094694236769,495,0.4987478156933415
anti_reasons,1111110011111101111000111011110011111000111110011011,12.029364582391642,10.88225697867866,10.086508714870241,0.2999745119812548,495,0.49877647573368156
anti_reasons,1111100111001111111100111111110001111101100110110111,12.02901703736187,11.346563167806735,9.615620335493695,0.4743208431351075,495,0.4987909567765888
anti_reasons,1111100001101111111100011011110011111001111110111011,12.028557434962558,10.936706030967894,9.065013600391104,0.4611318732495612,495,0.49881010687656013
anti_reasons,0111111110011111011100011111111111011100111110111011,12.02855485717292,10.308393297088374,9.205995746442234,0.5820531300983339,495,0.4988102142844616
anti_reasons,1111110001101111100110110110110111011111100111111011,12.028292037402094,11.075188034321402,9.955654833813734,0.38860587390481505,495,0.49882116510824603
anti_reasons,1111100011111111111000011011111001111001110110111111,12.028049185227244,10.813767550387254,8.922048070909478,0.5949060648654735,495,0.4988312839488648
anti_reasons,0111110111111011111100011111111110011100111111011011,12.02757541360472,9.610809334550195,8.752718940240214,0.6590659060774817,495,0.49885102443313667
anti_reasons,1111110011101111111000110111111011011000110111011011,12.026665635762122,10.957036431939601,9.880959698176314,0.31778621819123537,495,0.4988889318432449
anti_reasons,1111111100001111011000111111111011101100111011111011,12.025703542000787,10.604745020538424,9.326252817540901,0.49990903019703903,495,0.49892901908330056
anti_reasons,1111111110001111111000110110111011111011110110110011,12.025165464609268,10.970853488613365,9.255980149114144,0.3950460053654124,495,0.4989514389746138
anti_reasons,1111101111001111111110111111110111111000110110011110,12.024332177501543,11.170523829236984,9.966861007046688,0.24650999753229128,495,0.49898615927076906
anti_reasons,1111100111111111101100110110111111011011000110011111,12.022521294873124,10.837530711221492,9.876070280245369,0.32744575263058884,495,0.4990616127136198
anti_reasons,1101111100001111111000111110110011101100111011011111,12.02229676607867,10.71797663806613,9.205642384399878,0.47450906413295446,495,0.49907096808005547
anti_reasons,1111110001111111100111110110111011011001110110111011,12.021285166019862,10.965662597001879,10.062006884732089,0.32657356034526835,495,0.4991131180825058
anti_reasons,1111110011011111100111111111111111111000110111110110,12.021100416699941,11.162967932345198,9.86719026871891,0.4781615687475991,495,0.4991208159708358
anti_reasons,1111101110011011011000111110111111101101111011011011,12.021008325420182,9.159387139266586,7.4423997461086,0.9873447905676023,495,0.49912465310749243
anti_reasons,1111110011111111100111011110111111001101100111110111,12.020780516885997,10.866925845817919,9.538962228401642,0.42485879163812634,495,0.4991341451297501
anti_reasons,0111111111011111011000011111111110011111111110011111,12.019853849219968,10.046862469561221,9.384100932000074,0.60714769274743,495,0.49917275628250135
anti_reasons,1111100111101111100110011111111111011011000111110111,12.01954790178796,10.769297226841728,8.856597607724225,0.518342620352652,495,0.49918550409216833
anti_reasons,1111111110011111111000110110110111011011110110110111,12.0189718737933,11.195454708416573,10.296974970700928,0.3051282880769543,495,0.4992095052586125
anti_reasons,1111110111101101100110110111111011111000011110011011,12.018370183268223,10.808620862300925,9.381125861809647,0.39614359343817884,495,0.49923457569715735
anti_reasons,1110111111101111111111110111011111101111111011011111,12.018227147259015,11.038822139713586,10.099569382193383,0.2830632249443393,495,0.49924053553087433
anti_reasons,1111111111011111111000110111110001111011111110110011,12.016527032834519,11.172770817711694,10.270725109661845,0.2977890760177362,495,0.49931137363189504
anti_reasons,1111101110001111111000011110111011101100111111110011,12.016265370571952,10.850960756693672,9.451457133178696,0.3780464163917611,495,0.49932227622616865
anti_reasons,1111100001101111100110011111011011111000011111111111,12.014657255406172,10.912380792346898,8.791050459272657,0.6026349534985429,495,0.4993892810247428
anti_reasons,1111101111111101101111110011110111111011110110011110,12.01465410520551,10.598007155269507,8.75648228361031,0.5075922719625782,495,0.49938941228310374
anti_reasons,1101111110011011011110111011111111101101111111011011,12.014170543565006,9.752534331051852,8.321382450639486,0.7685072903179975,495,0.49940956068479136
anti_reasons,1111111110001111111100011110011111111100111111110110,12.013999112735958,11.112433679035469,9.615027538269926,0.3983853106704323,495,0.49941670363600177
anti_reasons,1110111110001111101110111011111011111100111111111111,12.013943316744237,11.226222149788642,10.451683206451367,0.2586182587574052,495,0.4994190284689901
anti_reasons,1111101111101111101111110110110111011011000111110011,12.013147174227424,10.652713389240615,9.698051964603534,0.3952819781720059,495,0.49945220107385735
anti_reasons,1111100001111111111100011011110001111011110110111111,12.013004536332536,10.690136694384446,8.93417597805179,0.5390147389871074,495,0.49945814431947766
anti_reasons,1111100110011111111000110111111001111000110110111111,12.012626567332603,11.264122187712724,10.020764576883552,0.33035459658965155,495,0.4994738930278082
anti_reasons,1111100111101111101111110110110111011111000111110011,12.01125841356405,10.956910009915067,9.987661936182796,0.4025942080398324,495,0.4995308994348312
anti_reasons,1111100110011111111000111110111001111000110110111111,12.01075015923351,11.231995308735867,10.246795626577512,0.28534295242014085,495,0.4995520766986038
anti_reasons,1101101100001111011100111111111011111100111011011011,12.01054249159019,10.404761970937212,9.358522394055523,0.4717082312372433,495,0.4995607295170754
anti_reasons,1111110011101101111000111111111011011000110111011011,12.010358900222947,10.981435352860997,9.951940054070064,0.31550805514184677,495,0.4995683791573772
anti_reasons,1111100111101101100110110111111011111000011111011011,12.010193450993901,10.808449183052003,9.427987657779186,0.3789639374044527,495,0.49957527287525416
anti_reasons,1110111111111111101111111111011011111111111111011011,12.009501020468747,11.36884869855005,10.7167560733631,0.24346617447510754,495,0.4996041241471355
anti_reasons,1101101110001101111110011111111111001100111110111011,12.008467215983421,11.08408126365733,9.783331699627224,0.3642575602611514,495,0.49964719933402413
anti_reasons,0111110111111011011100011111111111011100111111011011,12.007638967545402,9.350591390065047,8.332482179856985,0.7603107504742129,495,0.4996817096856082
anti_reasons,1111110011101101111000110111110011011000110110111011,12.007423057487596,10.949962411900025,9.113636554136098,0.4208269342918713,495,0.4996907059380168
anti_reasons,1110110001101111111000110110111011111001100111111111,12.006928418971055,11.153531943773206,9.441271581484802,0.39052006232519076,495,0.499711315876206
anti_reasons,1101100110001101111110011110111111011100111111111011,12.006179395240279,11.116831528038034,9.987763181531694,0.3156220322126412,495,0.49974252519832174
anti_reasons,1111111110011111111000110011110111001100111111011110,12.00591505038033,10.615259391760008,8.819713762867117,0.5692380002092259,495,0.49975353956748625
anti_reasons,1111100001111111101110011011111111011111000110111111,12.005581949347135,10.941033141511891,9.420621902079223,0.3924221671504242,495,0.49976741877720265
anti_reasons,1111100011101111111000110110011111011011111110110011,12.00535919820451,10.998234343426281,9.508483370684791,0.4134665811494551,495,0.4997767000748121
anti_reasons,1110111111001111111111110111011111101111111011111111,12.005276887184122,10.989198283983749,10.030675050152295,0.29191584919178776,495,0.49978012970066155
anti_reasons,1111101111101111100110110110110111111111100111011110,12.0049512758425,11.261647773868097,10.271386327980625,0.27587843914987525,495,0.49979369683989583
anti_reasons,1111111111101101111000110110011111111111100011111111,12.004144714581292,11.414334811954559,9.752940078604645,0.2954710067369947,495,0.49982730355911287
anti_reasons,1111100110011011111100111110111111101100111011011111,12.003861061734233,10.248993978280184,8.7955920487966,0.6134009304460718,495,0.4998391224277403
anti_reasons,0111111100001111011110111111110110001100111111011011,12.003679383873896,9.112603288623664,7.438927905287604,0.9029946291211994,495,0.4998466923385877
anti_reasons,1111100111101101100110110110111111111111100111011110,12.003634362454296,11.093950833309783,9.336013624246556,0.479333510452311,495,0.49984856823107104
anti_reasons,1111100011101111111000011110011011111000111110011111,12.003085887810464,10.8054895910186,9.040076588249839,0.46719246555477467,495,0.49987142134123064
anti_reasons,1110111111101111111111110111011111101111111011111011,12.000741371121913,11.044788717037473,10.085944220416591,0.2847065688752102,495,0.4999691095365869
anti_reasons,1111100111111101100110110111111011111000011110011011,12.000505742964755,10.814296980566484,9.540494071720024,0.3501091588505052,495,0.49997892737646854
anti_reasons,1111111111111111011000110011110011111000011011111111,12.000494772894795,10.570832183496899,9.59456234776659,0.4272834001152206,495,0.49997938446271684
anti_reasons,1111101110011101111111111011110111111000110110111110,11.99993134955928,11.131730602587906,9.218065224949012,0.4573321398334937,495,0.50000286043503
anti_reasons,1111100110001111111000011111111111011001110110111111,11.998138408643683,11.15547063750545,9.67157688449044,0.31682680979716515,495,0.5000775663065131
anti_reasons,1111101110001101111100111011111111101101111110011110,11.997873871348892,11.199523119093602,9.466821531191716,0.4307006240154157,495,0.5000885886937962
anti_reasons,1110111110011111101100111011111011111100111110111111,11.997656556342287,11.226041324934961,10.476832309331453,0.24387089256524294,495,0.500097643485738
anti_reasons,1111110011111111100111110110111111011111110011111110,11.997325369831593,11.21085984498232,10.38952890265146,0.30991684005224257,495,0.5001114429236837
anti_reasons,1111110001111111111000110111111111101101100011111110,11.996166081113367,11.346671457913292,10.25945387117476,0.3954629580395126,495,0.5001597466202763
anti_reasons,1111100111101111101111110110110111111011000111110011,11.996119629642326,10.75393044182402,9.45016420076817,0.41158081658103784,495,0.5001616820982364
anti_reasons,0111111111011111011111111111011011111011111111011011,11.996036396859074,10.057359661577067,8.885359074289367,0.5886725716032661,495,0.5001651501308719
anti_reasons,1101111111111101111000110110011111111111100011111111,11.99489119629906,11.434326630741031,10.079241083657715,0.2520461563064765,495,0.5002128668208725
anti_reasons,1111110001101111111000011011111001111001111110110110,11.994342619330736,10.51130824830065,8.04580074586696,0.8620960808994521,495,0.5002357241945528
anti_reasons,1110111111111111111111111110111001111011110111110011,11.993782758103425,11.021730481673728,10.364848738856411,0.31144088069310993,495,0.5002590517456906
anti_reasons,1111111111111111011111111111011111011011110111011110,11.993501717412101,11.093762235410226,10.413388899553283,0.27574871536787576,495,0.5002707617744957
anti_reasons,1111111110011111101111111111011111011011111111011110,11.990717553919247,11.081617002627754,10.43676485078787,0.32909964035782185,495,0.5003867685866981
anti_reasons,1110111111011111111111111111011111101111100111111110,11.990087447998693,11.110382479617503,10.093991180432088,0.29638404982703836,495,0.5004130230000545
anti_reasons,1110110111111111111100111011111111011000011110111011,11.989282648717134,10.902679045724982,10.210982392424441,0.3174441305306787,495,0.5004465563034528
anti_reasons,1111101100001111011100111111111011101100111011111011,11.988796016937826,10.596371676875679,9.336539463057234,0.4561123972263897,495,0.5004668326275905
anti_reasons,0111110111111011011100011111111110011100111111011111,11.988319650567094,9.436188763708872,8.559974734263154,0.6536074660505791,495,0.5004866812263711
anti_reasons,1111110011111111100111110111011011111000111110110011,11.987930287489155,10.984167066411844,9.378129287820057,0.528609812903698,495,0.5005029046879519
anti_reasons,1111111111111111101111110111011111111111100011111011,11.98787900529654,11.140627106346484,10.571890409914115,0.23473671740085011,495,0.5005050414459775
anti_reasons,1111100011111111111100011011111001111000111111110110,11.987764291869794,10.608441997956827,8.38965505015006,0.6826578830851092,495,0.500509821172092
anti_reasons,1111110001111111111000110111111001101111100011111111,11.987447868448639,11.234976452206059,9.828885883854836,0.3749300195337169,495,0.5005230054813068
anti_reasons,1111110001101111111000110110011011111101100110111011,11.98625080232592,11.226376202174903,9.54828718987245,0.44262986120206654,495,0.50057288323642
anti_reasons,1111110111011111111000111111011111111101100110110110,11.985926169753121,11.287716838009558,9.865802449001603,0.5074723294779103,495,0.5005864095936199
anti_reasons,1111101110011011011100111110111111101100111011011011,11.985510612748785,9.117146954335023,7.3918080191886855,0.9977330275985976,495,0.5006037244688006
anti_reasons,0111101110011111011000110111111011101111111110011111,11.985422320466034,10.591222517091314,9.051466480930292,0.5075141583414198,495,0.5006074033139152
anti_reasons,1111100110001101111100111011111111111001110110111110,11.98497846825822,10.942226967107262,8.23539342063442,0.716187249617243,495,0.5006258971559074
anti_reasons,1111100110011011111000111111111111101101111011011011,11.984931586271806,9.990333467464827,8.710946485480644,0.671866548092531,495,0.5006278505720081
anti_reasons,1111110011111111100111110111111111011111100011110111,11.983922102961229,11.34242077226363,10.592510068996418,0.2616892907883492,495,0.5006699123766154
anti_reasons,1111110111001111111100011111111111011011100111110111,11.983725808294952,11.023727714322611,9.876991303243344,0.32722392976627923,495,0.5006780913210436
anti_reasons,1111111110001101111000111011111111101101111110011110,11.982202840995473,11.207896462756345,9.82673854133679,0.37279587273821135,495,0.5007415482918554
anti_reasons,1110111111011111111111111111011111101111100111110111,11.9818673350917,11.11634905694139,10.068087769236453,0.3022694442517047,495,0.5007555277045126
anti_reasons,1111110001111111111000110111111111101101100011110111,11.981792721371665,11.35263803523718,10.167878402045826,0.3937313200692664,495,0.500758636609514
anti_reasons,1111111111111111100111110111011111111111111011110011,11.981135116205923,11.402032167336726,10.95524788429015,0.15446500433371052,495,0.5007860368247532
anti_reasons,1101101100001111111110111110011011111100011110011011,11.97943150141641,10.85604675087411,9.757138383725215,0.31156445391153675,495,0.5008570207743162
anti_reasons,1111101100011111011000111110110011101100111011011111,11.979224398012713,10.022093296926634,8.313853760244228,0.7033379896222147,495,0.5008656500828037
anti_reasons,1111110011101101111000110011110011111001111111011011,11.979188650708606,10.730680409113962,9.14132292669595,0.3365175699672865,495,0.500867139553808
anti_reasons,1111101110011011011000111011111111101101111111011011,11.978637202228082,9.661783577466412,8.213592352079655,0.7903043578690133,495,0.50089011657383
anti_reasons,0111101110011111011100011111111111111100111110111011,11.978434182437395,10.556410047012681,9.659019922564488,0.4472746533914267,495,0.5008985757317752
anti_reasons,1111110110011111111100110111110111111000110110111110,11.978111716062852,11.386055832988257,10.292943940533352,0.24335299312617334,495,0.5009120118307144
anti_reasons,1111110111111111100111011110111111101111100110110110,11.97805322956127,10.93176608143669,8.491555853527693,0.6836662567218973,495,0.5009144487682804
anti_reasons,1111101110001101111000011110111111011000111110011111,11.977956617952737,10.716089255703178,9.633826122074655,0.3686326383972605,495,0.5009184742519692
anti_reasons,1111100001111111101100111110111011011011000110011111,11.97585899066913,10.801081079096813,9.645345961112401,0.32468987369989916,495,0.5010058753887863
anti_reasons,0111110111111011111000011111111111011111111110011011,11.975853258332878,10.233158445540946,9.43978390490134,0.48565595383887294,495,0.5010061142361302
anti_reasons,1111111110001101101100111111111011111000110110111011,11.975530950084526,10.847613834499827,9.045991001140877,0.45243529837192875,495,0.5010195437464782
anti_reasons,1111111110011011111000111011111111001100111110011011,11.975109080925,9.98853565004724,8.458236706740195,0.6997475763967895,495,0.5010371216281251
anti_reasons,1101100110001101111110011111111111101100111110111011,11.974894495020326,11.185298316240731,9.358642675115805,0.4149842130824274,495,0.5010460627074864
anti_reasons,1111100110001101111000011110111111111100011111111011,11.97441427373108,11.266749156397534,10.45135754792751,0.24645538376328613,495,0.5010660719278717
anti_reasons,1111111110011011111000111011111110011101111110011011,11.973570783975596,10.065600584542604,9.028573272323312,0.6757566105795422,495,0.5011012173343501
anti_reasons,1111111111111101101100111011110111111011110111011110,11.971741546865847,10.729796527734603,9.784791527279925,0.373854992148762,495,0.5011774355472565
anti_reasons,0111111111111111011111110111011111011000011011111111,11.971481133357647,10.123493664530775,9.38911263909132,0.5080224798705695,495,0.501188286110098
anti_reasons,1111110111111111100011111110111001111000110111110110,11.9714322273391,10.912564374693439,9.051485236680051,0.6160485906163015,495,0.5011903238608708
anti_reasons,1111110001111111111100111111111001101111100011111110,11.97101457018469,11.155161232982493,10.011127922446835,0.4247366412672686,495,0.5012077262423045
anti_reasons,1111111111101111101100011111110011011111000110110111,11.970821657352708,11.129945393636392,9.452277293845157,0.47821520142135926,495,0.5012157642769706
anti_reasons,1101111100011111011000111110110011101100111011011111,11.970613341315252,10.036408997447548,8.31451909136521,0.6984769636652609,495,0.5012244441118645
anti_reasons,1111110111111101111000011110011111111000111110011111,11.970380917038502,10.974484089836453,9.989690858961037,0.32394959640763227,495,0.501234128456729
anti_reasons,0111111110011111011111111110110011101111100111111111,11.97021266631825,10.641932412829023,9.547267949768845,0.42703252982006906,495,0.5012411389034062
anti_reasons,1111110001101111111110110110110011111011000111110011,11.970162508790219,10.905559618687406,9.258160919207857,0.39527425527700144,495,0.5012432288004076
anti_reasons,1101101100011111011100111111111011101100111011011011,11.969455550746893,10.01899395593634,8.624587922036651,0.6381048092482287,495,0.501272685385546
anti_reasons,1111101100011111011100111111011011111000011111011011,11.969232502389293,10.072248831116292,8.796832127380412,0.5670089809223218,495,0.5012819790671128
anti_reasons,1111110011101111111100011110011011111000011110011111,11.969170932639909,10.789767879376493,9.409750805459556,0.4078187657950668,495,0.5012845444733371
anti_reasons,1111110001101111100110011111111111011011000111110111,11.968782359174696,10.720649868356498,9.306510850268992,0.48956362713198076,495,0.5013007350343877
anti_reasons,1111110110001101111100111111110011111000110110111011,11.966952759544519,10.975795049522649,9.493978446833651,0.3790368434872721,495,0.5013769683523117
anti_reasons,1111110001111111111100111111111001101111100011110111,11.966548352096305,11.161127810306382,9.988261596913743,0.42887788344337996,495,0.5013938186626539
anti_reasons,1111111111101101111100011111011111111000011110011110,11.963891786823348,10.903011411967512,9.257443785323755,0.48721650994877336,495,0.5015045088823604
anti_reasons,1111110011101101111000110111110011111001110110011011,11.963376012862941,10.792036012085555,9.093847798075805,0.3821278614999362,495,0.5015259994640442
anti_reasons,1111100001111111101111110110110111011111000111110011,11.963321253783251,10.913938769695394,9.855146415298329,0.3808840936339064,495,0.5015282810923645
anti_reasons,1111111110001111111100110111110111111001110110011110,11.963024967188097,11.042456487965719,9.97625114603615,0.2556363124960769,495,0.5015406263671627
anti_reasons,1111101111111101111111110011110111111001110110011110,11.962917820610286,11.09071540747952,9.483268826984174,0.4004469421290978,495,0.5015450908079047
anti_reasons,1111100001101111111000011011111011111001100110110111,11.962507933224694,10.61248914833692,7.713189396945763,0.8563200738515987,495,0.5015621694489711
anti_reasons,1110111111101101101111111111011111111111111111011011,11.962050646074273,11.217814226127118,10.645761959909715,0.23351329595813394,495,0.5015812230802386
anti_reasons,1111110111011111111000111111110001111011111110110011,11.961969225895587,11.205566733689828,10.531241170141023,0.23752744548990357,495,0.501584615587684
anti_reasons,1111110111111111111100110011111011111001110110011011,11.961831378820888,10.835573478349142,9.528993841081792,0.35432858897684416,495,0.5015903592157964
anti_reasons,1111110011111111111000011011111001111000111111110110,11.961516030686926,10.61681534161957,8.877639834199938,0.6223461831121633,495,0.501603498721378
anti_reasons,1111100011001111111100111111011011111000110111110111,11.961423730263217,10.964842644534773,8.677511626614425,0.6632636232232855,495,0.5016073445723659
anti_reasons,1111100001101111111000011111011111111001100110110111,11.960991524785749,10.781243766538854,8.328541895329728,0.7300032618513783,495,0.5016253531339272
anti_reasons,1111110111101101111000110111111011011000110111011011,11.96092502424806,10.795397376815194,9.351265325811895,0.3247844416369944,495,0.5016281239896643
anti_reasons,1111111111101101111000011111011111111000011111011110,11.960073016616619,10.911213076381333,9.669492369285056,0.4056316861949932,495,0.5016636243076409
anti_reasons,1111101100001111011100111111111011101111111011011011,11.959792958096939,10.26456018518907,8.945745205466531,0.524666704456262,495,0.5016752934126276
anti_reasons,1111101110011011011000111011111111101101111110011111,11.959133696852856,10.17457844475815,8.890367407277314,0.5781059927809175,495,0.501702762631131
anti_reasons,1111111111101111101100011111110111011011000110110111,11.959122141505576,10.767567188220417,9.3617041304138,0.42603696801497437,495,0.5017032441039344
anti_reasons,0111100111111011111000011111111110011111111111111011,11.958954332179516,10.324550717259736,9.590272930757688,0.41583589164044443,495,0.5017102361591868
anti_reasons,1111111110001111111000110111110111011001110111110011,11.958898526478428,10.7357947827439,9.900086248808192,0.3389294868965558,495,0.5017125613967321
anti_reasons,0111100111111011111100011111111111111111111110011011,11.95811085904448,10.551581626161617,9.869525615181924,0.3413515745395867,495,0.5017453808731467
anti_reasons,1111111111001111111000110110011111111101100111110110,11.95810854693552,10.958570857861938,8.90704726792694,0.4151367763380522,495,0.5017454772110199
anti_reasons,1110111111101111111100110111011111111001111110011011,11.957573131323116,10.793765485248743,9.740236574053927,0.3536754241336962,495,0.5017677861948702
anti_reasons,1111111111111111111000110110011111111111100011110111,11.957349974855948,11.33013671106179,10.239881735398724,0.25922390493683567,495,0.5017770843810021
anti_reasons,1101101110001111111000110110011011111000111110011111,11.956882819391812,10.820108508488824,9.156142749962326,0.39352371836104544,495,0.5017965491920078
anti_reasons,1111110001101111111000011011110001111011110110111111,11.956881070428539,10.614054145422523,8.973066229924836,0.58857091691041,495,0.5017966220654775
anti_reasons,1111100111111111111000011011111001111000111111110110,11.95677777112811,10.610372978892805,8.403613271548528,0.6621544475583337,495,0.5018009262029954
anti_reasons,1111100011111111111000111110110001111011110111011011,11.955066975156813,10.725275656894368,9.703235105878166,0.34978944343102797,495,0.5018722093684662
anti_reasons,1101101100001111011110111110011011111100011110111011,11.954717185976726,10.687392757356674,9.681200264465549,0.3360408208510256,495,0.5018867839176364
anti_reasons,1111110111011111111000110111011111111111100110110110,11.9541453438872,11.182252882742688,9.528796630331655,0.5117103904346479,495,0.5019106106713667
anti_reasons,1111111110011011011000111011111111101100111110011111,11.953552686086343,10.140711603489331,8.718867474943549,0.633304927724068,495,0.5019353047464024
anti_reasons,1111100111111111111000011011111001111000110110111111,11.952276966313987,10.773458346391669,8.902602701902307,0.558375908311174,495,0.5019884597369173
anti_reasons,1111100111101111100111011110111111011011000111110110,11.952275516491728,10.348143184902831,8.029058005240698,0.6849494526666987,495,0.501988520146178
anti_reasons,1111101110011111111100111111011111101101100111110110,11.952110904132534,11.058217432319482,9.376845046990377,0.473851447268547,495,0.5019953789944778
anti_reasons,1110110011101111111100110011111111111011111110110011,11.952102849606483,10.842142382535839,9.217467714648395,0.40311454835393545,495,0.5019957145997298
anti_reasons,1111100110011111111100110111110111111001110110111110,11.952011751565388,11.419922674257077,10.198735799666515,0.2908945824081326,495,0.5019995103514421
anti_reasons,0111110111111011011100011111111110011100111111111011,11.951637294345055,9.442155341032759,8.480385446902448,0.64432612286165,495,0.5020151127356227
anti_reasons,1111101110001101111000111011111111101101111111011110,11.95076367265014,11.207724783507423,9.961339878903102,0.3450169191133264,495,0.5020515136395776
anti_reasons,1111110011101101111000110111111011011001110111011011,11.950495260510763,10.835706580810777,9.306465540752452,0.3369125088000178,495,0.5020626974787181
anti_reasons,1111111110011111111100111011110111111101110111011110,11.949469404523871,11.284174222408186,10.681971112260053,0.23372142905479779,495,0.502105441478172
anti_reasons,1111100110011011111100111111111111101100111011011011,11.949433873600407,9.948093282533264,8.549733198663212,0.6812552151787533,495,0.5021069219333163
anti_reasons,1101111111011011111000110110111011101100111011111011,11.948135904890904,10.053765743703996,8.373867515556023,0.6700812326074903,495,0.502161003962879
anti_reasons,1111101110011101111000111011111111101101111110011110,11.947619926118852,11.213572581021904,9.791261335216173,0.3451837732708927,495,0.5021825030783811
anti_reasons,1111100110011111111100110111110111111000110111111110,11.946580707146525,11.385884153739333,10.339805736502893,0.22573066165926442,495,0.5022258038688947
anti_reasons,1111100011101111111000110110011111011001111111110011,11.946552591428821,10.923931006125192,9.601410767000921,0.3610961611038366,495,0.5022269753571325
anti_reasons,1111100110011111111100111111011111111101100111110110,11.945462242974546,11.302861868245007,9.815116290632805,0.47885743748485793,495,0.5022724065427273
anti_reasons,1101101100001111011100111111111011101100111011011111,11.945412843454138,10.525941025713598,9.322948420830192,0.4281917370547888,495,0.5022744648560775
anti_reasons,1111100110001101111100110111111111111011110110011110,11.944536622120573,10.948891205459573,8.911395053921316,0.5054300836262691,495,0.5023109740783094
anti_reasons,1111100011111111111000111110111001111001110111011011,11.944188679744558,10.864223222381545,9.690807971205153,0.31926547009372025,495,0.50232547167731
anti_reasons,1111101110011011011100111011111111101100111110011111,11.944162438954141,10.132338259826588,8.729154120459881,0.5827761378150826,495,0.5023265650435775
anti_reasons,1101100110011111111000111011111011101100111110011111,11.944030930166353,11.28605803725211,9.60745715166189,0.3973223240870116,495,0.5023320445764019
anti_reasons,1111100011111111111000011011111001111000110111111111,11.943903793824806,10.779729029869511,9.280679306958984,0.49583239733776624,495,0.5023373419239665
anti_reasons,1111110011001111111000111110111001111101100110111110,11.943524950159452,11.277989253756692,9.445466625942132,0.44277086325321535,495,0.5023531270766894
anti_reasons,1101111111011011111000110110111011101100111011011111,11.942469829614337,10.047799166380107,8.366961494075305,0.6696196814619962,495,0.502397090432736
anti_reasons,1111110011011111100111110110111001111100111110110111,11.942466579936882,11.370185872421025,10.122091379934357,0.3533978535975433,495,0.5023972258359632
anti_reasons,1110110111101111111100110011111011111011111110110011,11.942409851279995,10.747081907209695,8.680838238245954,0.530294902440873,495,0.5023995895300002
anti_reasons,1111100110011101111000011111011111101101111110111111,11.941624992840408,11.253691805567373,9.409309032686629,0.436160387390126,495,0.5024322919649831
anti_reasons,1111101110011101111000011111011111101101111110111110,11.941427611791486,11.070674239669309,9.048838342386892,0.4984916757969142,495,0.5024405161753547
anti_reasons,1111111110001111111100011110111001111000011110111110,11.94115777031213,10.776709561512389,9.48956043460573,0.37612400494412007,495,0.502451759570328
anti_reasons,1101110111011011111000110110111111111100111011011011,11.941076845564732,9.868438526862194,8.555831199941702,0.7689778851937759,495,0.5024551314348029
anti_reasons,0111101111011111011100011111111110011111111110011111,11.940411047305929,10.038489125898478,9.41622626918287,0.5407604055831261,495,0.5024828730289197
anti_reasons,1111100001111111100110011111111111011011000111110111,11.93967412394131,10.726325986622056,9.241918984129228,0.422398650121903,495,0.5025135781691121
anti_reasons,1111110011101111111100011011110111111001110111111110,11.938778611773046,10.929853398148303,9.378086557584766,0.5106151256739595,495,0.5025508911761232
anti_reasons,1111100001101111111000011110011111111001100110111111,11.938505130346988,10.893371960158037,9.01041316085738,0.5214678720459535,495,0.5025622862355421
anti_reasons,1111111111011111011000110011111011111000011011111111,11.938417780090589,10.215697785939703,9.043196611778871,0.5015916745317661,495,0.5025659258295587
anti_reasons,1111111111101111111100011011111001111000110111110111,11.937122292032681,10.739745765358487,9.109044075028937,0.6029023715774758,495,0.5026199044986384
anti_reasons,1111101110011011001110111111111111111100111011111111,11.937023540848758,10.427054568490176,9.605885501874898,0.5082465128860468,495,0.5026240191313018
anti_reasons,1111100001101111111000011011110001111011111111110111,11.936930226911157,10.780786041162626,8.740072915774588,0.603226438305023,495,0.5026279072120352
anti_reasons,0111110111111011011000011111111111011111111110011111,11.936597495295253,10.058537874699622,9.339220873017512,0.48130790593432793,495,0.5026417710293645
anti_reasons,1111100011011111111110110011011111111111110110110111,11.936546483627128,10.971577970766425,9.32877809175604,0.5506170444122841,495,0.5026438965155364
anti_reasons,1111100110011111111100111110111111101101100111110110,11.936153945947769,11.250276696066011,9.640297386629879,0.46170908547837625,495,0.5026602522521764
anti_reasons,1111110111101111101111110110110111011011000111110011,11.935329894673314,10.505913691899712,9.46737118431491,0.4146253132078397,495,0.5026945877219453
anti_reasons,1111111110011011111100111011111110011100111110011011,11.935287568361112,10.023360399611043,8.86735998550588,0.6881792026670803,495,0.5026963513182869
anti_reasons,1111110111111101111000011111011111111000111110011110,11.934714932382981,10.856389318893383,9.30956924636074,0.46607871803263734,495,0.5027202111507092
anti_reasons,1111111111111111100111110111011001111001111110110011,11.93428786688304,10.888924976614032,9.750425357954501,0.4295859614220704,495,0.50273800554654
anti_reasons,1110110001101111101100110011111011111011111110111111,11.9331736633573,10.968068512420182,9.049428452819384,0.5691270075730303,495,0.5027844306934459
anti_reasons,1111101110001111111100011110111001111000011111111110,11.932928249316435,10.776537882263467,9.39892806550879,0.3506436720110612,495,0.502794656278482
anti_reasons,1111100011101101111110110110111011001101100111111011,11.932546303259317,11.034873400638345,9.197378382506814,0.4919411711431389,495,0.5028105706975285
anti_reasons,1111100110011111111100111111011111101101100111111110,11.93181096506369,11.235268420893657,9.807146283610798,0.4093048305597408,495,0.5028412097890129
anti_reasons,1111100001101111111100011011110011111011100111110111,11.931758797112076,10.622556108656294,8.171489306346741,0.704572362875016,495,0.5028433834536634
anti_reasons,1111100001111111101100110111111011011011000110011111,11.931607757577627,10.833207958073674,9.658241462625927,0.32620140719280494,495,0.502849676767599
anti_reasons,1111111100011111011100111111011011111000011110011011,11.930806522860598,10.072420510365214,8.808345667104764,0.5289482876432674,495,0.5028830615474751
anti_reasons,1111100111101101100110111110110111111111100111011110,11.930530976444228,11.060467223089475,9.510778320122196,0.4515377972271463,495,0.5028945426481573
anti_reasons,1111101111101111101100011111110111011011000111110111,11.930196956229006,10.767395508971493,9.208544856336228,0.39816493880202325,495,0.5029084601571248
anti_reasons,0111111111111011011100011110111110001101111111011111,11.92900735709429,9.01368867675627,7.45867372970491,0.8284266489041533,495,0.5029580267877378
anti_reasons,0111101110011111011100011111111111011101111110111011,11.928580150709436,10.342260138357194,9.300282946205357,0.5048002916919364,495,0.5029758270537734
anti_reasons,1101100110001101111110011111111111001101111110111011,11.92746614072202,10.971148407585245,9.300492331669226,0.3982690332221737,495,0.5030222441365826
anti_reasons,1111100110001111111000110110111111111001110111110111,11.925464335361994,11.350991754613565,9.751430492184637,0.36618803368414676,495,0.5031056526932502
anti_reasons,0111111110011011011110110110111011111100111111011011,11.925146389367749,9.232261962779205,7.814899083350449,0.8958318425896293,495,0.5031189004430106
anti_reasons,1111101100011111111100111111011011111000011110011011,11.924838367314683,10.759664269249354,9.668830966756696,0.39936820789127897,495,0.5031317346952215
anti_reasons,1110110011101111111100110011111011111011111111110011,11.924134000588792,10.75335259068754,8.777108390022889,0.470899461298616,495,0.5031610833088003
anti_reasons,1100110011111011111100110111111011111101111111011011,11.923978572116757,10.749423615955235,9.631109886491272,0.40700449113441717,495,0.503167559495135
anti_reasons,1111110011111101111000110011110011111000111111011011,11.92365626642681,10.702489686110699,9.582104138389008,0.3257479577872306,495,0.503180988898883
anti_reasons,0111111111101111111111111111011111111111100011111011,11.923333975255341,11.024630359859446,10.638093290700148,0.22738893966108298,495,0.5031944176976941
anti_reasons,1100110111111001111000111111111111001100111110111111,11.923197103021373,11.143648764251763,10.05361369507154,0.3721106917556342,495,0.5032001207074428
anti_reasons,1111110111101111111100011011111001111001110111110111,11.922454883538853,10.626812909286404,8.63318140046469,0.7146880743746372,495,0.5032310465192145
anti_reasons,1111100011101111111000110110011111011011110110110111,11.922452300474212,11.020103270564992,9.07362145127638,0.5759812776324514,495,0.5032311541469079
anti_reasons,1111101110011111111100110111110111111001110110011110,11.921067227796563,11.048132606231277,10.161729940339242,0.24416542022562432,495,0.5032888655084766
anti_reasons,0111110110011111011000110110111111001111111011011111,11.920376176141257,9.151738105990848,7.614745895344937,0.8579806834794176,495,0.5033176593274475
anti_reasons,0111111111101111011000111011111111111111111110011011,11.918848978950319,10.882726002008651,10.147655287510371,0.36888803700368306,495,0.5033812925437366
anti_reasons,1111110111111011111000110110111011101100111011011011,11.918634630734786,9.942274201572014,8.491036316732773,0.6643475663476662,495,0.5033902237193839
anti_reasons,1111101110001111101100110111110011111001110110111111,11.91757871202783,11.156625719350723,9.310688246479142,0.38461668237539987,495,0.5034342203321738
anti_reasons,1111100011101111100111111110011001111011110111110110,11.91590028957633,10.240436964383136,7.35619494872693,0.9523718361069237,495,0.5035041546009862
anti_reasons,1111110110001101111100011110111111111000111110111011,11.915831975009308,10.972459090665945,9.993879228363511,0.33063131715727384,495,0.5035070010412788
anti_reasons,1111100011111111111000110110011011111111100111110011,11.91582289541632,11.11603110889973,9.601013551735667,0.45388036992618663,495,0.5035073793576534
anti_reasons,1111100001111101100110111110011111111000111111011111,11.915335357497618,10.948918827811916,9.864427739788695,0.3378412946882259,495,0.5035276934375992
anti_reasons,0111110001111111011100111111110001101100111111011011,11.915256380220525,9.771843119960737,8.4447601527143,0.6059941171409481,495,0.5035309841574782
anti_reasons,1111110111111111101100111011110111111011110111011110,11.914538614631741,10.738193522791342,9.603265425564985,0.33405949704683086,495,0.5035608910570109
anti_reasons,0111100111111011011000011111111110011111111111111111,11.913851665826654,10.149930146418413,9.429825844768498,0.4156877134641169,495,0.5035895139238895
anti_reasons,0111111110001111011000110111110011111100111110011111,11.913695861902347,10.498353260513637,9.155002874117871,0.4574388483973646,495,0.5035960057540689
anti_reasons,1111101111111111101100011111110111011011000110110111,11.913509481547978,10.773243306485973,9.426309166194338,0.36778658626627314,495,0.5036037716021675
anti_reasons,1111100111101111100011110110110111111011000110110110,11.913329751961655,10.781693218453155,8.366418928679009,0.7117821931430007,495,0.503611260334931
anti_reasons,1111101111111101101111110011111111111001110110011110,11.913175954353536,10.736954720756685,8.749725308435762,0.5494085634203054,495,0.5036176685686027
anti_reasons,0111100111111011011100011111111111111111111110011111,11.913008192691617,10.376961055320294,9.709078529192734,0.34517064610142806,495,0.5036246586378492
anti_reasons,1110110111111111111100111011111111111000011110110011,11.912853166496332,10.826845109734208,10.202992293711679,0.280049358834367,495,0.5036311180626529
anti_reasons,0111101111111011011100011111111110011111111110011111,11.911635485138929,9.769938413978794,9.189828579896398,0.5516895227012764,495,0.5036818547858779
anti_reasons,1111100011101111111100110111011001111001110111111011,11.911002681370993,10.771529177054369,9.166573921636125,0.49068666430743313,495,0.5037082216095419
anti_reasons,1111101110001111111110110111110111111001110110011110,11.910801750804719,10.969705335974771,9.812689158051873,0.26440674081213855,495,0.50371659371647
anti_reasons,1111111111011101111100111011111111001100111011111011,11.910211255013182,10.550185172520365,9.240767889980221,0.4585165532290102,495,0.5037411977077841
anti_reasons,1111100110011111111100111111011111101101100111110111,11.910011682832673,11.241234998217545,9.802956339381893,0.4171334296934162,495,0.5037495132153054
anti_reasons,1111111111011011111000110110111011101100111011011011,11.909594375625533,9.520860277816379,7.894082116993585,0.8479246004866424,495,0.5037669010156027
anti_reasons,1110111110001101101100110111110111101101111110111111,11.9071021111911,10.876692908282813,9.468384584055318,0.3708774764711041,495,0.5038707453670375
anti_reasons,1111110001101111100011110110110111111011000110110110,11.906559668071989,10.733045859967923,8.638173738993904,0.6815265898076635,495,0.5038933471636671
anti_reasons,1111100001101111111110011110111111001111000110110111,11.906400865523189,11.048338032298776,8.858089107677284,0.5763894267354055,495,0.5038999639365338
anti_reasons,1110110111111111111100110111011111111001111110011011,11.905946579171442,10.652641906173397,9.485182244884731,0.3571855715443882,495,0.5039188925345233
anti_reasons,1111111111001111111110110111110111111000110110011110,11.90593313804865,10.990928215917947,9.991810835900779,0.2620970837934287,495,0.5039194525813062
anti_reasons,1111110011111111100111110111111111011011110011110111,11.905826731035543,10.977552596586749,9.991282540000638,0.3365328094415444,495,0.5039238862068525
anti_reasons,1110110011111111111100110011111011111011111110110011,11.904852107337883,10.75920038820202,9.076819664879567,0.4361716091829123,495,0.5039644955275882
anti_reasons,1111101111001111111100110110011111111111100011111111,11.904457367293093,10.992944539592921,9.963969543954843,0.26681898551972166,495,0.5039809430294544
anti_reasons,1111100011101111111000011011110111111011110111011111,11.903336555053912,10.744806123376367,9.595428068042784,0.36165791289818616,495,0.5040276435394204
anti_reasons,1111110110001111111100011111111001111000011110111110,11.902559284154158,10.841632356467382,9.336920279147886,0.48255314486557876,495,0.50406002982691
anti_reasons,1111101111101111101110011111110111011011000110110111,11.902298939144446,10.694816036229467,8.77294382221226,0.4728334578555311,495,0.5040708775356482
anti_reasons,1111110001111111111000110111111111101111100011110110,11.901861689766603,11.09695243005038,9.61743171132453,0.4852330543592122,495,0.5040890962597249
anti_reasons,1111100011011111111110110011011111111111110110111110,11.900593947177228,10.965611393442538,9.33262363278827,0.540480458309817,495,0.5041419188676155
anti_reasons,1101110110001101111110011111111111001100111110111011,11.900429603132602,10.937281566316425,9.767475792858313,0.3497130243257202,495,0.5041487665361415
anti_reasons,1101111111011011111000110111111011101100111011011011,11.899035882489976,9.74689847063319,8.176041330853634,0.7359386577635306,495,0.5042068382295843
anti_reasons,1111100110001101111110011111111111001100111110111011,11.898783296100753,10.922965865795511,9.577206807348988,0.3515139157745814,495,0.5042173626624686
anti_reasons,1111100110001101111000011111111011111000111110011111,11.89854000186474,10.9404106879831,8.892935831643024,0.462127859312562,495,0.5042274999223024
anti_reasons,1101111100001111011000111110110011101100111011111111,11.896770243316483,10.549322644548694,8.83022778919615,0.49826682372708736,495,0.5043012398618132
anti_reasons,0111111111111111101111111111011111011011110111011111,11.896634970087257,10.687227195468456,9.906250233998062,0.3641813350730868,495,0.5043068762463643
anti_reasons,0111110011111111111000110011111011111101111111011011,11.895777221231626,10.935211932606489,9.681749890998285,0.33536978298355524,495,0.5043426157820157
anti_reasons,1111100011101101111000011011110111111001110110111111,11.895281002840953,10.876679668823968,8.439393234553531,0.6418281454080572,495,0.5043632915482936
anti_reasons,1101101110001101111110011110111111001100111111111011,11.895192022113438,10.87218709211251,9.477489868820946,0.39655462122925095,495,0.5043669990786068
anti_reasons,1111110011111101111000110111111011011000110111011011,11.89496287622897,10.807515857807516,9.747246752445507,0.31486294397052444,495,0.5043765468237928
anti_reasons,1101110111111001111000111111111110001100111111011011,11.89480193448025,10.448898994117005,9.228897382360532,0.5087816935035292,495,0.5043832527299896
anti_reasons,1101110111111011111000110110111011111100111011011011,11.894580703650146,10.348034035359357,9.126843782763261,0.5518492699577747,495,0.5043924706812439
anti_reasons,1111100110001111111100011111111001111000011111111110,11.894329763158463,10.841460677218459,9.174992999839084,0.4490499977399245,495,0.504402926535064
anti_reasons,1111100111111111101111110110110111011011000111110011,11.89416281878218,10.511589810165269,9.432788269438287,0.38987813968661017,495,0.5044098825507426
anti_reasons,1111111110001111111100011110011111011100111111111110,11.893641335938712,11.188267615026243,10.266716855971763,0.24005094564841897,495,0.5044316110025537
anti_reasons,1111110011011111100111011110111111011000111111110110,11.893498412314939,10.373578564348136,9.423153590726832,0.4185840412193378,495,0.5044375661535443
anti_reasons,1101110111011101111100111110111011101111100110111011,11.893395979438578,11.21243563685511,9.755402265687152,0.388053492625976,495,0.5044418341900592
anti_reasons,1110110011101111111110110011111011111011111110110011,11.892760006161488,10.680773117945513,8.569223260571912,0.5420419030876127,495,0.5044683330766047
anti_reasons,0111111111101111111111111111011111111111100011011111,11.892509993916528,11.018663782535558,10.652120942707956,0.22209784228248503,495,0.504478750253478
anti_reasons,1101100110001101111110011111111111001100111111111011,11.892298097928565,10.937109887067503,9.716131630136289,0.34173553762810205,495,0.5044875792529764
anti_reasons,1100111111011011111000110111111011111100111110011011,11.89188203732895,10.138685962397462,8.973963331879142,0.5587696937030259,495,0.5045049151112937
anti_reasons,1111100110001101111000011111111111011001111110011111,11.891224735704203,10.8936586662861,9.465638147551914,0.33015171218858536,495,0.5045323026789916
anti_reasons,1111110011001111111100110110110111111101100111110110,11.891206961413417,11.147342409429044,9.316212639313287,0.41050777772946284,495,0.504533043274441
anti_reasons,0111110111111111011100011111111110001100111111011011,11.891205866986098,9.290106001056744,8.003189458033603,0.7097804044494382,495,0.5045330888755792
anti_reasons,1111100111111101111110110011110111111011110110011110,11.889504777515615,10.740102105876597,8.92956073696646,0.4703215753151656,495,0.5046039676035161
anti_reasons,0111101111011011111000011111111111011111111110011111,11.889279324352628,10.324367709828126,9.766425560183794,0.4926664781744063,495,0.5046133614853072
anti_reasons,1111110011101111111100011110011011111000011110111011,11.888842285291355,10.79573445670038,9.357474184682964,0.4247438200460734,495,0.5046315714461935
anti_reasons,1111100110011111111110110111110111111000110110111110,11.888563685426618,11.313304680997307,10.131920607051915,0.2810436251995979,495,0.5046431797738908
anti_reasons,1101101110001111111100110111011011111000111110011011,11.88826581736091,10.589614243438271,9.127083496329078,0.39981263007108536,495,0.5046555909432955
anti_reasons,1111100110001111111000110011011111111000011110111111,11.888200607052637,10.839857153923735,9.223808830559854,0.4040112767091338,495,0.5046583080394735
anti_reasons,0111101111011011111000011111111110011111111110111111,11.887507208005283,10.41593166079584,9.931524400325065,0.38143952566322675,495,0.5046871996664466
anti_reasons,1111100001101111100011110110110111111011000111110110,11.886872965725502,10.732874180719001,8.679079952250044,0.641681020443756,495,0.504713626428104
anti_reasons,1111101111101111101100011011111111011111000110110111,11.886543523463645,10.800924770789228,8.771305182495908,0.5332706776273296,495,0.5047273531890148
anti_reasons,1111100111101101100110110111110111111111100111011110,11.886279743352725,11.092594102066336,9.525841584092275,0.45437055148357813,495,0.5047383440269697
anti_reasons,1111100001101111111000111110011011111000110110111011,11.885708379712055,10.928457024189132,9.0710451556044,0.5211437538421455,495,0.504762150845331
anti_reasons,1110111111111111111000110110110001111000011111110111,11.885189100939261,10.847586813646771,9.844337839219833,0.33952897764808343,495,0.504783787460864
anti_reasons,0111101111011011111000011111111110011111111111011111,11.88509938038017,9.897170216180214,9.261133245389008,0.6360651153338791,495,0.504787525817493
anti_reasons,1111110011111111100111111110111111011011100011111110,11.884809240345271,10.77455122358842,9.913487956899939,0.35461932004276553,495,0.5047996149856138
anti_reasons,1111110001101111111110111110110011011011000111110011,11.884677916957736,10.837138482082137,9.506351093832079,0.3503660024821576,495,0.5048050867934277
anti_reasons,1101100110011101111110011111111111001100111110111011,11.884661701045347,10.942957684581984,9.616478178266025,0.3533288612594738,495,0.5048057624564439
anti_reasons,1111110111111111100110110110110011011011110111111011,11.883053895455737,10.754804997155041,9.800927760540887,0.32300825116453896,495,0.504872754356011
anti_reasons,1110110011101111111100110011110111011011111110110111,11.881645831865267,10.814889822755894,9.231041749150474,0.38702267289034253,495,0.5049314236722806
anti_reasons,1111100001111101100111111110011111111000111111011110,11.88114274760847,10.818267052528027,9.17583717580609,0.49392830374437,495,0.5049523855163138
anti_reasons,1110110011111011011000110110111111011101100111011111,11.88067865480904,9.38451783231501,8.0987697283428,0.6982720757368033,495,0.50497172271629
anti_reasons,1111110011101111111100110011110011011011110110011111,11.879925566191996,10.804439046723463,9.27663926735349,0.3557093077049555,495,0.5050031014086669
anti_reasons,1111111111111111111000110110011111111111100011111110,11.877826880788168,11.324170133737903,10.25852566375342,0.2543841202081024,495,0.5050905466338262
anti_reasons,1111100011011111111111110011011111111111110110110110,11.8767812422761,10.840926195482535,8.674698882472526,0.7180453849621369,495,0.5051341149051625
anti_reasons,1111110011111111111000110011110011111001100110111011,11.876753711327044,10.83343226115021,9.55431568169293,0.31012953021561535,495,0.5051352620280398
anti_reasons,1111110011101111111100011011111001111001110111111110,11.876624216967349,10.548508920330173,8.611007340936604,0.7162297966305444,495,0.5051406576263604
anti_reasons,1110110001101111101100110011111111111001111110111111,11.876025694497205,10.982554966967392,9.53814303648867,0.42138703450719345,495,0.5051655960626165
anti_reasons,1111101110011111011110111011110111111000110111111011,11.875419732095388,10.217540444093563,9.431433525576397,0.488336980873676,495,0.5051908444960256
anti_reasons,1111100011101111111000110110011111011011110110111011,11.875231442439853,10.831330768437256,9.597643829670146,0.3577315537177402,495,0.5051986898983394
anti_reasons,1101111100011111011100110110011011111000111111011011,11.87443535062557,9.702594794001639,8.347116568760775,0.605340778704958,495,0.5052318603906012
anti_reasons,1111110011111111111000111011111011111000110110011011,11.873336506667524,10.83855840807065,9.696424833245908,0.3450085645628248,495,0.5052776455555199
anti_reasons,1111110011111111100111110111011001111011111111110011,11.873172446692324,10.822527620803136,9.585850353161113,0.4643586078878712,495,0.5052844813878199
anti_reasons,1111110011011111100111111110111001111100111110110110,11.873138143049653,11.219964222501096,9.693887890970862,0.5151978704178234,495,0.5052859107062644
anti_reasons,1111110011111111100110110110110111111111100111011110,11.873047338609513,11.126966557519514,10.33584317556603,0.2911369427469988,495,0.5052896942246037
anti_reasons,1111110111011111111100110111110001111011111110110011,11.87213144716035,11.01759777670805,10.092253897315352,0.255307379087381,495,0.5053278563683188
anti_reasons,1111110111001111111000110110011111111101100111111110,11.872081320957822,11.135621846436113,9.407527178942374,0.3473209318059831,495,0.5053299449600908
anti_reasons,0111100111111011111100011111111110011111111110011111,11.872039977651108,10.310382475522028,9.638923810394504,0.3294961577800951,495,0.5053316675978705
anti_reasons,1111111111111111011111110011111111001111111011011110,11.871406418929848,10.541724431610957,9.529461161055014,0.45782926508847593,495,0.5053580658779231
anti_reasons,1111110011001111111000111110011111111101100110111110,11.870565416447795,11.24305172737173,9.439493205827622,0.4277072565232516,495,0.5053931076480085
anti_reasons,0111110111111011011100011111111111111111111110011011,11.87042055759627,9.864337867277479,9.048874127951454,0.5341127646847201,495,0.5053991434334888
anti_reasons,1111100001101111111100111011111011111001111011110011,11.870220156829149,10.724775371134385,8.890182862009805,0.48263465860682553,495,0.5054074934654522
anti_reasons,0111111100001111011100111111110110011100111110011011,11.870156293266797,9.498190478770853,8.21750950430174,0.7704872946420644,495,0.5054101544472167
anti_reasons,1101110111011101111000111110111011101111100111111011,11.86918564608542,11.22063730126893,10.015344164780426,0.3284803923983082,495,0.5054505980797741
anti_reasons,1111110111011101111000111110111011101111100110111011,11.868745560180015,11.206493279996938,9.879334532599817,0.33956124016890366,495,0.5054689349924995
anti_reasons,1110110011111011011000110110111111011101100111111011,11.868695854619558,9.390484409638898,8.083943790897614,0.6901458531136186,495,0.5054710060575185
anti_reasons,1101101100011111111100110110011011111000111111011011,11.868467195079655,10.389838552885777,9.134617438525192,0.45731087297703066,495,0.5054805335383477
anti_reasons,0111100111111011011100111111111110011100111011011111,11.868336938661718,9.177641696781803,8.070575175503132,0.7301089676454554,495,0.5054859608890951
anti_reasons,1101101100001101111000111011110111101100111110011111,11.867838468427129,10.996406626998395,9.692269276340602,0.3534340788865606,495,0.505506730482203
anti_reasons,1110110011111011111000110110111110011101100111011111,11.867542956438864,9.644735776800157,8.514079366339597,0.5971645744016681,495,0.5055190434817141
anti_reasons,1111110011111111111110011011110011111001110110110111,11.867061750305101,10.780298508396347,8.78364222714891,0.6256262195508923,495,0.5055390937372874
anti_reasons,1111100011001111111100111111011001111000110111111111,11.86630032968954,10.861667516050863,9.260881397397522,0.496559320593782,495,0.5055708195962691
anti_reasons,1111111111001101111000111110110011101101100111111011,11.865973237566797,10.981454523872742,9.700555647257314,0.33520121721656265,495,0.5055844484347167
anti_reasons,1111100011101101111000011110011011111001111110011111,11.865913066165541,10.684159739889777,8.321036730193814,0.6152776450853108,495,0.5055869555764358
anti_reasons,1111100001111111100011110110110111111011000110110110,11.865392592180854,10.738721978233482,8.751740305084011,0.6027892985554549,495,0.5056086419924644
anti_reasons,1111100110011101111000011111011111101111111110111110,11.865211236785688,10.998006200380571,8.68583700305007,0.5861704783371875,495,0.5056161984672629
anti_reasons,1111100110011111111000011111011111101101111110111110,11.86475334098188,11.079071234726047,9.232824014700018,0.47732536609876325,495,0.5056352774590884
anti_reasons,1111100011011111111100110110110111111101100111110110,11.864046423711802,11.1530185276946,9.794482142064922,0.3578523418888218,495,0.5056647323453416
anti_reasons,1111101111011111111110110111110111111000110110011110,11.86397539865712,10.996604334183504,10.150686646766186,0.25970744428571435,495,0.5056676917226199
anti_reasons,1111110111111111111000011110011111111000111110011110,11.86297764858834,10.79986351899513,9.885407653584958,0.3018322363576585,495,0.5057092646421526
anti_reasons,1110110001101111111111111110111111011011000111110110,11.862794670708682,10.835926328416218,9.288167904963311,0.5050663759413074,495,0.5057168887204715
anti_reasons,0111101110011111011110011111111111011100111110111011,11.861971242751794,10.235642145097426,9.167956324780022,0.5314346095846223,495,0.5057511982186753
anti_reasons,1101111100001111011000111111110011101100111011011111,11.861505428661628,10.242455371477888,8.797998477865931,0.523525242825093,495,0.5057706071390988
anti_reasons,1111110011101111111100111011110011011000110110111011,11.86118640896771,10.803222963686293,9.660945029240693,0.33173714972944274,495,0.5057838996263455
anti_reasons,1110111110001111101100111111110111011100011111111110,11.860952206111644,10.904928671246434,9.886705642841743,0.34491845425970563,495,0.5057936580786815
anti_reasons,1111100011011111111110111011011111111111110110110110,11.860925107645867,10.821356320846498,8.671382290244681,0.7180843319884908,495,0.5057947871814221
anti_reasons,1111100001101111111000111111011011111001100111110011,11.860781902728826,10.842675624610482,8.734099791512682,0.6252838009743661,495,0.5058007540529657
anti_reasons,1110111110011101101110111110110111111111110111111111,11.85872116638883,11.067259944182565,10.345431316828414,0.22862225543490897,495,0.505886618067132
anti_reasons,1111100011101101111000011111011011111000011110111011,11.85804825611008,10.70307405154316,8.318684366924918,0.6394657669878536,495,0.5059146559954133
anti_reasons,1110110011101111101100110011111011111001111110111111,11.857786783578499,10.870246801220901,9.008844870114324,0.5455158105900563,495,0.5059255506842293
anti_reasons,1111101110011111011111110011110111111000110111111011,11.857717772248664,10.237110318729602,9.544235379649924,0.46726023060030686,495,0.5059284261563057
anti_reasons,0111111110001111011000111111110011111100111110011011,11.85754999308182,10.16532568578986,9.082416924227118,0.5266763896746239,495,0.5059354169549242
anti_reasons,1101101100011111111100110110011011111000011110011111,11.85745080570908,10.737725503479933,9.532025681950225,0.3618432002762021,495,0.5059395497621217
anti_reasons,1111100001111101100110110110111001111001111111011111,11.85690655098884,10.838127582146662,9.806849760506761,0.3404679739471594,495,0.5059622270421316
anti_reasons,1111100001111101100111110111011111111000111111011110,11.856768205739362,10.850393931504886,9.188732677319615,0.49757815868254196,495,0.5059679914275266
anti_reasons,1111100011111111111000110110011011111011110111110011,11.856638946094439,10.751162933222849,9.014864338928469,0.49884916887968966,495,0.5059733772460651
anti_reasons,1111100110001111111100110111110011111001110110011111,11.856582732594438,10.979296392546187,9.550915855577255,0.3126122704086243,495,0.5059757194752317
anti_reasons,1111111111011111101111110111011111111011111011110111,11.856476808572554,10.887072072604905,10.152202907440756,0.31280139608520807,495,0.5059801329761435
anti_reasons,1111110111011111111000110111110001111011111111110011,11.856260909930755,11.025799441121867,10.154309457294085,0.2765593945848989,495,0.5059891287528853
anti_reasons,1111100001111111101100110110111011011111000110011111,11.855763229932977,11.072481783793128,10.195786663806306,0.30431126638430533,495,0.5060098654194594
anti_reasons,1110110011111011111000110110111110011101100111111011,11.855560156249382,9.650702354124045,8.499253428894413,0.5868630446807117,495,0.5060183268229423
anti_reasons,0111111110011111001111111111111011101111111111011011,11.853491581787592,10.124343442594252,9.171880895703326,0.5200274796748207,495,0.506104517425517
anti_reasons,0111111111011111011100011110111110001101111111011111,11.853295424141393,9.282239388675954,7.673757010073676,0.8116422676185664,495,0.5061126906607754
anti_reasons,1111111110001101101100110111110011111001110110111111,11.853050260757808,11.00142902695308,9.058213191360995,0.47355081823421347,495,0.506122905801758
anti_reasons,1100110011111111111100110011111011111000011110111011,11.85279548349611,10.666900809901229,9.183969588174364,0.3428507654822668,495,0.5061335215209954
anti_reasons,1111110001101111111000011011110011111011100110110111,11.852308698445356,10.552321357208852,8.288658492742755,0.729468391770971,495,0.5061538042314435
anti_reasons,0111111100001111011100111111110111001100111110011011,11.852148899409555,9.533772159903418,7.881404225983744,0.7824852638027647,495,0.5061604625246019
anti_reasons,1111101110001101101100110111110011111001110111111111,11.851968397898613,11.001257347704158,8.97277717142836,0.43858295068911085,495,0.5061679834208912
anti_reasons,1101100011111011011100011111111011011100111111011011,11.850850268819888,9.90314816943872,9.086474841157434,0.47815272221628424,495,0.5062145721325046
anti_reasons,1110110001111111111100110111110111011011000111110111,11.849936629300117,10.785273255035023,9.864064914482439,0.3020865676803684,495,0.5062526404458285
anti_reasons,1111101100011111011100111111011011111100011110011011,11.849643104194392,10.523416828380569,9.444420952794765,0.4539006587498847,495,0.5062648706585671
anti_reasons,1111100011101111111000110110011111111011110110110011,11.849379643548977,10.755496832446482,8.939626527196877,0.539019026019491,495,0.5062758481854592
anti_reasons,1111100001111101100110110110011111111001111111011111,11.849232643663523,10.803190055761698,9.797479407473656,0.33802039864972877,495,0.5062819731806865
anti_reasons,1111100011101101100110110110110111111001110110011111,11.848973237727805,10.541963758178722,8.876205807280082,0.46336050976369964,495,0.5062927817613414
anti_reasons,1110110001101111101100110011111011111001111111111111,11.848056845479514,10.893765175119093,9.142355849135516,0.47226139851568405,495,0.5063309647716869
anti_reasons,1111101110011111111000110011110111001101111111011110,11.847541134368566,10.649126233028827,8.898522502931415,0.5162105811309774,495,0.506352452734643
anti_reasons,1111110111001111111000110111111001111001110110111011,11.847329169900203,10.834779443885168,9.573698380719904,0.34076885516667654,495,0.5063612845874916
anti_reasons,1111100011101101111100011110011011111000111110011111,11.847054165388478,10.641919554958214,8.279956699121074,0.6086030399562709,495,0.5063727431088134
anti_reasons,1111110011001111111000110110011111111111100110111110,11.84624341691071,11.137587772104858,9.082527170460066,0.4466992339048122,495,0.506406524295387
anti_reasons,1111110110001111111000110110111111111011110110110011,11.846117659147263,10.912671903871837,9.569843228918684,0.3218155949821107,495,0.5064117642021975
anti_reasons,0111101110011111011000110110111111001111111011011111,11.846110157495772,9.298537803331751,7.695533267762197,0.8999186723891636,495,0.5064120767710094
anti_reasons,1111111110001111111100011111011111011100111111110110,11.846066884646822,11.07613942140706,9.932357209235876,0.35929669145792337,495,0.5064138798063824
anti_reasons,0111110111101111100111111011111111111101111011111111,11.846007505852793,11.254601523549777,10.444855136048607,0.24160554150479674,495,0.5064163539228004
anti_reasons,1111100111101111101110111110110111011111000111110011,11.845555623711627,10.937340135279028,10.007969558393357,0.3439861787818276,495,0.5064351823453488
anti_reasons,1110110001111111101111111011111011111001110110110111,11.844480031444169,10.469797749456662,8.460820557021247,0.7427283239773137,495,0.5064799986898263
anti_reasons,1111111111111111100111110110111111011011110011111110,11.844083113559348,10.979000635940212,10.36044325881284,0.2946232365536356,495,0.5064965369350272
anti_reasons,1110111110001111101100111011111111111101111110111110,11.84403651301757,11.013032897298633,9.78895422137416,0.3357791585267111,495,0.5064984786242679
anti_reasons,1101110111111011111000110110111011101100111011011111,11.843676062923336,10.469213090135742,8.97421742839527,0.5258261181058894,495,0.5065134973781944
anti_reasons,0111110111111011011100011111111110011101111111011011,11.842551381821599,8.957432416934877,8.02255909920191,0.7830015439689006,495,0.5065603590907668
anti_reasons,1100110011111011111100110111111011101101111111011111,11.841934619494435,10.870602670731623,9.449537310655248,0.4157232749556146,495,0.5065860575210652
anti_reasons,1111110111011111111000110111011111111101100111110110,11.840798693398224,11.107949545441599,9.621724026647785,0.4104726552398986,495,0.5066333877750739
anti_reasons,1111100011001111111000110110111001111101100111110111,11.839489724560117,11.02540876415351,9.14976261845161,0.4253076058235321,495,0.5066879281433285
anti_reasons,0111111110001111011000110111111011111100111110011011,11.83878907457605,10.198809296010165,9.003067830458267,0.5204076679529761,495,0.5067171218926645
anti_reasons,0111101110011111011100110111110111101100111011011111,11.838711130482558,9.428825979028883,7.494886588853078,0.8576609765280516,495,0.5067203695632267
anti_reasons,1111100111101101111100111111011011111000011011111011,11.838493409784386,10.744658696414096,8.983528187798903,0.45220782054818776,495,0.506729441258984
anti_reasons,0111111111011011111000011111111110011111111110011111,11.838237584410631,9.897341895429134,9.28437772669988,0.5931840506908317,495,0.5067401006495571
anti_reasons,1111100011101101111000011110011011111000111111011111,11.837972455473155,10.650121219372036,8.693080346404713,0.5134511916916881,495,0.5067511476886186
anti_reasons,1111111111011111111111111011011001101111111111110011,11.836977813338667,10.797907063079576,9.57445842883946,0.3852894877918723,495,0.5067925911108888
anti_reasons,0111110110011111011110110110111011111100111111011011,11.836273547418978,9.922226598454525,8.651399410800785,0.6672750249160365,495,0.5068219355242092
anti_reasons,1111101110001101111000011110111110011000111111011111,11.835376454150936,10.288891762055266,9.355510413206826,0.4140468864377599,495,0.5068593144103777
anti_reasons,1111101110001101111000011110111111011000110110111111,11.83533809398254,10.743924760165777,9.064977909810194,0.35823342108477285,495,0.5068609127507275
anti_reasons,1111110111111101101110111011110111111011110111011110,11.834845634596352,10.51024567840275,9.145384729275785,0.44892354908263243,495,0.5068814318918187
anti_reasons,1110111110001101101100110111110111111101111111111110,11.834610894714645,11.01692787342046,9.801806747406392,0.323358103910241,495,0.5068912127202232
anti_reasons,1111110110001111111000110110111011111011110111110011,11.83418187605586,10.823882112023538,9.12948390429318,0.38232071105321885,495,0.5069090884976726
anti_reasons,1101101100001101111000111011110111101100111110111011,11.833252879657765,11.00237320432228,9.673685287250601,0.35917398261714334,495,0.5069477966809264
anti_reasons,1110110011101101111110111110110111111001110110011111,11.833213149049921,10.67392480989274,9.701846721069268,0.35425124595955293,495,0.5069494521229199
anti_reasons,1110110001111111111100110111110111111001100110111110,11.831944265754776,10.987230290101017,9.763115764218137,0.32062508958237174,495,0.5070023222602176
anti_reasons,1111110011101101111100110011110011111001110111011111,11.831755783933897,10.822955766949036,8.796042270904382,0.4538620392803104,495,0.507010175669421
anti_reasons,1111101111011111111110110110111111011011110011111110,11.831434124074569,10.691308319128924,9.872168006811583,0.3018393720045617,495,0.5070235781635597
anti_reasons,1110110001111111101100110011111011111011110111111111,11.83121761203535,10.56159846489182,9.088365598787789,0.4734606738849933,495,0.5070325994985272
anti_reasons,1111101110001111111000111011110111001101111111011110,11.829927562463018,10.823045728082308,9.388439799502619,0.38981143004681057,495,0.5070863515640409
anti_reasons,1111101111001111111100111111011111001111100111110110,11.829724323881075,10.85496616903467,9.104592755456054,0.4939258363395284,495,0.5070948198382885
anti_reasons,1111100111011111111000110111111001111001110110111011,11.829464729596735,10.840455562150726,9.729414741382076,0.31210778082944546,495,0.5071056362668027
anti_reasons,1110110001101111111000110110111001111011100111111111,11.828919747264461,10.800637787426384,9.344164241196214,0.3853795372172165,495,0.5071283438639809
anti_reasons,1110110001111111101100110011111011111001111110111111,11.828774952228605,10.899612972633573,9.442067123992192,0.4334957635068432,495,0.5071343769904748
anti_reasons,1111101111011111111100111110011111101101100111110110,11.82755498978333,10.82280488687647,9.168103382317067,0.44289056209057076,495,0.5071852087590278
anti_reasons,1111100011101101111100011011110111111011110110011111,11.82751413968179,10.502627992205797,8.398432304761815,0.5513312271076458,495,0.5071869108465921
anti_reasons,1101111111011011111000110110111011101101111011011011,11.826509917668256,9.569042819606112,7.993225987967351,0.7743116271636697,495,0.5072287534304893
anti_reasons,1111100001101111100111111111011001111000110110110111,11.825381009396892,10.540280404274833,7.627542293959252,0.9190382757781487,495,0.5072757912751296
anti_reasons,1111101110001111111000011011111111101101111110011111,11.824718805993873,11.030065580430211,9.982643313672723,0.2962104349813375,495,0.5073033830835887
anti_reasons,1111101110011111011110110011111111111000110111111011,11.823148610417809,10.25102405431387,9.270634972808198,0.47734789154455554,495,0.507368807899258
anti_reasons,1111110011101111111100011011011111111000011111110110,11.822498243784466,10.402920436608726,8.365197803334572,0.71020188480124,495,0.5073959065089806
anti_reasons,1110110011111011011000110110111110011101100111111111,11.820611385691569,9.476081783282723,8.33363638436562,0.5857955271693572,495,0.5074745255961846
anti_reasons,1111101110001111111100111011110111111000110111111110,11.820105660321797,11.075885387147833,9.639194957925756,0.309659458332519,495,0.5074955974865918
anti_reasons,1111111111101111101100011111110011011011000111110111,11.819782107661347,10.678777396372116,9.147559695173074,0.4375373004057627,495,0.5075090788474439
anti_reasons,1111110111011111100111111110111111111000110111110110,11.818551903421241,10.944803077322533,9.741297687873564,0.4199147988529814,495,0.5075603373574482
anti_reasons,1111100111011111111100111110011111101101100111110111,11.818013835310047,11.005822452774535,9.649939364977804,0.3913351544370988,495,0.5075827568620814
anti_reasons,1111100110011111111000110110111001111000110111111111,11.81795037562109,11.052228016167906,10.064309244306326,0.2692605270753118,495,0.5075854010157879
anti_reasons,1111110011101101111000111011110011111000110111011111,11.817792850645915,10.89827810830289,9.351935520605153,0.4380998733013532,495,0.5075919645564202
anti_reasons,1101100110001101111110011110111111101100111111111011,11.817706779364173,10.973404144695913,9.685975531469145,0.34944250489073975,495,0.5075955508598262
anti_reasons,1111100111001101111000111011110011111000011111111011,11.816935620930884,10.655435046009995,9.220182613956782,0.34969012696609064,495,0.5076276824612131
anti_reasons,1110110001101111101110110011111011111001111110111111,11.81668285105221,10.821185702377067,8.934470719684537,0.5521628992521596,495,0.5076382145394913
anti_reasons,1111110111111111111100011011111001111000110111110111,11.816004128215413,10.59862218628314,9.023170727969164,0.5764128588773942,495,0.5076664946576912
anti_reasons,0111101100001111111100110111110011101101111110111011,11.815537393422776,10.83205532378808,9.264428894859204,0.41120905888292114,495,0.5076859419407176
anti_reasons,1111100001111111100110111110110011011011100111110111,11.815489320917154,10.830838063059893,9.313763837502034,0.41673810402729833,495,0.5076879449617853
anti_reasons,1111111110001111111000111011110111001100111111011110,11.815426190456767,10.789178886813488,9.28112961420803,0.4248569373638713,495,0.5076905753976346
anti_reasons,1100110011111011111000110111111011101101111111111011,11.815284759230726,10.806162817359146,9.253445563305918,0.4303957163051891,495,0.5076964683653864
anti_reasons,1111101110001111111000110011110111001111111111011110,11.815163035737614,10.717581772815436,9.526362939735776,0.41648562519781407,495,0.5077015401775995
anti_reasons,1111110001111111011111111011011111011111111111011110,11.815135164585795,11.130568025158556,10.295919848908854,0.20077809084789955,495,0.5077027014755919
anti_reasons,1111101110001111111000110011110111101101111111011110,11.814517217893432,10.891466864687576,9.350146817516116,0.3860165821316626,495,0.5077284492544403
anti_reasons,1111100011111111111100011011111001111001110110111110,11.812979572696198,10.475576943485544,8.128679034074976,0.7336667393496004,495,0.507792517804325
anti_reasons,0111111111001111011110111110110011111000011111011011,11.812721573693484,9.390272279449517,8.29864690773913,0.7245135594753884,495,0.5078032677627715
anti_reasons,1111111111011111111111111111011001111111111011110011,11.812328266912695,11.056236799160294,10.224446443779122,0.2925482763414393,495,0.5078196555453043
anti_reasons,1111101110011101101100110111110011111001110110111111,11.81231104814418,11.007105145218638,9.19054148128647,0.39986736574118237,495,0.5078203729939925
anti_reasons,1111110011101111111000011011111111111001100110110110,11.812222890818816,10.505159493268435,8.130188530595087,0.7913819530273583,495,0.5078240462158827
anti_reasons,1111101110011111111100111011110111111000110110111110,11.811767370660874,11.081733184662312,9.856959267783866,0.2780485991536936,495,0.5078430262224636
anti_reasons,1111100110011111111000110110111001111001110110111111,11.811259744254798,11.086266536685647,9.956537086316981,0.30914938204133113,495,0.5078641773227168
anti_reasons,1110111110001111101100110111110111011101111111111110,11.809493922039236,10.9241078158938,9.572775922049079,0.3398691537043301,495,0.5079377532483651
anti_reasons,1110110111101111111100111111011111111001111110011011,11.808906942307988,10.826561401226876,9.906052890640394,0.2954043557688801,495,0.5079622107371671
anti_reasons,1110111110001111111000110111111001101100111110111110,11.808872851416975,10.783294497920354,9.046583827167275,0.4391465108811627,495,0.5079636311909594
anti_reasons,1110110111101101111100110011111110011000011111111111,11.808754982295508,10.490076767419428,9.243937166076071,0.3458404565468859,495,0.5079685424043539
anti_reasons,1101101100011101111000110011110111101100111110011111,11.80815629247621,10.822487131944914,9.450117119901586,0.38909620226561464,495,0.5079934878134913
anti_reasons,1111101110001101111100110011111111111001110110111110,11.80550641386743,10.909431051129127,8.470652618302225,0.5996797756749604,495,0.5081038994221905
anti_reasons,1111101100011111011100111110110011101100111011011011,11.804385421217427,9.501096765221076,7.737871521741743,0.8210352988940043,495,0.5081506074492739
anti_reasons,1111110110011111111000110110111011111011110110110011,11.804211889952523,10.829729909538019,9.429195179149856,0.34948180799269646,495,0.5081578379186449
anti_reasons,1111101111101111111100011011110001111001110110111111,11.804140574080156,10.805775973892855,8.834934143503741,0.5166909255273441,495,0.5081608094133268
anti_reasons,1111100111011111101110110110111111011011000111111111,11.804029164770947,10.87254357297,10.05955712369392,0.2931190343277097,495,0.5081654514678773
anti_reasons,1111111111111111101100011111110011011011000110110111,11.803855775493403,10.684625193886596,9.34669539051942,0.4027872114575839,495,0.5081726760211083
anti_reasons,1111100110011111111100111111011111101111100111110110,11.803774924088847,10.985549393030745,9.079484309745336,0.5577132173792227,495,0.5081760448296313
anti_reasons,1111110111101111111110011011111001111000110111110111,11.803480686929138,10.520194916026634,8.576242110690476,0.6872438776670973,495,0.5081883047112858
anti_reasons,1111101110001111111000110011111111001101111111011110,11.803218061397121,10.856529338302613,9.461944906792459,0.3836075242614282,495,0.5081992474417867
anti_reasons,1111101111111111111000011011111001111000110110111110,11.803064133939772,10.590440780493607,8.725320971541294,0.5965079218283759,495,0.5082056610858428
anti_reasons,1111110011111101111100110011110011111001110110011111,11.802716369162454,10.828803564463517,9.09575354576106,0.41628525210224393,495,0.5082201512848978
anti_reasons,1111100011101111111000111110011111011111100110110011,11.802392296498327,11.051943871518095,9.578057645650793,0.414513931734749,495,0.5082336543125696
anti_reasons,1111101110001101101110110111110011111001110110111111,11.801690088520587,10.928677874962132,8.537176137304392,0.5232170683371841,495,0.508262912978309
anti_reasons,1111111110001101111000110110011110011000111110111111,11.801625031275762,10.66154120357216,9.37960900637415,0.35422525388541687,495,0.5082656236968432
anti_reasons,1110110001101111111000110111111001111001100111111111,11.801611698270603,10.938228621670113,9.360249191242538,0.392411075316186,495,0.5082661792387249
anti_reasons,1111100110001111111000011110111011111100111111110011,11.800756723815836,11.095605192619196,9.67696045988071,0.3258975144518372,495,0.5083018031743403
anti_reasons,1111101110001101111100111011110111111001110111111110,11.800732804860031,10.954555536019008,8.920155099869735,0.45606501410399813,495,0.5083027997974987
anti_reasons,1111110110011011111000111011111110001100111111011111,11.800238112377496,9.927161647101238,8.575694211501025,0.5868686730432302,495,0.508323411984271
anti_reasons,0111111110011111011100111011111110001101111111011011,11.800097295150417,8.9583758506939,7.425563189318384,0.8723509985340867,495,0.5083292793687326
anti_reasons,1111111110001111111000110011110111101100111111011110,11.80001584588718,10.857600023418756,9.266959611340399,0.40839987658556837,495,0.5083326730880342
anti_reasons,1111111111011111111100111011111111111000110111011110,11.797696460512222,10.988700233516244,10.08319271975301,0.3038752023173503,495,0.508429314145324
anti_reasons,1111111110001101101100111110111011111001110110111011,11.797675303906821,10.669758183472748,8.959949294669586,0.42302214048211695,495,0.508430195670549
anti_reasons,1111110011111101111000111011110011111000110110011111,11.797419020645938,10.90412590581737,9.5289413650758,0.40171601871827006,495,0.5084408741397526
anti_reasons,1111111111011111111111110111011111111011110011111110,11.797036936416855,10.95719114463909,9.849300320524888,0.3248292840829154,495,0.5084567943159644
anti_reasons,1110111111011101101111110111111111101111100111111111,11.797013757519641,11.089148980260939,10.235551736319744,0.24579007521870697,495,0.5084577601033482
anti_reasons,0111100111101111100111111111111110011100111111011011,11.795987194281569,10.672690156628299,9.858170125723149,0.34599945120404824,495,0.5085005335716013
anti_reasons,1111110110011111111000011110111110011000111110011111,11.795193908724873,10.381916328985595,9.549058972475153,0.4437569084774166,495,0.5085335871364636
anti_reasons,1111100110001111111100110110011111111101100111111110,11.79518048007756,11.072158781561376,9.285222538657905,0.3998595791770354,495,0.508534146663435
anti_reasons,1100110011111111011000111111111011111100111110011011,11.794372656194675,10.895658436330988,9.91678045379988,0.3359817788780479,495,0.5085678059918886
anti_reasons,1111111111101111101110011111110011011011000110110111,11.793700347283252,10.60619792363009,8.708438478990239,0.5215239831721219,495,0.5085958188631978
anti_reasons,1111100001101111101100111011111011111001111011110111,11.79332120153851,10.67055864891502,8.445244468011484,0.6512969602485307,495,0.508611616602562
anti_reasons,1101101100011111011100110110011011111100111111011011,11.793271931959364,10.153591112016992,8.91110542289128,0.5548680115724466,495,0.5086136695016932
anti_reasons,1111110001101101111000110110111001111011110110011110,11.793168001374417,10.56821479057403,8.411110914616204,0.6237591549158529,495,0.5086179999427327
anti_reasons,1111111100001111011000111110110011101100111011011111,11.7924650644776,10.016417178661076,8.342961995477612,0.6320374523184109,495,0.5086472889800999
anti_reasons,1111110011101101111110110011110011111001110110011111,11.792359644050766,10.75037629420701,8.588157141453404,0.531913746120614,495,0.5086516814978848
anti_reasons,1111110011111101111100110011111011011001110110011111,11.792309583979328,10.793866038078555,9.092485426937287,0.4059071752490912,495,0.5086537673341947
anti_reasons,1111111111111101111000011110011111111000111110011110,11.792153766195517,10.79146652393839,9.832039381192295,0.34129066110692735,495,0.5086602597418535
anti_reasons,0111111110001111011000110111110011111101111110011011,11.79180592107372,10.01959691373964,8.693020937617561,0.5613795559300306,495,0.5086747532885949
anti_reasons,1111100111111111101110110110111011011011000110011111,11.791236770875473,10.676161446631166,9.585231494794975,0.3119174557758464,495,0.5086984678801887
anti_reasons,1111101110001101111110011110110111001100111110111011,11.791093766977776,10.566184072942065,8.943917589487242,0.4735183056304414,495,0.5087044263759259
anti_reasons,1101111100001111011000111110111011101100111011011111,11.790760192523805,10.243812102721336,8.795738630764983,0.5155076441194849,495,0.5087183253115082
anti_reasons,1111110011101101111100110011110011011011110111011111,11.789694148482397,10.649070675076898,8.795311727687473,0.40586453439468584,495,0.5087627438132334
anti_reasons,1101111111011011111100110110111011101100111011011011,11.789096088159981,9.52680263467455,7.948193291333503,0.7835122141159299,495,0.5087876629933341
anti_reasons,1111100111001111111100111111011111111000110111110110,11.789043993673292,10.795980905527527,8.627035711196209,0.6337553167935072,495,0.5087898335969461
anti_reasons,1111110110011111111000110110111001111000110110111111,11.788993288497865,11.052399695416828,10.050745227183818,0.27477127792596673,495,0.508791946312589
anti_reasons,1111101100011111011100111111011011111000011110011111,11.788808226833034,10.58504369840803,9.471122762972108,0.3833433562565186,495,0.5087996572152902
anti_reasons,1110110111101111111100110111011111111011111110011011,11.788747380318581,10.721097445960005,9.586119779231423,0.3251245214826701,495,0.5088021924867259
anti_reasons,1111111110001111111000110011111111001100111111011110,11.78871668939087,10.822662497033793,9.37036143524426,0.4090400072960652,495,0.5088034712753804
anti_reasons,1101101100011101111000110011110111101100111110111011,11.788413093484186,10.828453709268803,9.379078144749474,0.39064816724082196,495,0.5088161211048257
anti_reasons,1110110111101111111111111111011001101101111111111011,11.787965911126687,11.172861629777561,10.174859437800116,0.31360452824889806,495,0.5088347537030546
anti_reasons,1111110111001111100110110110110111111000011110011111,11.787604512799875,10.57204351840898,9.502333872984225,0.41700226951566755,495,0.5088498119666718
anti_reasons,0111100111111011011100011111111110011111111110111111,11.787547067943075,10.141728482004593,9.479726106982444,0.31910709598077486,495,0.5088522055023719
anti_reasons,0111100011111011011000110111111011111100011111011111,11.787402383050765,10.198210681050208,8.972170235023345,0.487244211458314,495,0.5088582340395515
anti_reasons,1110110111011111011000110110110011011101111111011011,11.787265127322204,9.40918806056897,7.720584409339504,0.8373855927490533,495,0.5088639530282415
anti_reasons,1111100110011111111100110110111001111000110110111111,11.787253894167343,11.044026351754086,9.97130242526978,0.29832174307427484,495,0.5088644210763607
anti_reasons,1101111100001111011100111111111011101100111011011011,11.78700407037083,10.013317837670783,8.670168758724461,0.5593173524038761,495,0.5088748304012154
anti_reasons,0111110111111011011110011111111110011100111111011011,11.786753100415277,8.850814423675107,7.8512698973214174,0.8059436927521244,495,0.5088852874826968
anti_reasons,1111110111111111100111110111111111011011100011110111,11.786732070112244,10.88498209152151,9.97778239085929,0.3118841601753443,495,0.5088861637453233
anti_reasons,1111110011111111111000011011111001111001110110111110,11.78673131151333,10.483950287148286,8.616663818124854,0.6731364418309366,495,0.5088861953536112
anti_reasons,1111111111001111011111011111011011011111111111011111,11.786619167540069,10.961197613285323,10.317529765334642,0.2674405441084303,495,0.5088908680191637
anti_reasons,1111110111101111101100011011111111011111000110110111,11.786355093538186,10.654125073448323,8.790453185851373,0.5777313839385986,495,0.5089018711025757
anti_reasons,1111100111011111111000110110111001111000110110111111,11.786316630440211,11.028709642269714,9.964096044132166,0.295296423895623,495,0.5089034737316578
anti_reasons,1111100001101111100011110110110001101100111111110110,11.785352249769929,10.700753409300866,8.327773673947885,0.7216931715684414,495,0.5089436562595864
anti_reasons,1110110111111111011000110110110011011101111110011011,11.785254548815198,9.977573360914432,8.449448030155027,0.6565741585346426,495,0.5089477271327001
anti_reasons,1111100110001111111100111110011111101111100111111110,11.785140575677008,11.013221694025258,9.103804964784473,0.4752132006732894,495,0.508952476013458
anti_reasons,0111100111111011011100011111111110011111111111011111,11.785139240317962,9.622967037388968,8.806566099804462,0.5596650930328283,495,0.5089525316534182
anti_reasons,1111111111011111101111110111011111111111100011111111,11.78513748569775,11.085036673292757,10.51662123964982,0.2285451651131409,495,0.5089526047625939
anti_reasons,1111111110001111111000011110111011011100011110110011,11.78485471596426,10.829651902587134,9.646746539135163,0.2933100680002857,495,0.5089643868348226
anti_reasons,1111110111101101100110110110110111111111100111011110,11.784717641013161,10.880871609770438,9.348962307925165,0.41177332384197823,495,0.5089700982911183
anti_reasons,1111110011101101111000011011110111111011110110011111,11.784436934361178,10.511001335868539,8.9825683981486,0.4924236615881122,495,0.5089817944016175
anti_reasons,1111110011101111111100011011110001111011110111111110,11.78390905462112,10.409561354842996,8.62154695391884,0.6435884438676235,495,0.5090037893907866
anti_reasons,1111110001111111100111011110111001111000011111110110,11.783366189541962,10.454167370461036,8.739454446083169,0.5925489815815698,495,0.509026408769085
anti_reasons,1111100001111111100111110110011111111000111111011110,11.783264767981029,10.793868131606631,9.76457108454383,0.34448611678418317,495,0.5090306346674571
anti_reasons,1111111111001111111100110110110001111101100111110110,11.782937106327845,10.772055817044814,8.886572748099901,0.38157739782923317,495,0.5090442872363399
anti_reasons,1101101100001111011110111110011011111100011110011111,11.782911718541833,10.681426180032789,9.717882620687588,0.3161178880607601,495,0.509045345060757
anti_reasons,1111111110011101111110111011110111111101110111011110,11.78279994168886,11.056226378019595,10.514190893589285,0.1738200761334692,495,0.5090500024296309
anti_reasons,1111110111101101111100110011110011011011110110011111,11.782634030983434,10.642799991599054,8.699041575910538,0.46062224265304985,495,0.5090569153756903
anti_reasons,1110110011111011011000110111111110011101100111011111,11.782177160064485,9.169214510211916,8.063447617064014,0.6682472176275452,495,0.5090759516639798
anti_reasons,1111100111111111111000011011111001111001110110111110,11.781993051954514,10.477507924421522,8.142637255473444,0.7127557563525962,495,0.5090836228352287
anti_reasons,1111110011111111111100011110011111011011111111011110,11.781735914665173,10.815302156925128,10.093071108418489,0.26625416776464933,495,0.5090943368889511
anti_reasons,1111100110011111111000111011110111011101111011011011,11.781303774770302,10.047948226938836,8.979355702074177,0.623995516142339,495,0.5091123427179041
anti_reasons,1110110001101111111000110110111011111101100111111011,11.78027121286321,11.091905073745746,9.879416620073854,0.3153933572609637,495,0.5091553661306996
anti_reasons,1100110011111011111100111111111011101101111111011011,11.780193461679769,10.537575096007846,9.205975417761493,0.42282994445119193,495,0.509158605763343
anti_reasons,0111110111011011011100111111111110011100111011011111,11.780153747977742,8.609428075685264,7.3838160206629695,0.8989323757326599,495,0.5091602605009273
anti_reasons,1111110111101101111100111011110011011000110110111011,11.779568356184964,10.641583908561884,9.006576938501302,0.44632577028885423,495,0.5091846518256264
anti_reasons,1111100111101101111000011011110111111011110110011111,11.779301229898389,10.504558973141775,8.503721811232808,0.5277863540974526,495,0.5091957820875672
anti_reasons,1111111110001101111000111110011110011100111110111011,11.779064922724602,10.858289721222844,9.890264201792327,0.2833344652213359,495,0.5092056282198083
anti_reasons,1111110011101111111100111011110011011001110110011111,11.779061240504628,10.909903001990335,9.75829552937071,0.3385935282364501,495,0.5092057816456406
anti_reasons,1111101111001111100110111110110001111100111111110110,11.778487539255455,10.863449273747225,9.362916456920436,0.4142450774928158,495,0.5092296858643561
anti_reasons,1111110011111111111100111011111011011000110111011011,11.778149370096251,10.660776409593788,9.687806542562802,0.3183246970291041,495,0.5092437762459896
anti_reasons,1111110111111111100110110111111111011111110011111110,11.778126365660835,11.295754260955482,10.573650822397957,0.23932944888645305,495,0.5092447347641318
anti_reasons,1111110110001111111100110110111111101101100111110110,11.77753695084725,10.986225190122306,8.683057315041422,0.5308385918156634,495,0.5092692937146979
anti_reasons,0111111110011111011000011110111110011111111110111011,11.776952366063579,9.707237059018107,8.753246834590815,0.6513007407275735,495,0.5092936514140176
anti_reasons,1111110111011111100111110110111001111100111110110110,11.77619049856711,11.033926246455295,9.42750278682271,0.4916355746465028,495,0.509325395893037
anti_reasons,1111100111101111101100011011111111011111000111110111,11.77612876758354,10.653953394199402,8.709306416391978,0.5390714796122036,495,0.5093279680173526
anti_reasons,1111101110011111011110110011110111111001110111111011,11.775836387047034,10.071811672043346,9.18150945127986,0.5002607127736377,495,0.5093401505397068
anti_reasons,1111110011101101111000110111011111111001110111011110,11.775738944442793,10.804565914754981,8.722188489818405,0.5457676463644888,495,0.5093442106482169
anti_reasons,1111101100011111011100110110011011111000111111011011,11.774757438315993,9.688279093480723,8.409213688250203,0.6064646284507994,495,0.5093851067368336
anti_reasons,1100110011111011111100110111111011101111111111011011,11.774323829439012,10.432111140740973,8.883502394338855,0.4681152518094924,495,0.5094031737733744
anti_reasons,0111100111111111100111111011111111111100011011111111,11.774009380180432,10.982723109489823,10.46722290941862,0.18109093077531188,495,0.5094162758258154
anti_reasons,1111100011111111111000011011111001111001110111111110,11.773619879465333,10.483778607899364,8.52071386053012,0.6396839323359248,495,0.5094325050222779
anti_reasons,1111110011011111111110110011011111111001110111111111,11.77256093304862,10.848908775724171,9.676606893407765,0.35239105949053456,495,0.5094766277896408
anti_reasons,1111110110001101111000011110111111111000011110011111,11.772159097024865,10.731178165948107,9.916725242123684,0.3264352102027959,495,0.5094933709572973
anti_reasons,1100110111111011111100110111111011101101111111011011,11.771626905800451,10.351537119962043,8.88035288705031,0.4932961480733612,495,0.5095155455916478
anti_reasons,1110110011111011011000111110111110011101100111011111,11.770853028066385,9.137087631235058,8.097684658577176,0.6827184956580333,495,0.5095477904972339
anti_reasons,1110110011111011011000111111111011111100111110011011,11.770805980025171,10.04457840279385,9.00220358758953,0.49038771069543685,495,0.5095497508322846
anti_reasons,1101100110001101111110011110111111001101111111111011,11.770278425065866,10.759254236040427,9.472920577976785,0.376103876011089,495,0.5095717322889222
anti_reasons,1111101110001111111100110011110111001101111111011110,11.770201784278125,10.635076771100527,8.970759064258784,0.4416361735695359,495,0.5095749256550781
anti_reasons,1110110011111011011000110111111110011101100111111011,11.770194359875003,9.175181087535805,8.06249198841684,0.6587767821971912,495,0.5095752350052083
anti_reasons,1111100011111111111000011011111001111001110111110111,11.770042178262639,10.489745185223253,8.503228084393019,0.6479809140795657,495,0.5095815759057234
anti_reasons,1111111111001111100110111110111001101100111111110110,11.769289341906738,10.76386413837925,8.818785782264998,0.47957150550710126,495,0.5096129440872192
anti_reasons,1111100001111101100110111111011111111000111111011110,11.768558225224103,10.830824056868847,9.184306127188398,0.46732373963023394,495,0.509643407282329
anti_reasons,1111100110001101111000011110111111111000011111011111,11.768140898868541,10.731006486699183,9.75479796281488,0.3257821450679396,495,0.5096607958804775
anti_reasons,1111110011111111111000110011111011111000110111011011,11.767628190702693,10.658791115502689,9.285596323347,0.3570492610074564,495,0.5096821587207212
anti_reasons,1111110011011101100111110110111111001100111111011110,11.767480537431947,10.487664427532392,9.164647252344077,0.44150271878458003,495,0.5096883109403356
anti_reasons,1111100111011111111100111110011111101101100111111110,11.767142046615966,10.999855875450645,9.668583293332501,0.38441410988318003,495,0.5097024147243348
anti_reasons,0111110111011111011100011111111110011111111110011111,11.767053006515424,9.891689428557575,9.31473883197097,0.48647533075733534,495,0.509706124728524
anti_reasons,1111110111111111111111011011110001111001110110110111,11.766154134907996,10.624775593584776,8.685410278777045,0.6304735267051054,495,0.5097435777121668
anti_reasons,1111100111101111111100111111011110011011100111110011,11.765938494991186,10.528216394479434,9.317311353599214,0.37723296124037187,495,0.5097525627087005
anti_reasons,1111110110011011111000111011111111001100111110011111,11.765663367731884,10.35435914074915,9.024976712292515,0.4808429070410663,495,0.5097640263445049
anti_reasons,1111100111111111101110011011111111011111000110110111,11.765331376034402,10.665829814082041,8.630161199171248,0.5163524602892977,495,0.5097778593319
anti_reasons,1110110011111011011000110110111110011111100111011111,11.76498339582563,9.031623675968186,7.78023452641351,0.7210508519361317,495,0.5097923585072655
anti_reasons,1111100011001111111000110111011111111001110110110111,11.764639434745398,10.837497233636489,8.757768108248003,0.583250230935131,495,0.5098066902189418
anti_reasons,1111100110001111111000111110011111111000111011111111,11.7643424580977,10.839352115209824,9.765694902488818,0.2693075190647097,495,0.5098190642459293
anti_reasons,1111101110011101111111111011110111111100110110011110,11.764104535812377,11.064137155236557,9.783676175779322,0.276940857923351,495,0.5098289776744842
anti_reasons,1111100011101111111000111110011111011011110110110011,11.763895051716494,10.687075695841214,9.026078259464029,0.4614329387830124,495,0.5098377061784793
anti_reasons,1111111111111111011111111011011111001111111111011110,11.762716043208963,11.013350722077371,10.087479126258684,0.29988888896733273,495,0.5098868315329599
anti_reasons,1110110111111011011000110110111110011101100111011111,11.762286472187066,8.951049655189253,7.744758908181268,0.743461643962233,495,0.5099047303255388
anti_reasons,1101110111111111000110111110111011101100111111011011,11.762074332919875,10.567506932180738,9.434314483843774,0.4260244809699297,495,0.5099135694616719
anti_reasons,1111110011101101111100111011110011011000110111111011,11.761292505493762,10.647854592039728,9.278437532465627,0.38529004955211915,495,0.5099461456044265
anti_reasons,1111110011111101111100110011110011011011110110011111,11.760654733710954,10.654918472591378,9.095023002544153,0.3694572923376754,495,0.5099727194287103
anti_reasons,1111100111001111100111111110110001111100111111110110,11.75969902583451,10.915815064361398,9.140551375721028,0.5391457154039481,495,0.5100125405902287
anti_reasons,0111111110011111011000011110111111011101111110011011,11.759565836315959,9.462761675639118,8.054798754512353,0.7897291338584563,495,0.5100180901535016
anti_reasons,0111111110001111011100110111110011111100111110011011,11.759093431498988,9.977356728808079,8.657289402873875,0.5733326442264494,495,0.5100377736875421
anti_reasons,1110110011111011011000111110111110011101100111111011,11.758870227876903,9.143054208558944,8.086070268389216,0.6727549634520902,495,0.5100470738384624
anti_reasons,0111101111011011111100011111111110011111111110011111,11.758794782496592,9.888968551766393,9.317184840024394,0.5278944246438272,495,0.5100502173959753
anti_reasons,0111111111111111000111111111011111111111110111011111,11.758784761703799,10.707369848186717,10.113993525026732,0.30275735762840117,495,0.5100506349290084
anti_reasons,1111110011011111100111110110111001111101111110110110,11.758655206384011,11.074235450450878,9.373642595262616,0.5151371529483536,495,0.5100560330673329
anti_reasons,1111100001111111101110111110110111011111000111110011,11.75807343469067,10.894368895059355,9.836915954064139,0.32668869188187843,495,0.5100802735545553
anti_reasons,1111110011101111111100011011110011111000110111110111,11.757980137460905,10.655775472885779,8.638559717841217,0.6312045788015621,495,0.5100841609391289
anti_reasons,1111100111111101100110110110110111111111100111011110,11.757269632072573,10.886547728035998,9.787947103697583,0.35857269675477305,495,0.5101137653303094
anti_reasons,1111110001111111111100110111111111101101100011110110,11.757085012428572,11.01444742833547,9.581635896836454,0.48598794890001135,495,0.5101214578154762
anti_reasons,1111100001111111011000111110110111011001110110011011,11.757003092677845,10.019049826350834,8.851973473823243,0.5300193602946579,495,0.5101248711384232
anti_reasons,1111101110011011101100011110111111011101111111011011,11.756774078047245,9.673392094494995,8.598556612032576,0.695337304569876,495,0.5101344134146981
anti_reasons,1111111110001111111100110011110111001100111111011110,11.755700412271874,10.601209929831708,8.891950324194486,0.47874033980702635,495,0.5101791494886718
anti_reasons,1111100110001101111100110011111111111111110110011110,11.755699818664814,10.769169564489042,8.795134739223972,0.5299330463007129,495,0.5101791742222994
anti_reasons,1111101110001111111000011110111111011011110111011011,11.755467182531001,10.133294867944182,9.44429411446596,0.47282290171197505,495,0.5101888673945416
anti_reasons,1111110001111111101100110110111011011011000110011111,11.75541013182369,10.621485465777775,9.719470603409233,0.3073851780780979,495,0.5101912445073462
anti_reasons,1111100011111101111000011011110111111011110110011111,11.755277578354423,10.516677454134095,8.933211097212423,0.4357368637649512,495,0.5101967675685657
anti_reasons,0111110011011111011111111111011111111011111111011011,11.755206020662245,9.926840665203196,9.167473515904025,0.5602837090291858,495,0.5101997491390731
anti_reasons,1111111111011111101111110111011111111011111011111110,11.75507861006118,10.881105495281018,10.142910300725415,0.3081930146810838,495,0.5102050579141175
anti_reasons,1111110110001111111100011110111001111000111110111110,11.754692315970905,10.716038006509958,9.271542751080338,0.45414744798080153,495,0.5102211535012122
anti_reasons,1111100001111111101100110110111011011011000111011111,11.753393586267745,10.621313786528852,9.688031435063898,0.3095711068486312,495,0.510275267238844
anti_reasons,1111110111011111101111110111111111001111100111110110,11.75305503678907,10.88074217880289,9.586422921655185,0.42231402921514516,495,0.5102893734671221
anti_reasons,1110110011111011011000110110111110011111100111111011,11.753000595636147,9.037590253292073,7.765408588968323,0.7114931553782318,495,0.510291641848494
anti_reasons,1111101100011111011100111111011011111000011110111011,11.752871727378734,10.59101027573192,9.451929024390392,0.3980663825162046,495,0.5102970113592193
anti_reasons,1111111110001111111000110011110111001101111111011110,11.752150683572374,10.643450114763269,8.92768185893817,0.46524080765533665,495,0.5103270548511512
anti_reasons,1111110111101111111100011110011111111000011110011110,11.752082033115041,10.620906140369247,9.382335975752698,0.3927580731128937,495,0.5103299152868732
anti_reasons,1111111111001111011111111011111111011111110011011111,11.752068156589717,10.377937441169188,9.773767319864236,0.42490845391961035,495,0.5103304934754285
anti_reasons,1111100001111101100111110110011111111001111111011110,11.751316182908878,10.672538280477808,9.10888884349105,0.47963922152384486,495,0.5103618257121301
anti_reasons,1111101111011111111100111011111111011000110011011111,11.751178070296042,10.070329067581984,9.391483432105321,0.4707543511821569,495,0.5103675804043315
anti_reasons,1111110011111111101111111110111011001101100111110011,11.751167122436728,10.920156039475728,9.6988099439199,0.37247204890661,495,0.5103680365651364
anti_reasons,1110110011101111111100110011110011111101100110111111,11.751152366186897,11.019341628357402,9.25083677803401,0.4367178583086156,495,0.5103686514088792
anti_reasons,1101100110011011111000110110111011101100111111011011,11.750364508582772,10.01833914159688,8.578337030636948,0.6014271538169972,495,0.5104014788090512
anti_reasons,1111110011111111111111011011110001111001110111110111,11.75031623729283,10.63104627706262,9.063486883833722,0.5596355938789925,495,0.5104034901127987
anti_reasons,1110110111111011011000110110111110011101100111111011,11.750303671997584,8.957016232513142,7.729932970736081,0.7342433818847641,495,0.5104040136667674
anti_reasons,1111110011101101111110110011110011011011110110011111,11.750298008599266,10.576491202334871,8.587426598236496,0.4754078500355673,495,0.5104042496416972
anti_reasons,0111101110011111111000111110111011111101100110111011,11.749874173649546,10.913956271935056,10.211129631159228,0.2721956503261518,495,0.510421909431269
anti_reasons,1111110011111111111100110011111011011000110110011111,11.748972759131265,10.915195889207379,9.714882903439682,0.2956637829758915,495,0.5104594683695307
anti_reasons,1111111110001111111100011110011111011111111110110110,11.74852758819098,10.972587107681072,9.356514678488734,0.4247834917508261,495,0.5104780171587091
anti_reasons,1111100110001111111100011110111001111000111111111110,11.74646279497521,10.715866327261036,9.109615471771535,0.41982033321045026,495,0.5105640502093662
anti_reasons,1110111111111111111100111011111111011000011110110011,11.745969294853614,10.725628057150807,10.075970743582738,0.2784488399944027,495,0.5105846127144327
anti_reasons,1101111100001111011000111110110011101101111011011111,11.745917733432966,10.064599720450811,8.44428333868712,0.5677542345341497,495,0.5105867611069597
anti_reasons,0111100111111011011100011111111110011111111111111011,11.745748996962792,9.628933614712855,8.807815482381592,0.5500596514651273,495,0.5105937917932171
anti_reasons,1111100110001111111100011111011111111100011110110110,11.74507389943335,10.855060687823586,8.653839538590404,0.6475413929339513,495,0.5106219208569438
anti_reasons,1111111110001101111110011110011111101101111110111110,11.74475125217841,10.850930907813272,8.695212160420132,0.5236114220501685,495,0.5106353644925663
anti_reasons,1111100110011101111100011111011111101101111110111110,11.74363102876101,10.915501198665662,8.583967023173278,0.5885137494434599,495,0.5106820404682912
anti_reasons,1101110110001101111110011110111111001100111111111011,11.743241887476449,10.725387394771605,9.378633378213662,0.3689670746652618,495,0.5106982546884813
anti_reasons,1111110111101111111000011110011111111000011111011110,11.743000323199716,10.629107804783066,9.428007827719313,0.3256395755161872,495,0.5107083198666784
anti_reasons,1111111111011111111100111011110111111001110111011110,11.742423883788067,10.80948785124572,10.046548257784975,0.2943443217609427,495,0.5107323381754971
anti_reasons,1111110011111101111100111011110011011000110110111011,11.74201061224285,10.653702389554208,9.416011635012945,0.34941450431137355,495,0.5107495578232146
anti_reasons,1111110001111101100111110110011111111000111111011110,11.741893821290073,10.638671439208988,9.324876396533812,0.4341133939256072,495,0.5107544241129136
anti_reasons,1111111111011111100111111111011111111111111011110011,11.741792522547296,11.013414159559224,10.368827374091637,0.2314488164475782,495,0.5107586448938626
anti_reasons,1111100110001101111110011110111111001100111111111011,11.7415955804446,10.711071694250691,9.364265924034198,0.37197606493284185,495,0.5107668508148084
anti_reasons,1111100111001111111110111011011111111101110111110110,11.740921844137402,10.734934502553084,8.567797327674068,0.7140802500691558,495,0.5107949231609417
anti_reasons,1111110011111111111000110111111111101101100011110110,11.740852526207018,10.9991307188511,9.578335194519578,0.47929082495621,495,0.5107978114080409
anti_reasons,1111100110001111111000110111111111011111100110110011,11.740782861529516,11.1624660475612,10.002322783024418,0.2814617277885195,495,0.5108007141029369
anti_reasons,1100110011111011011000111111111011111100111111011011,11.740673828781544,10.058722424065841,9.020038182173991,0.5285901834116872,495,0.5108052571341024
anti_reasons,1111100001111101100111110111111001111000011111011110,11.739946581143204,10.720423541192265,9.118424270430571,0.48370241089108434,495,0.5108355591190332
anti_reasons,1110111110011111101111111011111111101101111110110111,11.739889037059493,10.917205344303994,9.578011782101083,0.3365895391338017,495,0.5108379567891879
anti_reasons,1111100110001101111000011111110011111001111110011111,11.73967684142749,10.761198305712576,8.832786407780759,0.40628987815386564,495,0.5108467982738545
anti_reasons,1111100001111111101100011111011001111011110111110111,11.739412854710846,10.013710373741056,7.758304999636618,0.7747857429376893,495,0.5108577977203814
anti_reasons,1111100111101111011000110011110111001100111110011111,11.739169138092224,10.492492778988506,8.89527591042445,0.49765886994005265,495,0.5108679525794906
anti_reasons,0111110111111011011100011111111110011111111110011111,11.738277444348423,9.62313871663789,8.818272323164033,0.5154850261569811,495,0.5109051064854824
anti_reasons,1111100111111111111100011011111001111000110110111110,11.73720735378294,10.435267739489959,8.109233665067807,0.6954558852153896,495,0.5109496935923774
anti_reasons,1111110001101101100110110110111001111000011111011111,11.736613406200426,10.554896931555591,9.293595842884564,0.3962278162152532,495,0.5109744414083155
anti_reasons,1111111111001111111000110111110001111001110110111011,11.735474244939635,10.768499917686727,9.793459840765227,0.3077569219278741,495,0.5110219064608486
anti_reasons,1111111110011101111100111011110111111000110111111110,11.734627915787467,11.005144587374856,10.013332360400995,0.29179651014517893,495,0.5110571701755222
anti_reasons,1111110111001111111000110111110001111011110110111011,11.734466280917877,10.695831878397989,9.576235956326768,0.2967902337636827,495,0.5110639049617551
anti_reasons,1111111110001111111000011111110011011100011110110011,11.734326965766142,10.828295171343687,9.809165407501036,0.286234427916479,495,0.5110697097597441
anti_reasons,1100110011111001111000111111111110011100111111111011,11.732494793280653,10.52293480419512,9.740151763561396,0.34438888740998735,495,0.5111460502799727
anti_reasons,1101101100011111011100110110011011111000111111011111,11.732437054598005,10.215217982044454,8.993991496735298,0.44264720842074506,495,0.5111484560584165
anti_reasons,1110110011111111011000110111111011101100111110011011,11.731535104470348,10.231523214865499,8.650756301175061,0.5238701704177359,495,0.5111860373137356
anti_reasons,1111111111101111111110110111011111101101100011111110,11.731161846693034,10.983516220795956,9.465308411919498,0.40378318418437525,495,0.5112015897211235
anti_reasons,1111100110001111111100110011111111111001110110111110,11.729994247825996,10.917828046185868,8.881657247412875,0.5439435442093725,495,0.5112502396739169
anti_reasons,1111110011101101111110111011110011011000110110111011,11.729918511066458,10.575275119297702,8.917952543473495,0.4596741733131595,495,0.5112533953722309
anti_reasons,1101100110011101111110011110111111001100111111111011,11.727473985389194,10.731063513037164,9.350962564515967,0.3981682659096898,495,0.5113552506087835
anti_reasons,1101101100001111011110111111111011101100111011011011,11.726605031165095,9.940566685679833,8.614243583888456,0.525362910394564,495,0.5113914570347877
anti_reasons,1110110001111111101100111011111011111011110111110111,11.726212152382743,10.417343392295779,8.816499632978132,0.6343246504036134,495,0.5114078269840523
anti_reasons,1111110111111101111000011110011111111001111110011110,11.725804826943417,10.678533667866306,9.229725412532174,0.43160548445099256,495,0.5114247988773577
anti_reasons,1111100001101101111100111110011111111001110110011110,11.724081078238164,10.630367875793196,8.208222675848651,0.6678490156860143,495,0.5114966217400765
anti_reasons,1111101110011011101100011110111111011100111110011111,11.723756224363488,10.073540346158804,9.095298025613564,0.4937497611194849,495,0.5115101573181879
anti_reasons,1111110011111111111000110111111001101111100011110111,11.722749100303016,10.887435713143866,9.493363495664383,0.44162243266406637,495,0.5115521208207077
anti_reasons,1110111111111101111100110110110011101101111011111111,11.722667983084579,11.008167638803295,9.369865531569095,0.4351421640936632,495,0.5115555007048092
anti_reasons,1110110011101111111100110011111011111101100110110111,11.722362916828999,10.908570165981669,8.589551356736969,0.6742089601132596,495,0.5115682117987916
anti_reasons,1111110011011111100111110110111111111000110110111011,11.722354757423412,10.755306718372198,10.112319981170497,0.2709005739689311,495,0.5115685517740245
anti_reasons,1111100001101111111100011011110001111011111111110110,11.72186061438011,10.442595434260918,7.94500425608801,0.7573946328273538,495,0.5115891410674953
anti_reasons,1111110111011011111000110110111011111100111011011011,11.720768442031643,9.765504713741903,8.529201838782004,0.7001901722798954,495,0.5116346482486815
anti_reasons,0111110110011111111000011110111110011111111110111011,11.719449800667133,10.247681120561342,9.454675604825264,0.4059425629715049,495,0.5116895916388695
anti_reasons,1111110011101111111000110110011111011001100111110111,11.719223485593588,10.859671790925429,9.225893154860836,0.410633407638298,495,0.5116990214336006
anti_reasons,1111110111001111111000110110111001101111100110111110,11.719198007757516,10.774638802496627,8.425596624044285,0.5309864698017077,495,0.5117000830101035
anti_reasons,1111100011111111111000110110011111111011100111110011,11.718875092024712,10.753652903483752,9.561429766791838,0.3478500791832239,495,0.5117135378323037
anti_reasons,1111100111101111111100011011110011111000110110110111,11.718610356108504,10.570725015048826,7.7992500127501705,0.767643989108955,495,0.511724568495479
anti_reasons,1111110110011101111000011111011111101101111110111110,11.718515258787068,10.923874542328404,9.130934724300836,0.5204575990082658,495,0.5117285308838722
anti_reasons,1111110001111111100111110111111111011101110011110110,11.718118974432883,10.890730497739867,9.771284475449917,0.41086619636363775,495,0.5117450427319632
anti_reasons,1111100110001111111110110110111111101101100111110110,11.7180538808213,10.913474038131358,8.56498339642411,0.5760631209663457,495,0.5117477549657792
anti_reasons,1111101110001111111000111111110001111000110110111110,11.717670116181283,10.96316511896969,9.170152782312138,0.4077185749093307,495,0.5117637451591133
anti_reasons,0111110110011011111110110110111011111100111111011011,11.717611045647438,9.772706024322439,8.582075038729911,0.6429232515905529,495,0.5117662064313568
anti_reasons,1110110111111111111100111011111111011000111110110011,11.717392869224097,10.664956502148378,10.072898567826343,0.24888560791213987,495,0.5117752971156626
anti_reasons,1110110110001101101100111111110111101111111110111111,11.717367631415485,11.062400256672221,9.789074715917513,0.36644143222681735,495,0.5117763486910214
anti_reasons,1101111100001111011100111110110011101100111011011111,11.71656126814435,10.022359535519247,8.386103196814677,0.5777448906638781,495,0.5118099471606521
anti_reasons,1111110111101111111100011011110001111001110110111111,11.716503768163317,10.658976276551952,8.94022617182178,0.5543531217872218,495,0.5118123429931951
anti_reasons,1111110001111111101110011011111111011111000110110111,11.714565833421139,10.617182455596813,9.138057649464526,0.4739869435764668,495,0.5118930902741192
anti_reasons,1111110011101111111100011011110001111001110111111111,11.714201286671065,10.665246960029796,9.318302776878458,0.4889090580746658,495,0.5119082797220389
anti_reasons,1111110011011111111110110111111111011011110011111110,11.71417174238344,10.762673476810683,9.889981839363939,0.2300981906350636,495,0.5119095107340232
anti_reasons,1111110001101101111000110110011111111011110110011110,11.714102906061258,10.533277264189069,8.407842795792432,0.6127968176386644,495,0.5119123789141142
anti_reasons,1111110011011111100111011110111111011100110111110111,11.714025171973999,10.742417659057462,10.061399926931104,0.2754196535633778,495,0.5119156178344166
anti_reasons,1111100110001101111110011110110111101100111110111011,11.71381112062458,10.667401125525467,9.298085275002212,0.3929637396976077,495,0.5119245366406424
anti_reasons,1110110011101111101100110011110011111011111110111111,11.713363302347233,10.731299235733724,9.011382445721189,0.4786151970078481,495,0.511943195735532
anti_reasons,1111111111011101111000011110110111011000110111011111,11.712674859596374,10.151629705847467,9.13238862031294,0.4942266217055075,495,0.511971880850151
anti_reasons,1111101110011111011100110111110111101100111011011110,11.712502590611297,9.955764867592613,7.953714711299824,0.6846334654121445,495,0.5119790587245292
anti_reasons,1111110111111111111000011011111001111000110110111110,11.71095909260007,10.443641083152702,8.597218449117685,0.634367284002464,495,0.5120433711416637
anti_reasons,1110111111011101111100110110111111111101100110111110,11.710621381316011,10.990399856050875,9.399496872196277,0.2862846228470172,495,0.5120574424451663
anti_reasons,1111101110011011101100011110111111001101111111011111,11.710286981597703,9.794571149271382,8.49317592767435,0.5944393596454473,495,0.5120713757667623
anti_reasons,1111110001111111111110110111110001111001110011111011,11.708911764731234,10.380593844507588,9.215235891061255,0.33451394312812177,495,0.5121286764695319
anti_reasons,1111100011101101111000011110011011111000111110111011,11.70839667678461,10.577479701585736,8.253306838857368,0.611748291860788,495,0.512150138467308
anti_reasons,1111110110001101111100011110011111101101111110111111,11.708152312971109,11.027919851343174,9.169516719096833,0.45843932266095944,495,0.5121603202928704
anti_reasons,1111100001101111101100111011110011111001111011111111,11.707830794506492,10.781330111290755,9.144262048688853,0.42652991105911303,495,0.5121737168955629
anti_reasons,1111110011111111111000110110011011111011100111110011,11.707735949093955,10.665034790884375,9.074208646196793,0.43593646638728983,495,0.512177668787752
anti_reasons,1111100111011111111000110111110001111011110110111011,11.707012109640349,10.701507996663548,9.740796443063251,0.2816384040116922,495,0.5122078287649854
anti_reasons,1100111111111011111000110111111011101100111110011011,11.706947664001579,10.315455450227574,8.910791271877653,0.5219648437696943,495,0.5122105139999342
anti_reasons,1111110111111101111100011110011111111000111110011110,11.706945926166354,10.636293482934743,9.196321822126537,0.4292304040439531,495,0.5122105864097353
anti_reasons,1111111110001111111000111110110111011001110110110011,11.70617668584681,10.625059808656854,9.709050182878,0.3127160377598967,495,0.5122426380897163
anti_reasons,1111111110001101111000011111111110001101111111111011,11.706071623982387,10.836339180770121,9.845724416432994,0.31947807834292175,495,0.5122470156674006
anti_reasons,1111100111101111111100011011110001111001110111111111,11.705424934239868,10.658804597303028,8.844276214227047,0.522766401188521,495,0.5122739610733389
anti_reasons,1111111111011111011111111011111111001111111011011110,11.705040035043071,10.153106423833455,9.281108810657727,0.511761235474576,495,0.5122899985398721
anti_reasons,1111100111011111111100111111011111101101100111110110,11.704928732551348,10.887727681831466,8.979826204027209,0.5450473201780914,495,0.5122946361436937
anti_reasons,1111100011111101100111110110011111111000111111011110,11.70468054252852,10.614981386061874,9.073896958925333,0.46424338378054825,495,0.5123049773946451
anti_reasons,1111100001111111101110011011111111011111000111110111,11.70433950746649,10.61701077634789,9.056910880005132,0.438347980220298,495,0.5123191871888964
anti_reasons,1111101111011111111000110111110001111001110110111011,11.704223130134864,10.774176035952285,9.773698612137224,0.3204236733085204,495,0.5123240362443806
anti_reasons,1101110111011011111000110110111011111100111011011111,11.703046632628217,10.292443602305633,9.046155256513375,0.508348310719321,495,0.5123730569738243
anti_reasons,1100110111111111111110011110111110011101100111111111,11.70199552865296,10.758708590116271,9.959721042394715,0.21207300165553752,495,0.5124168529727933
anti_reasons,1111100001101111111100111011110011011011110011111111,11.701760643794598,10.68353066877669,9.128817268664243,0.38463812778598105,495,0.5124266398418917
anti_reasons,1100110011111111011000110111111011101100111111011011,11.70140295322672,10.245667236137491,8.660267727437942,0.5500300417602028,495,0.5124415436155534
anti_reasons,1111110011101111100110011110111011011001110111110111,11.700834783236907,10.442482535869239,8.59766170767575,0.5771852128065467,495,0.512465217365129
anti_reasons,1111100111111111111000110110011011111011100111110011,11.700643663122207,10.65859242815761,9.024800290389395,0.4606839741260058,495,0.5124731807032414
anti_reasons,0111110001101111111000110110111011111000110111011111,11.700274965125702,10.594108004596134,9.434501506919295,0.3271873670160187,495,0.5124885431197623
anti_reasons,1111111110001111111000011110110011011100111110110011,11.69957999751965,10.702700821386262,9.213204344297905,0.3269972233468565,495,0.512517500103348
anti_reasons,1111110110001111111000111111111011011101100110110011,11.699506254763284,11.179311890228695,10.067133444219914,0.31526429201115086,495,0.5125205727181965
anti_reasons,0111110110011111011000011110111111001111111111111011,11.69928688416441,9.595847363560843,8.308066971898555,0.6554632952949935,495,0.5125297131598163
anti_reasons,1110111110011111101111111011111111101100111111110111,11.698895036720332,10.883166823786253,9.88179717020163,0.27560392077489737,495,0.5125460401366528
anti_reasons,1101101100011111011100110111011011111000111111011011,11.698435378172663,9.914317286297536,8.462051148050731,0.5353155541571364,495,0.512565192576139
anti_reasons,1111110111111101111000011110011111111000111111011110,11.69786421625103,10.644495147348563,9.501218988353049,0.3514967193794232,495,0.5125889909895405
anti_reasons,1111100111111111111000011011111001111000110111111110,11.697847660552075,10.44346940390378,8.501268491522952,0.6015402317064653,495,0.5125896808103303
anti_reasons,1111100001111111100110111110011111111000111111011110,11.696820941429461,10.774298256970594,9.760144534412612,0.3059764743933378,495,0.5126324607737724
anti_reasons,1101101100011111011100110110011011111000111111111011,11.696500555143706,10.221184559368341,8.998670328824186,0.4534434930753163,495,0.5126458102023457
anti_reasons,1111110001101111111000011011110001111011111111110110,11.695612353197241,10.45096877792366,8.398333289124805,0.693415958864563,495,0.5126828186167816
anti_reasons,0111111100001111011100111111111110001100111110011011,11.695552243413259,9.31982556904377,7.779440835252067,0.7178382485189965,495,0.5126853231911142
anti_reasons,1111110110001101111000011111110011111000111110011111,11.69525766339365,10.727331464443756,9.375842470094803,0.35380655561523,495,0.5126975973585979
anti_reasons,0111110011011111011111111110111011011000011111011111,11.694498895610765,10.011221987072974,9.132190352944951,0.5363985381159899,495,0.5127292126828848
anti_reasons,1101101110001111111100111110011011111000111110011011,11.694139414365857,10.557487364461414,9.202085671813956,0.3707868407296573,495,0.5127441910680892
anti_reasons,1111110011101111111000011011110001111011111110110110,11.693569802798269,10.427450404025468,8.080453678955834,0.780500281239185,495,0.5127679248834054
anti_reasons,1101110110011011011000110111111111111100111011011011,11.693222118028347,9.337827539061957,7.955145468498986,0.8487734616742927,495,0.5127824117488189
anti_reasons,1110110011111011011000111111111011101100111110111011,11.692979890954911,10.171724034894124,8.79782838635207,0.46574626639612915,495,0.5127925045435453
anti_reasons,1111110110001111111000011111110011111100011111110011,11.692876903548912,11.008120319037277,10.022809214135847,0.23716896589253025,495,0.512796795685462
anti_reasons,1110110001111111101100110011111011111011111111110111,11.69252779323331,10.728502039880846,8.999205139802436,0.5084732462118448,495,0.512811341948612
anti_reasons,1111101100011111011100111111011011111000111110011011,11.690513772043643,10.15854865270369,8.898375214336854,0.4702499708449108,495,0.5128952594981815
anti_reasons,1111110011011111100111110110111001111100111111110110,11.690460516575921,11.040196929933135,9.635529909475826,0.40625724859704804,495,0.5128974784760032
anti_reasons,1101110111011011111000110110111011111100111011111011,11.690183659551971,10.298410179629519,9.008987237344442,0.5101835331877324,495,0.5129090141853345
anti_reasons,1111100111111111111100011011110001111001110110111111,11.689849894613577,10.664652394817509,8.875634305682015,0.4941340123114626,495,0.5129229210577677
anti_reasons,1111110011101111111100111111111001101111100011110110,11.689398856207847,10.723164601295636,8.780274249491121,0.6562766343380723,495,0.5129417143246731
anti_reasons,1111111110001101111000110110011110011000111111011111,11.689291140493765,10.142779758956534,9.21033631514806,0.442135517646857,495,0.5129462024794265
anti_reasons,1111100110001111111000110111011111111000111011111111,11.688913682735809,10.871478994186683,9.626216896592634,0.2946943752211656,495,0.512961929886008
anti_reasons,1111100110011101111000011111011111101101111111111110,11.688776212483013,10.923702863079482,9.049787954841443,0.4841760778677087,495,0.5129676578132079
anti_reasons,1111111111011111111110111011110111111000110111011110,11.688697127282875,10.702869857985952,9.980565183805155,0.30080632361475834,495,0.5129709530298803
anti_reasons,1111100011001111111000111110011111011111100110110111,11.688265760603857,10.99635343846437,9.298618389303599,0.42380643926142797,495,0.512988926641506
anti_reasons,1111110110001101101100111111110011111000110110111111,11.688189304925459,10.921578327303283,8.843698161922394,0.5559375100215298,495,0.5129921122947725
anti_reasons,1110110011101111101100110011111011111011111110110111,11.684573852989335,10.620527773357988,8.350097024424148,0.7118024455888783,495,0.5131427561254445
anti_reasons,1111101110011011101100011110111111011100111110111011,11.684365981008318,10.079506923482692,8.932120441959059,0.4875929630866664,495,0.5131514174579868
anti_reasons,0111111110001111111000111111110011111101100110111011,11.684330947396438,10.90692342242605,10.312587711130938,0.2184788127907226,495,0.513152877191815
anti_reasons,1111111111011111111100111011111110011000110011011111,11.684048204102702,9.643303253182992,8.860002321729652,0.5784518028563682,495,0.5131646581623874
anti_reasons,0111101110011011111110110110111011101101111110011111,11.68299606959108,10.074723296957474,8.53975023929667,0.5398739694823276,495,0.5132084971003716
anti_reasons,1100111111011011111000110111111011101100111111011011,11.682590378864951,9.747070149882113,8.20003672394556,0.6963898030485445,495,0.513225400880627
anti_reasons,1111110001101101111110111110011001111001110110011111,11.681513301886467,10.450569834401957,8.740384402134143,0.5854649719352633,495,0.5132702790880639
anti_reasons,1110110001101111111000111110111001111001100111111111,11.681432194885083,10.906101742693256,9.736991981235422,0.3526499209136546,495,0.5132736585464548
anti_reasons,1111100011101111111000011011110001111011111111110110,11.680458370750273,10.427278724776546,7.984503721361102,0.7406232223561602,495,0.513314234552072
anti_reasons,1111100110001111111000110110011011111000011110111011,11.679421917381775,10.500051771253311,9.031792881491997,0.38853313978225956,495,0.5133574201090927
anti_reasons,0111110110011011011110110110111011111100111111011111,11.678355282609811,9.598085453481117,8.246046605890278,0.6466680771625227,495,0.5134018632245911
anti_reasons,0111111110011111011000111111110011111101100110111011,11.677731989140131,10.22535578180747,9.42135326823306,0.43894489792582214,495,0.5134278337858278
anti_reasons,0111101100001111111100110111110011101101111110011111,11.676618810336649,10.82608874646419,9.335467870011316,0.4048731658940752,495,0.5134742162359729
anti_reasons,1101101100011111011100111110011011111000111111011011,11.676291185777478,9.882190407320676,8.593011543532828,0.524376026454013,495,0.5134878672592718
anti_reasons,1100110011101101111100110110110110011000110111111111,11.675961656793204,10.075785632174796,8.775845403218593,0.41202612168929637,495,0.5135015976336166
anti_reasons,1111100011001111111000110111011111111001110110111110,11.675292734598067,10.831530656312603,8.797158351603173,0.572142685838329,495,0.5135294693917472
anti_reasons,1111110110001111111100011110111001111000011111110111,11.674315116413647,10.63570476224645,9.256724775402073,0.3695182509053725,495,0.5135702034827647
anti_reasons,1111111111011101111000011111110111011000110110011111,11.673980360296255,10.36352387739229,9.621691910260887,0.3651912850896209,495,0.5135841516543227
anti_reasons,1111100001101101111100111111011001111001110110011110,11.673127277983804,10.247666666731618,7.470417943306726,0.8303464458331608,495,0.5136196967506748
anti_reasons,1111100001101111100111110111011111011111000111110110,11.672638085951615,10.816102633630122,8.624620018594698,0.7030598837717695,495,0.513640079752016
anti_reasons,1110111111011111111100110011111011011000111110111011,11.672070919383607,10.220399764030297,9.297058277689182,0.405412652249636,495,0.5136637116923497
anti_reasons,1111111110011011001100011110111111111100111111011011,11.671884628481719,9.20029824426634,8.091261142404962,0.8122739722445377,495,0.5136714738132617
anti_reasons,1111110110011111111100111111011111101101100111110110,11.671703527493486,10.911417734978578,9.478710153274609,0.4954057589175204,495,0.5136790196877714
anti_reasons,1111110110001111111100110111011111011111100111110110,11.67123483711701,10.864925270429163,9.11260272821139,0.4539004481887709,495,0.513698548453458
anti_reasons,1111101110011011101100011110111111001101111111111011,11.670896738242533,9.80053772659527,8.329998344019845,0.5869908951163955,495,0.5137126359065611
anti_reasons,1111111110011011101100011110111111101100111111011011,11.670500198385039,9.496097869884052,8.223317375996004,0.6913006217982994,495,0.5137291584006234
anti_reasons,1101100110011111011000111011111111101100111110011011,11.670496254495719,10.096029428565423,8.739938136332228,0.48209509633761544,495,0.5137293227293451
anti_reasons,1111110111001111111000110110011111101111100110111110,11.670478822737175,10.739701276111665,8.419623203929778,0.5166036092697384,495,0.5137300490526178
anti_reasons,1111100110011011011000111110111111101111111011011011,11.670068796466413,9.08671909997785,7.754333258672491,0.8673243984205753,495,0.5137471334805661
anti_reasons,1110110111101111111110110111011111111001111110011011,11.66952042743286,10.57421463591689,9.471297716272128,0.31892490137158186,495,0.5137699821902975
anti_reasons,1111110011011111111100110011011111111111110111110110,11.669320959820462,10.714340180269485,8.963371219218603,0.5502747216258447,495,0.5137782933408142
anti_reasons,1111111111011101111000011110110111011001110110011111,11.669227640432021,10.18566822636521,9.24544987611507,0.3994801249824306,495,0.5137821816486658
anti_reasons,1111100111101111111110011011110001111001110110111111,11.668926567915756,10.586225124561002,8.428705688403326,0.605777879686914,495,0.5137947263368434
anti_reasons,0111111110011111011100111011111110011101111110011011,11.66874011944146,9.349991663209252,8.210950968427872,0.7431382184259571,495,0.5138024950232725
anti_reasons,1110110001101111111000110110111001111001110111111111,11.668361394633862,10.81263427171269,9.33088553427448,0.38603031382492664,495,0.5138182752235891
anti_reasons,1111101110001101111110111011110111111000110111111110,11.668204080233508,10.84793754275924,8.865682848751007,0.43746674108303246,495,0.5138248299902706
anti_reasons,1111111110001111111000011110110111011100011110110011,11.667807618605314,10.705190791647167,9.177370535654527,0.42353906062364755,495,0.5138413492247786
anti_reasons,1111100001101101111100111110011001111011110110011110,11.667797959365057,10.110075832487887,7.45322417906787,0.7935972977152321,495,0.5138417516931226
anti_reasons,1111110111001111111000111111110001111001110110111011,11.6675297634994,10.801295833664861,10.157007709498345,0.2655429677145368,495,0.5138529265208582
anti_reasons,1111100111101111011000111011110111001100111110011011,11.667506710780332,10.159465204264729,8.714213450688423,0.501726195013415,495,0.5138538870508196
anti_reasons,1101101100011111011100110110011011111100011110011111,11.667038472067565,10.501478062611147,9.446061535510122,0.41022118903650806,495,0.5138733969971847
anti_reasons,1111110011101111111100011011110001111001111111110110,11.666693437533972,10.423553497420745,8.401576905802814,0.6834594561182884,495,0.5138877734360845
anti_reasons,1111100001101111111100011011110111111011110110110110,11.666675738067408,10.467656779604102,7.6386506765861855,0.8323513623816998,495,0.513888510913858
anti_reasons,1111100001111111111000011011110001111011111111110110,11.666599230719676,10.456644896189216,8.409484933431289,0.6206596509764088,495,0.5138916987200135
anti_reasons,1111100110011111111000110110011111111000111011111111,11.66656662314032,10.665432620156343,9.762267376556144,0.3306442558233926,495,0.5138930573691534
anti_reasons,1111100110001101111110011110110111001101111110111011,11.666382766326274,10.453251216869981,8.939348298643079,0.4425831946835292,495,0.5139007180697386
anti_reasons,1111100011001111111000111111011111111001110110110110,11.664811035167693,10.68727558371656,8.111283301571527,0.7512395580514915,495,0.5139662068680129
anti_reasons,1111110001101111111110111111111001101111100011110110,11.664390648603538,10.674103502451802,8.704897656810843,0.6619771976225638,495,0.5139837229748525
anti_reasons,1110110011101111101100110011111011011011111110111111,11.66413817299176,10.696361709348762,9.008114326897417,0.46827705991331253,495,0.5139942427920099
anti_reasons,0111111111011011011100011110111110011101111111011111,11.663544858548821,8.836919188926158,7.472376404411761,0.905317202611552,495,0.5140189642271324
anti_reasons,1111100111101111011000110011110111101100111110011011,11.663347779041683,10.227886340869997,8.702184259200742,0.4801410780786076,495,0.5140271758732633
anti_reasons,0111100111111011011110011111111111111111111110011011,11.663324992260357,9.79158671528653,9.009547880869068,0.48561597349679647,495,0.5140281253224852
anti_reasons,1111100111001111111100110011111111111011110110011110,11.66296306089414,10.528459660083326,8.907425075264184,0.43372020945839057,495,0.5140432057960775
anti_reasons,1100110011111011011000111111111011101100111111111011,11.662847739711284,10.185868056166115,8.816276403480998,0.48902737990765976,495,0.5140480108453631
anti_reasons,1111100110011101111000011111110011111000111110011111,11.662429043721128,10.733007582709314,9.431679500644108,0.31042021937326364,495,0.5140654565116196
anti_reasons,1111110110001101111100110011111111111001110110111110,11.662322495819538,10.762631353788224,8.414413632481903,0.6325674209597011,495,0.5140698960075192
anti_reasons,1111100110011011111000111011111111001100111110111011,11.661867079306285,10.28154594371393,8.941070962673637,0.4510654384354937,495,0.5140888716955714
anti_reasons,1111110110011101111110111110110011111000110110111011,11.661858900968193,10.77577729786047,9.991524507240136,0.2753752164223256,495,0.5140892124596586
anti_reasons,1111111110001111111100011110011111011101111111110110,11.661796597713144,10.898283770379983,9.562025977321813,0.3422251973052016,495,0.514091808428619
anti_reasons,1110111111011011111000110111111011101100111110011011,11.661594723524933,9.732926128610119,8.196066199020697,0.6642336023694982,495,0.5141002198531277
anti_reasons,1111110011011111100111011111111111011000110111110111,11.660805708536534,10.503143833338004,9.69116888861505,0.3672554643545254,495,0.5141330954776444
anti_reasons,1101110110001101111100011110110111001101111110111011,11.6602757523942,10.461538295022734,8.94559817666472,0.4394862166667245,495,0.514155176983575
anti_reasons,1111110011111101111100111011110011011001110110011111,11.659790408023586,10.76038242785825,9.492602615822403,0.35746363710412643,495,0.5141753996656839
anti_reasons,1111110011011111101111110111111111111011110011111110,11.659740821137337,10.721795578786994,9.860178979944296,0.3146177154308785,495,0.5141774657859444
anti_reasons,1110110011101111111100111011110011111101100110110111,11.659336218089326,10.875086555761362,9.171489453701057,0.598727600762883,495,0.5141943242462781
anti_reasons,1110110001111111101111111011110011111011110110110111,11.658075843372227,10.330850183969485,8.4709422229698,0.6779585463928168,495,0.5142468398594906
anti_reasons,1111110110001111111100011110111001111000011111111110,11.657912673264278,10.629738184922562,9.309001396178665,0.3584516225784994,495,0.5142536386139884
anti_reasons,1110110011111011011100110110111110011101100111011111,11.656996965716077,8.949118674253276,7.713075296465421,0.7222778784691438,495,0.5142917930951634
anti_reasons,1111110001101101111000110111011001111011110110011110,11.656545545686791,10.150576055127488,7.670575219424244,0.7681277723362903,495,0.5143106022630504
anti_reasons,1111100001101111101100011011110111111011111110110110,11.656188446683663,10.391571130246026,7.536340335342719,0.8262909680855303,495,0.5143254813881808
anti_reasons,1111111111001111111110011110111111011011100111110110,11.655496277523044,10.556236504137702,9.317894560391913,0.3398949803190915,495,0.5143543217698732
anti_reasons,1111100111001111111000110110011111011111100110110111,11.654079513813294,10.810315462418567,8.939136530116006,0.42316730576756667,495,0.5144133535911128
anti_reasons,1111100111101111011000110011111111001100111110011011,11.6536099521663,10.192948814485034,8.63486435691957,0.48245767727662536,495,0.5144329186597374
anti_reasons,0111110111011011011110110111111110011100111011011111,11.653361176141187,8.357081310375277,6.925218035090225,0.9427274112774687,495,0.5144432843274505
anti_reasons,1100110011111011111110110111111011101101111111011011,11.652945179283474,10.285228330697858,8.768768396918382,0.4863959644147562,495,0.5144606175298552
anti_reasons,1111100111001111111100111111011001111000110111110111,11.652652186857985,10.531374467409018,8.559119443992454,0.6207594351316031,495,0.5144728255475839
anti_reasons,1110111110001101101100110111110111111101110111111111,11.652306886157675,10.855990875755323,9.851576963036576,0.23356449490879555,495,0.5144872130767635
anti_reasons,1111100001101111101110011111011001111000011111111111,11.651744981946687,10.476981634285165,8.567368770179694,0.5833522133629437,495,0.5145106257522214
anti_reasons,1110110111001101111111111111111111111001111011011011,11.651674735191845,10.09492261601874,9.501837128032163,0.4069384193384134,495,0.5145135527003397
anti_reasons,0111111110011111011100111011111111001101111110011011,11.650732725584215,9.385573344341813,7.874845690109876,0.7375875158220928,495,0.5145528031006577
anti_reasons,0111111111011011111100011110111110001101111111011111,11.650464260103018,9.13271881454387,7.604432638002804,0.7946041202901265,495,0.5145639891623743
anti_reasons,1111111110001111111100011110111001111000011111110110,11.650420593225576,10.452687196348387,8.984081316099257,0.42421787198447636,495,0.5145658086156011
anti_reasons,1111101111001111111000110111111001111001110110110011,11.649815407559961,10.578948680951884,8.96535011063594,0.41923680081086545,495,0.5145910246850016
anti_reasons,1111111110001111111100110111011111001111100111110110,11.649743977507702,10.620280834503637,8.752644408698936,0.45963089412621466,495,0.514594000937179
anti_reasons,1100110011111011111000111111111011111100111110011011,11.64970094371076,10.746137862198903,9.84729477436097,0.3060079126935081,495,0.5145957940120516
anti_reasons,1111100111011111111000111111110001111001110110111011,11.649665323195931,10.806971951930418,10.178516070630454,0.24875232418732507,495,0.5145972782001695
anti_reasons,1111110111111101111000110011110011111000110110011111,11.649181270967762,10.718087929771565,9.050972067203661,0.37608026748061746,495,0.5146174470430098
anti_reasons,1101100110011111111000111110111011101100111011011011,11.648862336278755,10.270866731760547,8.960436871341715,0.49783637064068526,495,0.5146307359883853
anti_reasons,1111100110001111111111110110011111111000111011111111,11.648636637754715,10.93535704291039,10.018364044782995,0.2847252779642028,495,0.5146401400935536
anti_reasons,1101110111011011111000110111111011111100111011011011,11.648619444494392,9.991542906558713,8.838436379963166,0.5872037446497057,495,0.5146408564794003
anti_reasons,1111111111011101111000011110110111111000110110011111,11.648449323623723,10.399818135020698,9.621304149054922,0.3326481062342634,495,0.5146479448490116
anti_reasons,1111100110001101111100110011111111111001110111111110,11.648199495903357,10.762459674539302,8.46127542845144,0.5923734603445598,495,0.5146583543373602
anti_reasons,0111110111011011011100011111111110011111111111011111,11.647266838683606,9.054753416292428,8.366362552239284,0.7243548172498648,495,0.5146972150548497
anti_reasons,1110110011101111111100111110111110011000110111011011,11.647085104866,9.735688056218606,8.784942624360603,0.4701330237893531,495,0.5147047872972501
anti_reasons,1110110111111111111100111011111111011000011111110011,11.646815661690676,10.57865668056098,9.95406674383527,0.28730807019881965,495,0.5147160140962219
anti_reasons,1111100001101111111100011111110001111001100111110111,11.645604550919618,10.673336820831915,8.670639812573144,0.5688668546053649,495,0.514766477045016
anti_reasons,1111100001111111111000110111011111111101100011111110,11.645414577959123,11.029974589078174,9.703928842764979,0.36216305404460014,495,0.5147743925850365
anti_reasons,1110110011111011011100110110111110011101100111111011,11.645014165526595,8.955085251577165,7.698249359020234,0.712634803939683,495,0.5147910764363919
anti_reasons,1101101100011111011100110110011011111000011110111111,11.64373900064698,10.569071509962496,9.447532772242193,0.36675443030035104,495,0.5148442083063758
anti_reasons,1111110011011111111110110011011111111111110110110110,11.643520518037272,10.641760707527459,8.755486089767624,0.6379850912273262,495,0.5148533117484471
anti_reasons,1111100110001111111100110111011111001111100111111110,11.643008785988732,10.718552048718704,9.127518977113024,0.4472526688936051,495,0.5148746339171362
anti_reasons,1111110110001111111000111111111011011001110110110011,11.642855210934883,10.814443714551814,9.439884756706842,0.3734930426280885,495,0.5148810328777131
anti_reasons,1111100110001111111000011111111011101100111111110011,11.641709369401594,10.915883551648664,9.379664522258329,0.4244046440306213,495,0.5149287762749335
anti_reasons,0111110110011011011110110110111011111100111111111011,11.641672926387772,9.604052030805004,8.181460537126139,0.6462458113840365,495,0.5149302947338428
anti_reasons,1111110001101101111000111110011001111011110110011110,11.641631431425433,10.11844917615063,8.037360272454656,0.7318646826793724,495,0.514932023690607
anti_reasons,1111111110011101111000111110011110011100111110011011,11.641388263552065,10.345376074121699,9.44521844374689,0.47842485576029575,495,0.5149421556853306
anti_reasons,0111101110011111011100110111110111101100111111011110,11.640819096131764,9.941620846320621,7.9632757061334924,0.6560334139088646,495,0.5149658709945097
anti_reasons,1111101111001111111100110111011111101101100011111111,11.639854356290956,10.660311466211114,9.41417976882219,0.3418102980555471,495,0.5150060684878768
anti_reasons,1111100110011101111100110011111111111001110110111110,11.639851772714024,10.768307472053781,8.76098670330812,0.5539731106269562,495,0.5150061761369156
anti_reasons,1111110110001101111110011110110111001100111110111011,11.639346228736857,10.41938437560116,8.845061098879958,0.44961858422080725,495,0.5150272404692977
anti_reasons,1111101110011011001100011110111111011100111110111111,11.639263314655455,9.904886352641368,8.694683524009791,0.47254331178645503,495,0.5150306952226893
anti_reasons,1111100110001101111110110110011110011000111110111111,11.638879226467534,10.433617010577565,9.015502486637892,0.3932969048015322,495,0.515046698897186
anti_reasons,1111110111001111111110011110111111011011100111110111,11.638665706754292,10.739254070035765,9.590538019694733,0.29646184880028265,495,0.5150555955519045
anti_reasons,0111101111111111111000111011111011111000011110011011,11.638418772368677,10.526785709447722,9.535870020826463,0.35751620572125403,495,0.5150658844846385
anti_reasons,1110110011101101111100111011110111011000011111111011,11.638323046424802,10.298658371922954,9.581216476557648,0.36476491794460725,495,0.5150698730656333
anti_reasons,1111110110011111111100011110111001111000011110111110,11.637860391026429,10.635585982437043,9.724319293064662,0.3225034848330061,495,0.5150891503738988
anti_reasons,1111110011111111111100111111011001111000110110110011,11.637846279442304,10.599255060703989,9.231617742354386,0.5282651639002691,495,0.5150897383565707
anti_reasons,1111111111011101111000011110111111011000110110011111,11.637748301336376,10.364880608635735,9.598612102247781,0.3448609636681675,495,0.515093820777651
anti_reasons,1111100111001111100110111110110001101111111111110111,11.637644666295673,10.841800980058954,9.241584866860078,0.43171669081741015,495,0.515098138904347
anti_reasons,1111101110011011001100011110111111011100111111011111,11.636855487030342,9.386124908025742,8.22067549650015,0.7088781972112685,495,0.5151310213737357
anti_reasons,0111111110011111011000111110111011111101100110111011,11.636826878239177,10.226712513050918,9.38869528311424,0.4326749017161541,495,0.5151322134067009
anti_reasons,0111110110011111011000011110111111011111111110111011,11.636729007306446,9.987463176076194,9.050633267420928,0.503279863624143,495,0.5151362913622315
anti_reasons,0111100111011011111100011111111111011111111110011111,11.636478481648084,10.16919466882448,9.698715745240712,0.37835686506711447,495,0.5151467299313299
anti_reasons,1111100111001111111100111111011001111000110111111110,11.636249743708616,10.52540789008513,8.571102244181937,0.607955101520314,495,0.5151562606788076
anti_reasons,1111111110011011101100011110111111011100111110011011,11.635096357413666,9.560917158115988,8.466702497576085,0.6807538790610058,495,0.5152043184410973
anti_reasons,0111111111011011011100011110111111001101111111011111,11.63496227220879,8.87250087005872,7.1346431154534535,0.9037845856542255,495,0.5152099053246337
anti_reasons,0111100111011011111100011111111110011111111110111111,11.634706365300739,10.260758619792192,9.863814585381983,0.27051043739128594,495,0.5152205681124693
anti_reasons,0111110111111111011000110011110111101100111011011111,11.634475078574035,9.204205234314262,7.543614340662176,0.675778444626732,495,0.5152302050594153
anti_reasons,1101101110001111111100110110011011111001111110011011,11.634275774653673,10.411758592411195,9.062856005762505,0.38888558261673095,495,0.5152385093894303
anti_reasons,1111100001101111111000111111011001111001110111110011,11.633181195163479,10.501777952549965,8.643197354863943,0.6262563492861036,495,0.5152841168681883
anti_reasons,1111101111011111111100110110011111011001110011111111,11.633151362712661,10.232824299846019,9.321709644626583,0.36824334794822855,495,0.5152853598869724
anti_reasons,1111110011101111111000011011110111111001100110110111,11.6324228283649,10.621897532968058,8.837483966536938,0.5564034373554696,495,0.5153157154847958
anti_reasons,0111100111011011111100011111111110011111111111011111,11.632298537675625,9.741997175176566,9.193423430445927,0.517966793876674,495,0.5153208942635157
anti_reasons,1111100110001101111000011110111110011101111111111011,11.631989538241347,10.711701575681532,9.744473363754594,0.2599120259199457,495,0.5153337692399438
anti_reasons,1111100011111111011000111111110001111001110111011011,11.63172244659823,10.09684295789485,8.940142719687938,0.41128132812656765,495,0.515344898058407
anti_reasons,1111101110011011101100011111111111001101111111011011,11.6316530020401,9.493670453524462,8.508637178463617,0.6619173747007033,495,0.5153477915816624
anti_reasons,1101100111011011011000110111111111111100111011011011,11.631252888420656,9.314137485914845,7.9390140455609455,0.804128596173644,495,0.5153644629824727
anti_reasons,0111100110011111011000110111111111001111111011011111,11.63103394452213,9.363460598286744,8.041118485797194,0.7358544830166409,495,0.5153735856449113
anti_reasons,1111110011111101111000110011110011111000110111011111,11.630905420276559,10.724358613249409,9.147242218980598,0.3313058811749443,495,0.5153789408218101
anti_reasons,1111100011101101111000011110011111111000011110111011,11.630846087880412,10.57996967184664,8.818140350299654,0.4699014093027528,495,0.5153814130049827
anti_reasons,1111100001101111101100011011111111111011110110110110,11.630762423571548,10.113896092881266,6.905107158037772,0.991679076587041,495,0.5153848990178522
anti_reasons,1100110011111001111000111111111111001100111111111011,11.630229066067233,10.558516485327681,9.41884527552197,0.41300820647766734,495,0.5154071222471985
anti_reasons,1111100011001111100110110111110001101111111111110111,11.62973429515236,10.801590447403472,9.206192278352919,0.46084214932667417,495,0.5154277377019849
anti_reasons,1111100110011111111100011110111001111000011111111110,11.629630870030734,10.63541430318812,9.52703756056232,0.2998923266488758,495,0.5154320470820528
anti_reasons,0111101111011011011100111111111110011100111011011111,11.629603853114737,8.756227773026167,7.46985567721638,0.9473305703718637,495,0.5154331727868859
anti_reasons,1111110111011011111000110110111011101100111011011111,11.629117148126314,9.886683768518289,8.266107733028868,0.6290385597826612,495,0.5154534521614036
anti_reasons,1111101111001111111100111111011001111000110111110110,11.628757663669916,10.348356901510954,8.11316604432399,0.6763374383122744,495,0.5154684306804203
anti_reasons,1110111110001111101100111011111111101111111110111110,11.627719132708606,10.69572042208437,9.113168628509637,0.3863746289622989,495,0.5155117028038081
anti_reasons,1110110001101111111000110110111011111001110110110111,11.627500627903746,10.837201305086415,8.55335916737247,0.6165590090118328,495,0.5155208071706772
anti_reasons,1111100110011111111110111111011111101101100111110110,11.626838935450731,10.83866658298763,8.959066604005873,0.5468087071359078,495,0.5155483776895529
anti_reasons,1101101110011111111100110110111011011000110011111111,11.626217382497005,10.541367004310962,9.4747308121949,0.3322649080913603,495,0.5155742757292914
anti_reasons,1111100011001111111000110111011111111011110110110110,11.626216741638538,10.581811628449689,8.10541366933077,0.7453174662236702,495,0.5155743024317276
anti_reasons,0111111110001111011000111111110011111101100111111011,11.625701953058568,10.21950798429299,9.44522491556447,0.40749633804751156,495,0.5155957519558929
anti_reasons,1111111110011011001100011110111111101100111111011111,11.625397532032176,9.32147729904273,7.985880458046737,0.6951251159180702,495,0.5156084361653259
anti_reasons,1111100011011111111110110011011111111111110111110110,11.625268423915823,10.641589028278537,8.802347885737165,0.5997179759183902,495,0.515613815670174
anti_reasons,0111111111011011011100011111111110011111111110011111,11.625032249193907,9.201724792882255,8.479918193659092,0.7310065451896148,495,0.5156236562835872
anti_reasons,1111110111011111100110110110110111111000011110011011,11.624869958351656,10.065096448631722,8.844479495532353,0.605308567788827,495,0.5156304184020144
anti_reasons,1111110110001111111000110110011111111000111011111111,11.624810119806696,10.659756501890786,9.656197546892901,0.32461621021551557,495,0.5156329116747209
anti_reasons,1111100110011101111110011110110111001100111110111011,11.623578326649602,10.425060493866718,8.817390285182261,0.4787454038806471,495,0.5156842363895999
anti_reasons,1111111110011011101100011110111111001101111111011011,11.62162711464788,9.281947961228566,7.864580399636872,0.7737295032401392,495,0.5157655368896716
anti_reasons,1110110011101111101100111011110011111011111110110111,11.621547154249662,10.587044163137683,8.709207269847422,0.6538277720772734,495,0.5157688685729307
anti_reasons,1111100110001101111110110011111111111001110110111110,11.621509480657334,10.689880201797274,8.108145138238125,0.6863876045007272,495,0.5157704383059445
anti_reasons,1111100110001111111100110111011111001111100111110111,11.621209503757715,10.724518626042592,9.108875048758325,0.45230086417903703,495,0.5157829373434286
anti_reasons,1110110011101111111000110110011011101111111110111011,11.621107161005625,10.77737517449254,8.908779354869457,0.4596746033527412,495,0.5157872016247655
anti_reasons,1111110110001111111110011110111001111000011110111110,11.61947030426017,10.557158712180536,9.198347864753492,0.4318978408531791,495,0.5158554039891596
anti_reasons,1111100111001101111100110111111111111000110111011110,11.619288024359218,10.81703097374255,9.111497281910482,0.38236063824249894,495,0.5158629989850325
anti_reasons,1101110110011011111100110110111111101100111011011011,11.618942063603292,9.413531328721026,7.811428911044087,0.8017319305561355,495,0.5158774140165294
anti_reasons,1111110001101101111000110110011001111011110110011111,11.618776340713392,10.26867082607056,8.273847871712928,0.586598630479743,495,0.515884319136942
anti_reasons,1111100011101101111000011110011011111000011111111011,11.618738846797239,10.491179879998342,8.527529005787292,0.506641329698161,495,0.5158858813834484
anti_reasons,0111110110011011011110110111111011111100111111011011,11.618628720335607,9.297184757734199,8.007157997843063,0.7344480062813896,495,0.5158904699860163
anti_reasons,1110110011101101111100110011111111011000011111111011,11.61806863162882,10.33214198214326,9.086703329344761,0.3489147247148544,495,0.5159138070154659
anti_reasons,1111100110001111111000011111111001111000111110110110,11.617956379897963,10.454723607835302,7.976201272017453,0.7021300220920549,495,0.5159184841709181
anti_reasons,1111100110001111111000011111111111011001110111011111,11.617802600577578,10.636709192889825,9.93017127859293,0.2534647660739736,495,0.5159248916426009
anti_reasons,1111111110001111111000011110110011011100011111110011,11.617520778429482,10.616400999798866,9.156518545547623,0.3690876260470105,495,0.515936634232105
anti_reasons,1111100011011111111111110111111111011011110011111110,11.61718857791647,10.961838964765759,10.154566341587751,0.22311247064834233,495,0.515950475920147
anti_reasons,1111110111011011111000110110111011101100111011111011,11.616254175050068,9.892650345842178,8.260643570769274,0.6288060737282367,495,0.5159894093729138
anti_reasons,0111100110011111011000111110111111001111111011011111,11.615986528481073,9.331333719309885,7.992907611420689,0.7494245556513408,495,0.5160005613132885
anti_reasons,1111100001101111101100011011111111011011100110110111,11.615627755376979,10.030788689498344,7.518025138408047,0.7190169852271477,495,0.5160155101926258
anti_reasons,1110110011101111111000111110011011101100111111111011,11.615504740335032,10.848800609241671,9.527632704450223,0.3664194585445929,495,0.5160206358193737
anti_reasons,1111110001101101111000111110110011011001110110011011,11.615477160339987,10.378022887613286,9.356123904480354,0.3634573779267598,495,0.516021784985834
anti_reasons,1110111111101101111100111011111110011000011111111011,11.615139119291303,10.382628664395662,9.680428043245007,0.3616081649608408,495,0.5160358700295291
anti_reasons,1111111110011111111100011110011111011100111111110110,11.615080562515034,10.870093047376722,9.822623686853989,0.25876000393055915,495,0.5160383098952068
anti_reasons,1111111110011111111000011110110011011100011110110011,11.614882868423079,10.622248797313347,9.137437814976598,0.3856210455004061,495,0.5160465471490383
anti_reasons,1111100001111111111000011110011111111001100110111110,11.614783306991662,10.569230815184625,8.711916909744527,0.5328408709894366,495,0.5160506955420141
anti_reasons,1111111111011101111100011110110111011000110110011111,11.613954599200747,10.143428041433648,9.16586139419791,0.41872005251524663,495,0.5160852250333021
anti_reasons,1111101111111111101111110011110111111001110110011110,11.61375095847375,10.679072189614985,9.40861574262952,0.34732476633685405,495,0.5160937100635938
anti_reasons,1101100110011011011000110111111111111101111011011011,11.612842095547984,9.371694380330776,8.126645400832752,0.7740723891789837,495,0.5161315793521672
anti_reasons,1111100111101101111000011110011011111000011110111011,11.612812275636676,10.484909196520498,8.2987936790475,0.5783687581543494,495,0.5161328218484718
anti_reasons,0111110110011011011111110110111011111100111111011011,11.61237380433908,9.284627753393378,8.135524933797148,0.7229753358457139,495,0.5161510914858716
anti_reasons,1111110110001111111100011111111001111000011111110110,11.611822107067605,10.517609991303381,8.788827799603013,0.5405572332682086,495,0.5161740788721831
anti_reasons,0111100110011111011000110110111111101111111011011111,11.611655027826078,9.399754855915155,8.007321548356908,0.7132579990469304,495,0.5161810405072467
anti_reasons,1111100110001111111110011110111001111000011111111110,11.611240783264476,10.556987032931614,9.032321787780658,0.3994542409989891,495,0.5161983006973134
anti_reasons,1111100001111111111000110111011111101101100011111111,11.611151155538098,10.968347719050714,9.564352742181605,0.37547162917932736,495,0.5162020351859127
anti_reasons,1111100110001101111000011110111111011000110111111111,11.61114301849575,10.59695338357595,9.13807146387006,0.3458848463555067,495,0.5162023742293438
anti_reasons,1111110011101111111000011011111001111011110110110110,11.610862053473456,10.149775366660707,7.453327686851306,0.9670018498965887,495,0.5162140811052727
anti_reasons,1111100011001111111100111111011001111001110111110111,11.610835077232956,10.571683671404605,8.494909968594202,0.6548761867854942,495,0.5162152051152935
anti_reasons,1101101100011111011100110110011011111001111111011011,11.610547113769378,9.736461635270459,8.359031132131953,0.5453376494163787,495,0.5162272035929425
anti_reasons,1111100001101111101100011011110111111011110110110111,11.609191281815075,10.230634132580887,7.598946362789346,0.7581284555438093,495,0.5162836965910385
anti_reasons,1111100011111111011000011011111111111000011110011011,11.608306651775942,9.824154493670559,8.880068472566254,0.40404001244107784,495,0.5163205561760025
anti_reasons,1111110110001101111110110111110110011111111011011011,11.60789527872438,9.982958884301075,9.056533633715945,0.5526441007814559,495,0.5163376967198174
anti_reasons,1111101111011111011000110111110111001100111011011110,11.607680555323492,9.613651633824826,7.512878450896107,0.8033074379544274,495,0.5163466435281878
anti_reasons,1111101110001101111100011111110110001101111111111011,11.607322843183818,10.536106839208927,9.361624980995291,0.38306988081336774,495,0.5163615482006743
anti_reasons,1111100011001111111000011011111111111000111110110110,11.606868669361516,10.401181659786545,7.955139764576674,0.671630060841736,495,0.5163804721099368
anti_reasons,0111100111101111111000111011110011111101111111011011,11.606172405310119,10.810830067034752,10.097823345654641,0.21592969900101128,495,0.5164094831120785
anti_reasons,1101111100011111011100110110011011111000011110011111,11.605977375328923,10.050481744595793,8.910844991454823,0.43329264945994767,495,0.5164176093612949
anti_reasons,1111101110011011001110011111111111101100111110111111,11.605825441406465,10.057989858322411,8.988503905574525,0.4072896002621942,495,0.5164239399413972
anti_reasons,1111101100011111011110111111011011111000011110011011,11.605120778651727,9.999669358374266,8.768309150106935,0.4911328619282895,495,0.5164533008895114
anti_reasons,1111101110011011101100011111111111011100111110011011,11.605115707113399,9.772639650411886,9.017970622488487,0.5707266410035381,495,0.5164535122036085
anti_reasons,1110110001111111111000110110111001111001100111111111,11.604777249703433,10.732182247639775,9.616432720943418,0.30963714689001753,495,0.5164676145956903
anti_reasons,1111111111001111111000011110110111011000110110011111,11.60453386918828,10.222542184869368,9.35820468370874,0.4142610754978179,495,0.5164777554504882
anti_reasons,1111110111001111111110011110111111111011100111110110,11.603994907859489,10.657453556721103,8.952675687997559,0.48173792041625463,495,0.5165002121725213
anti_reasons,0111110110011011011110111110111011111100111111011011,11.603581304294549,9.26505787875734,8.0170060391019,0.7390620927768036,495,0.5165174456543937
anti_reasons,1110110111111111111110111011111111011000011110110011,11.602713743604504,10.506077207818954,9.926446720112452,0.26068404013243685,495,0.5165535940164789
anti_reasons,1111110011101111111110011110110011011011110111110011,11.602213320752197,10.42815812329779,8.890950688020181,0.3733439396157353,495,0.5165744449686585
anti_reasons,0111101110011011011110110110111011101101111111011111,11.60142900877072,9.387307858824412,7.667508855540737,0.7422101267439418,495,0.5166071246345534
anti_reasons,1110110011101111101100111011110011011011111110111111,11.601111474252088,10.662878099128454,9.397689910895398,0.42800919504892226,495,0.5166203552394963
anti_reasons,1111110011101111111000110011110011111001100111110011,11.600740084517133,10.424954003361542,8.472898095961785,0.43256282158346304,495,0.5166358298117861
anti_reasons,1111110011101101111110110011111011011000110110011111,11.600020982887052,10.60279215219412,8.51007309796559,0.5005251656564514,495,0.5166657923797062
anti_reasons,1110110011101101111100110110110111111001100110111110,11.599868558476038,10.433385385276587,8.478989967937029,0.5490674720735118,495,0.5166721433968318
anti_reasons,1111100011111101111000011110011011111000011110111011,11.599811210858498,10.49702767751282,8.728697528268144,0.47367209813637806,495,0.5166745328808959
anti_reasons,1111111110011111111000011110111110011000110110011111,11.599119508664296,10.037961765422393,9.329742301643993,0.4580805223341067,495,0.5167033538056542
anti_reasons,1101111110001111111100110110011011111000111110011011,11.59889384257379,10.377891751142377,9.157064146629343,0.39762937741189247,495,0.5167127565594254
anti_reasons,1101110111011011111000110110111011101100111011111111,11.598532365646639,10.419589234405906,8.833019595578321,0.5010580383286128,495,0.5167278180980568
anti_reasons,1111100111111111101110110110110111011111000111110011,11.598421405481645,10.763420640225547,9.741811058649635,0.36139383449563756,495,0.5167324414382648
anti_reasons,1110110001101111111100110110111001111001100111111111,11.598045213943468,10.718132785711473,9.310787039628766,0.36913943406466665,495,0.5167481160856888
anti_reasons,1111100110001101111100110111111011111000110110011011,11.597868168783865,10.333129345658035,8.641623486843502,0.3875889185199442,495,0.516755492967339
anti_reasons,1110111111111111111100110011111011011000111110110011,11.597826205064965,10.464762699211757,9.217354082674907,0.2908644250498667,495,0.5167572414556265
anti_reasons,1111100110001101111100110110011111111000111110011111,11.59771223748119,10.662820961525107,9.229475931686054,0.37586221436275863,495,0.5167619901049505
anti_reasons,1111101110011111111100011110111011001100111110110011,11.597562106202346,10.600418460621103,9.023047699328623,0.3995911225164527,495,0.5167682455749023
anti_reasons,1111100111101111011000110011110111001101111110011011,11.59742320034377,10.01373643221451,8.433293973924139,0.5412241832874003,495,0.5167740333190096
anti_reasons,1111101110001101111000011110111110011000110111111111,11.59732706040847,10.316727266517864,9.263505034795212,0.3067319161079094,495,0.516778039149647
anti_reasons,1110110111011101111110110111110111011101111011011011,11.597167800430205,9.55417842884367,8.20633550880503,0.707657383361422,495,0.5167846749820748
anti_reasons,1110110011101111111100111110111001111001111110110011,11.596791045266812,10.693398328776114,9.50342684770654,0.40104343915445667,495,0.5168003731138828
anti_reasons,1101100110011111011100111011111111001100111110011011,11.596079112454756,9.839639334978374,8.3595811625995,0.5405645384391328,495,0.5168300369810519
anti_reasons,1111100001101111111100011011110001111011110111110111,11.595294197504709,10.281658436595778,8.007610283534637,0.703091216449685,495,0.5168627417706371
anti_reasons,1110110111011111011000111110111011011101111110011011,11.59480889060376,9.880814351035383,8.557932847105818,0.5925309484378302,495,0.5168829628915099
anti_reasons,1111111111111111001111111110011111011011111111011110,11.59391917775762,10.727174319397145,10.1449388632735,0.30923522109725826,495,0.5169200342600992
anti_reasons,1111100011011111111100110110110001111101100111110111,11.593738814953412,10.888412089576093,9.727189523863045,0.2900260196355277,495,0.5169275493769412
anti_reasons,1100111111011011111000110111111011101100111110011111,11.59324334446652,10.25986501717385,8.835088087647822,0.5109887939237612,495,0.5169481939805616
anti_reasons,1111100011101101111100111110111011111000011011011011,11.593188692123336,10.49259048050248,9.271726182345432,0.3497540216769029,495,0.5169504711615276
anti_reasons,1101101110011111011000111110011011111000011111011011,11.592780886953586,9.71921347155907,8.454429424736754,0.577259335606511,495,0.5169674630436005
anti_reasons,1110110011101111111000110110111001111001100111111111,11.591877725651358,10.702816076227103,9.303580658491153,0.35887458688238183,495,0.5170050947645268
anti_reasons,1111110001101111100111111111011001111000110111110110,11.590845714994567,10.289071236146052,7.803297032623847,0.9204399962692081,495,0.5170480952085597
anti_reasons,1111111110011011001100011110111111011100111110011111,11.589993691060803,9.386296587274666,8.229265579626817,0.6649576646481052,495,0.5170835962057998
anti_reasons,1101101100011111011000011111110011101100111110011011,11.589813746533231,9.757887724799296,8.553447091678958,0.536083606442508,495,0.5170910938944486
anti_reasons,0111100111011011111100111111111110011100111011011111,11.589793841670447,9.296671834569402,8.229339888745763,0.6891257474325213,495,0.5170919232637314
anti_reasons,1111101110011011101100011110111111111100111110011011,11.589761300283982,9.808933908040295,8.919726673698339,0.525986856863587,495,0.5170932791548342
anti_reasons,1111100001111101100111110111011001111000111111011111,11.588795676403123,10.585787493386375,9.128948896613306,0.4624188999338412,495,0.5171335134832031
anti_reasons,1111111110001111111110011110011111011100111111110110,11.588669306325754,10.791665777120215,9.503928883216714,0.3385313673453595,495,0.5171387789030937
anti_reasons,1101101110001111111100110110011011111000111111011011,11.588431098401026,10.377720071893453,9.172757923187453,0.4167623369982083,495,0.5171487042332905
anti_reasons,1111100011001111111000110111111011111000011011110111,11.588084448185905,10.827436041937625,8.920923924508006,0.3886458048944756,495,0.517163147992254
anti_reasons,1111110111101101111100011110011111111000011111011110,11.58696860077773,10.46553776872268,8.974905030213073,0.45114920732369274,495,0.5172096416342613
anti_reasons,1111100011101111111100110110011011111000111011111011,11.58688387218074,10.522328013902934,9.08121210060388,0.37497759468941244,495,0.5172131719924691
anti_reasons,1111111110011011001100011110111111101100111111111011,11.586007288677006,9.327443876366615,7.822702874392232,0.689739846633425,495,0.5172496963051247
anti_reasons,0111110111011011111100011111111110011111111110011111,11.585436741706086,9.742168854425488,9.2166679117568,0.4744666047415993,495,0.5172734690955798
anti_reasons,1111110011001111111100111111011001111000110111110111,11.583792673598682,10.537816830135784,8.924770370228813,0.5835338043577616,495,0.5173419719333883
anti_reasons,1111110001111111111110110111110001111001111011110011,11.582486076258684,10.547497419496615,9.628075634833325,0.29523405074308506,495,0.5173964134892215
anti_reasons,1111100001101111101100011011110111111011110110111110,11.58246792831399,10.224667555257,7.610929162978827,0.7540321326107999,495,0.5173971696535837
anti_reasons,1111100001101111101100111011110011111011110011111111,11.582384087784503,10.364707508438817,8.52659027082214,0.5269505079662107,495,0.5174006630089791
anti_reasons,1101101110011111011100110110011011111000111111011011,11.58235802511114,9.696152431274871,8.335854759389155,0.5768901409089863,495,0.5174017489537024
anti_reasons,1100110011111001111000111111111110001100111111111111,11.582144597139244,10.644113858971506,9.636044359982943,0.3515835391368191,495,0.5174106417858648
anti_reasons,1111101110001111111100110110011011111000111110011011,11.581800265483162,10.363576050621461,9.18392634421192,0.393813938208886,495,0.5174249889382017
anti_reasons,1111100111011111111000110111110001111001110111111011,11.581347449253405,10.627204659362459,9.657282959769466,0.3021983473646512,495,0.5174438562811081
anti_reasons,1100111111011011111000110111111011101100111110111011,11.580883849423852,10.265831594497737,8.764049112495709,0.5156758255971886,495,0.5174631729406729
anti_reasons,1111100111011111111100111110011111101111100111110110,11.580083728465695,10.750136847587733,8.953820505769542,0.5146453853212322,495,0.5174965113139294
anti_reasons,1111110111001111111110011111111111011011100111110110,11.57941750857895,10.621159299092694,9.122641043895673,0.4469536329438401,495,0.5175242704758771
anti_reasons,1111100001101111111110011110011111101111000110110111,11.579278264559354,10.666993554480644,8.090295259375111,0.6916195602089062,495,0.5175300723100269
anti_reasons,1111100110001111111110110110011111101101100111110111,11.579060818840004,10.613930073627886,8.49171735810772,0.4974724413972459,495,0.5175391325483332
anti_reasons,1101101110011111111100110110011011111000111110011011,11.578743390371878,10.383567869407933,9.161580880639457,0.41787694674738163,495,0.517552358734505
anti_reasons,1111110110001101111100011110011111101111111110111110,11.578680706885367,10.772234246156373,8.477443949805226,0.6104464338618008,495,0.5175549705464431
anti_reasons,1110110011101111111100110011110011111111100110110111,11.577939435597733,10.76962260049449,8.592088932343835,0.6042706769468004,495,0.5175858568500944
anti_reasons,1111101110001111111000011110111111011000110110011111,11.577923142848702,10.380531687196717,9.661483378963467,0.3065065715319604,495,0.5175865357146374
anti_reasons,1110110011101111111000110111011011101100111110111011,11.577882100494135,10.802319393108345,9.230071133425554,0.45983660524740405,495,0.5175882458127443
anti_reasons,1110110001111111101111111011110011111001110110111111,11.577676390700656,10.580569211832398,9.17985954000465,0.5124237968437185,495,0.5175968170541394
anti_reasons,1111100001111101100111111111011001111000111111011110,11.57727282456323,10.435565843466447,8.43593178249948,0.6182512103547178,495,0.5176136323098655
anti_reasons,0111100111111011011110011111111110011111111110011111,11.577254110866985,9.550387564646941,8.778946076081647,0.46481599572121113,495,0.517614412047209
anti_reasons,0111101110011111011000110111111011111111110110011111,11.576746266684637,10.491912389453637,9.141267443921208,0.39072797926602126,495,0.5176355722214734
anti_reasons,1111111111001111111000011111110110011000110111011011,11.576451463311571,9.494443995474537,8.756788662722668,0.6187574594314386,495,0.5176478556953512
anti_reasons,1110110011111011011000110111111011101100111110011111,11.576439568719861,9.907382069892089,8.364959298825399,0.527423334787275,495,0.5176483513033392
anti_reasons,1111101110011011101100011110111111101101111111011011,11.576292057518199,9.529964711152871,8.317604575759127,0.6206166411861928,495,0.5176544976034083
anti_reasons,1111101110011011101100011110111111001111111111011011,11.57556151430129,9.356079619280733,8.314923161124879,0.7056546315486797,495,0.517684936904113
anti_reasons,1111110011101111111100110011110011011001110111011111,11.575049645122869,10.730135709422374,9.36956666366962,0.29535972042672215,495,0.5177062647865471
anti_reasons,0111111111011011011100011110111110001101111111111111,11.574895003091319,8.964064821026433,7.203818136399031,0.7937955411746815,495,0.5177127082045283
anti_reasons,1111110111011011111000110111111011101100111011011011,11.574689959992488,9.58578307277137,8.062035756283432,0.6903239425132631,495,0.5177212516669796
anti_reasons,0111101111011111011110011110111111011100111110011011,11.5739758472686,9.402860059928605,8.005487081750594,0.7580059949260682,495,0.5177510063638084
anti_reasons,1111100111101111011100110011110111001100111110011011,11.571915840203301,9.971496247282948,8.321827285468016,0.5532774606948355,495,0.5178368399915292
anti_reasons,1111100011101101111000110110110011011011110110011011,11.571782174590622,10.2488688791993,8.785049774097402,0.4157199108307848,495,0.5178424093920575
anti_reasons,1111100111111111011000111110110001111001110111011011,11.571536002637833,9.878678102872188,8.799850644300975,0.4527460303563179,495,0.5178526665567569
anti_reasons,1111110110001111111000110111110011011001110111110111,11.57104085781074,10.934220386487324,9.159142888841583,0.3428639382792738,495,0.5178732975912193
anti_reasons,1110110001101111111100111011111011101101100110110111,11.570128187235165,10.641631924822283,8.381057812440037,0.7325780074957075,495,0.5179113255318681
anti_reasons,1111100001111111100110110110011111111001111111011110,11.570021092816264,10.628569484920375,9.693196202097573,0.3105362288696836,495,0.5179157877993223
anti_reasons,0111100111011011011100111111111111011100111011011111,11.569857395611129,9.036453890084253,7.809103128362533,0.7966889476821386,495,0.517922608516203
anti_reasons,1111101110001101111000011110111110011101110111111011,11.569794376358184,10.36774701211833,9.714661379061287,0.24286460469722704,495,0.5179252343184091
anti_reasons,1111100001101111111000011110111001111001100110111110,11.56963237414464,10.519712448944922,8.207128939122793,0.670763164856725,495,0.51793198441064
anti_reasons,1111110001101111111000011110011111111001100110110111,11.567639946904825,10.569521274242955,8.67320001315026,0.6149102818354547,495,0.5180150022122989
anti_reasons,1110110011101111101100110011110111011011111110111111,11.56727906835571,10.571900598408796,9.480762673267787,0.33965594180116127,495,0.5180300388185122
anti_reasons,0111101110011011011110110110111011111101111110011111,11.566203908980038,9.778923671339763,8.457117373858912,0.5857871393826941,495,0.5180748371258317
anti_reasons,1111110110011111101111111011011111101111111111111011,11.565620402147504,10.94745212153705,10.188155755786022,0.23831481120648887,495,0.5180991499105208
anti_reasons,1111111111001101111100111011111111101100111011111011,11.565062395591838,10.792525804179116,9.676992345917089,0.28902263790524835,495,0.5181224001836735
anti_reasons,1111100110001111101100110111110011111011110110011111,11.564707529144663,10.486588140336174,8.891277936520865,0.357340120940079,495,0.518137186285639
anti_reasons,1101110111011011111000110110111011111101111011011011,11.563705368504332,9.813687255531637,8.637856492724591,0.6228862115039856,495,0.5181789429789863
anti_reasons,1100110011111011111000111111111011101100111110111011,11.563625074130405,10.873283494299178,9.64291957312351,0.36148627989301735,495,0.5181822885778997
anti_reasons,0111111110011111011100111011111110001101111110011111,11.563290203327334,9.471170717985638,8.102338244516044,0.63823175700151,495,0.5181962415280277
anti_reasons,1111100011101101111110111110011011111000111011111011,11.563227935487404,10.552755557192489,8.698591019834714,0.4411697815952909,495,0.5181988360213581
anti_reasons,1111110001111111011111110111011111011111110111011110,11.562881935676149,11.01215633556219,10.04137214149866,0.23373656573470136,495,0.5182132526801604
anti_reasons,1111100001101111111000011110011111111001100111110111,11.562294125169212,10.569349594994033,8.475918280647917,0.5770124247730898,495,0.5182377447846163
anti_reasons,1100111111011011111000111111111011101100111110011011,11.562083681438375,9.92683744245007,8.62670492777423,0.5616278212797302,495,0.5182465132734011
anti_reasons,1111110111001111111000110111110001111001110111111011,11.56182144753457,10.6215285410969,9.669163352642897,0.2898573862214834,495,0.5182574396860595
anti_reasons,0111110001101111000111111111111111111011110111011111,11.560889445227062,10.448272260744787,9.69926766981789,0.32763433250688195,495,0.5182962731155392
anti_reasons,0110111111011111011000111110111011011101111110011011,11.560829457099937,9.17085789657359,7.734735879173713,0.7553059443277759,495,0.5182987726208359
anti_reasons,1111100001111101100110110111011111111001111111011110,11.560282924267149,10.685095284818628,9.117357794873358,0.4569268056360702,495,0.518321544822202
anti_reasons,1111110111011111100111011110111111011000110111110111,11.560241206705868,10.284978978315342,9.565945948002325,0.3412635844007722,495,0.5183232830539222
anti_reasons,1111110110011011111000111011111110001100111110111111,11.560159553076916,10.445923091716864,9.17169313983316,0.3927225608206654,495,0.5183266852884618
anti_reasons,1111101110011011001100011111111111011100111110011111,11.560013040760538,9.59801907957056,8.8603037441272,0.5563863830076863,495,0.518332789968311
anti_reasons,1111100001101111111110011111011111001111000110110111,11.559678606189545,10.630699296852235,8.117986823677102,0.6530479155207685,495,0.5183467247421023
anti_reasons,1111100001111101100110111110011111111001111111011110,11.559648119784537,10.65296840584177,9.104462293359832,0.44158696538496417,495,0.5183479950089775
anti_reasons,1111100011101111111000011110011111111001100110110111,11.558673552207479,10.545831221095844,8.269449921537237,0.6631954584262243,495,0.5183886019913551
anti_reasons,1111100001101111111100011011110111011011100110110111,11.558489694172142,10.384549376221178,8.251568656956461,0.5687063347552608,495,0.5183962627428274
anti_reasons,1111100111101101111000011011110111111000110110111110,11.55836017731007,10.427773427230305,7.686729289547282,0.7513278974872336,495,0.518401659278747
anti_reasons,1101110111011011111000110111111011101100111011011111,11.556968150589059,10.112721961335101,8.701518868583431,0.5280428044627171,495,0.5184596603921225
anti_reasons,1110110011111011011000110110111111101101100111011011,11.556654818485308,8.649687486570963,7.204615849300663,0.8053806318412281,495,0.5184727158964455
anti_reasons,1111100110001111111000011110111011101101111111110011,11.556082025472541,10.738027900621587,9.308210624277665,0.4167734058254603,495,0.5184965822719774
anti_reasons,1111110011111111111100110011110011011001110110011111,11.55576775187196,10.735983506936854,9.669277938526298,0.27056188310741275,495,0.518509677005335
anti_reasons,0111110110011111011000011111111110011111111110111011,11.555706617064184,9.7721598539731,9.17347382262648,0.48558363783303493,495,0.5185122242889924
anti_reasons,1111100011011111111100111111011001111000110111110111,11.55551087036514,10.543492948401342,9.093803061457553,0.5168219219915937,495,0.5185203804014524
anti_reasons,1110110011101111111110110111110110011000110111011011,11.55539668802329,9.481984559665172,8.429957064262707,0.5288869603047014,495,0.5185251379990297
anti_reasons,1101101110001111111110110110011011111000111110011011,11.554752899490726,10.305140599151427,8.996040813147905,0.39674648970918674,495,0.5185519625212198
anti_reasons,1110111110011111101100110011111011111101111110110111,11.554570972769667,10.677682092610555,9.36256029875645,0.3646599483242945,495,0.5185595428012639
anti_reasons,1110110011101111111000110111011001111100111110111011,11.553457620872805,10.766737711975784,9.512713825875453,0.353395496755692,495,0.5186059324636332
anti_reasons,1111101110011111011100110011110111101100111111011110,11.553127094552057,10.167659039137432,8.418312188521812,0.5561332580775338,495,0.5186197043936642
anti_reasons,1111110001101111111000011011110001111011110111110111,11.55277204954546,10.290031780258522,8.469601053814387,0.6435089505335247,495,0.5186344979356059
anti_reasons,1111110111011111111000110111110001111001110110111011,11.552133739505422,10.62737633861138,9.665867145849472,0.2783871117704405,495,0.518661094187274
anti_reasons,1111110011101111111000110110011111011011110110110011,11.551991327623545,10.507480082522177,8.984961584326559,0.4140228475204697,495,0.5186670280156855
anti_reasons,0111111111011011011100011111111110001101111111011111,11.551481934791187,8.657197547955626,7.3164640856487395,0.8831895840654821,495,0.5186882527170338
anti_reasons,1111100011101111111000110110011111011011110111110011,11.551194687462896,10.507308403273255,9.031823380296098,0.387642570906283,495,0.5187002213557126
anti_reasons,1111110001111111001111110111011111011111111111011110,11.551084120733249,10.936070686204117,10.206132963607418,0.1992423305100449,495,0.5187048283027813
anti_reasons,1111110001101111100111111110011001111000110111111110,11.55106785999687,10.401199429765235,8.500904421361247,0.7038705455890973,495,0.5187055058334638
anti_reasons,1111111110011011001100011110111111011100111110111011,11.550603447705633,9.392263164598551,8.066087995972312,0.658298950890262,495,0.5187248563455986
anti_reasons,1111101110001101111000110111011110011000111110011111,11.550239911343942,10.275894156142245,9.27756537574714,0.3318519492350646,495,0.5187400036940024
anti_reasons,1111110111101111100111110111011111011011000110110110,11.549917355357811,10.413925353348919,8.123625142520927,0.7510191502992132,495,0.5187534435267578
anti_reasons,0111101111111111111000110011110011011100111110011011,11.549820363267663,10.344438808659755,9.123268652437604,0.4441394145117367,495,0.5187574848638474
anti_reasons,1101101110011111011100111011111110001100111110011011,11.549482509692268,9.559413217920289,8.020333711453349,0.6509931214615351,495,0.5187715620961555
anti_reasons,1111111110011011101100011110111111001100111110111011,11.549219017608953,9.688062790216263,8.198144229563354,0.5775238796980703,495,0.5187825409329603
anti_reasons,1111110111001111111100110011110011011001110110111111,11.548814636146856,10.674241170214694,9.035962899542316,0.3302643700346684,495,0.5187993901605477
anti_reasons,1101101100011111011110110110011011111000111111011011,11.5487496064167,9.62984364201069,8.291563555157909,0.5636669899885843,495,0.5188020997326375
anti_reasons,1111100001111111111000011110011111111001100110110111,11.54731329967242,10.575197392508514,8.694431133607427,0.5410228109594567,495,0.5188619458469825
anti_reasons,1111100001101111111111011110011111001111000110110111,11.547157193688806,10.618142292511415,8.101198967802453,0.6513641572023995,495,0.5188684502629664
anti_reasons,0111100111111011011100111110111111001101111011011011,11.546582500778571,8.443964764485363,6.725597109372064,0.9328487363937497,495,0.5188923958008929
anti_reasons,0111111110011111011100111011111110001101111110111011,11.545804427190234,9.477137295309525,8.081163849828519,0.6320408359379206,495,0.5189248155337403
anti_reasons,1111101110011011001100011110111111111100111110011111,11.544658633931121,9.63431333719897,8.682289755749071,0.5129694515676415,495,0.5189725569195367
anti_reasons,1111100111101111111000110110011111011011110110110011,11.544518367872103,10.501037719795411,8.935553228519161,0.4434289900709492,495,0.5189784013386625
anti_reasons,1111110001101111100110011110111111011111000111110110,11.54421656065134,10.55132665647788,9.025597311371826,0.5537551434104698,495,0.5189909766395275
anti_reasons,1111110110001111111000011110111011101100111111110011,11.543748523463497,10.704161059352767,9.352600642571414,0.36800742306606576,495,0.519010478189021
anti_reasons,1111110011101111111110110011110011011001110110011111,11.543675650695567,10.657556236680348,9.16168153421864,0.3366119775671163,495,0.5190135145543513
anti_reasons,1101101100011111011110111110011011111100011110011011,11.542607954155628,10.174479110255529,9.138991186172342,0.4540926585838263,495,0.5190580019101823
anti_reasons,1111110111101101111110011110011111111000011110011110,11.54251402415921,10.392958295980653,8.669714444925702,0.5296244904302073,495,0.5190619156600329
anti_reasons,1111110110001101111000011111110110011001110111111111,11.542225280567658,10.28121745356144,9.504723213807463,0.30220994525502365,495,0.5190739466430143
anti_reasons,1110110001111111111100110111110111111011100110110110,11.54136637637536,10.737511262238103,9.10436791852796,0.45240249351468054,495,0.5191097343176934
anti_reasons,1111110011001111111100110110111001111101100111110110,11.541349547311125,10.765997931610912,8.547499377273272,0.5194987674421436,495,0.5191104355287031
anti_reasons,1111100110001111111000011110111111101100111111110011,11.540746240514094,10.792779171952144,9.364862549551646,0.34276068015103817,495,0.5191355733119127
anti_reasons,1110110111011111011000110110110011011101111110011111,11.540653533409197,9.921982927860709,8.322625623695034,0.6135540160041791,495,0.5191394361079502
anti_reasons,1100111110011011011000110111111111101100111110011011,11.540652989747867,9.014746687275169,7.265052170287335,0.8624276555904697,495,0.5191394587605056
anti_reasons,1110110001101111111000110110111001111011110110110111,11.53945996969108,10.48430714873959,8.449864844357684,0.5913290105021924,495,0.5191891679295384
anti_reasons,0111101111101111111000110011110011111100111110011011,11.538672001350392,10.586779440318502,9.559493108374472,0.2894464492114988,495,0.5192219999437337
anti_reasons,1110110111111101111000111111111011101101111011111011,11.538221214535211,10.961515426236595,9.938359279770546,0.2854174641794652,495,0.5192407827276995
anti_reasons,1111100110011111111000110011110011001100111110011111,11.53806404117584,10.47349120123029,8.947765075002055,0.44614675668803655,495,0.5192473316176733
anti_reasons,1100110011111011011000111111111011111100111110111011,11.537556009276765,10.577483868681467,9.61003834038307,0.3342964215060496,495,0.5192684996134682
anti_reasons,1111100011001111111110111111011001111000110111110111,11.53712078359888,10.465065678144835,8.440437717475476,0.62838590689181,495,0.5192866340167133
anti_reasons,1111100011111101111100110111011111111100011011011011,11.536048780502181,10.598206229335407,9.722368124163946,0.31135093997012114,495,0.5193313008124092
anti_reasons,1111100001101111011000111111110111011001110110011011,11.535946319510911,10.225096200381172,9.35367729693327,0.3644614410221425,495,0.5193355700203788
anti_reasons,1110110011001111111000111110111111111101100110111110,11.535607714357235,11.029972503832388,9.452441889506229,0.30802417731835785,495,0.5193496785684486
anti_reasons,1111100001101111111000111110011001111000110110011111,11.535597447470705,10.416684858107146,8.844679206626695,0.47099091120692727,495,0.5193501063553874
anti_reasons,1111100110011011111000111011111110001100111111111011,11.535530625473221,9.854348450066016,8.491788461882145,0.5372844282931215,495,0.5193528906052824
anti_reasons,1110110011111111111100111110111110011000110011011011,11.534641724640466,8.898752043953458,7.8456189566499726,0.6656636307411814,495,0.5193899281399805
anti_reasons,1111100001111111101110111110110011011011100111110011,11.534495979893862,10.309841531354333,9.158536102869972,0.3428640829061674,495,0.5193960008377558
anti_reasons,1110110001101111101100110111110111111011110110111110,11.533594400291923,10.57497406196392,8.83036821710793,0.5204660705039323,495,0.5194335666545031
anti_reasons,0111111110011111011100110111110111101100111011011110,11.533326877697933,9.099008715789916,7.047450488989414,0.7787275712429338,495,0.5194447134292528
anti_reasons,1111100110001101111000011111110110011011110111111111,11.53308337089007,10.355349111613608,9.102074035447018,0.3396502942321619,495,0.5194548595462471
anti_reasons,0111110110011011011110110110111011111101111111011011,11.532587013864315,9.11932910670712,7.810329792506287,0.7683403692394429,495,0.5194755410889869
anti_reasons,1111101111011111111100111011111110011001110011011111,11.531994757476212,9.677170094451812,8.900516433032461,0.5087683151992778,495,0.5195002184384911
anti_reasons,1111110001101111000111111110110111111011110111011110,11.531712240488298,10.392849884755057,9.492861034101637,0.325933786306194,495,0.5195119899796543
anti_reasons,0111111111011011011100011110111110001111111111011111,11.531027127049562,8.519606713711896,7.267424815019907,0.9209433278460448,495,0.5195405363729348
anti_reasons,0111101111011111011000110111110111001100111111011110,11.530330294749643,9.599507612552834,7.515394307689535,0.773615936145386,495,0.5195695710520982
anti_reasons,1111110001101111100111111110011001111000110111110111,11.529893465309346,10.40716600708912,8.483418645224146,0.711487482006985,495,0.5195877722787772
anti_reasons,1111111111001101111000110110011110011000111111011011,11.529808186608273,9.606466517766604,8.561844584219008,0.5640678275451105,495,0.5195913255579887
anti_reasons,1111111110011011101100011110111111101101111110011011,11.52943026154866,9.530136390401793,8.326194658885795,0.5787198351900076,495,0.5196070724354724
anti_reasons,1110110110001101101110111111110111111111110110111111,11.529245813139255,10.969118751402707,9.765955037122744,0.37011056011945853,495,0.5196147577858643
anti_reasons,1111110001111101100110111110011111111000111111011110,11.529121542653648,10.61910156457295,9.541525054203545,0.391355735177133,495,0.5196199357227647
anti_reasons,1101101110001111111000111110011011111000011111011011,11.52831931804111,10.400781112177652,9.34754538485186,0.40688107331837386,495,0.519653361748287
anti_reasons,1101110111011011111100110110111011111100111011011011,11.528207655832931,9.771447070600074,8.587264765804676,0.6337791170673726,495,0.5196580143402945
anti_reasons,1111100011111101111000011011110111111000110110111110,11.525794403657343,10.439891908222629,8.096163986058926,0.6335916162193825,495,0.5197585665142774
anti_reasons,1111100110001111111100011110111011101100111111110011,11.523508428608789,10.695787715690024,9.286103433104811,0.4121300645233803,495,0.5198538154746337
anti_reasons,1111110111001111100110110111110111111000011110011011,11.523410547604758,10.271142822662062,9.329643908836058,0.44350941827077855,495,0.5198578938498017
anti_reasons,1111110110001101111100110110110011111000110111111011,11.523302957296798,10.505525490299682,8.985362798192295,0.3378343080286474,495,0.5198623767793
anti_reasons,1111100001101111101100111011110011111011111011110111,11.523202299592295,10.531611083427842,8.452001443186031,0.5807228840530274,495,0.519866570850321
anti_reasons,1111110001111111100111110011111001101100111110110110,11.523144826381612,10.664273134751078,8.223936405394493,0.7541323708058507,495,0.5198689655674329
anti_reasons,1111100001111111111110011011110001111000110111111111,11.522651537522972,10.50921536382359,9.172658300857835,0.4104420421870011,495,0.5198895192698763
anti_reasons,1101100111111011011000110111111011111100011011011011,11.522626031183808,9.628825077714424,8.36396714444257,0.6230480680295932,495,0.5198905820340081
anti_reasons,0111110001101111111000110110111011111000110111111011,11.52148220632161,10.600074581920023,9.416529656540515,0.33837081347370446,495,0.5199382414032663
anti_reasons,1110110110001111101100110111110111011111111111111110,11.52134457087292,10.85143977660506,10.079516972544845,0.28915095522935785,495,0.5199439762136284
anti_reasons,1111100011111111111000110110011111011011110110110011,11.52122470135956,10.513156200787735,9.331534655152776,0.3518647632052925,495,0.5199489707766849
anti_reasons,1100110011111111111100111110110111011000110011011011,11.520938177060659,9.04823456097491,7.796662849922282,0.6539435645926366,495,0.5199609092891393
anti_reasons,1110110011101111111100110011110111111101100110110111,11.520791466737638,10.784109055041702,9.125375653285468,0.44930262984964126,495,0.5199670222192652
anti_reasons,1111100011001111111110111111011001111000110111111110,11.52071834044951,10.459099100820946,8.452420517664958,0.6159671268314346,495,0.519970069147937
anti_reasons,1111100011111111111100110110011011111100011011011011,11.519486689877771,10.374282542478669,9.178937774888569,0.4033195864607073,495,0.5200213879217594
anti_reasons,0111110001111111000111110111111111011100011111011110,11.519446350616041,10.207803366710705,9.162617524263936,0.3902437686076334,495,0.5200230687243317
anti_reasons,1100110011111011011000111111111011111100111110011111,11.518129974720178,10.571517291357578,9.578367111481622,0.32780904907803343,495,0.5200779177199926
anti_reasons,1111100001101111101100011110011001111011111111111110,11.516605091554487,10.20231967240071,7.869381263653845,0.7222933165993919,495,0.520141454518563
anti_reasons,1111100001101111100111110111011001111000110110111110,11.515314776861347,10.275938439272798,7.511001971724202,0.8719329338366595,495,0.5201952176307771
anti_reasons,1111100011111101100110111110011111111000111111011110,11.51530451294264,10.595411511425837,9.06947040879412,0.42442567637318646,495,0.5201956452940566
anti_reasons,1101101100001111011110111110011011111100011111011011,11.514786558147277,10.16863131274105,9.153966683297607,0.4253869688506176,495,0.5202172267438634
anti_reasons,1111100110011111111000011110111011101100111111110011,11.514734577641054,10.709837177618326,9.324929828873717,0.3667846859404345,495,0.5202193925982894
anti_reasons,1100110011101101111100110110110111011000110111111011,11.514534795997207,9.99018825853097,8.738227276210768,0.42525327298637816,495,0.5202277168334497
anti_reasons,1111100011001111111000111111111001111000011011110111,11.514066633245294,10.580005840857673,9.095402880288505,0.349600063978826,495,0.5202472236147795
anti_reasons,0111100111011011011100111111111110011100111011111111,11.513855722410783,9.128017841051966,8.015421288081178,0.6782935850645436,495,0.5202560115662174
anti_reasons,1111100001111111111000110110011001111101100110111011,11.51336311922597,10.72624673168236,9.549903120749397,0.3594279526973418,495,0.5202765366989179
anti_reasons,1110111111101111101100110111111011011111000111110111,11.512445026356517,11.062441485647847,9.58403571459167,0.34357561636687434,495,0.5203147905684784
anti_reasons,1111111110011011001110011110111111001100111110111111,11.512117083305533,9.519470841743098,7.9688248877719134,0.5814101810134155,495,0.5203284548622695
anti_reasons,0111101110011111011100011110111111001101111110011111,11.511929060954428,9.575567386752763,7.993113542997337,0.6409557882139648,495,0.5203362891268988
anti_reasons,0111101110011111011000110111111011101111110111011111,11.511889200093558,10.100296576938286,8.373484693896536,0.5321139503596314,495,0.5203379499961018
anti_reasons,1100110111111001111000111111111110001100111111111011,11.511836883445262,10.125048308201928,8.985965359641451,0.4240199134092339,495,0.5203401298564474
anti_reasons,1111110110001111111000111111110111011001110110110011,11.511790899995061,10.689982603611847,9.992843784705949,0.23581387607426021,495,0.520342045833539
anti_reasons,1111110110011111111000011110111110011000110111011111,11.511646821079584,9.890990388832567,9.205980892065524,0.4506075221440896,495,0.5203480491216841
anti_reasons,1110110111101111111100110011110011111101100110110111,11.51109846841115,10.689048579715557,8.588746176883028,0.5764294933965478,495,0.5203708971495353
anti_reasons,1111100111001111111000011111111111011001110110011111,11.509754911224901,10.613190818991633,9.574691222157972,0.2525994747535438,495,0.5204268786989625
anti_reasons,1111100011111111011000111111110011011001110110011011,11.50879151404514,10.197243927259349,9.316946294551848,0.35533727265835713,495,0.5204670202481192
anti_reasons,1111100110001101111100111110011110011100111111111011,11.508405350388351,10.702945000970276,9.846142090374379,0.2461122524338349,495,0.5204831104004854
anti_reasons,1111100011101111111000111111011001111000110111110011,11.50734997655987,10.444221058134033,8.640551323838878,0.5952363958127768,495,0.5205270843100054
anti_reasons,1111110111011111111100111110011111101101100111110110,11.507034609045762,10.676005189535568,8.961467404818274,0.46076910100858814,495,0.5205402246230932
anti_reasons,1111111110011011001100011111111111101100111111011011,11.506757014782087,9.02057660329581,7.930628409076845,0.7833117324074366,495,0.5205517910507464
anti_reasons,1111100011001111111100110111110001111101100111110110,11.506649248119459,10.685861426008357,8.78991560789951,0.5325357443169065,495,0.520556281328356
anti_reasons,1111100111001111101100110011111011111011110110111011,11.506466749899474,10.130005703425516,8.216434723480493,0.5201777676304034,495,0.5205638854208552
anti_reasons,1110110111111011011000110111111011101100111110011011,11.506131855025878,9.388316519122508,7.795774875220462,0.6311197461206931,495,0.5205778393739218
anti_reasons,1111100111001111111100011111011111011111110111110110,11.506086644820494,10.522893909335925,8.555503832796063,0.5901313773491101,495,0.5205797231324794
anti_reasons,1111101110011011001100011110111111111100111110111011,11.505268390575951,9.640279914522859,8.519112172094566,0.509522006141219,495,0.5206138170593353
anti_reasons,0111111110011111011100111011111110001111111110011011,11.504675682570154,9.032679187994988,7.839223170381771,0.7586850393919758,495,0.5206385132262437
anti_reasons,1111110110001101111110111110011110011100111110111011,11.50467038751977,10.709145302587357,9.651763024657413,0.2454655151682023,495,0.5206387338533429
anti_reasons,1111110011001111111000110110011111011101100111110111,11.504163651169003,10.742454487844244,9.1507644619012,0.3106783680555584,495,0.5206598478679583
anti_reasons,1111101110011011101100011110111111101100111110111011,11.503883960479271,9.93607954014057,8.65116840568561,0.4399662482498068,495,0.520671501646697
anti_reasons,1111110011111111111100111011011001111000110110111011,11.503722262021292,10.292387787633183,9.068605581214253,0.5047739469793007,495,0.5206782390824463
anti_reasons,1111100011011111100111011111110111011101110111110110,11.503637336256864,10.366330731484759,8.935762229838328,0.4501874138249766,495,0.520681777655964
anti_reasons,1111111111011111111000111110011001111001111011110111,11.50322785301526,10.320069654742763,9.416348144541827,0.34046979687612444,495,0.5206988394576975
anti_reasons,1111100001101111101100111011110011011011111011111111,11.502766619594723,10.607445019418616,9.144377980161323,0.3750883070344023,495,0.5207180575168866
anti_reasons,0111110111011011011100011111111111011111111110011111,11.502715948345397,9.48195090994034,8.875962539695019,0.5739018422622354,495,0.5207201688189418
anti_reasons,1101111110001111011000111110011011111000011111011011,11.502324871343326,9.71353735329351,8.497389205619937,0.5194600181770334,495,0.5207364636940282
anti_reasons,1101100110011111011100111011111110011100111110011011,11.502105597722647,9.804057653845813,8.695686440917498,0.49893549726834807,495,0.5207456000948898
anti_reasons,0111111111001111111100110110011110011000011111011011,11.501686639634796,8.810405572360335,7.6629587759609725,0.7526117503525015,495,0.5207630566818835
anti_reasons,1101110011111101111100111110110111011000110011011011,11.50164219314074,9.735478319859048,8.532625777669091,0.514276770397665,495,0.5207649086191359
anti_reasons,1111100001101111101110011110011011111000110111111111,11.50125844682531,10.287658837822628,7.993210298965156,0.6546943142994021,495,0.5207808980489455
anti_reasons,0111100110011111011100110110111111001111111011011111,11.500993361160877,9.143364762328106,7.6401535123151545,0.7960006465607269,495,0.5207919432849635
anti_reasons,0111110111011011011100011111111110011111111110111111,11.500943831998054,9.573514860908054,9.031815122028949,0.46253427239144845,495,0.5207940070000812
anti_reasons,1111101111111101101111110011110111111001110111011110,11.500266001661569,10.523703817968416,9.070704667578738,0.4103461221469392,495,0.520822249930768
anti_reasons,0111110001111111000111110110111111111100011111011110,11.50006743391999,10.244097624339114,9.0640213534782,0.35984489833216415,495,0.520830523586667
anti_reasons,1111111111001101111000110110011110011000111110111011,11.499428304561366,10.125227962382231,9.229396409458591,0.39586752695120153,495,0.5208571539766098
anti_reasons,0110110111011111011000111110111011011101111111011011,11.498692790151798,9.023886519983764,7.627289305439761,0.7469166555017778,495,0.5208878004103417
anti_reasons,1111101110001101111110110110011110011000111110011111,11.497722791297315,10.061826942551766,9.180465037853603,0.3692364819815217,495,0.5209282170292786
anti_reasons,1111100011001111100110111110111011011000011111011111,11.497565033645575,10.555574401862412,9.752684596403151,0.3217590169050876,495,0.5209347902647676
anti_reasons,1111100001111111111000110111011111101111100011111110,11.497328108156617,10.71266211386391,9.359590538089332,0.46308199518911564,495,0.520944662160141
anti_reasons,0111110001111111000111111110111111111011110111011111,11.497019871330751,10.242225886714445,9.564992621616735,0.36122295548054767,495,0.5209575053612188
anti_reasons,0110110111111111011000111110111011011101111110011011,11.496682211644794,9.592271820329227,8.356152926255282,0.5473128492516991,495,0.5209715745148003
anti_reasons,1111110001111111100111011110111001101100111111110011,11.495811405753411,10.495821547103697,9.345319075327273,0.3394460135131656,495,0.521007858093608
anti_reasons,1111101110011011001100011110111111011101111110011111,11.495785550193963,9.420163428543484,8.323552779389939,0.5895936274472731,495,0.521008935408585
anti_reasons,1111100111001111111111011111011111111000110111110110,11.495471867389753,10.33833017788802,7.891451739988874,0.7295789422259162,495,0.5210220055254269
anti_reasons,1111100111111101111110110110011110011000111110011011,11.494933117872076,10.031383517742139,8.909459336017761,0.3830645297727219,495,0.5210444534219969
anti_reasons,1111100111001111111111111111011001111000110111110110,11.494810493097162,10.406751314493286,7.885276630599785,0.7940644544439404,495,0.5210495627876182
anti_reasons,1111100001101111111100110111110001111011110011111011,11.494334977404684,10.36424098756693,9.182201586686755,0.328219083314608,495,0.5210693759414715
anti_reasons,1110110001111111111100111111110111111001100110110110,11.493679497032154,10.842975217504975,9.533826817913216,0.4459845105449372,495,0.5210966876236602
anti_reasons,0111110001111111111000110110111011111000110111011011,11.493586538436675,10.087160934818877,8.740718038447346,0.4062736902504708,495,0.5211005608984718
anti_reasons,1111110110011101101110111110110011111000110110111111,11.493438325627956,10.721560575641105,9.344992080809066,0.39363380811272486,495,0.5211067364321684
anti_reasons,1111110110011111111000110111111011011001110110110011,11.493265671289551,10.640524219498335,9.321591120794983,0.28136258664231434,495,0.5211139303629353
anti_reasons,1111100001111111100110110110011001111001111111011111,11.493154557775341,10.363963046801866,9.305208274022553,0.30701333456250995,495,0.5211185600926942
anti_reasons,1110110011101111111100110011110011111101100111110111,11.492822617719947,10.6953192631934,8.685016328659962,0.49958047430625885,495,0.5211323909283356
anti_reasons,1100110011101101111100110110110111011000110111011111,11.492564287008523,9.984221681207082,8.777617519565936,0.4300062878959792,495,0.5211431547079781
anti_reasons,1100110011101111111100110110111110011000110111111011,11.492119123928168,10.010218134428076,9.000414873401922,0.36135365148832305,495,0.5211617031696596
anti_reasons,1111100110001101111100011111110011001101111110111011,11.49100382914027,10.57032697419834,9.005562297700953,0.4104193232772908,495,0.5212081737858221
anti_reasons,1111110011001111111100110110110001111111100111110110,11.490985658766311,10.627050366123733,8.556847251819802,0.46194561665791084,495,0.521208930884737
anti_reasons,1100110011101111111100111111110110011000110111011011,11.49070508977417,9.669867251136964,8.75152439734266,0.43683551507083673,495,0.5212206212594095
anti_reasons,1110110111011111011000110111110011011101111110011011,11.490236507592632,9.62108223211379,8.146558651408643,0.6700008419735292,495,0.5212401455169737
anti_reasons,1111100110001111111110110110011111111101100111110110,11.490208450464602,10.675556943655348,8.460032731526367,0.5497689527646186,495,0.5212413145639749
anti_reasons,1111110111011011111000110110111011101101111011011011,11.489775884002427,9.407927421744294,7.8889520712111345,0.7310033762686409,495,0.5212593381665656
anti_reasons,0111110111111111100111111011111110011100111011111111,11.487882842672702,10.393808687505,9.70642538013434,0.2705586437079735,495,0.5213382148886374
anti_reasons,1111110110001111111000111110110111011011110110110011,11.487692916504791,10.552391769368116,9.856849576219966,0.27785104402044297,495,0.5213461284789671
anti_reasons,0111101111101111111000110011111011011100111110011011,11.48768448167521,10.551841913933542,9.4921732060933,0.2888232263684606,495,0.5213464799301997
anti_reasons,1110111110001111101100110111110111011111111111110110,11.487283877664357,10.674388788030885,9.70261340530567,0.31589382761482604,495,0.5213631717639851
anti_reasons,1111110110001111111000111110110111111001110110110011,11.486240017529271,10.726276861240256,9.918142857987696,0.2580843874142985,495,0.5214066659362804
anti_reasons,1111100111101101111000110110110011011001110110011011,11.4861027154598,10.168294858420369,8.781707018636595,0.4015686476267697,495,0.5214123868558416
anti_reasons,1111100011101111100110110011111001101101111111110110,11.485680886169794,10.469436637403229,7.691007444612492,0.8214736755560773,495,0.5214299630762587
anti_reasons,1111100111001111111000110110011111111000111011111111,11.485409247023291,10.636066448743673,9.56954836384125,0.30995465555298657,495,0.5214412813740295
anti_reasons,1110110001111111101111110011110011111001111110110111,11.485200167702944,10.489097399143278,8.925307303520125,0.5416413985403028,495,0.5214499930123773
anti_reasons,1101100011101111100110111111011111011000011111011011,11.483439491847736,10.296459912589889,9.425324593642552,0.33481747916976684,495,0.5215233545063442
anti_reasons,1110110011101111101100110011110111111011111110110111,11.483002402897974,10.496066662418022,8.781385538203033,0.49445968872368645,495,0.5215415665459178
anti_reasons,1111100111011111111110110111111111011011110011111110,11.482424788676067,10.756231114083915,9.840573483556541,0.21265332487295022,495,0.521565633805164
anti_reasons,1111100011111011011100110111111111011111100011011011,11.481373408147112,9.227983546067701,7.950985201092877,0.7398095801457585,495,0.5216094413272037
anti_reasons,1111100011001111111100111110111001111011110110110011,11.48132215472225,10.47222278175031,8.734679534954713,0.47007843830968077,495,0.521611576886573
anti_reasons,1111100110001111111000110110011111111001111011111111,11.480004171957052,10.693623343159604,9.561989406026061,0.2962859976032964,495,0.5216664928351229
anti_reasons,1111110001101111100111111110011001111001110111110110,11.479635769611555,10.111215585118975,7.7234531987952835,0.8819816300165363,495,0.5216818429328518
anti_reasons,1111110011101111111000011011110111111011100110110110,11.478861102891736,10.366211927781256,8.14072814357732,0.7245776524207801,495,0.5217141207128444
anti_reasons,1111100110001101111110111110011110011101111110111011,11.478570423022306,10.743012143856179,9.5917862001452,0.25442293535894633,495,0.5217262323740706
anti_reasons,1111101111001111111000110110011111111000111011110111,11.477917166984591,10.459015460169496,9.130224159288169,0.33378699504145964,495,0.5217534513756421
anti_reasons,1111110110001101111100111110110011111000110110011111,11.477501233153967,10.679326205543756,9.375009461007686,0.3444859387880145,495,0.521770781951918
anti_reasons,1100111100011111111000110111011110001100111111011011,11.477105392713812,9.161841896228532,7.584415925234873,0.7093779636179657,495,0.5217872753035913
anti_reasons,1111110110001111111000111110111111011001110110110011,11.476779942464768,10.691339334855293,9.912169437873187,0.2547299805225286,495,0.5218008357306347
anti_reasons,1111100001101111111110011110011111001111000110111111,11.47621855768939,10.742827490471418,8.8196430992849,0.4771827166545834,495,0.521824226762942
anti_reasons,1111100001111101100111110111011001111001111111011110,11.475674333066534,10.28983707141623,8.368983450184443,0.5996639918700212,495,0.5218469027888943
anti_reasons,1111100001101111101111011110011001111000110111111111,11.475234384847425,10.059798511378713,7.889479616137865,0.6812156829198628,495,0.5218652339646905
anti_reasons,1111110110001101101100111111110011111001110110111011,11.474261168743942,10.44282198052929,8.701677751657083,0.4541593781443102,495,0.5219057846356692
anti_reasons,1111110111111101111100110011110011011001110110011111,11.474149699089214,10.574344451812445,9.091680247083346,0.3359906216326717,495,0.5219104292046162
anti_reasons,1111101110011011101110011110111111011100111110011011,11.474073023932227,9.48816600612504,8.428663075913873,0.6342353217670407,495,0.5219136240028239
anti_reasons,1110110011101111111110011110111111011101100111111110,11.47399565224741,10.76358791085748,9.699400308159692,0.3222477246974684,495,0.5219168478230245
anti_reasons,1111111111111111011100110011011110011100111011111011,11.473628940221818,9.663033430577265,8.430504138272587,0.5989477445512,495,0.5219321274907576
anti_reasons,1110110011111111111100110011110011111101100110110111,11.473540724469037,10.701167060707881,8.984727603516642,0.47125916956776315,495,0.5219358031471235
anti_reasons,1110110111101111101100110011110011111011111110110111,11.473309404571484,10.401006187091879,8.349291844570207,0.6113565830822387,495,0.5219454414761882
anti_reasons,1110110111011111011000110110110011011111111110011011,11.473042743353774,9.48349139787006,8.129269697623934,0.7199982342159679,495,0.5219565523602594
anti_reasons,1111100011001111111000110111011011111000011011111111,11.472750158913524,10.521925500110267,8.8230511249599,0.37180846536158924,495,0.5219687433786031
anti_reasons,1110110111011111011000110110110011111101111110011011,11.472737266205444,9.6573764897422,8.182198668588427,0.6488782655493482,495,0.5219692805747731
anti_reasons,1111101111011101111111111011110111111000110110011110,11.472715590093928,10.589450784074089,9.121179562616543,0.35251712961828735,495,0.5219701837460864
anti_reasons,1111100111001111111110011111011111111100110111110110,11.472191016511406,10.590161007948296,8.500726104529,0.6511366665975235,495,0.5219920409786913
anti_reasons,1101110111011011111000110110111011101101111011011111,11.472054074598999,9.934866310308022,8.367429076238375,0.5683923552431419,495,0.5219977468917083
anti_reasons,1111110011111111111100011011110111111001100111110110,11.470714568991454,10.4467709138012,8.91094590260113,0.49904030790842835,495,0.5220535596253562
anti_reasons,1111100001101111111100110111111001111001110011111011,11.470594784765442,10.503188553054107,9.179664011079891,0.3585472331346157,495,0.5220585506347732
anti_reasons,1111101111011111111110111011111110011000110011011111,11.470538064000571,9.570552101192044,8.803922075502811,0.5227836726922181,495,0.5220609139999761
anti_reasons,1110110111111101111111110110011011111100111110011011,11.470419038404502,10.661868647232032,9.777080739908255,0.2572158917284153,495,0.5220658733998125
anti_reasons,1110110111111111111100011110111111011001110110110111,11.469995985874029,10.47684289928315,9.459617797404627,0.31434002114650106,495,0.5220835005885822
anti_reasons,0110110011111111111000110111111110001111100110111111,11.469291697414274,10.116695194070054,9.03770880893876,0.38034490272955923,495,0.522112845941072
anti_reasons,1111101110001111111100110110110011111000110110011011,11.468681872689645,10.210324019561343,9.210015792130967,0.38546891772034586,495,0.5221382553045981
anti_reasons,1111100111001111111110110110111111111011110011111110,11.467388375862601,10.70806947908766,9.309621940370027,0.311712318010891,495,0.522192151005725
anti_reasons,1111101110011111111100110110011111011000110110111011,11.466067915015431,10.316468810383796,9.425312240659817,0.36517529236626667,495,0.5222471702076903
anti_reasons,1111100001101111101100111011110111111001111011110111,11.4660543307322,10.546097537975053,8.968651190799626,0.43950443940289236,495,0.5222477362194917
anti_reasons,1110110001101111111100110111110001111101100110111110,11.465848110226812,10.759347014134228,9.067036607331993,0.4959024464400961,495,0.5222563287405495
anti_reasons,1111100110001101111000011110111111011101110111111011,11.46490309930648,10.647973129176417,9.74744670565785,0.2277840899774697,495,0.5222957041955634
anti_reasons,1110110001101111111000110111110011111001100110110111,11.464702771506085,10.670936657145386,8.462301934763104,0.5464532705372845,495,0.5223040511872465
anti_reasons,1111110111011111111000111111011001111001111011110111,11.464629366857286,10.384992449697755,9.30144237291902,0.3764099719256803,495,0.5223071097142797
anti_reasons,1111110110001101111100011111110011001100111110111011,11.463967291550853,10.536460132929522,9.468738394568643,0.36738226355558107,495,0.5223346961853812
anti_reasons,1111110110001111111100011110111001111000111111110110,11.463955138884351,10.392015641345957,8.607545445934198,0.5137043979135343,495,0.5223352025464854
anti_reasons,1111110001101111101100111011110011111001111011110111,11.463910054196765,10.457479425375675,8.79228420707813,0.5156703529032639,495,0.5223370810751349
anti_reasons,1110110011101111111100111110111111011000110011011011,11.462589050288987,9.32010174008689,8.260402732446002,0.5155796212404674,495,0.5223921229046256
anti_reasons,1111100111011111111110111110011111101101100111110110,11.462170017003007,10.603254037544618,8.833402800030079,0.509357218372646,495,0.5224095826248747
anti_reasons,1111100011101111100110011110111001111000110111111111,11.462000222718116,10.474677541681706,8.705693792431763,0.5100114893722575,495,0.5224166573867453
anti_reasons,0111101110011011011110110110111011101101111110111111,11.461689641998461,9.906069303440038,8.195710266566062,0.5719472912775225,495,0.5224295982500642
anti_reasons,1110110011101111111110110011110011111101100110110111,11.461448623292643,10.622739790451375,8.477131199208985,0.5903444981405399,495,0.5224396406961398
anti_reasons,1100110011111011011000111111111011101100111110111111,11.461035410989645,10.698662923457853,9.084131655265558,0.41401521986592216,495,0.5224568578754314
anti_reasons,1111110001111111001111111111011111011011111111011110,11.460787412834902,10.6646699815078,9.802092373981104,0.2868829579078049,495,0.522467191131879
anti_reasons,1111101110011011101110011110111111001101111111011011,11.460603781166443,9.209196809237618,7.82654097797466,0.7274901147222865,495,0.5224748424513983
anti_reasons,1111100001101111111000011111110001111011100110110110,11.460404734159873,10.268636689838562,7.532014648769688,0.8194913749502079,495,0.522483136076672
anti_reasons,1110110011001111111100110110111111111101100111111110,11.45951356218782,10.920611641960791,9.387195871952942,0.2882233086610746,495,0.5225202682421741
anti_reasons,1111101111001111111000111111110001111001110110110011,11.459380421739114,10.545465070731577,9.10504861074767,0.3417379849557755,495,0.5225258157608703
anti_reasons,1100111111011011111000110111111011101101111110011011,11.45916270055318,9.781108670399854,8.241656838896139,0.5990540257291352,495,0.5225348874769509
anti_reasons,1111110110001111111000111110110111011001110111110011,11.458705244993302,10.478088432067027,9.601603609144046,0.3017909681375102,495,0.522553948125279
anti_reasons,1101101110001111011100110111011011111000011110111011,11.45851331342433,10.256052333223254,8.93291082835849,0.40694476037525174,495,0.5225619452739863
anti_reasons,1110110011101111101110111011111011111001110110110111,11.45837611104456,10.162486315729806,7.977895895607425,0.8082194210177578,495,0.5225676620398101
anti_reasons,0111100111011011111000111110111111001101111011011111,11.45780654942276,9.08399143397852,7.456256072864228,0.7617387865118436,495,0.5225913937740516
anti_reasons,1111110110011011011000110110111110011101100111011011,11.456957925124415,8.578783801760578,7.337885897524052,0.9391114451856813,495,0.5226267531198161
anti_reasons,1111110011101101111110111110011011111000011011111011,11.456882784198584,10.466627414854015,8.870099698352922,0.39463821760994333,495,0.5226298839917256
anti_reasons,1111100111001111100111110111110001101100111111110110,11.456835186667988,10.477718035712721,8.362964524040844,0.6075360110327344,495,0.5226318672221673
anti_reasons,1110110011101111111110011110111111011001110111111110,11.456826277955882,10.398719735180599,9.134651995637508,0.371847514720481,495,0.5226322384185049
anti_reasons,1111101110011011001100011110111111011101111110111011,11.456395306838793,9.426130005867371,8.160375195735433,0.5830818410394368,495,0.5226501955483835
anti_reasons,1111110011111101111100110011110011011001110111011111,11.45587384839801,10.580615135290289,9.187950398860282,0.3036875658936127,495,0.5226719229834162
anti_reasons,1110110001101111011100111110111111101100111111011110,11.45554970324688,10.559069059620864,9.016972945832388,0.41132801326795687,495,0.52268542903138
anti_reasons,1111100110001101111110110110011111011000111110011111,11.455481856682853,10.342053059609851,9.113787655334297,0.36829672065814717,495,0.5226882559715478
anti_reasons,1111100110001111101100110111111011111001110110011111,11.455184411187641,10.625535705823351,8.884520961346318,0.4072961567302958,495,0.5227006495338482
anti_reasons,1110110011101111101100110011110011111011111111110111,11.455033553880282,10.407276870569723,8.445561996347141,0.536501564551044,495,0.5227069352549882
anti_reasons,1111110110011101111100011111111110011101110111111011,11.454410273914053,10.666311904753465,10.22773643826703,0.20278441517497017,495,0.5227329052535812
anti_reasons,1111100011101111101111011110011001111011110111110110,11.454322455692115,9.569218782757648,6.507950099981044,1.0150321228644408,495,0.5227365643461619
anti_reasons,1111110111011011111100110110111011101100111011011011,11.454278171331028,9.36568723681273,7.834187716763301,0.7397859004705025,495,0.5227384095278738
anti_reasons,0110110011111111111000111110111110001111100110111111,11.454244281373217,10.084568315093197,9.040116042410572,0.37729071326626407,495,0.5227398216094492
anti_reasons,1111100001101111101100011111011001111011111111110110,11.453839298352085,10.090191478781527,7.187509998126194,0.9417192752879421,495,0.5227566959019965
anti_reasons,1110110111101111101100110011110011011011111110111111,11.452873724573912,10.476840123082653,9.007309147043475,0.39321564519527885,495,0.5227969281427536
anti_reasons,1111110110011011111000111011111110001101111110011111,11.451896955994075,9.96120016761898,8.771189536926718,0.48406184326737395,495,0.5228376268335801
anti_reasons,1100111100001111111000110111011110011100111111011011,11.451333889742811,9.547609911229403,8.391389147940242,0.5544876798611925,495,0.522861087927383
anti_reasons,1111100001101111101100111011111011111001111011111011,11.451141047864281,10.481786146787284,9.042638742909181,0.4071106352764792,495,0.522869123005655
anti_reasons,0111100110001111111000110111111011111101100111111011,11.450991885405962,10.714655881697423,9.688992168351456,0.26098388331553274,495,0.5228753381080848
anti_reasons,1111110111101111111100011011110001111001110111111110,11.450768021240703,10.328987334064063,8.538891961442424,0.6040550958344673,495,0.5228846657816373
anti_reasons,1110110011101101111000111110110011101100111110011011,11.450439137843324,10.355128511852014,9.091736742861308,0.39171209570990595,495,0.5228983692565281
anti_reasons,1110111100001111111000110111011110001100111111011011,11.450109280584408,9.14185007744206,7.602030843905891,0.646914278456424,495,0.5229121133089829
anti_reasons,0111100011101111011100111110110011111001111111011011,11.450064418593085,9.932094927171052,8.820943829687785,0.4113696832210158,495,0.5229139825586215
anti_reasons,1101101100001111011000011111110011101100111111011011,11.450000813393968,9.752039927284816,8.57503253527484,0.49421190240392326,495,0.5229166327752512
anti_reasons,1111101110011101111000011110110110011000110110111111,11.449954907373453,10.030716066133891,9.2749651153406,0.32395519439825626,495,0.5229185455261061
anti_reasons,1111100111001111101100111110111011011111000110110111,11.449607564699829,10.921574095686923,8.925136697691205,0.5170384833614053,495,0.5229330181375071
anti_reasons,1111100001111101100110110110011111111011111111011110,11.449435285514996,10.547504450574898,9.100723584514038,0.43875149850276013,495,0.5229401964368752
anti_reasons,1111100110011101111100011111110011001100111110111011,11.448199389463598,10.542136251195078,9.348468540922418,0.3710369174245334,495,0.5229916921056834
anti_reasons,1111100110011011011100111011111110011100111111011011,11.448161758791754,9.03158571541886,7.786338357915039,0.7788666168549899,495,0.5229932600503435
anti_reasons,1100110011111001111000111111111110001101111111111011,11.44762740804701,10.165357512197511,9.161443817336888,0.39547626265700325,495,0.5230155246647079
anti_reasons,1111111110011011011000110110111110011101100110011011,11.447503036128866,8.725755178350404,7.4835925756442645,0.9428656187879407,495,0.523020706827964
anti_reasons,0111111111101111100111111011111110011100111011111111,11.447463416089553,10.534932266580347,10.008301932937021,0.24832681508187662,495,0.5230223576629354
anti_reasons,1111100110001101111000011111111110011000110111111111,11.447149724855635,10.381650061472858,9.039569969125507,0.34132315050976114,495,0.5230354281310152
anti_reasons,0111110011111111001111111110111011011011111111011011,11.447108295542403,9.851658700242195,8.774665736346732,0.4750038158825504,495,0.5230371543524
anti_reasons,1101101100001111011000011111110011111100111110011011,11.446901563357489,10.143655739800167,9.340076924970141,0.36503445985162375,495,0.523045768193438
anti_reasons,1111100110001111111100110111011011001100111110110011,11.44687444740464,10.35599358549359,8.588926123498318,0.5220747104139318,495,0.5230468980248066
anti_reasons,1111100011101111111100110110011111111000111011011011,11.446776583063668,10.092356361135609,8.952548146630063,0.4056198396261062,495,0.5230509757056805
anti_reasons,1111100011111111111110110111110001111001111011110011,11.446637164116447,10.523807366349502,9.57605541340288,0.28014111577092954,495,0.5230567848284813
anti_reasons,1111100011111111111110110111110001111001110011111011,11.4461066778191,10.356903791360477,9.231096914281867,0.303045871804652,495,0.5230788884242041
anti_reasons,1111110011111111111110110111011001111000110110110011,11.445843728926855,10.346908295394002,8.786787758534619,0.5084203544434818,495,0.5230898446280476
anti_reasons,1111100001101111101100011110011001111011111111110111,11.445566116402375,10.208286249724598,7.857398463464364,0.7309801039856385,495,0.5231014118165678
anti_reasons,1111100001101111100110011110110011111001100111110111,11.445370738692024,10.178642649985512,7.906309053714069,0.6161485920862583,495,0.5231095525544991
anti_reasons,0111101110011111001111011110111111001101111110111011,11.445338680824367,9.219888164137707,7.86730226006977,0.5353179454047053,495,0.5231108882989848
anti_reasons,0111101110011111011110011110111111001100111110011111,11.44511386833983,9.468949393492995,7.860786921572002,0.6665391374081305,495,0.5231202554858405
anti_reasons,1111111111001111111100111110011001111000111011110111,11.445106496061399,10.193373577186534,9.010470441457285,0.3677794845641309,495,0.5231205626641084
anti_reasons,1111100001101111111100110110111001111011110011111011,11.444666137141636,10.365597718810378,9.100074949643918,0.35961575886287145,495,0.5231389109524318
anti_reasons,1111100111001111111000110111011111111001110110110110,11.444277204410685,10.501237607670758,8.10271674569221,0.7158833259814249,495,0.523155116482888
anti_reasons,1110110011111111111110110111110110011000110011011011,11.442953307797756,8.645048547400025,7.494736154191894,0.7264660280754542,495,0.5232102788417601
anti_reasons,0111111111101111111000110110011111111111100011111111,11.442831596982755,10.712775352549505,9.660234321283049,0.26977182450286186,495,0.5232153501257186
anti_reasons,1111100011101111111000110011011001111000110110110111,11.442668237034555,9.989142804402631,7.4013119086916745,0.8549328992322478,495,0.5232221567902269
anti_reasons,1111111110011011001100011110111111101101111111011011,11.442529524215514,8.842720952268733,7.45157212977238,0.8156074037782636,495,0.5232279364910202
anti_reasons,1111110011001111111000110111011111111001110110110110,11.441868960166858,10.507679970397522,8.184476106259584,0.6736321652746428,495,0.5232554599930477
anti_reasons,1111100001101111101110011111011001111000110111111111,11.441068929123439,10.072355515719535,7.894708804220602,0.6928177943658754,495,0.5232887946198568
anti_reasons,1111100011101111100110011111110001111000110111111111,11.441003410053687,10.473320810438258,8.729644531845166,0.4870302473460634,495,0.5232915245810963
anti_reasons,1111100110011011011100111011111111001100111111011011,11.440325106572956,9.06716739655142,7.450233079597043,0.7836926903463736,495,0.5233197872261268
anti_reasons,1110110011101111111000110110111011111101100110110011,11.440275713609875,10.665756239573367,8.811422659099799,0.454140943104597,495,0.5233218452662551
anti_reasons,0111111111111011011100111110111111001101100011011011,11.440097053471021,8.013882058583688,6.606995520861805,1.025451570888862,495,0.5233292894387074
anti_reasons,1111101111001111111000011110111001101100011110110011,11.439496513819604,10.1567288773398,8.891548133109605,0.3725093020568887,495,0.5233543119241832
anti_reasons,1111100011111111111100110011011001111001110111111011,11.43802502503549,10.146487336334042,8.669974580355689,0.48739572352212646,495,0.5234156239568546
anti_reasons,0111101110011011111100111110111011001100111110011011,11.437654357774058,9.296223959954192,7.703053098506741,0.7022746505330064,495,0.523431068426081
anti_reasons,1100111111011011111110110111111011101100111110011011,11.436905545236534,9.74489710783645,8.241124942649172,0.6041922673274225,495,0.5234622689484778
anti_reasons,0111110001111111001111111111011111011011111111011111,11.436714030675049,10.137731092944069,9.263453600862556,0.36891029574879936,495,0.523470248721873
anti_reasons,1101110111011011111100110110111011101100111011011111,11.436556361927602,9.892626125376461,8.30924893436593,0.575580185737343,495,0.5234768182530165
anti_reasons,0111110011111011011100110111111111011111100011011011,11.436182221332913,8.371227394265004,7.054733724410216,0.8534829468616797,495,0.523492407444462
anti_reasons,1110110011111111101100110011110011111011111110110111,11.435751660629371,10.413124668084203,8.745273271203821,0.49629376764415206,495,0.5235103474737761
anti_reasons,1111100110011011011000011110111110011111111110011111,11.435524276546174,9.416903054421569,8.64570350173641,0.5759986613608613,495,0.5235198218105761
anti_reasons,0111110111011011011110110110111011011100111111011011,11.435066227370731,8.734975688007774,7.210023896801201,0.888050903479596,495,0.5235389071928862
anti_reasons,0111111110011111011000110111111011101111110110011111,11.435034513146274,10.10046825618721,8.402409879173105,0.5048291553531218,495,0.5235402286189053
anti_reasons,1110110011101111101100110011110011011011111111111111,11.434597873882709,10.483110806560497,9.10357929882041,0.34236648157895355,495,0.5235584219215539
anti_reasons,1111110110011111111000011110111110011000110110111111,11.434343422534317,10.409751833448192,9.876372047001581,0.24385948526735993,495,0.5235690240610702
anti_reasons,1110110011101111101100110011111111011011111110110111,11.433777273542502,10.46112913603306,8.798417704821482,0.4861766358766833,495,0.5235926136023958
anti_reasons,1111110111011111111000111110011001111000111011111111,11.433675487276552,10.38447402768901,9.513992476055755,0.3229226989763734,495,0.5235968546968104
anti_reasons,1111100011001111111100111011111011011001110110111011,11.433235666135333,10.481955407397917,8.82943980969823,0.3806589963354775,495,0.5236151805776945
anti_reasons,1100110111111011011000111111111011111100111110011011,11.433137445026212,10.052451740587998,9.054278221378597,0.4526507333209556,495,0.5236192731239078
anti_reasons,1111110011111111001111110110011111011111111111011110,11.432621568603354,10.700658140761107,9.79796781235342,0.2511752825592919,495,0.5236407679748603
anti_reasons,1110110001111111111110110011110011111101100110110111,11.43243679194275,10.652105961864047,8.910353453086856,0.47789102904153136,495,0.5236484670023853
anti_reasons,1110110110001111101100111111110111011111111111110110,11.432350153552834,10.70718470400902,9.791276492701225,0.3409864590452517,495,0.5236520769352986
anti_reasons,1101100110011111011100111011111110001100111110011111,11.432105243248513,9.9252367086222,8.58707371700567,0.45033693307953027,495,0.5236622815313119
anti_reasons,1111100111111111111100110111011001111000110110110011,11.431979951279187,10.334437310299075,8.631537642715582,0.5407989261060066,495,0.5236675020300339
anti_reasons,1111110011101111101110011110110011011011110111111011,11.431367501616178,10.185168898950689,9.266871211708942,0.3543843543590616,495,0.5236930207659927
anti_reasons,1110110011101111111111110011110011111011110110110011,11.430978816621483,10.097325347098032,8.189865086860067,0.559214618497226,495,0.5237092159741048
anti_reasons,1111110011001111111100110110111111111101100011110111,11.430134031372544,10.926406540035758,9.570462433299245,0.26822094707249194,495,0.5237444153594772
anti_reasons,1110110011101101111000110110110011101100111111011011,11.430049367743703,10.175361219284056,8.810672903795282,0.46879337208000865,495,0.5237479430106791
anti_reasons,1111110011111111111100110011110011011011110110011011,11.429580033777823,10.297491976946205,9.2987167288952,0.316088782322593,495,0.5237674985925906
anti_reasons,1111100111001111111100110111011111011001110110111011,11.429433445816471,10.464672049554046,9.367298451580893,0.2805015587059198,495,0.5237736064243137
anti_reasons,1111101110011011001110011110111111011100111110011111,11.428970357579365,9.313545435283716,8.191226157964605,0.6177176752549517,495,0.5237929017675265
anti_reasons,1111111111001111111100111110011001111000111011111110,11.42870405291203,10.187406999862645,9.062747062233878,0.3537887122899503,495,0.5238039977953322
anti_reasons,0111101110011011011110111110111011101101111110011111,11.4283842670442,9.567075151392373,8.102678111348695,0.6082839133938988,495,0.5238173222064917
anti_reasons,1111100111111111101110110011110111111001110110011111,11.427405304006136,10.584144493198862,9.499451621934686,0.27729826475587904,495,0.5238581123330777
anti_reasons,1111100110001101111100110111011110011100111110111011,11.427238055142858,10.656463784836948,9.660970349437832,0.27279359250190505,495,0.5238650810357142
anti_reasons,1110110001111111111100111111110001111101100111110110,11.427115992894192,10.778155929273039,9.641640706406704,0.43732575013398733,495,0.5238701669627419
anti_reasons,1111110011111111111100011011110001111001110111111110,11.426493158321954,10.341105815056387,8.948326657954068,0.5037846120407679,495,0.523896118403252
anti_reasons,1101101110001111011000111110011011111000011111011111,11.426119398621742,10.226160541336327,9.14426413359446,0.38351194381529824,495,0.523911691724094
anti_reasons,1111100011111111011000111111111001111001110110011011,11.425921817473267,10.310093860683118,9.018610983504859,0.34650807569896336,495,0.5239199242719472
anti_reasons,1111100011011111111100111110110001111101100111110110,11.425514982089524,10.738190439656162,9.392082789938991,0.3761371219317389,495,0.5239368757462699
anti_reasons,1111110011111101111110110011110011011001110110011111,11.424499853970708,10.508035662548263,8.980065269409305,0.3494406590898852,495,0.5239791727512204
anti_reasons,1111110110011011111100111011111110001100111110011111,11.424413514838262,9.918959982687417,8.609976250109286,0.49321894609984784,495,0.5239827702150723
anti_reasons,0111100111011011111110011111111110011111111110011111,11.424413408224648,9.66941770243454,9.170417544296198,0.4224471442358532,495,0.5239827746573062
anti_reasons,1111100110011111111000111110111001111000111011110111,11.423866763049265,10.556115073945266,9.458158514985026,0.2600015218541392,495,0.524005551539614
anti_reasons,1110110011101111101110110011110011111011111110110111,11.423659559452979,10.334697397827696,8.237676866896164,0.6256481645531472,495,0.5240141850227926
anti_reasons,1111100110001101111111110110011110011000111110011111,11.423621797805383,10.114192733165938,9.041105289417652,0.367162967520505,495,0.5240157584247758
anti_reasons,1101111100011111011110110110011011111000011110011011,11.422289927147618,9.465107404562028,8.208417049877434,0.5535311769572082,495,0.5240712530355158
anti_reasons,1110110001101111111110110111110001111111100110110110,11.422278420544387,10.515656608639475,8.36623678322746,0.6631847716436208,495,0.5240717324773172
anti_reasons,1111101111011101111000110110110110001100111011011011,11.421941757217233,9.166584920094369,7.284642976626641,0.9026256210036697,495,0.5240857601159485
anti_reasons,1111100001111111100111110111011001111000111111011110,11.420975730460134,10.411166922545053,9.024665691237223,0.44670179773417984,495,0.5241260112308277
anti_reasons,1111110011101111101111011110110011011011110111110011,11.42031281972489,10.060483700990687,8.583453673144534,0.5063356151622778,495,0.5241536325114629
anti_reasons,0111101110011011011110110111111011101101111110011111,11.420125426940881,9.59920203036923,8.02166971167068,0.615204937056847,495,0.5241614405441299
anti_reasons,0111101111111111011000110111110111001100111011011110,11.420061538048754,9.32510910311867,7.31405859283112,0.757898069359202,495,0.524164102581302
anti_reasons,1111100111001111111000110111111111111000011011110110,11.419631388771949,10.65857430293038,8.954468752838117,0.36920617063358246,495,0.5241820254678355
anti_reasons,1110110011111111111100111011110011011101100111110111,11.418811891327216,10.711354019212799,9.797214894597516,0.30500094622398466,495,0.5242161711946993
anti_reasons,1111100001111111101100111011110011111001111011110111,11.4188035884636,10.463155543641234,8.814773117653942,0.4434328539912584,495,0.5242165171473501
anti_reasons,1111100110001101111000011111111111011100110110111011,11.417941463417083,10.747220685093307,9.394670994781315,0.27175006495622217,495,0.5242524390242882
anti_reasons,1111101111001101111000011110111110011000110111011111,11.417662162061587,9.774447448004047,9.035550480001211,0.3530864776979621,495,0.5242640765807671
anti_reasons,1110110111111111101100110011110111011000011111111011,11.417636511052084,9.78543307063728,8.814969681539555,0.4682681733161539,495,0.5242651453728298
anti_reasons,1111111110011011001110011110111111101100111110011111,11.417512402581199,9.248897826300702,7.956431119511194,0.6085857986162622,495,0.5242703165591167
anti_reasons,1101101100001111011111111110011011111100011110011011,11.417165073154786,10.367968479945048,9.6486459054306,0.3071059982101772,495,0.5242847886185507
anti_reasons,1101101100001111011110111111011011111100011110011011,11.41704552513497,10.380525484285869,9.296885546345482,0.3547649729445635,495,0.5242897697860429
anti_reasons,1111101110011111011110110011111111111000110011111111,11.41702740519251,9.92103511182598,8.871477487284377,0.4270613033537287,495,0.5242905247836454
anti_reasons,1100110011111101111100111110110111011000110111011011,11.416471109958605,9.735649999107972,8.550477409616366,0.4822154300057006,495,0.5243137037517247
anti_reasons,1101101100011111111110110110011011111000011110011011,11.416321771601703,10.152351163446166,8.97096825912766,0.42902909691083785,495,0.5243199261832623
anti_reasons,1111101110011011011100111011111110001100111111011011,11.41544070242874,8.786941279493336,7.110985628450889,0.9193688174081653,495,0.5243566373988024
anti_reasons,1110110011111111101100110011110011011011111110111111,11.4153159806318,10.488958604074975,9.40329057367709,0.3036866222150364,495,0.5243618341403418
anti_reasons,1111111111111111011100110011011110001100111011111111,11.414903184636083,9.78421248535365,8.32189141436076,0.5250904479899535,495,0.5243790339734966
anti_reasons,1111100111001101100111110111110011111000111110011011,11.414624824467117,10.233841873599482,8.697577482073273,0.3930329114296984,495,0.5243906323138701
anti_reasons,1111100011001111111000110111011111111001110111110110,11.414191269845968,10.5075082911486,8.231337902229125,0.6329635614199588,495,0.5244086970897512
anti_reasons,1111110011101111111110011011110001111001110111111110,11.413969717035679,10.262678544799881,8.50139804067538,0.6162905260056665,495,0.5244179284568466
anti_reasons,0111110111111011011100111110111111011101100011011011,11.413367640472535,8.258526494509212,7.085594711693509,0.8924247940582445,495,0.524443014980311
anti_reasons,1111110011111111111110110011111011011000110110011011,11.413325286981172,10.329821549173614,9.22136892941367,0.2997602966345805,495,0.5244447797091178
anti_reasons,0111101110011011011111110110111011101101111110011111,11.41319976947914,9.58664502602841,8.090599887372294,0.5921955050555389,495,0.5244500096050357
anti_reasons,1110111110001111101100111011110111011111111111110111,11.412336741872744,10.631863479962114,10.042367201304911,0.20584165814504368,495,0.5244859690886357
anti_reasons,1100110011101111111100111110110110011001110111011011,11.41216160105033,9.492011600109885,8.490489778080535,0.4831824552166123,495,0.524493266622903
anti_reasons,0111101110011111011000111111111011101111110110011111,11.411218885702114,10.280063869506247,8.879512536224997,0.4337575744892356,495,0.5245325464290786
anti_reasons,1111100001111101100110110111011001111001111111011111,11.411151682330171,10.420488846700119,9.057574014167049,0.4340165599843286,495,0.5245353465695761
anti_reasons,0111111111011111011000110111110111001100111011011110,11.410593015345386,8.75689548202213,6.601990469246182,0.8985016405386761,495,0.5245586243606088
anti_reasons,0111111111101111011111111011011111001111111111011111,11.410103673622928,10.401955940888975,9.685565512950621,0.3104230770009781,495,0.5245790135990447
anti_reasons,0111111111011011011110011110111110001101111111011111,11.409641946913574,8.372723903668781,6.700360770353844,0.9420049387478039,495,0.5245982522119343
anti_reasons,1111100011011111111000110111011111111001110110110110,11.408655764029804,10.51335608866308,8.531049177085801,0.5963206554580014,495,0.5246393431654248
anti_reasons,0111100110011011011000111110111110011111111110011111,11.407888915394787,9.222991740581618,8.270640608265339,0.6684459504757849,495,0.5246712951918839
anti_reasons,1111110111101101111000110110011111111001110110011110,11.407637288204786,10.507792964622132,8.486874922810856,0.5715043560538323,495,0.524681779658134
anti_reasons,1110110001101111111000111110111001111001110110110111,11.407255837430293,10.589771104006463,8.806830879725238,0.5811484339351728,495,0.5246976734404045
anti_reasons,1111111110011011001100011110111111011101111110011011,11.407125683244141,8.90754024050067,7.69495725135246,0.7892593153272975,495,0.524703096531494
anti_reasons,1111101110011101111000011110110110001100111110111011,11.407001933202656,10.068399323744107,8.422033805531079,0.5274196185642039,495,0.5247082527832228
anti_reasons,1111100001101111101110111011110011111001111011110111,11.406711487287208,10.384728273384727,8.330622793030493,0.5659856889645158,495,0.5247203546963664
anti_reasons,1101101100001111011000011111110011101100111110011111,11.406084061632914,10.264834794576553,9.14899295081797,0.3888080253401162,495,0.524746497431962
anti_reasons,1111100110001111111110011110011111111000111110110110,11.405196963461146,10.20571886785986,7.845844419671068,0.646807688742178,495,0.5247834598557857
anti_reasons,0111100111011011011100111111111110011101111011011111,11.404769809887327,8.643294916954083,7.513288037873563,0.8156634267643512,495,0.5248012579213615
anti_reasons,1110110001111111111100110111110111111001100111110110,11.404486626902326,10.663207924937014,9.197295314844089,0.3676197812581125,495,0.524813057212403
anti_reasons,0111101110011011011110110110111011101111111110011111,11.404090313620157,9.461611196125501,7.999023600152106,0.6434195275670036,495,0.5248295702658268
anti_reasons,1110110001101111111100110111110001111011100110111110,11.403857606009884,10.382482354171039,8.494166101446528,0.5233633167769804,495,0.5248392664162549
anti_reasons,1111100011011111111110110110111111111101100011110111,11.40330755930899,10.938111280669476,10.056263360034913,0.2420748804916548,495,0.524862185028792
anti_reasons,1111110110001111101100111111110011111000110110111011,11.40330450398673,10.564151831658114,9.402798883551487,0.30659546183056896,495,0.5248623123338862
anti_reasons,1110110011101111101110110011110011011011111110111111,11.403223879455405,10.41053133381847,8.895694169369433,0.40839753169523024,495,0.524865671689358
anti_reasons,1111100011001111111110011111011111111000110111111110,11.402807417328889,10.390677964215678,8.458595627054047,0.5404999913290387,495,0.524883024277963
anti_reasons,1111101110001111011000111110011011111000011111011011,11.402646959033751,9.699221652772598,8.53227077813048,0.5193242421935376,495,0.5248897100402603
anti_reasons,1111101111001111111000011110110110011000110111011111,11.40222184795422,9.716564916862346,8.955192652863133,0.48324547302636345,495,0.5249074230019075
anti_reasons,1110110001101111111000110111110001111101100110110111,11.40189088436967,10.69490716076175,8.938065100359982,0.4940709741351888,495,0.5249212131512637
anti_reasons,1110110001111111101100110011111111111011110111110111,11.401211459038635,10.326365891576117,8.962904474039249,0.4580158441764465,495,0.5249495225400569
anti_reasons,1110111110011111101100110011111011011101111110111111,11.400809317092994,10.753516028601327,9.898030638130653,0.20584675293854413,495,0.5249662784544586
anti_reasons,0111110111111011111100111110111111001101100011011011,11.400287042026733,8.554326120126923,7.226386757890614,0.7893846076250353,495,0.5249880399155529
anti_reasons,0111111111011111011100110110011110011000011111011011,11.399973509968268,8.128837931741753,6.904104189982925,1.0003971812401118,495,0.5250011037513223
anti_reasons,1111100110011011111100111011111110001100111111011011,11.399784587234569,9.327385341036571,7.870469839980271,0.6668052601493635,495,0.525008975531893
anti_reasons,1111100001111111101100011111111011001111000110110111,11.399449010127245,10.604249997630514,8.042638933755926,0.6449436345626252,495,0.5250229579113648
anti_reasons,1101100111111101111100110110110011001101100011111111,11.398604781804478,10.49932606830266,9.085062533298535,0.5013569561997997,495,0.5250581340914802
anti_reasons,1111100001101111111100111011111011011001110011110111,11.397462704213128,10.41984777398968,8.311950810470446,0.5718134504113848,495,0.5251057206577863
anti_reasons,1111110011011111100111110110111111111100110110110011,11.397084192024591,10.882452350472473,10.094727881651323,0.21669254487714726,495,0.5251214919989753
anti_reasons,1100110011101111111100110110110110011000110111011111,11.39429550792897,9.712392559205735,8.559946344411488,0.446957493592117,495,0.5252376871696263
anti_reasons,0111110001101111111000110111111011111000110111011011,11.392450521209138,10.293207308849217,8.977092209493849,0.335288397939336,495,0.525314561616286
anti_reasons,1111100111001111111111110110011111111000111011110111,11.391665723975033,10.587816303848196,9.319032616387757,0.34631353198603193,495,0.5253472615010404
anti_reasons,1111100110001111111000111111110011011101100111110011,11.39124538891017,10.88728121308132,9.8678355371503,0.2545367994170931,495,0.5253647754620763
anti_reasons,1111100011001111111000111111011001111000011011111111,11.39095861900465,10.274495299030315,9.03035054814652,0.3547543577631974,495,0.5253767242081395
anti_reasons,1110111110001111101100111011111111101101111111111110,11.390594337174345,10.621417084783282,9.420538759412407,0.3161032884428194,495,0.5253919026177356
anti_reasons,1101100110011111011100111011111110001100111110111011,11.390575297799787,9.931203285946088,8.565899322318145,0.44579366229563894,495,0.5253926959250088
anti_reasons,1110110011101111111000110111011011101101111110110011,11.390319089110388,10.512335548462085,8.575368250487235,0.5954321088174619,495,0.5254033712870672
anti_reasons,0111110001101111011000110111110001111100111111011011,11.390052130463841,9.828829316587093,8.713311209303885,0.5051374266320462,495,0.5254144945640067
anti_reasons,0111111110011011011110110110111011101101111110011111,11.38963391510934,9.387479538073334,7.677735181495384,0.7068123310164156,495,0.5254319202037776
anti_reasons,1111110110011011011100111011111110001100111111011011,11.389587374870755,8.640141582152431,7.024945971897478,0.8681216571853242,495,0.5254338593803851
anti_reasons,1111110001101101100110110110011011111000011111011111,11.388809881632474,10.352561518212143,8.634082537934866,0.4655138734065363,495,0.5254662549319802
anti_reasons,1110111110011111101100111011111111101101111110111110,11.387450590643057,10.627264882297762,9.448412947019738,0.3144567601781181,495,0.5255228920565393
anti_reasons,1110111110011111101110110011111111111100011111110111,11.386967328790751,10.652162164721876,9.772125383583402,0.2162414697860353,495,0.5255430279670521
anti_reasons,1111110111101111111000011011110111111001100110110110,11.38636669509217,10.285637907002325,8.058073151100904,0.6903219898122244,495,0.5255680543711596
anti_reasons,1111100011001111101100111011111011011001110110111111,11.386278866698474,10.427738685178552,8.170264056379786,0.5434530996417956,495,0.5255717138875635
anti_reasons,1111111110011011001100011111111111001100111110111011,11.385475834006003,9.21254152362802,7.976168562403354,0.6421346022275414,495,0.5256051735830831
anti_reasons,0111111110011111011110111011111110001101111110011011,11.384526769326696,8.885796377951873,7.393633407574307,0.7767776467735933,495,0.525644717944721
anti_reasons,1111110001111101100110110110011111111001111111011110,11.384484800188932,10.473372792522731,9.24810447582519,0.39131255953930627,495,0.5256464666587946
anti_reasons,1110111110011111101100111011111111011100111111110111,11.384386200739085,10.74262032244603,9.872525014117041,0.21065121667176998,495,0.5256505749692049
anti_reasons,1101101100001111011110111110011011111100111110011011,11.384322820701174,10.254931134328444,9.230252472992618,0.35721531077481666,495,0.5256532158041178
anti_reasons,1110110001111111111100111011110111111101100111110110,11.384098445670078,10.74186167164463,9.67881812492768,0.39921152192387865,495,0.5256625647637467
anti_reasons,1110110001111111111100110111110001111011100110110111,11.383675333559392,10.472904824119595,8.970372994448457,0.4110221874948527,495,0.5256801944350253
anti_reasons,1111110110011111111000111110110111011001110110110011,11.383506231682386,10.483936229581508,9.582522878573021,0.29266950219915977,495,0.5256872403465673
anti_reasons,1100110111011111011000110111111011111100111110011011,11.382629122544982,10.062627064829535,8.903529601659352,0.4906689286681974,495,0.5257237865606257
anti_reasons,1111111111001111111100111111011001111000111011110110,11.382613486715357,10.075278806243464,8.542573465658226,0.494715608935194,495,0.5257244380535269
anti_reasons,1110110011111111101100110011111011111011110111110111,11.382112030058728,10.214057725829626,8.389034170392552,0.5913869631325124,495,0.5257453320808863
anti_reasons,1111110011101111101110011111110011011011110111110011,11.381178634058504,10.073040705331508,8.591922624526841,0.46904902089351935,495,0.5257842235808956
anti_reasons,0111111110001111011000111111110011111111100110111011,11.381080970385462,10.29381132159408,9.525012897989427,0.3211187724471828,495,0.5257882929006057
anti_reasons,1101111100001111011110111110011011111100011110011011,11.380852778580405,10.168802991989972,9.181950967055526,0.38895062102554456,495,0.5257978008924831
anti_reasons,1111100111001111111100111111011001111001110111110110,11.380784491252031,10.23542404543887,7.805130815378615,0.7814050479399168,495,0.525800646197832
anti_reasons,0111111111011111001110111110110011111000011111011011,11.380630253968098,8.829108487452894,7.710978565630522,0.7834480594942863,495,0.5258070727513293
anti_reasons,0111101110011011011100111110111011001100111111011011,11.380015945553456,8.608808521821132,6.8284305693933245,0.9312029125754515,495,0.5258326689352726
anti_reasons,1111100110001101111100110110111110011001100110011111,11.379827262805927,9.916564514252272,8.981297204494226,0.33673712191638133,495,0.5258405307164198
anti_reasons,1111110111101101111000110111011001111001110110011110,11.379302270454902,10.125091755560554,7.749607346442667,0.7248362081995825,495,0.5258624053977123
anti_reasons,1111100001101111101100111011111011111011111011110011,11.379272124971127,10.232067118924371,8.368938051279883,0.5463833364103106,495,0.5258636614595364
anti_reasons,1111100001101111111100111110011001111001110110011110,11.379266281431436,10.191140866833365,8.105357638087082,0.6299813875536044,495,0.5258639049403568
anti_reasons,1111110011101111101110011110111011011011110111110011,11.378918786957554,10.074397436574953,8.564748801185289,0.48852919264998745,495,0.5258783838767687
anti_reasons,1100110011111011011000111111111011111101111110011011,11.378917418401922,10.092760944583583,9.004950255010659,0.42549817292256653,495,0.52587844089992
anti_reasons,1110110011111011011000111110111110001111100110111111,11.378804555027695,9.338536600636422,8.281194204827901,0.5168611317158754,495,0.5258831435405127
anti_reasons,1111110110001101111000011110111110011000110111111111,11.378617806253368,10.16992756917696,9.400924296772509,0.30510211147019745,495,0.525890924739443
anti_reasons,1111101110001101101100110110110111111000110110011011,11.378106636719261,9.498125755141787,8.456597924811287,0.39235264492573846,495,0.5259122234700309
anti_reasons,1111101110011011001100011111111111011101111110011011,11.377145032943876,9.119262732796566,8.339014030179206,0.6809087940928338,495,0.5259522902940053
anti_reasons,1110110011111011011000110110111111111101100110011011,11.375886513453079,9.041303299086312,7.826695622506794,0.6529397063805723,495,0.5260047286061218
anti_reasons,1111111110011011001110011110111111101100111111011011,11.375714331600916,8.736102959008965,7.319245508347046,0.8388649109022123,495,0.5260119028499619
anti_reasons,1111100110001111111110011110111001111000111110110110,11.375510727737112,10.240656394244821,7.852295917697282,0.6576320897288627,495,0.5260203863442869
anti_reasons,1111100110001111111111110110011111101101100111110110,11.375435603927343,10.483278298343995,8.038817259611365,0.6298898711434933,495,0.5260235165030274
anti_reasons,0110110111111111011000110110110011011111111110011011,11.374916064394808,9.194948867163902,7.8792334157108055,0.6807537998120848,495,0.5260451639835497
anti_reasons,1111100001101111101110011110011001111000111111111111,11.373821632627845,10.351387284327743,8.501991242112146,0.5471760005091316,495,0.5260907653071731
anti_reasons,1111110011001111111100110011111011011001110111111011,11.37381084976783,10.380967889189066,8.994970008415972,0.2990097797844459,495,0.526091214593007
anti_reasons,0111101110011011011110110111111011001100111111011011,11.373349974033225,8.64696402316615,6.815698939267143,0.9187423662877942,495,0.5261104177486156
anti_reasons,1111100001111111111100110111011111101101100011111110,11.3721678307694,10.630157112149003,9.302395241692745,0.4564923857397841,495,0.5261596737179417
anti_reasons,0111110110011111011000011110111111001111111110011111,11.37194822173137,9.511272691126768,8.433677640859692,0.5793750317798054,495,0.5261688240945261
anti_reasons,1110110011101111111110110111110111011000110011011011,11.37090063344628,9.066398243533456,7.925601872190905,0.5783939427849882,495,0.5262124736064051
anti_reasons,1110110011101111101100111011110111011011111110110111,11.370750574802829,10.427645525812753,9.000081290243092,0.45900824295623455,495,0.5262187260498821
anti_reasons,0111111110001111011000111111111011111101100110111011,11.37037089017601,10.432758887081256,9.513560374918622,0.30850103775584053,495,0.5262345462426663
anti_reasons,0111110011101111000111111110111111111011110111011111,11.370150640193074,10.212859715301775,9.609238764269262,0.3137739198671757,495,0.5262437233252886
anti_reasons,1111110011011111111100110110110111111101100011110111,11.369443872887384,10.719003434761971,9.648140894966772,0.3125683473853804,495,0.5262731719630256
anti_reasons,1111110001101111111000110110011001111011110110011110,11.369288109254532,10.094050255229234,8.228745205360063,0.5836428196681784,495,0.5262796621143946
anti_reasons,1110110011111111011100110110011111011100111011011011,11.369065967317482,8.771327837326293,7.36724502235504,0.785853849688524,495,0.5262889180284382
anti_reasons,1111101111001111111110011111011001111100110111110110,11.367993743435466,10.142537003931725,7.986856437656782,0.6859954557400033,495,0.5263335940235223
anti_reasons,1100110011101101111100111110110110011001110111011111,11.366493960438701,9.849438095755058,8.968390858542877,0.3747870620239914,495,0.5263960849817209
anti_reasons,1111100011111101100111110111011001111000111111011110,11.36647089432261,10.232280177000296,8.333991565618726,0.5747420393356175,495,0.5263970460698912
anti_reasons,1110111111011111111110110011111011011000111110110111,11.365982895645237,10.415200888526192,9.02741144572915,0.3137188881823717,495,0.526417379348115
anti_reasons,0111111111001111011100110110011111011000011111011011,11.365761634340563,8.550187627875186,7.377894229056607,0.834041096810854,495,0.5264265985691432
anti_reasons,1110111110001111101110111011111111101101111110111110,11.36538990313671,10.548837612041256,8.992492718598388,0.3889149802321009,495,0.5264420873693036
anti_reasons,1110110111011111011100110110110011011101111110011011,11.365056313244223,9.400986396155151,7.772869965309381,0.7336268380989387,495,0.5264559869481573
anti_reasons,1111110111101111100111110011110001101100111111110110,11.36464336110881,10.493993472182483,8.252433389829728,0.6961836847950701,495,0.5264731932871329
anti_reasons,1111110111011111111110011110111111011011100111110110,11.364303363099767,10.415112925062356,9.33090353312872,0.2908541118877527,495,0.526487359870843
anti_reasons,1111110011001111111100011011011111011100011111111111,11.364244432273319,10.770134107116387,10.11962037766493,0.20612568184596278,495,0.526489815321945
anti_reasons,1111101111001111111000011111110110011000110110011111,11.363527348654099,9.928459088407166,9.248527959384718,0.35658602238522175,495,0.5265196938060792
anti_reasons,1111100011011111111100110111011111011001110110111011,11.363471297797382,10.47679053054637,9.593270781853674,0.2511393337794414,495,0.5265220292584425
anti_reasons,1111110011101111111000111110011111011001100111110011,11.363130062861394,10.526644216201651,9.341505703283215,0.3128838370484789,495,0.5265362473807753
anti_reasons,1110110011111111111100110111110111111001100110110110,11.362907427259039,10.639689551038824,9.063784335822898,0.43201815616020534,495,0.5265455238642067
anti_reasons,0111101111011111001110011110111111011100111110011111,11.362850343170278,9.34864333770924,8.243848993303203,0.552529272757061,495,0.5265479023679052
anti_reasons,0111111111111111001111111111011011011011111111011011,11.3625853902875,9.731936848128012,8.953476735372213,0.47340096758435646,495,0.5265589420713541
anti_reasons,1110110110011111101100110111110111111111111111110110,11.361844071807585,10.860061733238954,10.013487332918361,0.25970384212921926,495,0.5265898303413505
anti_reasons,1111101110011011001100011110111111111101111110011011,11.361790626114459,9.155556990424977,8.147981427474715,0.639013525229977,495,0.526592057245231
anti_reasons,1111101110011011001100011110111111011111111110011011,11.36106008289755,8.981671898552834,8.187721655997969,0.7206271480077401,495,0.5266224965459354
anti_reasons,0111110111111011011100111110111111001101100011011111,11.361031278989106,8.3797055492856,7.1352325007054915,0.7965496635944491,495,0.5266236967087872
anti_reasons,0111100110011111011000110110111111011100111011011011,11.360959446320885,8.68622122881615,7.1040770117110235,0.9494211093767783,495,0.5266266897366298
anti_reasons,1111100011001111101100111011111011011011110110111011,11.360359113536695,9.989247155187904,8.102653266324365,0.4597166927936269,495,0.5266517036026377
anti_reasons,1110110001111111111100111011110011111011110111110011,11.35934570395859,10.17970111661669,9.117654340415873,0.3896780371203469,495,0.5266939290017254
anti_reasons,1111101111001111111000011110110110011001110110011111,11.358774628789867,9.75060343738009,9.067946271169122,0.3863775545009525,495,0.5267177238004221
anti_reasons,1111111110001111111100011110110011011000011110110011,11.358424447056468,10.078423243010585,8.988937311733242,0.3649397079340244,495,0.5267323147059806
anti_reasons,1110111110001101101100111111110111111101110111111110,11.357839329421305,10.705769225835393,9.558050757933547,0.3312635579940914,495,0.5267566946074456
anti_reasons,1111110111111011011100110110111110001111100011011011,11.35728476852295,8.11256896902051,6.573177593369244,0.9515972738139592,495,0.5267798013115437
anti_reasons,0111101111101111111000110011110011011100111111011011,11.357227955310139,10.338591011145274,9.144854096033486,0.41644778715183484,495,0.5267821685287442
anti_reasons,1100110111111011011000111111111011101100111110111011,11.356551764325102,10.179597372688272,8.849903020141138,0.44857740222061787,495,0.5268103431531208
anti_reasons,1111110011001111111100110111110111111101100011110111,11.356103062881036,10.925049808792311,9.79345259404891,0.23465879281043772,495,0.5268290390466235
anti_reasons,1111100011111101100110110110011111111001111111011110,11.355938865569335,10.449682739375618,9.002522076479078,0.42118478602572534,495,0.5268358806012776
anti_reasons,1111110111001111111100111111011001111000110111110110,11.353742087617757,10.20155720417005,8.274074925176517,0.7057360148802846,495,0.5269274130159267
anti_reasons,1111110001111101100111110111011001111000111111011110,11.353303978453672,10.25597023014741,8.68575955319664,0.536084804782138,495,0.5269456675644304
anti_reasons,1100110111111011011100111110111111101101100111011011,11.352793542133448,8.986342642739624,7.865308159862411,0.6874530281268827,495,0.5269669357444398
anti_reasons,1101101110001111011100111110011011111000011110111011,11.352691695348375,10.223925454246395,9.049850328172381,0.3751100331666246,495,0.5269711793604843
anti_reasons,1111110011101111111100011110011111111000011110011011,11.352289137190539,10.365762803933055,9.614850205700067,0.3156563339508396,495,0.5269879526170609
anti_reasons,0111100111111111100111111011111110011101111011111111,11.352038114266607,10.427675528773822,9.718758882143383,0.22367304047581052,495,0.526998411905558
anti_reasons,0111110110011111011100110111110011011101111110011011,11.351721186327218,9.622083241077245,8.192533798051633,0.6567409684404576,495,0.5270116172363659
anti_reasons,1110110011101111111100111110111110011000110011011111,11.351584487440126,9.405699113730716,8.525466705480046,0.42987779468560694,495,0.527017313023328
anti_reasons,1111100110011111111100110110011111011000110110111111,11.351537822392864,10.682292301085708,9.84434529804481,0.2478647124001976,495,0.5270192574002974
anti_reasons,1101101110001111011000111110011011111000011111111011,11.351457321099813,10.232127118660216,9.148942965683348,0.39904569751136443,495,0.5270226116208412
anti_reasons,1110110001111111101110110011111011111011110111110111,11.350910130396187,10.164996626985792,8.314660019962766,0.5980187431320716,495,0.5270454112334921
anti_reasons,1110110011101111111000111011110111111000111111011110,11.350586201540391,10.539369234042375,9.770238808927978,0.2804013592729023,495,0.5270589082691504
anti_reasons,1110111110011111101100111011111011011101111110110111,11.350271910394685,10.609260956005285,9.602442110346312,0.2842831220705068,495,0.5270720037335548
anti_reasons,1111100001111101100111110110011001111001111111011111,11.34995772538248,10.407931842359298,9.04910506278474,0.4351499198928454,495,0.52708509477573
anti_reasons,1110110110001111101100111011110111111111111111110111,11.3496194568006,10.733080532545516,9.856482768523392,0.2554571932168554,495,0.527099189299975
anti_reasons,1111110111001111111000111111011001111000111011111110,11.349462239020923,10.181923364121273,8.77771322129409,0.4209497923273301,495,0.5271057400407948
anti_reasons,0111101111101111111000111011110011011100111110011011,11.349324653992177,10.518358303713233,9.571522299862153,0.28658043325528887,495,0.5271114727503259
anti_reasons,1111100111001101111000011111110111011000110111011111,11.349002943969763,10.053316833818686,9.065136540950997,0.31231232405122206,495,0.5271248773345931
anti_reasons,0111100111011011011110111111111110011100111011011111,11.348971528481004,8.536676923694314,7.327890845826965,0.8398482714711596,495,0.5271261863132914
anti_reasons,1111100110011011111000111011111110001101111110111011,11.348100667568476,9.888386970583758,8.687283787307837,0.444448648395455,495,0.5271624721846468
anti_reasons,1110110001111111101111111011110111111001110110110111,11.34735483979476,10.345336638516695,8.875123621007985,0.5265557980957495,495,0.527193548341885
anti_reasons,1111110110011111111100011110111001111000011111110110,11.347123213939875,10.311563617273041,8.997090288836063,0.37116962433708495,495,0.5272031994191719
anti_reasons,1111100001101111111000110011110001111001100110110111,11.34673433284434,10.298073786324075,8.04323141345908,0.6506808977647487,495,0.5272194027981525
anti_reasons,1111110111001111111100110111011001111000110110110111,11.34655422261919,10.273170758979795,8.184862230856364,0.6315794229292668,495,0.5272269073908671
anti_reasons,1111100001111111111100110110110001111011110011111011,11.34641939252691,10.15819461353659,9.011564549970242,0.34402092629927805,495,0.5272325253113788
anti_reasons,1111111111011111011100110011111110011000110011111111,11.346330348647744,9.21627387198741,8.328745488110071,0.5802715941504485,495,0.5272362354730107
anti_reasons,1110110011111011111000110110111111101101100110011011,11.344991995130115,9.337102924704023,8.050024568239085,0.5851948351185032,495,0.5272920002029118
anti_reasons,1101110011111011011000110111111011101101111011011011,11.344827119926528,9.442598065141164,7.685612502649501,0.6733348052986997,495,0.5272988700030614
anti_reasons,0111101110011011011100111110111011011100111110011011,11.344790845762772,9.000424334336481,7.570996864915697,0.788653992490447,495,0.5273003814265511
anti_reasons,1110110001101111111110110011110111111101100110111110,11.344754097190501,10.729081378873978,9.090391746210852,0.45438432661930267,495,0.5273019126170624
anti_reasons,1100110011111011011100111111111011111100111110011011,11.343493013870752,10.05052075965202,9.024412164919605,0.4294191286716244,495,0.5273544577553853
anti_reasons,1111110011011111111100111011110011011001100111111011,11.343481818125818,10.267032254895843,9.560222265409344,0.29498642000433184,495,0.5273549242447575
anti_reasons,1110111111011111111100110011111111011000111110110011,11.342742933672586,9.985167190714595,9.10575743516841,0.3703582730753416,495,0.5273857110969755
anti_reasons,1110110011111111111000110110011110011100111011011011,11.341263208873084,8.961139351115076,7.671299647363184,0.6989769748151682,495,0.5274473662969548
anti_reasons,1111100011111111111000110111011111101101100011111110,11.339895036572349,10.614840402664631,9.279942641338579,0.45130848838264753,495,0.5275043734761522
anti_reasons,1110110011101111111100111110111110011000110011111011,11.338968984999866,9.411665691054605,8.51724659257305,0.42128158283315137,495,0.5275429589583389
anti_reasons,1111100110001111111110110111011111001111100111110110,11.338036756375772,10.321950210812677,8.302329169981485,0.5814172402604316,495,0.5275818018176761
anti_reasons,0111100110011111011100011110111110011111111110111011,11.337220399919529,9.473284243655351,8.651928819006699,0.48033323858498034,495,0.5276158166700196
anti_reasons,1111100110001101111100011110111110011000110111111111,11.336259915814523,10.161554225514218,8.9143897747771,0.3321513192716825,495,0.5276558368410615
anti_reasons,0111100111011011011000111110111111111100111011011011,11.334854250737068,8.410938754614373,7.008184289774801,0.9325428715945895,495,0.5277144062192889
anti_reasons,1111100110011111111100110110011111111000110110111011,11.33464120012489,10.4176858629672,9.393074229276708,0.2820082898359555,495,0.5277232833281296
anti_reasons,0111110011111111001111111111011111011011111111011011,11.333699350100236,9.601417851754142,8.63125208913147,0.4931301391517508,495,0.5277625270791568
anti_reasons,1111110111111111111100110111110001101101100011110111,11.333522280928193,10.585409125162846,9.469050032872184,0.39563234531444097,495,0.5277699049613254
anti_reasons,1111110011001111111100110110110111111111100011110111,11.333015715506184,10.78745897454858,9.579810307845774,0.27811307893669324,495,0.5277910118539091
anti_reasons,1111100111111111011000110011110011001100111110011011,11.33242511078043,9.818147822252762,8.207353240075207,0.5656266025636886,495,0.5278156203841486
anti_reasons,1111110111101101111000110110011001111011110110011110,11.332286797811333,9.98750092131682,7.733522396396342,0.6923527313620005,495,0.5278213834245278
anti_reasons,1111101110001111111000110110011111011000110110011111,11.33148109934183,10.155639909738875,9.361958266442278,0.31735989853019164,495,0.5278549541940905
anti_reasons,1110110110011111101100111111110111111111110110111110,11.330802357231555,10.872925450817888,10.152934135134918,0.24258833663587254,495,0.527883235115352
anti_reasons,1110110111111111101100110011110111011000011110111111,11.330088623759108,10.298227937929017,9.49167368383834,0.3280877148887232,495,0.5279129740100372
anti_reasons,1110111111111111101100110011110111011000011110111011,11.32998662612306,9.932404447227107,9.035810289005276,0.46102077526433216,495,0.5279172239115391
anti_reasons,1111100111001111100110110111110011111000111110011011,11.32989714572585,10.189873078042048,9.337746364936365,0.31378300569687206,495,0.527920952261423
anti_reasons,1111101111001101111000110111011110011000111110011011,11.329384738834783,9.739580914952317,8.826301940219935,0.404445204186869,495,0.5279423025485508
anti_reasons,1111110110001111111110011110111001111000011111110110,11.328733127173617,10.233136347016535,8.502374516054399,0.4881234505447295,495,0.5279694530344325
anti_reasons,1111101111001111111000011110111110011000110110011111,11.32729528969422,9.929815819650614,9.303704720384983,0.33753877978751345,495,0.5280293629294075
anti_reasons,0111100110011111011000011110111111101111111110011111,11.326613164601689,9.759289441051074,8.826486871462173,0.4500395180895625,495,0.528057784808263
anti_reasons,1101101110001111011000111111011011111000011111011011,11.326324898890421,9.925259845589409,8.612323784909893,0.46977892329090265,495,0.5280697958795657
anti_reasons,1110110001101111111110111011110111111101100110110110,11.325832464199456,10.584826306277938,8.8591251962688,0.6172650166038937,495,0.5280903139916893
anti_reasons,1100110111101111111100110110110110011000110111011011,11.32574844762877,9.193327008436155,7.951299670038414,0.558586906729275,495,0.5280938146821346
anti_reasons,1110110011111111101111111011110011111001110110110111,11.32548828815761,10.233028472770204,8.38242803315784,0.6456974716420892,495,0.5281046546600996
anti_reasons,1111100111011111111100111111011001111000110111110110,11.325460284384215,10.207233322435608,8.360792485385828,0.6338315880744209,495,0.5281058214839911
anti_reasons,0111111110011111011100110110110011101101110111011011,11.324504137434184,8.922807122627102,7.374382235043376,0.8040505375489163,495,0.5281456609402424
anti_reasons,1111101110011111011000110110011011111000011110011011,11.324494709406062,9.44669406260893,8.20073671656414,0.5799960079391422,495,0.5281460537747473
anti_reasons,0111110111111011011100111110111111001101100011111011,11.324348922767067,8.385672126609487,7.053046306111158,0.787970627365201,495,0.5281521282180388
anti_reasons,1111110011101101111110110110011001111001110110011111,11.324325543293117,10.247284167935806,8.330846284674148,0.5643982556421656,495,0.5281531023627868
anti_reasons,1111100110001111111110110110011111101111100111110110,11.324308103544546,10.358244468441086,7.799644588816114,0.6282104516203243,495,0.5281538290189773
anti_reasons,0111111100001111011110111011110110001100111111011111,11.323557771273599,8.994508517680593,7.455304962292513,0.6970292318728327,495,0.5281850928636
anti_reasons,1111100111001111111110011111011001111100110111110111,11.323350352540173,10.325554569829787,8.432809837325248,0.6245335277622518,495,0.5281937353108261
anti_reasons,1111100110001101111000011111110110011111110111111011,11.322861119420832,10.293722241586146,9.655702186087844,0.22139577342518824,495,0.5282141200241319
anti_reasons,1110111110001101101100111111110111101101110110111111,11.322555954297565,10.565534260697746,9.12709722387675,0.3357087877932301,495,0.5282268352376014
anti_reasons,1111111110011011001100011110111111001101111110111011,11.321248343439429,9.034685872600944,7.42639898333973,0.6807857539062051,495,0.5282813190233571
anti_reasons,1111100110011011111100111011111110001100111110111011,11.320617226412665,9.846146785652197,8.526070500490405,0.4534511359577039,495,0.528307615566139
anti_reasons,1111110011001111111000110111011001111001110110110111,11.320600015421256,10.243073532279013,8.05048118218008,0.6560818883538094,495,0.5283083326907809
anti_reasons,1111100110001101111000011110111110011001110111111111,11.320555248990999,10.203794410445779,8.955469805849837,0.32895397582199004,495,0.5283101979587084
anti_reasons,1111110001111111111100110011111011101101100011110111,11.320518011533006,10.546148845630066,8.878476481141483,0.5148599502354096,495,0.528311749519458
anti_reasons,1111110001101111100110110110011001111000011111011111,11.32041796656952,10.080732396210797,9.111230133628425,0.3431343895901704,495,0.5283159180596033
anti_reasons,1111100110001111111100110011011011001100111110110111,11.320031461264731,10.237898814550519,7.91061471268706,0.6661617034530873,495,0.5283320224473029
anti_reasons,1110110001111111101111111011110011111001110111110111,11.319941287507476,10.256546846668396,8.71490380684935,0.5672470601173599,495,0.5283357796871886
anti_reasons,1110110011101111111100111111111110011000110011011011,11.319912582776965,9.104798417983798,8.173454661301644,0.5037861251763981,495,0.5283369757176264
anti_reasons,1101100110011101111100011110110011001101111111111011,11.31969451842871,10.378424621439994,8.89707537286012,0.41078542118047934,495,0.5283460617321372
anti_reasons,1111110001101101111100110110011001111011110110011110,11.319576595469053,9.93048021916885,7.62111306781047,0.7212680507561052,495,0.5283509751887894
anti_reasons,0111100110011111011110110111111011001100111111011011,11.319540129357659,9.33692865884147,7.64977740953883,0.7039440216827423,495,0.5283524946100975
anti_reasons,0111110110011111011000110110110011111101111110011011,11.319413728359892,9.587971068009288,8.128511738588596,0.6491731539812601,495,0.5283577613183379
anti_reasons,1111100110011101111000111110011111101100111110011110,11.318530801247327,10.586200958282403,9.035622344296023,0.4021883431536726,495,0.528394549948028
anti_reasons,1111100110001111101100111111110011111001110110011111,11.318436866838733,10.592052095603046,8.897147568761621,0.35402706696120656,495,0.5283984638817194
anti_reasons,1111101100001111011110111110011011111100011110011011,11.316183956555763,10.154487291469056,9.203531112948287,0.3906279111910756,495,0.5284923351435098
anti_reasons,1111110111101101111000111110011001111001110110011110,11.316098442048613,10.092964876583693,8.036821704296525,0.68795594683392,495,0.5284958982479744
anti_reasons,1100110011111111011000110011111111111000111110011111,11.31606931373946,10.156810072293794,9.127370191906037,0.32884639014858863,495,0.5284971119275226
anti_reasons,1111111110011111101100110110110011111000110110011011,11.315261287838394,9.727940001923828,8.776795578365551,0.43598488620346854,495,0.5285307796734002
anti_reasons,1101100011111011011100111011111011001100111111011011,11.31519886563548,9.465051140790042,8.097812974508244,0.5468305280351613,495,0.5285333805985217
anti_reasons,1110111110011111101100111011111111011100011111111110,11.314612703229761,10.57174582842456,9.816443928201592,0.241817928449763,495,0.5285578040320933
anti_reasons,1101101110011111011100110110011011111000011110011111,11.313900049814494,10.044039381869027,8.899583182083203,0.4217977678241531,495,0.5285874979243961
anti_reasons,1111100111001101100110111111110011111000111110011011,11.313590410186675,10.214271998963444,8.691482538157908,0.35379305368641345,495,0.5286003995755553
anti_reasons,1111110001101111111100110110110001111011110011111011,11.313289486564377,10.152518495271032,9.050403177125812,0.34390050532147126,495,0.5286129380598177
anti_reasons,1100110011101101111100110111110110011000110111011111,11.312654267806638,9.76891835910399,8.696595129323674,0.3636385282610285,495,0.5286394055080568
anti_reasons,1111100110001101111100110111110011111000110111011011,11.31236044641823,10.11987844286977,8.737088458766497,0.31408305624562316,495,0.5286516480659071
anti_reasons,1111100110011101111000011110111111101100111110011110,11.311649738847265,10.552717348062096,9.091284063827073,0.3798371726273272,495,0.528681260881364
anti_reasons,1110111110001101101100110111110111101111110110111111,11.310751089966757,10.460070305430875,8.919534745174165,0.3552926667882654,495,0.5287187045847184
anti_reasons,1100110011111011011000111111111011101101111110111011,11.310692037065218,10.219906576683856,8.800575053773198,0.43417873186755546,495,0.5287211651222825
anti_reasons,1111100011111011011000111011111011111000011110011011,11.310366938729997,9.482837111658592,8.291482451458139,0.43907564345718947,495,0.5287347108862501
anti_reasons,1110110011111011011000110110111111101101100110011111,11.3100432245723,9.162482353862702,7.884407523710293,0.6046743637353577,495,0.5287481989761542
anti_reasons,1110111110001111101100110011110111111101111111111110,11.3097971243917,10.541406606832219,9.454138975912862,0.23257889475200239,495,0.5287584531503458
anti_reasons,1110111111011111111100110011111011011000111111110011,11.308359897309517,9.896377398866296,8.977612642699425,0.3756148147151457,495,0.5288183376121034
anti_reasons,1111100111001101111000011111110111011000110111111011,11.307812669807486,10.059283411142575,9.053153740761514,0.3112463901867505,495,0.5288411387580214
anti_reasons,1111100111101101111000011110110110011000110111111011,11.306795947809096,9.90996895118512,9.060014694364435,0.36022198388442006,495,0.528883502174621
anti_reasons,1111111111001111111100111110011001111100111011110110,11.306745804824686,10.31455263196292,8.665110897437009,0.40101919713091705,495,0.5288855914656381
anti_reasons,0111111100001111011110111011110110001100111111111011,11.306071995136497,9.00047509500448,7.434130567604989,0.6886410505773828,495,0.5289136668693126
anti_reasons,0111101110011111011100110111110111111100111011011110,11.306019744394243,9.490452849056343,7.826832681352942,0.6610554107042867,495,0.5289158439835733
anti_reasons,0111101110011111011100110111111011101111110110011111,11.305829652332402,10.092094912524466,8.407500471905035,0.47014790439467447,495,0.52892376448615
anti_reasons,1111101111001111111100011110110110011000110110011111,11.303501587558593,9.708363252448526,8.997284808181957,0.40367401787092266,495,0.5290207671850586
anti_reasons,1111100110011101111100110111110011111000110110011011,11.302672738389083,10.12572624038425,9.036799733623175,0.2954292176505314,495,0.5290553025671216
anti_reasons,1111100111001111111111011111011001111100110111110110,11.301911901735458,10.194902794545897,7.757692183904341,0.8069454740767257,495,0.5290870040943558
anti_reasons,0111110111111011011100111111111111001101100011011011,11.301304716714903,8.078804853538681,6.83931622027004,0.870603642384421,495,0.5291123034702123
anti_reasons,1111100111001111111000110111011111111000011011110111,11.300766516972553,10.359030338426908,8.817205709934841,0.34102933584862954,495,0.529134728459477
anti_reasons,1111100110001111111000011110110001101100111110110111,11.30062214281801,10.340511565628844,8.5214431833488,0.5055986822323421,495,0.5291407440492495
anti_reasons,1111110111011111111000111110011001111011111011110111,11.300532365433627,10.247401615454026,9.129238085290593,0.3337964657593988,495,0.5291444847735989
anti_reasons,0111101110011111011110011110111110001101111110011111,11.299863987530992,9.075790420362823,7.558831197897726,0.6687465115666588,495,0.5291723338528753
anti_reasons,1111110110001101101100111111110011111000110111111011,11.298793905430857,10.408783460011547,9.0850006864336,0.36628000935572314,495,0.5292169206070476
anti_reasons,1111110011101111111000011111110001111001100110110110,11.29837396046136,10.24959475299839,8.00060984512727,0.7372864754374938,495,0.52923441831411
anti_reasons,1110110011111011011000110110111111101101100110111011,11.298060424382818,9.168448931186589,7.869581586265106,0.5996844948226181,495,0.5292474823173825
anti_reasons,1111100001101101111100111110011001111001110111011110,11.29804241797072,10.0357724951868,7.767446563036299,0.6784441934318372,495,0.5292482325845533
anti_reasons,1111100110011111111100110111011111011000110110111011,11.297980677043958,10.381391605338791,9.525250302177886,0.2584088858853286,495,0.5292508051231684
anti_reasons,1111100011011111111000110111011111111100011011110110,11.296807514055313,10.492327874195617,9.166700040118913,0.3290514651042639,495,0.529299686914362
anti_reasons,1111110111011111111000111110011001111100111011110111,11.296505908974844,10.511619659789284,9.641133496125452,0.2702228762123958,495,0.5293122537927148
anti_reasons,1100111100001111111000110111011111001100111111011011,11.296382731692644,9.583191592361963,8.055283869622246,0.5663836170697792,495,0.5293173861794731
anti_reasons,1110110011101111111000111110111011111001100110110011,11.295735507996953,10.39435553487705,8.871931029725465,0.45847032559639417,495,0.5293443538334603
anti_reasons,1111100111101111111110011110011111001111000110110111,11.294898940985346,10.467624163041569,8.029182396376925,0.6033187024596118,495,0.5293792107922772
anti_reasons,1111101111011101111110110110011110011000111110011011,11.294641736828883,9.609969593986502,8.594224701265574,0.5169269465204478,495,0.5293899276321299
anti_reasons,1111100011101101111100111110011001111001110110011110,11.294421845008987,10.012254121288608,7.411966506601341,0.7628014344421121,495,0.5293990897912921
anti_reasons,1110111110001111101100111011110111011101111111111110,11.294365887518696,10.472985470226952,9.56938055072472,0.24360183164218407,495,0.5294014213533877
anti_reasons,0111110110011111111000111110111011111101100110111011,11.293461273979089,10.767156574594152,10.142635373806165,0.22305401373375722,495,0.5294391135842047
anti_reasons,1111110111101101111000110110011001111001110110011111,11.293243351336573,10.243186526503623,8.35287999873135,0.5428814356458724,495,0.5294481936943094
anti_reasons,1111110111001111111000011111110110011000110111111011,11.292911164635392,9.866234063500338,9.312343304130835,0.37503369239957346,495,0.5294620348068586
anti_reasons,1111101111001111111111011111011001111000110111110110,11.292759223737495,9.890706173871447,7.377582073116655,0.7656900568217021,495,0.5294683656776045
anti_reasons,0111111111101111111000110011110011011100111110011011,11.292687149364514,10.338762690394196,9.168849489125412,0.3825598389131587,495,0.5294713687764785
anti_reasons,1111110011101111100111111110011001111000110111110110,11.292004414339749,10.053658690703042,7.688461314229569,0.8508322335815742,495,0.5294998160691771
anti_reasons,1111101100001111011000011111110011101100111110011011,11.292002694130314,9.737895906012824,8.571062010349976,0.46225042784327475,495,0.5294998877445702
anti_reasons,1110110011111111011100110110011111001100111011111011,11.291239878247222,8.898473469426566,7.270204085727792,0.7040236319876716,495,0.5295316717396992
anti_reasons,1111110111001111111100110110111001111001111011110111,11.29090312871894,10.53020633553785,9.124531425602317,0.3336840016290252,495,0.5295457029700441
anti_reasons,1111100011111101111100110110011011111000011011111011,11.29077469219457,10.207899523073264,8.789916077531988,0.36662649996827207,495,0.5295510544918929
anti_reasons,1111100011001111111000110111111001111000111011110111,11.29077088970015,10.48653836987711,8.810537877297687,0.36957751220314755,495,0.5295512129291604
anti_reasons,1111100111001111111111011111011001111000110111111110,11.290730342382297,10.067757162445622,7.835518272974602,0.6992311954079397,495,0.5295529024007377
anti_reasons,0111110111011011011110011111111110011111111110011111,11.290650874921964,8.982173943550402,8.339787619938864,0.6225043642632743,495,0.5295562135449181
anti_reasons,1111111110011111001110111011111110001101111110011011,11.290348379323406,9.175712619492392,8.009847833842734,0.6461173069089451,495,0.5295688175281914
anti_reasons,1111100111001111111111011111011001111000110111110111,11.28977471373512,10.073723739769509,7.82353547278512,0.7100189469999865,495,0.5295927202610367
anti_reasons,1111110001101101111000110110011001111011110111011110,11.288064245793816,9.93868188358267,7.747417665694049,0.629988204846859,495,0.5296639897585911
anti_reasons,1111100001111111111100110110111011011011000011110111,11.288057024787612,10.54028064571195,9.03394959652073,0.35006790002093824,495,0.5296642906338496
anti_reasons,0111100110011111011000011110111111101111111110111011,11.287222921246519,9.765256018374963,8.72352423332744,0.4480962399352475,495,0.5296990449480616
anti_reasons,1111100110001101111000011110111110011111110111111011,11.286629060460955,10.295078972829593,9.520732423832374,0.21921346170308117,495,0.5297237891474602
anti_reasons,0111101111011011011100011110111111001101111111111011,11.286396697936004,8.7996876730235,6.92530853397891,0.8485858066496119,495,0.5297334709193331
anti_reasons,1111110111001111111000011111110110011000110111011111,11.286361213650508,9.860267486176449,9.197734007338646,0.3830217025665065,495,0.5297349494312289
anti_reasons,1110111110001111101100111011110111111100011111111110,11.286147239971417,10.522227462184855,9.784037313737425,0.22013559525954954,495,0.529743865001191
anti_reasons,1111110011111101111100110110110110011000110011011011,11.284825310420826,9.035761417260998,7.719101892533708,0.635860154800585,495,0.5297989453991323
anti_reasons,1111100111101111100111111110011001111000110111110110,11.284411606158793,10.047216327976276,7.214434751578159,0.890853200535259,495,0.529816183076717
anti_reasons,1111100111001111111000110111011111111000011011111110,11.284364073823184,10.353063761103021,8.856595953290011,0.32980198994312726,495,0.5298181635907007
anti_reasons,1111100001111101111100111110011001111001110110011110,11.283061592473928,10.041620292701278,7.934158296651651,0.6403167161657574,495,0.5298724336469196
anti_reasons,1110110111101111111100111110111110011000110011011011,11.283037427139927,8.886633562961135,7.91682003110697,0.5645583069415351,495,0.5298734405358363
anti_reasons,1101100110011111011100111011111110001101111110011011,11.282312700716945,9.446480361848206,8.105793987233703,0.5396359388130901,495,0.5299036374701274
anti_reasons,0111110111111011011100111110111111101101100011011011,11.28192580001885,8.11509911116709,6.918783801456515,0.8401988148191981,495,0.5299197583325479
anti_reasons,1111100001101111111000111011011001111000110110110110,11.281624950793658,9.783831433270706,6.67120095581059,1.0332066163751854,495,0.5299322937169308
anti_reasons,1111110011001111111110011111011001111000110111111111,11.281480431375213,10.204851300456278,8.875203316329827,0.507451236566772,495,0.5299383153593662
anti_reasons,0111110111111011011100111110111111001111100011011011,11.280849908973277,7.94121401929495,6.599665474944743,0.9196354664202948,495,0.5299645871261134
anti_reasons,1101101100011111011110110110011011111000011110011111,11.280291631120054,9.977730592604845,8.855291977851957,0.4107156171325165,495,0.5299878487033312
anti_reasons,1111101111001111101100110111110011011011000111110111,11.279994966203356,10.436253451201067,8.877330078044597,0.3436238679211432,495,0.5300002097415268
anti_reasons,1111111110001101111100011110110110011100110110111011,11.279687133772311,10.033819508537237,9.183660270267456,0.3240867719394422,495,0.5300130360928204
anti_reasons,1101101110001111011111110111011110011000011011111111,11.279623131129613,9.623441144444868,8.963333518930508,0.4038720144699797,495,0.5300157028695995
anti_reasons,1111100110001101111110110111110011111000110110011011,11.27868224750793,10.047298970127743,8.529203329315518,0.3390346499907488,495,0.5300549063538362
anti_reasons,1111110110001111111000011111110110011001110111111011,11.278116950406014,9.92379095791627,9.356416284664686,0.35311054964195093,495,0.5300784603997495
anti_reasons,1101101110011111011100110110011011111000011110111011,11.277963550360194,10.050005959192916,8.90426201417209,0.43498981359309613,495,0.5300848520683252
anti_reasons,1100110011101101111100110110111110011000110111011111,11.277643310276344,9.770275090347436,8.677972603670485,0.3699818102424798,495,0.5300981954051522
anti_reasons,1111111110001111101100110110110011111000110110011111,11.277618966863493,10.234887071701085,9.379653250955842,0.29541380392962424,495,0.5300992097140211
anti_reasons,1100110111001111111000110110111011111000011111011011,11.277055767625066,9.837616524831253,8.838567986746014,0.4603276354676094,495,0.5301226763489555
anti_reasons,1111101111001111111000110111011111111000011011110110,11.276871993784484,10.176012772528845,8.41727174873693,0.38537893116471206,495,0.5301303335923131
anti_reasons,0111111111101111011000110011110111101100111011011111,11.276850491678585,9.345328813389608,7.664713726970771,0.6354863183025125,495,0.5301312295133922
anti_reasons,1101100111011011111000111110111011101100111011011011,11.276621845384996,9.410412345597209,8.018242531284425,0.6102515930667233,495,0.5301407564422917
anti_reasons,1111110110011101101110111111110011111000110110111011,11.27636255668936,10.420659879894188,9.285265518534862,0.3300809116918012,495,0.5301515601379434
anti_reasons,1111100110011011011100111011111110001100111111011111,11.276351237366715,9.152764770195246,7.6777256340032105,0.6798220002199764,495,0.5301520317763868
anti_reasons,0111110011111111001111111110011111011011111111011111,11.276212743988982,9.902318547501059,8.990635490781562,0.40135109158291377,495,0.5301578023337925
anti_reasons,1111110110001101101100110110110011111000110111111111,11.27619089953555,10.451308768080319,8.774237294093973,0.42639897147960987,495,0.5301587125193521
anti_reasons,1111100001101111111000011011011111111000110110110110,11.276130287783426,9.715410296665437,6.677376065199678,0.9597962884381546,495,0.5301612380090239
anti_reasons,1111101110001111111000110110011110011000110111011111,11.275965670949743,9.728442416090964,8.875546314288655,0.39938147711685473,495,0.5301680970437608
anti_reasons,1111101110011011001100011110111111101101111110111011,11.275913286309745,9.28270262252525,7.879423159461985,0.5437622638234829,495,0.530170279737094
anti_reasons,1111100110001101111110110111011110011000111110011111,11.27557183748097,10.126749737506758,9.032765265092035,0.326851061699802,495,0.5301845067716262
anti_reasons,1111100111011011111000110110111110001100111011011011,11.27461830390446,8.551296805674228,6.815651487761588,0.960832850864962,495,0.5302242373373143
anti_reasons,1111110001111101111000110110011001111011110110011110,11.273083420297024,9.94452968109715,8.047128940550726,0.5895685574509959,495,0.5302881908209574
anti_reasons,1111100011001111101100111011111011111001110110111011,11.272092625737821,10.163132247060044,8.102347789176033,0.533554955731224,495,0.5303294739275908
anti_reasons,1111100110011101111000011110111110011000110111111111,11.2720394411865,10.175603687442518,9.554070190365774,0.2669509603734712,495,0.5303316899505626
anti_reasons,1101110110011111011100111011111110001100111110011011,11.271558286152294,9.412613520579386,7.934294054899937,0.5957240521071401,495,0.5303517380769878
anti_reasons,1110110011001111111000110110111011101101111110110011,11.271399017686758,10.282980888452977,8.37603497777556,0.4690846196994178,495,0.5303583742630518
anti_reasons,1111100111001111111000110111111001111000011011110111,11.271080281248521,10.393967864811872,8.820473828758614,0.3500348835450631,495,0.5303716549479782
anti_reasons,1111100111001101111000011111110110011011110111111011,11.270837720321033,9.81903587042368,8.993205572925067,0.3243566309804752,495,0.5303817616532902
anti_reasons,0111110110001111011100110110110011111101111111011011,11.269845443576802,9.652529701191176,8.237444939822868,0.6068830598627317,495,0.5304231065176332
anti_reasons,1111111110001111101100110110110011111000110111011011,11.268999100568637,9.722092204409348,8.77708858768918,0.4290341286364369,495,0.5304583708096402
anti_reasons,1111110011111111111110110011011001111000110110111011,11.26769534404666,10.040041022323196,8.63385040684599,0.480269607460349,495,0.5305126939980558
anti_reasons,0111110001101111111000111110111011111000110111011011,11.267670320588255,10.261080429872356,9.161588684203007,0.31013479755721113,495,0.530513736642156
anti_reasons,1111111111001111111100110110111001111001111011110110,11.26700860553087,10.347188769639788,8.724597464404406,0.37688478270445447,495,0.5305413081028805
anti_reasons,1111100111101111101110011110111011001111000110110111,11.26691094993478,10.362747593563341,7.550346766985725,0.7112448432116547,495,0.5305453770860509
anti_reasons,1111101111001101111000011110110110011000110111111011,11.26665213763588,9.488555027429483,8.595602230395688,0.4112879347717985,495,0.5305561609318383
anti_reasons,1101111110001111011100110110011011111000011110111011,11.266601494426638,10.044329840927357,8.947221795055274,0.4085230564762516,495,0.5305582710655568
anti_reasons,1111100110001111111100110110011111111000110110011111,11.266272385148174,10.327263393018644,9.234143480963375,0.3015016071633022,495,0.5305719839521594
anti_reasons,1111100110011111011100111011111110001100111110011011,11.26499715233589,9.39829782005847,7.906328136883147,0.6037810142418686,495,0.5306251186526711
anti_reasons,1101101111011111111110110011111110011000110011111111,11.264983490782027,9.845082179401514,9.076433928673147,0.3503126852954751,495,0.5306256878840823
anti_reasons,1111100001101111100111110111011001111001110110110110,11.264707876493448,9.985954594626538,6.7450305429208814,1.0558033059957388,495,0.5306371718127729
anti_reasons,0111110110011111011000110011110111001100111111011011,11.264447444253305,8.505314535851094,6.606102115184389,0.9093672480174952,495,0.5306480231561124
anti_reasons,1111101110001101101100110110111110011001100110011111,11.263696457244542,9.496524301330995,8.53780582705269,0.36670526066143766,495,0.5306793142814774
anti_reasons,1111101111001111101100111011111011011011110110110011,11.2636193772718,9.884533578246073,7.764673633011635,0.5100656743369717,495,0.5306825259470083
anti_reasons,1110110011111111111000110110011110001100111011111011,11.263437119802823,9.088284983215349,7.650141137613896,0.6119292947773091,495,0.5306901200082157
anti_reasons,0111111111101111011100110110011110011000011111011011,11.263176915596965,8.691375434572736,7.555000750824172,0.7616034727281891,495,0.5307009618501264
anti_reasons,1111100110011111111110110011111111111000110011111111,11.262771856964298,10.461479173369213,9.56113987188283,0.26327879635454765,495,0.5307178392931542
anti_reasons,1111110001111111100111111110011001111000110111110110,11.26255500058998,10.083024862115712,8.07356078493971,0.7259298412826795,495,0.5307268749754175
anti_reasons,1101101110001111011000111110011011111000111111011011,11.262032120526372,9.799665495631986,8.54569071155703,0.46174320910704875,495,0.5307486616447346
anti_reasons,1111110111001111111100110110110111111101100011110111,11.26146730018342,10.706884953769649,9.577294484025737,0.29285017939660757,495,0.5307721958256908
anti_reasons,0111101111011011011110011110111111001100111110111111,11.261379576301689,9.20586454705547,7.430167523717723,0.6608584002064747,495,0.5307758509874296
anti_reasons,1111101110001111011000110110011011111000011110011111,11.261072180204305,9.953641132386188,8.841420338841,0.3973520843762434,495,0.5307886591581539
anti_reasons,1111100110001101111110111110011110011000111110011111,11.260815294746658,10.094622858529899,9.035010345502288,0.32747004527055373,495,0.5307993627188892
anti_reasons,1111101110001111111000110110011110011000110110111111,11.260518144534231,10.24720386070659,9.24698098432281,0.2798952427071348,495,0.5308117439777404
anti_reasons,1110110011101111111000111110111001111001100110110111,11.260279527418488,10.479952908520875,8.800182669954616,0.5414864172351449,495,0.530821686357563
anti_reasons,1110110011101111111110110111110110011000110011011111,11.259896070597417,9.151995617177281,8.177108283905312,0.48767668431640726,495,0.5308376637251075
anti_reasons,1110110011111011011000110111111111101101100110011011,11.259626198755736,8.861581658115782,7.445529454884202,0.6581459579192795,495,0.5308489083851777
anti_reasons,1111100111111111111100011110011011001111000110110111,11.25940085214822,10.378653546339589,7.891002940158577,0.6216481468502353,495,0.5308582978271574
anti_reasons,0111101111101111111000110011110011011101111110011011,11.258707144983312,10.372629531663017,9.319243807635589,0.3271096100108131,495,0.5308872022923621
anti_reasons,1111100110011111111100110110011111011000110111111011,11.258489673779486,10.16949743379397,9.308896588292056,0.3514517222124047,495,0.5308962635925214
anti_reasons,1110111111101111111100110011111011011111100111110011,11.25798877551678,10.519807090150145,9.009020558584647,0.2910018969417963,495,0.5309171343534675
anti_reasons,1110110111111111101100011110111111011001110110111111,11.257922071678507,10.23385367493605,9.44647397062564,0.2997536177602563,495,0.5309199136800622
anti_reasons,1111101110001111011100110110011011111000011110111011,11.257820601249016,10.030014140406443,8.972854042618152,0.4053237602882352,495,0.5309241416146244
anti_reasons,1111100110001111101100110111110011111001110111011111,11.257766567160111,10.412284803035085,9.205500320489294,0.27777549108699323,495,0.5309263930349954
anti_reasons,1111100111001111111000011111110110011001110111011111,11.257354997159668,9.894134327445268,9.279718047599628,0.3275368494287094,495,0.5309435417850139
anti_reasons,0111101110001111011000111110111011111101100111111011,11.256470391600269,10.142084941177329,9.325604915025227,0.3634172347084049,495,0.5309804003499887
anti_reasons,0111100011011111100110111110110111011000011111011111,11.255602785404491,9.580033257385306,8.381101634826052,0.6227904585757219,495,0.5310165506081461
anti_reasons,0111101111011011011110011111111111001101111111011011,11.255097715762828,8.498849022320854,7.085945053050436,0.9355107481676365,495,0.5310375951765489
anti_reasons,1111100001101111101100111011111011011011110011110111,11.254782918183095,9.927139521779665,7.698420252845642,0.6533641477684871,495,0.5310507117423711
anti_reasons,1111100111111111111100110011011001111000110110111011,11.253831566398992,10.02757003722827,8.607043108454821,0.5051035727801644,495,0.531090351400042
anti_reasons,1111100111001101100110110111110011111001111110011011,11.253726770474492,10.068543226913224,8.618706506880342,0.347926632783103,495,0.5310947178968961
anti_reasons,1111100001111101100110110110011001111011111111011111,11.253210355676053,10.28289801245639,9.04093980380773,0.4109146541435757,495,0.5311162351801644
anti_reasons,1110110111111111111000110111110011111000110110110011,11.252319644301323,10.343678021282122,8.957069564440726,0.32148705809769096,495,0.5311533481541115
anti_reasons,0110110111011111011000111110111011011101111110011111,11.252081196238791,9.536681387275502,8.264474916603909,0.5043231432942671,495,0.5311632834900504
anti_reasons,1111111110011011001100011111111110011100111110011011,11.251287368337838,8.579590302769647,7.774622751374998,0.8030186109863271,495,0.5311963596525902
anti_reasons,1111100001101111111100110110110001111011111011110011,11.250369016339445,10.24064229590095,8.953997712470787,0.33874207636347275,495,0.5312346243191899
anti_reasons,1111100110001101111110110110011110011000111111011111,11.25025135044381,9.91485556596194,9.071888142355778,0.35541820982425565,495,0.5312395270648413
anti_reasons,1111111110011011101100011111111110001100111110011011,11.249902938241158,8.875389928387357,7.839733859257403,0.6832030959858385,495,0.5312540442399518
anti_reasons,1111111110011011001111011110111110001100111110011011,11.249682223981115,8.10283801317145,6.805736837327969,0.849146824156515,495,0.5312632406674536
anti_reasons,1111110011011111111100110011111011011001100111111011,11.249601258175542,10.30051586511615,9.34091747914801,0.3043186862850502,495,0.5312666142426858
anti_reasons,1111101111001111111100110111110001111001110110110011,11.249332073120502,10.357496113749797,8.934510484675357,0.34341412338041416,495,0.5312778302866457
anti_reasons,1110110011111011011000111110111111101101100110011011,11.248302066757635,8.829454779138924,7.669634866424149,0.6602434357624676,495,0.5313207472184318
anti_reasons,0111111110011111101110111011111110001101111110011011,11.248195984728824,9.006200226573833,7.952868493771448,0.5583108567956216,495,0.5313251673029658
anti_reasons,1110110001101111111100110110111001111001110110110111,11.248172243052267,10.401802147024682,8.414069029869607,0.581129396136393,495,0.5313261565394889
anti_reasons,1111100011001111111000110111111001111001110111110011,11.247371727877063,10.359639892729714,8.719238156091492,0.4082175547471384,495,0.5313595113384557
anti_reasons,1110110011101111111110110111110110011000110011111011,11.247280568157157,9.15796219450117,8.15451986839591,0.4770361483774153,495,0.5313633096601185
anti_reasons,1111101111001111111000110111111001111000011011110110,11.24718575806045,10.210950298913806,8.420539867560702,0.3957414346783583,495,0.5313672600808146
anti_reasons,1101101110001111011100110110011011111000011111111011,11.24717239910432,10.044158161678435,8.919237511297354,0.42906255535578897,495,0.5313678167039866
anti_reasons,1111110111001111111110110110011111111000111011110111,11.2468750708089,10.38865081589312,9.054448114163945,0.32688309222238154,495,0.5313802053829626
anti_reasons,1111101110011011001110011110111111011101111110011011,11.246102349762703,8.83478908850972,7.656917829690248,0.7390393569112879,495,0.5314124020932207
anti_reasons,1111100110001111011100111011111111011100110111011111,11.246083062491746,10.390348446066337,9.804761272899643,0.25547447296139564,495,0.5314132057295107
anti_reasons,0111111111001111011100110110011110011000011111011111,11.246073205988774,8.635785001519013,7.59000787915441,0.7276721247850226,495,0.5314136164171344
anti_reasons,0111100011111011111100110111111111011111100011011011,11.245822315025617,9.058471153149142,7.890665377710637,0.6509393465602712,495,0.5314240702072659
anti_reasons,1110110011011111111000111110011011101100111111111011,11.245614501283217,10.286263106410688,9.076426321989866,0.38033477961884643,495,0.5314327291131993
anti_reasons,1111110110011011111000110110111110011101100110011011,11.245295101769221,9.266199239893638,8.183294616462474,0.6951276310204368,495,0.5314460374262824
anti_reasons,1110110011101101111100110110110110011000110111011111,11.244821997761255,9.542880166287176,8.430388809709115,0.4469694138410708,495,0.5314657500932811
anti_reasons,1101101100011111011110110110011011111000011110111011,11.244355131665754,9.983697169928732,8.859970809940844,0.42392284079511716,495,0.5314852028472603
anti_reasons,1101101111011111111000110111011011001100111011011011,11.244305223861154,9.548725277264452,8.028839555397559,0.5937380496470452,495,0.5314872823391186
anti_reasons,1111100001101111111110111110011110011011100111110011,11.243408946704125,10.11631561734825,9.002241870086637,0.35540235804221965,495,0.5315246272206615
anti_reasons,1111100011101111011000110110110111011001110110011011,11.242468420987755,9.731308267260015,8.472499609182437,0.4917483984981033,495,0.5315638157921769
anti_reasons,1110110011111011011000110110111111101111100110011011,11.242432434516878,8.723990823872052,7.316179728312996,0.7052820073944183,495,0.5315653152284634
anti_reasons,1110110011101111111100111110111110011001110011011011,11.241369094053125,8.926942766956719,7.9719224250969525,0.539607211801873,495,0.5316096210811199
anti_reasons,1111100011001111111100110110011011101100111011110111,11.241359510624328,10.123659305323946,8.099015514231478,0.5319072720741624,495,0.5316100203906531
anti_reasons,0111100001101111111000111110110011111011110110011011,11.24102048196849,10.077391610543811,9.154530889135495,0.30816454769418716,495,0.5316241465846463
anti_reasons,1111101110001111111100110110011111111000110110011011,11.240474128340496,9.961439902316734,8.86453742355764,0.36957990391391116,495,0.531646911319146
anti_reasons,0111101110011011011100111110111011001100111110111011,11.240276578781197,9.127569966436758,7.3024385969029675,0.7123183847076526,495,0.5316551425507834
anti_reasons,1110110111111011011000110110111111101101100110011011,11.239735510878319,8.64341680309312,7.2807041100807535,0.7283048884949509,495,0.5316776870467368
anti_reasons,1111100001101111100110011110110111111001100111110110,11.239126741301389,9.937443499345925,7.7358765717506355,0.6398602857429057,495,0.5317030524457755
anti_reasons,1101100011111011011100111110111011101101100111011011,11.2391188394864,9.589047795430579,8.153877363639827,0.5236094663733292,495,0.5317033816880667
anti_reasons,1110111110001101101100110111110111111111110111111110,11.238259873490302,10.600305270568521,9.215365950895155,0.33624913839302056,495,0.5317391719379041
anti_reasons,1111100011101111111000110011011011111000110110110011,11.237977723175893,9.903545430758806,7.363693781683849,0.763416011217009,495,0.5317509282010044
anti_reasons,0111110011101111011000110011110111101100111111011011,11.237395838373864,9.377400872545142,7.783278466135691,0.5961192135976261,495,0.5317751734010889
anti_reasons,1110110001101111111100111111110001111001100110110111,11.237199872263751,10.493912886761798,8.929884626909294,0.5221165473833771,495,0.531783338655677
anti_reasons,1111111110001111101100110110110011111000110110111011,11.236428692701216,10.240853649024974,9.340263007600672,0.3055472775154689,495,0.5318154711374494
anti_reasons,1101101111001111011000110110011011111000011110111011,11.236346884461051,9.950233357083878,8.786661031990263,0.4154214961153947,495,0.5318188798141228
anti_reasons,1110110011111111101100111011110011111001110110111111,11.235430308238222,10.351685048362048,9.080878743076225,0.44476854728373805,495,0.531857070490074
anti_reasons,1111110011001111111111011111011001111000110111111110,11.23532612879926,10.074199525172387,8.314364859890397,0.6607870184250972,495,0.5318614113000308
anti_reasons,1110110011111101101100111110110111111001110110011111,11.235279114308714,10.106732395527958,9.288786444302454,0.33402076393192426,495,0.5318633702371369
anti_reasons,1111110011101101111100110110110110011000110011111011,11.235261497833616,9.548675064362143,8.390729528456786,0.4505170609317928,495,0.5318641042569328
anti_reasons,1111101111011111111000011110110110011000110110011111,11.23524965747152,9.722412714376826,8.954410229996073,0.4979981875767274,495,0.5318645976053533
anti_reasons,1111100110011011011100111011111110001100111111111011,11.234821291917989,9.158731347519135,7.656551239315687,0.6726025113647388,495,0.5318824461700837
anti_reasons,1111111110011011001110011110111111101101111110011011,11.234644394764537,8.770141479526707,7.422122791236837,0.723100998826285,495,0.531889816884811
anti_reasons,0111110111111011011100111110111111001101110011011011,11.234632816464279,7.953210503581258,6.635724077351797,0.9057637921253713,495,0.5318902993139885
anti_reasons,1110110011001111111000110110111011101100111111110011,11.234432669640896,10.248942367935236,8.637922291988772,0.44266762755978717,495,0.5318986387649627
anti_reasons,0111110001101111111000111111110011111001110110011011,11.234305192321047,10.293762219146652,9.350446455914994,0.2763656617675295,495,0.5319039503199563
anti_reasons,1111111110001111011000110110011011111000011110011011,11.234038693795805,9.441017944343374,8.22118867071774,0.5276774690837186,495,0.5319150544251747
anti_reasons,1111110001101111101110011110111011001111000110110111,11.233714940621573,10.31410023507811,7.979338830728729,0.6670468202923161,495,0.5319285441407677
anti_reasons,1110110001101111101100110111110111111001110111111110,11.232977296389448,10.50067072466283,8.996334173298447,0.42634195618902665,495,0.5319592793171064
anti_reasons,1111100111001101111000011111111111011000110110111011,11.232886111547487,10.272534313930842,8.732174381618538,0.3461875411872531,495,0.5319630786855214
anti_reasons,1110111110011111101100110011111011011111111110110111,11.232295145002487,10.503797000738416,9.361829755539542,0.2729568499951787,495,0.5319877022915631
anti_reasons,1111100011011111111100110110110011111111100011110111,11.232076953558973,10.625737205855652,9.467695528702878,0.29080934209245307,495,0.5319967936017094
anti_reasons,0111111111111111111110110011011110001100111011111111,11.231612199309174,9.620728714803253,8.271718254384822,0.43637916540352684,495,0.5320161583621177
anti_reasons,1111100001111101100110111110011001111001111111011111,11.231449551516958,10.388361967723261,9.044678512653523,0.4082127137832302,495,0.53202293535346
anti_reasons,1100110011101101111100111110110111011001110111011011,11.230285137337672,9.763840722111233,8.635205246061858,0.4134302663565241,495,0.5320714526109303
anti_reasons,1111110001101111101100011011110111111011110110110110,11.230003016012166,9.900816869341922,7.380342813943015,0.8497636933894265,495,0.5320832076661597
anti_reasons,1111101110001101111100110111011110011100110110111011,11.229384792319916,10.312509221273748,9.270400947531304,0.24335014489082538,495,0.5321089669866701
anti_reasons,1111110001101111111110011110011111001111000110110111,11.22909487090252,10.418976804556339,8.501248227637738,0.5616738223947026,495,0.5321210470457283
anti_reasons,1101101100001111011000011111110011101101111110011011,11.228875103494763,9.786078447802558,8.70038791233756,0.4264369362915615,495,0.5321302040210516
anti_reasons,1110111110011111101100110011110111011101111111111110,11.228243412986744,10.299065975173471,9.00251466132816,0.31374894516236196,495,0.5321565244588857
anti_reasons,1101101100011111011111110110011011111000011110011011,11.22815882866463,9.664272892517104,8.64164920432242,0.46036163565660926,495,0.5321600488056404
anti_reasons,1111100011011111111000110110011011101100111011110111,11.227794410090949,10.137708767252247,8.61668164060327,0.47212214572689,495,0.532175232912877
anti_reasons,1110110011101111101100110111110111111001110110111110,11.227085673550754,10.477152350764639,8.785647378234957,0.4952676163763579,495,0.5322047636020519
anti_reasons,1111110110011111101110111110110011111000110110111011,11.22509460790416,10.364134079995933,9.758960137574556,0.23979068873849782,495,0.5322877246706601
anti_reasons,1111100111001111111110011111011001111101110111110110,11.224676982679915,10.02960414785964,7.678821208711408,0.7980351316137763,495,0.5323051257216702
anti_reasons,1111100110011101111110110110011110011001111110011111,11.224578249320183,10.033349979104347,9.216622915956709,0.31626443654238207,495,0.5323092396116591
anti_reasons,1111110110001101111110110110011110011000111110011111,11.224198256131334,9.915027245210862,8.97382906035481,0.3507175214911694,495,0.5323250726611943
anti_reasons,1101111100001111011000011111110011101100111110011011,11.223638600362705,9.752211606533736,8.59902792836677,0.456791136745733,495,0.5323483916515539
anti_reasons,1110110110001111101100111011111111011111111111110111,11.223486559876378,10.698143006160553,9.847441886615801,0.24695513915813802,495,0.5323547266718176
anti_reasons,1110110111101111101100110011110111011011111110110111,11.222512825124651,10.24160754976695,8.779827432672572,0.4240199187175478,495,0.5323952989531395
anti_reasons,0111111110011011011100111011111111001100111110011111,11.221651401987469,8.948785583740476,7.3732759381253885,0.7523823387458467,495,0.5324311915838555
anti_reasons,1111101111011111101110110111111111011011110011111110,11.221336727353421,10.336190901162642,9.663541831487668,0.23702369098070628,495,0.5324443030269408
anti_reasons,1111100001101111101100111011111111111001111011110011,11.220780148415022,10.246553573471582,8.876310402165329,0.39553420570461195,495,0.5324674938160407
anti_reasons,1111100111011101111111110110011110011000111110011011,11.220540743336953,9.662335384600675,8.755469341007506,0.41327770910867995,495,0.532477469027627
anti_reasons,1101101111011111011100110011111110011000110111011111,11.219891855929104,9.39705238895411,8.529232263963918,0.5292453794405345,495,0.5325045060029541
anti_reasons,1110110011101111111111110111110110011000110011011011,11.219500496522231,8.838537917089543,7.804761682685308,0.5865940820390994,495,0.532520812644907
anti_reasons,1101100011111011011100110111111011101100111011011011,11.21910866527628,9.321578105850493,7.569372991433824,0.6446904699709103,495,0.5325371389468216
anti_reasons,0111111111001111011100110111011110011000011111011011,11.21898192803846,8.334884305772094,7.262448827149054,0.8220930110080293,495,0.5325424196650641
anti_reasons,1111110111011111111100111110011001111001111011110111,11.218853562553102,10.164896613739117,9.09666562385292,0.3259700588080433,495,0.5325477682269542
anti_reasons,1111110001101111101100111011111011111001111011110011,11.218635871879586,10.157935460872205,8.69066090129846,0.48157818747498493,495,0.5325568386716839
anti_reasons,1111100001101111111111110011110011011011100011110111,11.218257788708938,10.141590788809117,8.225528962136863,0.49804796487929526,495,0.5325725921371276
anti_reasons,1100110111111011111100111110111110001101100111011011,11.21730983072783,8.919764062941358,7.699600366321284,0.6723942708832921,495,0.5326120903863405
anti_reasons,1110111110001111101100110111110111111101110111111110,11.216585090978768,10.681370304914001,9.806474296683714,0.22833401236074094,495,0.5326422878758847
anti_reasons,1111101111001111111000110111110001111001110111110011,11.216511335728141,10.365697778163618,9.060815082558936,0.30550374284429144,495,0.5326453610113275
anti_reasons,1111100001111111101110011110111011001111000110110111,11.216510070680101,10.319776353343668,7.8962155297587975,0.6132891777564371,495,0.5326454137216625
anti_reasons,1111100111001111111000011111110110011001110111111011,11.21616472299739,9.900100904769157,9.34765454448869,0.32000001310335185,495,0.532659803208442
anti_reasons,1110110110001111101110110111110111011111111111110110,11.216054316775384,10.454837938699033,9.320581125101944,0.35707489428544076,495,0.5326644034676924
anti_reasons,1111110011001111111110110110110111111101100011110111,11.21599829972543,10.640576164505465,9.465337198360542,0.29518229389701023,495,0.5326667375114404
anti_reasons,1111111111001111011100110011110111011000110011111111,11.215944052518163,9.34576457022239,8.530487775278218,0.48167591165551005,495,0.5326689978117432
anti_reasons,1111100011101111101100011011110111111011110110110110,11.213871593074126,9.877126816194808,6.87060646074579,0.8989221757479131,495,0.532755350288578
anti_reasons,1101101110001111011110110110011011111000011110111011,11.213788503174891,9.97157868893641,8.801868145177318,0.40516669296697,495,0.5327588123677129
anti_reasons,1111110011101101111100110110110110011000110011011111,11.213290988844932,9.542708487038256,8.398949641363782,0.4602179571625239,495,0.5327795421314612
anti_reasons,1111100001101111101110011110011111111000110111111110,11.213242820260277,10.046459687183038,7.822777817001723,0.6547660931231845,495,0.5327815491558219
anti_reasons,1101100110011111011110111011111110001100111110011011,11.213016479687102,9.339862368588436,7.878368880063933,0.5601887690278121,495,0.5327909800130375
anti_reasons,0111100110001111111000110111110011111111100110111011,11.212926149692745,10.497100221100059,9.498154266065518,0.2624830823490373,495,0.5327947437628022
anti_reasons,0111110001101111111000110110111011111001110111011011,11.212889886969457,10.11535165782214,8.79175417464326,0.35156189054766424,495,0.5327962547096059
anti_reasons,0111101111101111100111111011111110011101111011111111,11.21233991393893,10.568799107849168,10.155882600831527,0.2025252735612312,495,0.5328191702525447
anti_reasons,1100110011111011011000110110111111101111100111011011,11.212300283273251,8.738134845144044,7.314504626625312,0.7374974241802886,495,0.5328208215302812
anti_reasons,1110110011101111111110111111110110011000110011011011,11.21229575626235,8.818968042453506,7.846814441859844,0.5776000026911354,495,0.5328210101557354
anti_reasons,1111110111001111111000111111011001111100111011110110,11.212292660719214,10.309068996221548,8.677876032850913,0.5078451333249452,495,0.5328211391366995
anti_reasons,1110110001101111101100110111111111111001110110110110,11.210459317599012,10.31129116717691,8.025241249747138,0.7206358832088536,495,0.5328975284333746
anti_reasons,1111110110011011011000110110111110011101100110011111,11.210346331211408,9.091578669052316,8.010481182258559,0.6889417357602895,495,0.5329022361995246
anti_reasons,0111100001101111111000111110111011111001110110011011,11.210218311688353,10.21633917603099,9.14210375446248,0.316629598275453,495,0.5329075703463186
anti_reasons,1111110110011011101111011110111110001100111110011011,11.210086716493292,8.643282074714683,7.572912792707432,0.6235504258269057,495,0.5329130534794462
anti_reasons,1110110111111111101100011110111111111001110110110111,11.209626111006912,10.158019738945278,8.736427214478859,0.44820297233351275,495,0.5329322453747121
anti_reasons,1110110001111111101100110111110111111001110110111110,11.209025559271403,10.506518522177311,9.286668311610251,0.3811428519559697,495,0.5329572683636916
anti_reasons,1100111100001111111000110111011110001100111111011111,11.208940209435763,9.668788966005788,8.282776424028413,0.4745085115341093,495,0.5329608246068431
anti_reasons,0111101111011011111000011110111111001100111110111011,11.208900246988268,9.304050064832266,7.56963439484592,0.6642331627407264,495,0.5329624897088221
anti_reasons,1101110111011111111100111011111111011000110011011111,11.208252824640615,9.859065296402886,9.197852188470844,0.37171536400126043,495,0.5329894656399743
anti_reasons,1111100001101111111110011110011111001111000111110111,11.207758514413163,10.418805125307417,8.455932077210809,0.5269436161005485,495,0.5330100618994515
anti_reasons,1111101111001111101110110011111011011011110110110111,11.207485657451404,10.22358977533801,7.827689630854539,0.5874428083847927,495,0.5330214309395249
anti_reasons,1110111110011101101100110111110111101101110110111111,11.20700948998675,10.391614765644267,9.350420422581763,0.31160240120840715,495,0.5330412712505521
anti_reasons,0111101110001111111100110111110110011001110011111111,11.206881867020064,9.35872144194755,8.521990356839886,0.435745970738645,495,0.533046588874164
anti_reasons,1111101111111011011100110110111110001111100011011011,11.206734873659945,8.259368666361414,6.742433797505879,0.9870247135188412,495,0.5330527135975023
anti_reasons,1111110111101111111000011011110001111011110110110110,11.206669498634824,9.930253780394596,7.381212307357125,0.8548702928062373,495,0.5330554375568823
anti_reasons,0111100011111011011100110111111111011111100011011111,11.206566551987992,8.88385058230782,7.698157834877756,0.6470368475454764,495,0.5330597270005004
anti_reasons,1111110111101101101100110110011011111000111110011011,11.206220573700014,10.039263318570159,8.553763625986413,0.44980966271673906,495,0.5330741427624994
anti_reasons,1111100001101111101100011011110111111011110111110110,11.20600762292024,9.900645190092998,7.2260865171807485,0.8096817833805136,495,0.5330830157116566
anti_reasons,1111100011001111111100111111111001111000011011110110,11.20579781959507,10.241815233955963,8.422729155423346,0.47128845240694495,495,0.5330917575168721
anti_reasons,1101101110001111011100111110011011111000011111011011,11.205724144912404,9.705164009630769,8.513578726005997,0.47683906013754174,495,0.5330948272953164
anti_reasons,1110110001101111101100111111110111111001110110110110,11.205640959680974,10.277807556956603,8.227532317827777,0.672967755687805,495,0.5330982933466262
anti_reasons,0111111111001111011100111110011110011000011111011011,11.20553284661147,8.302757426795234,7.2890997982490635,0.838344101695711,495,0.5331027980578553
anti_reasons,1111111110011011001100011111111110001100111110011111,11.204800271888296,8.700769357546035,7.579071947564569,0.6850343535048986,495,0.5331333220046544
anti_reasons,1111110011101101111100110110110111011000110011011011,11.20477246142125,9.457111113394431,8.133885668329738,0.5317144995471046,495,0.5331344807741145
anti_reasons,0111101111011011111000011110111110001100111111111011,11.20472030301581,8.876852571184354,7.1648013882818535,0.7757162115660549,495,0.5331366540410079
anti_reasons,1110110011101111101100110011110111011011111111110111,11.20423697443345,10.247878233244794,8.949537815528817,0.3716730801267407,495,0.5331567927319396
anti_reasons,0111101110001111011000111110111011111111100110111011,11.204114572413278,10.216388278478417,9.405392897450183,0.3029300951418599,495,0.5331618928161135
anti_reasons,1111100001111111111110011110011111001111000110110111,11.20406927595774,10.424652922821897,8.375051159149997,0.5137871786159491,495,0.5331637801684275
anti_reasons,1110110011101111111000110110111001111001110110110111,11.202578171352778,10.386485437540312,8.41076832755273,0.5659495881155572,495,0.5332259095269676
anti_reasons,1111110011001111111000110111111001111000011011110111,11.20222076798922,10.400410227538636,8.86988218456601,0.3334120040669591,495,0.5332408013337826
anti_reasons,0110110111011111011000111111111011011101111110011011,11.201664170422227,9.235780691528584,8.22703910289452,0.5853258372595346,495,0.5332639928990739
anti_reasons,1111110011001111100011110111110011001100111110110011,11.201069900454131,10.395726820631976,8.991021464208938,0.4448913516772215,495,0.5332887541477445
anti_reasons,1111100011101111111000110111011111111001110011110110,11.200910975401731,10.233109781714436,7.902851065205446,0.6590385305040858,495,0.5332953760249279
anti_reasons,1111110001101101100111110110011001111000011111011111,11.200435307753343,10.12470119176823,8.617388949695394,0.4798537244942052,495,0.5333151955102773
anti_reasons,1101101100001111011100011111110011101100111110011011,11.200396852148607,9.743838262870995,8.609314573883102,0.4327347421624588,495,0.5333167978271414
anti_reasons,1111100011001111111100110111111001111000011011110111,11.199618292594993,10.392036883875893,8.790439382651972,0.356911096759994,495,0.533349237808542
anti_reasons,1111100001101111101100111011110111011011110011111111,11.199557187111942,10.205308871113887,9.043545495584066,0.35594711067011975,495,0.5333517838703357
anti_reasons,1111100011101111111100110110110001111011110011111011,11.199149908443434,10.12882844212392,9.066264200346428,0.3273216134081199,495,0.5333687538148568
anti_reasons,1111100011111011111000110011111011111000011110011011,11.198792716429839,9.990485257223694,8.814375444386915,0.36934963211113503,495,0.5333836368154234
anti_reasons,0111101110011011011100111111111011001100111110011011,11.198712363723617,8.82070269336595,7.2355609630004585,0.7812369085645561,495,0.5333869848448494
anti_reasons,1111110110011011011000110110111110011101100110111011,11.198363531021926,9.097545246376201,8.002851634488495,0.6811629636451757,495,0.5334015195407531
anti_reasons,0111100110011011111110110111111011001100111111011011,11.198340776247111,9.187408084709384,7.5751831507965255,0.6793592378037284,495,0.5334024676563704
anti_reasons,1101101111001111011000111110011011111000011111011011,11.196138782130443,9.689847300146399,8.47718788801968,0.4925323671229344,495,0.5334942174112316
anti_reasons,1100110111101101111100110110110110011000110111011111,11.195843976463857,9.550753504081328,8.486538643539822,0.4207343253413858,495,0.5335065009806725
anti_reasons,1111100011101101111100110110110111111000110011011011,11.195710755338864,9.705127863318737,8.568319321070716,0.4096029441036614,495,0.5335120518608807
anti_reasons,1110110011101101101100111111011111111000011111011111,11.19565580013452,10.267084363403091,9.211320932887519,0.3929473578950544,495,0.5335143416610617
anti_reasons,1110111110001101101110110111110111101101110110111111,11.195173844209737,10.31318749538776,8.805061635688933,0.35991483163622,495,0.5335344231579275
anti_reasons,1111100011101111111000110011111001111000110110110011,11.195125699562558,10.105880844102254,8.023207086633548,0.61882350278232,495,0.5335364291848934
anti_reasons,1110110110001111101100110111110111101101111110111110,11.195009896197242,10.476492865741477,9.005205193649859,0.43103264775166006,495,0.533541254325115
anti_reasons,1110110011101111111110110111111110011000110011011011,11.194653388193446,8.85245165267381,7.873640388042948,0.5404164593373713,495,0.5335561088252732
anti_reasons,1111100111101111011000111110111001111001110110011011,11.193983921324891,10.007473113035788,8.85667860519378,0.3026002416156352,495,0.5335840032781296
anti_reasons,1111100001111111101100111110011001111001100111110111,11.193674453219119,10.147013370299046,8.291308836084555,0.5845695438497803,495,0.5335968977825367
anti_reasons,1100110011111111011100111011111011111000011110111011,11.193134530527178,10.159252664336126,9.121342863048996,0.32203272487997636,495,0.5336193945613676
anti_reasons,0111111111101111001110111110110011111000011111011011,11.19200989854729,9.391645990283875,8.45895784860283,0.5492712109981494,495,0.5336662542271962
anti_reasons,0111110001101111011000110111110001101101111111011011,11.191947500234916,9.471252024589484,8.008129994143623,0.5559277222867179,495,0.5336688541568786
anti_reasons,0111111111001111001111111110110011111000011111011011,11.191758298744155,9.022597857142413,7.973534176757721,0.6372540728400856,495,0.5336767375523268
anti_reasons,1111110001111111111110110111110001111011110011110011,11.191571870301825,10.130874816644676,9.048630516811368,0.3109782437757196,495,0.5336845054040906
anti_reasons,1100111100001111111000110111011110001100111111111011,11.191454433298661,9.674755543329677,8.261602029340889,0.471862432003031,495,0.5336893986125557
anti_reasons,1110110111101111111110110111110110011000110011011011,11.191349010297218,8.6329300664077,7.5695282714737555,0.6237979842945574,495,0.5336937912376158
anti_reasons,1110110011101111111000110110111001111101110110110011,11.19090307166362,10.324858567512852,8.442452954134087,0.43642562338735513,495,0.5337123720140158
anti_reasons,0111111100001111011100111011110110011100111110011111,11.1900346806665,9.380095707827785,8.23388656130665,0.5566327989080736,495,0.5337485549722292
anti_reasons,1111111111001111011100110110011110011000011011011011,11.189204739250947,8.05852606038908,6.873118970391343,0.9170181118286056,495,0.533783135864544
anti_reasons,0111100111101111100111111011111110011111111011111111,11.188808413863251,10.49613106856043,9.633636446607849,0.23991494061647475,495,0.5337996494223645
anti_reasons,1111100011001111111000011011011111011000111110111111,11.188444200499728,10.177471631273846,8.580142506261547,0.3998378801207022,495,0.5338148249791781
anti_reasons,1111110001101111101100111011110011011011110011111111,11.188418044181189,10.11669075851451,8.859335133263386,0.40074123644717724,495,0.5338159148257837
anti_reasons,1110110111001111111100110111011111111101100110111110,11.188133746774396,10.496702223036408,8.913140068425182,0.42247750806432816,495,0.5338277605510668
anti_reasons,1110111111001111011000011110110110011000011111011011,11.187951347415245,7.921324088501024,6.677526011779743,0.9820132027696608,495,0.5338353605243649
anti_reasons,1111110111101111111000110110011001111001110110011110,11.186628340680537,10.068565955662299,8.307777332378487,0.5414357276687266,495,0.5338904858049776
anti_reasons,1111110110001111111000110111011110011000110110111111,11.186048764111842,10.390906430020692,9.327168573359488,0.27244946019346794,495,0.5339146348286732
anti_reasons,0111101111011111011000110111110111011100111011011110,11.185521860236484,9.148339615288558,7.385996420949223,0.7840566184295128,495,0.5339365891568131
anti_reasons,1110110001111111111100110011110111101101100111110111,11.185214575837605,10.421859413939021,9.376064781058535,0.3984986117856368,495,0.5339493926734331
anti_reasons,1110110111111111101100011111111111011001110110110111,11.185048711726374,10.121725481316867,8.822142741411096,0.42384250513955335,495,0.5339563036780677
anti_reasons,1110110011111111101100110011110111011011111110110111,11.184955081182538,10.253726030759275,9.239871953840623,0.33054721303495244,495,0.5339602049507275
anti_reasons,1110110001111111101110110111110001111001111110110111,11.184641623503198,10.414844281415986,9.049797736366145,0.4029448219676911,495,0.5339732656873668
anti_reasons,1110110001111111111000110110111001111001110110110111,11.184614897209629,10.415851608952982,8.848890498256692,0.4541627019372141,495,0.5339743792829321
anti_reasons,0110110111011111011000111110111011011111111110011011,11.18447040618337,9.098189857284853,8.168238371570729,0.6269150981629972,495,0.5339803997423596
anti_reasons,1111100001111111101100011011110111111011110110110110,11.184422179324358,9.906492987607479,7.31575094780325,0.7764823250967898,495,0.5339824091948184
anti_reasons,1100110011111101111100110110110110011000110111011111,11.184369599493962,9.562871985073649,8.415337569082823,0.4506257718518253,495,0.5339846000210848
anti_reasons,0110110111011111011000111110111011111101111110011011,11.184164929035036,9.272074949156995,8.088903564688684,0.5644281005849013,495,0.5339931279568735
anti_reasons,1110111110001111101100110011111111011101111111111110,11.183664227467478,10.506469080447257,9.565937065189205,0.2279070952380265,495,0.5340139905221883
anti_reasons,1111110001101101100110110111011001111000011111011111,11.183493160932022,10.13725819610905,8.553060147692603,0.4667973441738033,495,0.5340211182944992
anti_reasons,0111110011101111111000110110111011111000110111011011,11.182716548589891,10.057794763406207,8.79541768882353,0.35255987001108224,495,0.534053477142088
anti_reasons,1111101110001111111000111110011110011000110110011111,11.18228552390175,9.908209708658923,9.23635485294404,0.29887333645853037,495,0.5340714365040937
anti_reasons,1111110111001101111000011111110110011001110111111011,11.18151714427359,9.744904212371514,9.132053179579929,0.32038428855077455,495,0.5341034523219337
anti_reasons,0111111110011111001110011110111111001101111110111011,11.180754178600555,9.020722676182631,7.447819919015787,0.60946023138471,495,0.5341352425583101
anti_reasons,1111100001101111111100111011110111011001110011110111,11.18035231540093,10.295386663049714,8.86296493859663,0.3670641520275897,495,0.5341519868582947
anti_reasons,1111110111111111111100110011110011101101100011110111,11.180254055208094,10.381716980575952,8.96952488599106,0.4477925929700185,495,0.5341560810329962
anti_reasons,1111100111111011011100110110111110011111100011011011,11.180005460661457,8.504013102286939,7.169578971302534,0.8538822667300434,495,0.5341664391391059
anti_reasons,1111110110011101101110111110110011111001110110111011,11.179893614220601,10.24280422886711,9.19922381206357,0.31767959329703666,495,0.5341710994074749
anti_reasons,1111100111001111100111111011110111111100111011110110,11.179008802310165,10.248631168498182,8.734773745683055,0.44807420633699896,495,0.5342079665704098
anti_reasons,1101100011111111000110111111011111011000011111011011,11.178756992246603,9.614892271971307,8.687255270624007,0.4376984569959497,495,0.5342184586563916
anti_reasons,1110110011101111111110111110111110011000110011011011,11.178724978521538,8.820324773696951,7.823558269143627,0.5588144629781666,495,0.5342197925616026
anti_reasons,1111110001101111111100111011110011011001110011110111,11.178208038865494,10.206768550450336,8.476517211056766,0.44106452995742945,495,0.5342413317139378
anti_reasons,1111100011101111111000011011011111011000110110110111,11.177116630819905,9.852300531192093,7.446159589642285,0.7018493173258314,495,0.5342868070491706
anti_reasons,0111111110001111011100110111110110011001110011111111,11.176596952204225,8.671477683063411,7.702496645377791,0.6138089024448894,495,0.534308460324824
anti_reasons,1111110001111111111111110111110001111001110011110011,11.175940736057356,10.255908646547587,9.403767312320111,0.27988902378084096,495,0.5343358026642768
anti_reasons,1111110110011111011110110011111111111000110011111111,11.175591358072632,9.774235414485075,8.763439874433558,0.38235814068743296,495,0.534350360080307
anti_reasons,1111100011011111111100110110011111011011110011111111,11.175130440939427,10.087818848924936,9.2230486975442,0.2849545882732829,495,0.5343695649608573
anti_reasons,1111100110001111111000011110110110011000111111011011,11.17469746029722,9.414026796811628,8.413893092030817,0.6144212340507016,495,0.5343876058209491
anti_reasons,1101101111001111011000011110011011111100111110011111,11.174676723371205,10.15570156418833,9.078593347114268,0.32223179950052033,495,0.5343884698595331
anti_reasons,1111100001101111111110110110110001111011110011111011,11.174515621959229,10.079767343280082,8.997680021357638,0.3324075274421437,495,0.5343951824183655
anti_reasons,1111100001101111101110011011110111111011110110110110,11.174077841176162,9.828065717350972,6.790485483056781,0.9053713977010261,495,0.5344134232843265
anti_reasons,1111100011011111111000110111111001111000011011110111,11.173938964755676,10.406086345804193,9.216455255392228,0.2895464913568199,495,0.5344192098018468
anti_reasons,1111100011111111111110110111110001111011110011110011,11.173783082247025,10.107184763497564,9.006468026698059,0.3090997006948045,495,0.5344257049063739
anti_reasons,1111100001111111101100111011111011111001111011110011,11.173529406146422,10.163611579137763,8.713149811874272,0.41978918430164075,495,0.5344362747438991
anti_reasons,1111101110011111111000110110011110011000110110011111,11.173469166888996,9.734290213605444,8.86436927174066,0.4045367240949876,495,0.5344387847129586
anti_reasons,1111111111001111111100111110011001111001111011110110,11.173238800455444,9.897423155216385,8.321202601807409,0.45343910374474417,495,0.5344483833143565
anti_reasons,1110110011101111101110110011110111011011111110110111,11.172862980006146,10.175298760502768,8.664218733055709,0.43960044110509033,495,0.534464042499744
anti_reasons,1111110110001111111100011110110111011000011110110011,11.172858899692333,10.020241658269057,8.902342728106191,0.38819865747771476,495,0.5344642125128194
anti_reasons,0111111100001111011100111011110110011100111110111011,11.1725489045294,9.386062285151674,8.212712166619125,0.5487117176943411,495,0.5344771289779418
anti_reasons,1111110011101101111100110111111110011000110011011011,11.172535112348685,9.53366678918979,8.612712100077811,0.4094144136556569,495,0.5344777036521382
anti_reasons,0111111100001111011100111011110111001100111110011111,11.172027286809257,9.415677388960347,7.897781282988653,0.5851918254546362,495,0.5344988630496144
anti_reasons,1100110011101101111110110110110110011000110111011111,11.17173265582077,9.484444714817142,8.393276881576476,0.42626638245132237,495,0.5345111393408013
anti_reasons,1111100011101111101100111011110011011011110011111111,11.170629256126388,10.093000705367396,8.46988557229054,0.43353700394532535,495,0.5345571143280672
anti_reasons,1111110011101111101110011110110111011011110111110011,11.17055489559695,9.949936325634987,9.063456146677785,0.38261535208628267,495,0.5345602126834603
anti_reasons,1111100001111111111100111011110001111000110110110011,11.170485734209219,10.172169835990983,8.609216632113336,0.44506350315927007,495,0.5345630944079491
anti_reasons,1101100111011111111100111011111111111000110011011111,11.170077181576902,10.10708204632719,9.255660801883689,0.3171290104494004,495,0.5345801174342957
anti_reasons,0111100011111011011100110111111111011111100011111011,11.169884195765952,8.889817159631706,7.697202206230581,0.6386735707258877,495,0.534588158509752
anti_reasons,1110110110011111101100110011111111111111111111110110,11.16981677073075,10.442422997792415,9.272951637726402,0.3400321530516619,495,0.5345909678862188
anti_reasons,1111100110011111011110111011111111111000110011111111,11.169273600459455,9.953831027804114,9.125539277996928,0.32420088650011014,495,0.5346135999808561
anti_reasons,1110111111011101111000111110111110001111100110011011,11.168710502806496,9.24827876024722,8.163286055728348,0.5678508456516743,495,0.5346370623830627
anti_reasons,1111100011001111111000011011111111011000110110111111,11.168014671156088,10.31607859811218,8.71711629893814,0.36746404060467197,495,0.5346660553684963
anti_reasons,1111100011001111111000110111011001111000111011111111,11.167662875459506,10.181027828049752,8.712665077749577,0.3689872842019854,495,0.5346807135225207
anti_reasons,1110111110011111101100110011110111111111111111110110,11.1676027951167,10.376143471593972,9.494912854470362,0.22606098926458193,495,0.5346832168701374
anti_reasons,1111100111111011111100110110111110001111100011011011,11.166924862215655,8.79981272790465,7.392907917034825,0.7598797569436001,495,0.5347114640743478
anti_reasons,0111110110001111011100110111111011111101111110011011,11.166840858798682,10.156282870634447,9.039340143496624,0.39215668015438887,495,0.5347149642167215
anti_reasons,1110111111001101111100111110111110011111100110011011,11.166558903173623,9.704453205944457,8.90708231860264,0.42091557372053623,495,0.5347267123677657
anti_reasons,0111100111111111111000110011110011011101111110011011,11.165851131177941,10.23150595258767,9.198144421326994,0.35800272586957266,495,0.5347562028675859
anti_reasons,1111110011111111001111110111011111011111110111011110,11.165810797191607,10.421626372152897,9.59019046952148,0.2227436401259181,495,0.5347578834503497
anti_reasons,1110111111011111111100110011111011111000111110110011,11.164342065516964,10.144565828039523,8.885415789600204,0.3610363272404332,495,0.5348190806034598
anti_reasons,0111111111001111011100110110011110011000111111011011,11.164328804030188,8.20928995581467,7.099921324027181,0.8416499433353202,495,0.5348196331654089
anti_reasons,1110111110011111101100110011111111011101111110110111,11.163711547618595,10.518283455285626,9.473316963481308,0.21056292110073424,495,0.5348453521825585
anti_reasons,1111110001111111111100110011110111101101100011110111,11.162788462187637,10.4216877346901,9.347190543183638,0.38149052280808804,495,0.5348838140755152
anti_reasons,1111100011101111111100111011110011011001110011110111,11.162113404482222,10.183078497303223,8.262273991331492,0.48197086126876765,495,0.5349119414799075
anti_reasons,1111100001101111101110111011111011111001111011110011,11.161437304970029,10.085184308881256,8.249030291159848,0.5258400410896796,495,0.5349401122929154
anti_reasons,1110111111101111111100110110110001111000011110110011,11.160734938085877,10.16352629420636,9.09719267094492,0.35197154537501835,495,0.534969377579755
anti_reasons,1111110111011111111000011110111110011000110110011111,11.16009513484368,9.867472014934377,9.22909903926954,0.36795538419501445,495,0.53499603604818
anti_reasons,1111110111001111111100011110011111011011110111110111,11.160070167087946,10.189992362263641,8.815925947347246,0.381244212355233,495,0.5349970763713356
anti_reasons,1111110110011011011000110111111110011101100110011011,11.159929305394842,8.790677973305396,7.712603176039454,0.7752207840094568,495,0.5350029456085483
anti_reasons,0111110111111011011110111110111111001101100011011011,11.159464728837289,7.794331209251835,6.471374277223758,0.9350885683668165,495,0.5350223029651129
anti_reasons,1111111110001111111000011110110110011000110110111011,11.159318503530024,9.667613452223161,8.917389510073548,0.4377236202616278,495,0.5350283956862489
anti_reasons,1110111110011111101111110011111111001100111110111110,11.159308087004897,10.213420239390617,9.013936690644314,0.3377380398748189,495,0.5350288297081294
anti_reasons,1111111111011111101100110110111111011001110011111110,11.158909601870217,9.965528354087308,9.200426622028674,0.3179996739248724,495,0.5350454332554075
anti_reasons,1111100110001101101100110110111111011001100110011111,11.15880518019284,9.776750418389081,8.41237225612754,0.3805135155170958,495,0.5350497841586317
anti_reasons,1111111110001111101100111110110011111000110110011011,11.158196072068735,9.901859496977307,9.167552306908949,0.3331159265187348,495,0.5350751636638027
anti_reasons,0111100011101111100111111011111110011000111111111011,11.15816565331599,9.958448459002309,9.244071211195374,0.35372241200067467,495,0.5350764311118337
anti_reasons,1111100011111111111111110111110001111001110011110011,11.158151948002555,10.232218593400473,9.31711812926846,0.28436577796909035,495,0.5350770021665603
anti_reasons,1111100011001111111000011111011111011000110110111111,11.158090608501452,10.317435329355627,8.693165559524738,0.3826862791756451,495,0.5350795579791061
anti_reasons,1111100001111111101100111011110011011011110011111111,11.157651417917204,10.122366876780067,8.881824043839199,0.34579780546520433,495,0.5350978575867831
anti_reasons,1111100110001101111100110110111110011000110110011011,11.156209947668067,9.377422852920002,8.481373581628718,0.37482045771008526,495,0.5351579188471638
anti_reasons,1111100001101111101110011110011001111001110111111111,11.155153964909516,9.894499864692456,7.810608640944933,0.6479334624739511,495,0.5352019181287702
anti_reasons,0111111110011011011100111110111011001100111110011011,11.155025403621691,8.608980201070054,6.8370206525199935,0.8899241515394859,495,0.5352072748490961
anti_reasons,1111100001111111101100011110111001111001100111110111,11.15497828835327,10.11352976007874,8.305587157912584,0.5368239020845198,495,0.5352092379852804
anti_reasons,0111111100001111011100111011110111001100111110111011,11.154541510672155,9.421643966284234,7.876606888301129,0.5791414890025857,495,0.5352274370553269
anti_reasons,1111110001111101100110110110011001111001111111011111,11.154402662141226,10.208766354404222,9.114109551745685,0.36458931867494454,495,0.5352332224107823
anti_reasons,1100111100001111111000111111011110001100111111011011,11.154064397524378,9.335761391282011,8.03266957265942,0.531740062089557,495,0.5352473167698175
anti_reasons,1111101110001111111000110111011110011000110110011111,11.150206436239905,9.940336587635784,9.091900028174484,0.3032432223901609,495,0.5354080651566706
anti_reasons,1111100011101111100111110111011001111000110110110110,11.150038632385437,9.928397700210606,6.7699339767046345,1.0248872807017455,495,0.5354150569839402
anti_reasons,1110110011101111111110110111110110011001110011011011,11.149680677210416,8.673239270403286,7.614335985544431,0.5969759790589528,495,0.5354299717828994
anti_reasons,1111110111001111111100110110111011011100011011110011,11.14873166005934,10.370033997659561,9.011797938220646,0.38542699207258413,495,0.5354695141641941
anti_reasons,1111110110011011011000111110111110011101100110011011,11.148605173396742,8.758551094328537,7.780966919302756,0.7916790066996313,495,0.5354747844418024
anti_reasons,1111110011001111111110110110111111111001110011111110,11.148313659961207,10.56160040940315,9.236071830993135,0.2898535206074412,495,0.5354869308349497
anti_reasons,1111100111001111111000110111011001111000011011111111,11.147972267007875,10.088457322984512,8.722601029210505,0.3585642402701795,495,0.5355011555413385
anti_reasons,1111100111111011011100110110111111001111100011011011,11.146988416156336,8.539594783419501,6.977598279038026,0.8697591496280183,495,0.5355421493268193
anti_reasons,1111100001101111101100011111011001111001110111111110,11.146755714064488,9.770376471381226,7.139445335578525,0.8540914244234324,495,0.5355518452473129
anti_reasons,1111100011111101100110110110011001111001111111011111,11.146495779518595,10.185076301257109,8.94273829577277,0.38768430155057143,495,0.5355626758533918
anti_reasons,1111100001101111101110111011110011011011110011111111,11.14599496964218,10.04393960652356,8.405517097814935,0.4413101830230051,495,0.5355835429315758
anti_reasons,1111101111011111011100110110011110011000011011011011,11.145937012565295,8.064202178654638,6.844103654479373,0.9813344477881569,495,0.5355859578097795
anti_reasons,1110110011101111101100111110011111111000011111011111,11.145899583099695,10.210558563504838,9.337962362213679,0.3090050415521197,495,0.535587517370846
anti_reasons,0111101110011111011100111111110111101100111011011110,11.145694016368735,9.278604329108953,7.472393418842726,0.6725237190656278,495,0.5355960826513027
anti_reasons,1111101110001111111000110110011110011001110110011111,11.145453716375675,9.762480936608707,8.91230314570512,0.3219071762074149,495,0.5356060951510135
anti_reasons,0111111110011111001110011110111111001100111110011111,11.145328497291684,8.902109483230815,7.470553305087132,0.643602195350309,495,0.5356113126128466
anti_reasons,1111110001101111111110110110011001111001110110011110,11.145019398109206,10.017573875882487,8.203368735842057,0.5681946631728507,495,0.5356241917454498
anti_reasons,1111100111011111111000110110111001111000111011110111,11.144933551974857,10.352829407479113,9.306707308147653,0.2966751608535089,495,0.5356277686677142
anti_reasons,1111100111001111111111011111011001111001110111110110,11.144905420965854,9.777773317799362,7.069546844171281,0.8720873596208654,495,0.5356289407930894
anti_reasons,1111100001101111100110110011011001111000011110110111,11.143747531591954,9.699088139503138,7.176908325576549,0.7928209356127569,495,0.5356771861836687
anti_reasons,1111110111001111111100110110111111011001110011111110,11.143745380535455,10.301112674383917,9.223997800265979,0.28070503674968694,495,0.5356772758110226
anti_reasons,1111110110001101111100110110110011111001110110011011,11.143115633947984,9.942194471091613,8.625999172230385,0.3334449803161721,495,0.5357035152521674
anti_reasons,1111110110011011011000110110111110011111100110011011,11.142735541155986,8.653087139061665,7.449449776536385,0.8252294275937717,495,0.535719352451834
anti_reasons,1110110110011111101100110011110111111111111111111110,11.142188011978298,10.553194460168147,9.934237059023443,0.1672795239597121,495,0.535742166167571
anti_reasons,1110110110001111101110111111110111011100011111110110,11.142128883157108,10.282747361640393,9.301796620997916,0.362088792434708,495,0.5357446298684538
anti_reasons,1111111110001111111000110110011110011000110110011111,11.140980844321511,9.728614095339886,8.884130500368663,0.37143647657797746,495,0.535792464819937
anti_reasons,1111101111001111111000110111011001111000011011110111,11.140480186969175,9.911406334410337,8.283276824657424,0.40443289755598183,495,0.5358133255429511
anti_reasons,1111110011111101101100110110011011111000111110011011,11.140258425680925,10.051381799562483,8.949745052620028,0.3678066643754322,495,0.5358225655966282
anti_reasons,1110110011011111111000110110011011101101111110111011,11.140104366939878,10.061926239250285,8.677348347279391,0.41810477882822644,495,0.5358289847108384
anti_reasons,1111100110011111111100111110011111011000110110111011,11.140004138856296,10.34926472636193,9.785166898826805,0.2524730311096577,495,0.5358331608809876
anti_reasons,0111101110011111111000110011111111001100111111011110,11.139802618466387,9.892802689137545,8.38387876584088,0.4873730020161061,495,0.5358415575639006
anti_reasons,1110111110011111101100110011111011011101111111110111,11.139564365045345,10.429493663437325,9.454378501099798,0.23165523824785184,495,0.5358514847897773
anti_reasons,1110111110001111101100111111110111101101110110111110,11.13945070280359,10.390913689856422,8.976555489175345,0.36217306956093337,495,0.5358562207165172
anti_reasons,1111100111001111111000111011110111001101111011011011,11.137419891338691,9.548358147900629,8.18468137487503,0.5593967283469758,495,0.5359408378608879
anti_reasons,0111100111011011011000111110111111001111111011011011,11.135673729462571,7.879476370744623,6.3783319543692665,1.0258500607335992,495,0.5360135946057263
anti_reasons,0111101110011111001110011110111111001111111110111011,11.134688578253964,9.094854334234798,8.030935980328632,0.5419921360981219,495,0.5360546425727515
anti_reasons,1110111110011101101100110111110111111101110111111110,11.134518273510292,10.531849730781914,9.624858031874378,0.23538167555063896,495,0.5360617386037378
anti_reasons,1110110011111011011100110110111111101101100110011011,11.134446004407327,8.641485822157144,7.2490204983649065,0.7067998527667299,495,0.5360647498163613
anti_reasons,1111100001111111111100111011110011011001110011110111,11.133101573132327,10.212444668715893,8.694553375440421,0.3734453596754474,495,0.536120767786153
anti_reasons,1111110110001111101100110111110011111001110110011111,11.132752116068941,10.412456482284007,9.251130484529112,0.29408645095837394,495,0.5361353284971275
anti_reasons,1100110111011111011000110110111011101101111110011111,11.132291125373701,10.005950468578845,8.413373242363916,0.5165115366110956,495,0.5361545364427625
anti_reasons,0111100011111011011100111111111111011111100011011011,11.13179257367273,8.550823007584041,7.596363441711841,0.7541162971458788,495,0.536175309430303
anti_reasons,0111111111101111111110111011011111001111111111011110,11.131667544486445,10.48143717421996,9.57835274144841,0.26812436501515025,495,0.5361805189797315
anti_reasons,1111100110011111011110110011110111011000110111111111,11.131500461360305,9.998192022833912,9.270795678560106,0.34499665513623845,495,0.536187480776654
anti_reasons,0111101110011111011100110111111111101100111011011110,11.131415694540705,9.31208793932926,7.499561793155804,0.6485028439307431,495,0.5361910127274707
anti_reasons,1110110011111111111100110011110011101101100111110111,11.131092839287154,10.30955124819253,8.896442436086815,0.4825255186652569,495,0.536204465029702
anti_reasons,1111101110001111011110111011110111011001110011111111,11.130955879286951,9.588945700325521,8.996949692599603,0.36814856355086134,495,0.536210171696377
anti_reasons,1110110110011111101100110011110111111111111111110111,11.130573621790338,10.559161037492036,9.894846815668274,0.15944815108319824,495,0.5362260990920693
anti_reasons,0110110111011111011000110110110011011111111110011111,11.130315048988807,9.139358434110179,7.8433627763582425,0.6345466639497324,495,0.5362368729587996
anti_reasons,1101101110011111011110110110011011111000011110011011,11.13021260163319,9.458665041835262,8.197155240505813,0.5316386391340793,495,0.536241141598617
anti_reasons,1110110111011111111100110110011111111111100111111110,11.129921580494353,10.52217537652753,9.345220619347156,0.2567436238045126,495,0.536253267479402
anti_reasons,1111100110001111111000110110110011101100111011011011,11.128631657332972,9.700640527397475,8.06690765005996,0.5889635500869977,495,0.5363070142777928
anti_reasons,1110110011101101101100111110011111111000111111011111,11.128083552543306,10.141490013445669,9.044887611628091,0.38047590465627296,495,0.5363298519773623
anti_reasons,1111100111111011011100110110111110001111100011011111,11.127669099178028,8.625192157063326,7.227290872506034,0.7664867778241733,495,0.5363471208675821
anti_reasons,0111100011111011011100110111111111111111100011011011,11.127461073017736,8.61924414418931,7.399973006196442,0.7137329751451023,495,0.5363557886242609
anti_reasons,1111110011001111111100110110110001111001110110110111,11.127156847902134,10.439259700523467,8.760177251411456,0.43193008946892164,495,0.5363684646707445
anti_reasons,1111100110001101111110111110011110011111110110111011,11.127106294492485,10.32638954100424,8.990980011607803,0.28370137660196226,495,0.536370571062813
anti_reasons,1110111110001111101110111011110111011100011111111110,11.126722454393775,10.2014595602696,9.321352994988949,0.2847803026297369,495,0.5363865644002594
anti_reasons,1111100110011011011100111011111110001101111111011011,11.126558694835145,8.674008423421252,7.196445904231244,0.7971351623111511,495,0.5363933877152023
anti_reasons,1110110011111111111000110110011011101100111110110011,11.12623510368146,10.193642558803818,8.492299917548465,0.4958148635144036,495,0.5364068706799392
anti_reasons,1111111110001111101100110111110011111000110110011011,11.126116984406893,9.933986375954168,9.04525527636564,0.3233334119752913,495,0.5364117923163794
anti_reasons,1111110110011111111000111110111001111000111011110110,11.124956663809037,10.226297810706297,8.98048786403536,0.3012271091514348,495,0.5364601390079569
anti_reasons,1110110011101111101111110011110011111011111110110011,11.124514335504394,10.021239697739956,8.328196854025112,0.5454796582269708,495,0.5364785693539835
anti_reasons,1111101111001111111000110111011001111000011011111110,11.124077743819806,9.905439757086448,8.322667068012594,0.3900654178856945,495,0.5364967606741748
anti_reasons,1110111110011111101110111011111011011100011111110111,11.123862951366089,10.416343141158121,9.706949769058212,0.2121401132814591,495,0.5365057103597464
anti_reasons,1111100011111111011100110011011111011100111011111011,11.12321739404398,9.792142361643899,8.651881687736985,0.42032957575579427,495,0.5365326085815008
anti_reasons,1110111110001101101110110111110111111101110111111110,11.12268262773328,10.453422460525406,9.100892841409921,0.33102486749355425,495,0.5365548905111133
anti_reasons,1111100011011111111000110111011001111100111011110111,11.122257854111652,10.392629352774692,9.142384874301964,0.34625753058689407,495,0.5365725894120146
anti_reasons,1110110110011101101100110111110111101101111110111110,11.121775584177122,10.326972291609392,8.935163069815143,0.43434931821447575,495,0.5365926839926198
anti_reasons,1110110111011011011000110110111011101100111110011111,11.121683585197244,9.042223819413778,7.330144218326308,0.6606063100553271,495,0.5365965172834481
anti_reasons,1111111110001111101100110110110011111001110110011011,11.12136426454266,9.756130724927091,8.874842640544408,0.34898602129243356,495,0.5366098223107225
anti_reasons,1111100001101111111110111011110011011001110011110111,11.121009471955935,10.134017398459388,8.199837602658759,0.4893402629431198,495,0.5366246053351693
anti_reasons,1101111111101111000110111110110011101101110110011111,11.120836354453843,10.472678961014083,9.466198553411902,0.33934898994107004,495,0.5366318185644232
anti_reasons,1111111110011011001110011110111110011100111110011011,11.120244685156667,8.2951166584828,7.12023070866969,0.8599598406489741,495,0.5366564714518056
anti_reasons,1111100011001111111000011110111001111100011110110011,11.11939625560685,10.329035901632981,9.086687412813395,0.3342274443182426,495,0.5366918226830479
anti_reasons,1111111110011011101110011110111110001100111110011011,11.118860255059985,8.590916284100512,7.252286942260733,0.7481914151093451,495,0.5367141560391673
anti_reasons,0111100111111011011100110111111111011111100011011011,11.118618017152842,8.364785031538238,7.110137937993252,0.8066447737345888,495,0.5367242492852982
anti_reasons,1111111111011111111100111110011001111000111011110110,11.117914593587628,9.869232432213124,8.750835954891274,0.3585955064852317,495,0.5367535586005154
anti_reasons,1111100001111111100111110111011001111000110110110110,11.117852542459872,9.957763871623277,7.194915188774823,0.897046234188377,495,0.5367561440641719
anti_reasons,1110110001111111101110110111110111011011000111110111,11.117070736837164,10.145682192781893,9.342305675899237,0.31552139869438917,495,0.5367887192984515
anti_reasons,0111111111101111011000110011110011011100111110011111,11.116507890391084,10.164142119552873,8.916282902971478,0.3848321711159532,495,0.5368121712337048
anti_reasons,0111110111101111011000110011111111101100111011011111,11.114568236546317,9.41160833958805,7.97871906366185,0.49318199812497276,495,0.5368929901439035
anti_reasons,1110110011111111111000110111011001101100111110111011,11.114390670895219,10.380969696974912,8.955438189920477,0.38785750953186543,495,0.5369003887126993
anti_reasons,1110110011111111011110110110011111001100111011011011,11.114233238225744,8.307132552068914,6.663958134460925,0.8348759583226631,495,0.5369069484072606
anti_reasons,1110111110011111101110110011111011011101111110110111,11.112854703309942,10.3569141906953,9.246872022404693,0.281173793791855,495,0.5369643873620857
anti_reasons,1110110011101101101100111110110111111001100110111110,11.11214165658893,10.046141088333446,8.207558869132196,0.6156371606476976,495,0.5369940976421279
anti_reasons,0111110111001111011110111110110011011000011111011111,11.111739528176436,9.429299245868012,8.294076924145163,0.5735931208986377,495,0.5370108529926485
anti_reasons,1110110111011111111100110011110011111000111110111011,11.111588308988255,10.029757818715245,9.10961337590024,0.32250008198576197,495,0.537017153792156
anti_reasons,1110110001101111011100111110011111111100111111011110,11.111532233300101,10.321151965144853,9.342867551172874,0.2540561297599539,495,0.5370194902791625
anti_reasons,0111110111101111111110111011011111001101111111011111,11.111065136651728,10.51154330770675,9.560378056031654,0.27141411534946297,495,0.5370389526395114
anti_reasons,0111110011111111100110111011111110011000011111111011,11.110746945068183,9.678830946974317,8.893812669621688,0.41076308531189815,495,0.5370522106221591
anti_reasons,1111101111001111111000110110011111011000110110011011,11.110625926832672,9.619326668548949,8.735157882321587,0.4245450755634588,495,0.5370572530486386
anti_reasons,1111100011001111111000111111110001111001110111110011,11.10985450041079,10.326156282509407,9.058185598262321,0.32705602313348003,495,0.5370893958162171
anti_reasons,1111110111001101111100111011111111001101111011111011,11.108675487941417,10.352796423823616,9.309077647517029,0.2727206192053539,495,0.5371385213357742
anti_reasons,1111100011011111111100110110110001111001110110110111,11.108239072700247,10.444935818789027,9.106750322237675,0.3580547547660651,495,0.5371567053041564
anti_reasons,0111100110011111011110110110111011001101111110011111,11.107749659671583,9.671867875106132,8.0523641502653,0.5757406136315217,495,0.537177097513684
anti_reasons,1111100111001101111100011111110110011000110111011111,11.107702519772332,9.617917675756955,8.841454851858034,0.3254111710857861,495,0.5371790616761529
anti_reasons,1110111111011111011000011110110110011000011110011011,11.107070429354433,7.927171886015504,6.677445374833933,1.0055491146128934,495,0.5372053987768985
anti_reasons,1111111111101101111000110110011001111001110110011110,11.106784618685987,10.060168960605559,7.9529460375334375,0.5778646745015605,495,0.5372173075547506
anti_reasons,1111110110001111111000110111011111011000110110011111,11.105047016620462,10.299342479052978,9.328940689706831,0.2547394122725435,495,0.5372897076408141
anti_reasons,1111110001101101101100110110011111011101100110011111,11.104485960537128,10.251821266844411,8.696483052406268,0.4039696403359736,495,0.5373130849776198
anti_reasons,1111100110011111111100110110011111011001110110111011,11.10317233133022,10.203535954311713,9.34565341970852,0.2800999393565086,495,0.5373678195279075
anti_reasons,1111110001111111111110110111111001111001110011110011,11.102514294377206,10.269822382131853,9.036203382138355,0.34498127217663394,495,0.537395237734283
anti_reasons,0111110011111011111100110110111110001101100011111011,11.101616508163328,8.315177271784147,6.932137015358554,0.7299060537181113,495,0.5374326454931946
anti_reasons,1111110111001111111110011111011001111100110111110110,11.10136782580666,9.995737306590819,8.124670682834351,0.7155944531100606,495,0.5374430072580558
anti_reasons,1111110111101111101110011110110011011011110111110011,11.100654427048429,9.854875850308845,8.492633421691108,0.42256092700698183,495,0.5374727322063155
anti_reasons,1111100110011111101100110111110011111001110110011111,11.099588612442899,10.418132600549566,9.423264630347402,0.24994745745432687,495,0.5375171411482125
anti_reasons,1111100111101111111000110011011111111000011011110110,11.099569158059568,9.887928962939487,7.669560359122059,0.5860088762953026,495,0.5375179517475179
anti_reasons,1111111111001111111110111110011001111000111011110110,11.09952450682137,9.790805161956618,8.256120182109612,0.4397371588814819,495,0.5375198122157763
anti_reasons,1111101110001111111000011111111110011000110110011011,11.09909468806687,9.5738254026917,8.923905869506902,0.41742369487126063,495,0.537537721330547
anti_reasons,1101101111011111011110110011111111011000110011111111,11.09894629153181,9.584864234916367,8.76019896812661,0.4261392242914864,495,0.5375439045195078
anti_reasons,1111100111001111111100110011110011011001110111111011,11.09829406779481,10.082666528563848,8.82514076303115,0.27321090367473266,495,0.5375710805085496
anti_reasons,1110111111111111101100011110111111011001110110110111,11.09791891988672,10.056802686361873,9.224500626960774,0.3095791813047243,495,0.5375867116713866
anti_reasons,1110110110001101101110110111110111101101111110111110,11.097832499327453,10.248545021352886,8.381553734834585,0.5249371219025635,495,0.5375903125280228
anti_reasons,1111101111001111111000110111011001111100011011110110,11.096864118737784,10.032585389186723,8.236789728207881,0.4528618663132687,495,0.537630661719259
anti_reasons,1111100011111011111100110110111110001101100011111011,11.09567672393786,9.171933423586843,7.835659510015658,0.6335921440392541,495,0.5376801365025892
anti_reasons,1111100011111111111110110111111001111001110011110011,11.094658765921366,10.246132328984741,9.003930451091193,0.3537628596677575,495,0.5377225514199431
anti_reasons,1110110011101101111000011110011111111000011110111110,11.09442076907135,9.920335145368705,8.102559043278497,0.6184082634962222,495,0.5377324679553603
anti_reasons,1111110011001111111110011111011001111001110111111110,11.09438236208389,9.90890087848613,8.185935476679951,0.6459143415818044,495,0.5377340682465046
anti_reasons,0111100110011011011110110111111011001100111111011111,11.092872746534008,9.012787513868062,7.382438944819465,0.6965384049401504,495,0.5377969688944164
anti_reasons,0111111111001111001110111110111011111000011111011011,11.092308173649448,9.03651159272668,8.239417699489577,0.5931885080340741,495,0.5378204927646064
anti_reasons,0111110001101111011100111111110001111100111110011011,11.091836938118508,10.07900303985142,9.212997413580242,0.3401364847076129,495,0.5378401275783955
anti_reasons,1110110110011111101100111011110111111111111111110110,11.09165060527999,10.408939387572106,9.608362723614688,0.2868732308870569,495,0.5378478914466671
anti_reasons,1100110111011011011000110110111011101100111111011111,11.091551433953617,9.05636784068577,7.3205832234926405,0.6893915859199904,495,0.537852023585266
anti_reasons,1111100011001111111000111110011001101100011110110011,11.091537167631087,9.89229560422775,8.102740844407712,0.46535268572019495,495,0.5378526180153713
anti_reasons,1111100111111011011100110110111110001111100011111011,11.09098674295599,8.631158734387213,7.212464935060846,0.7572410941446316,495,0.5378755523768337
anti_reasons,1111100111001111111000110111011111111000111011110110,11.090406539443258,10.115341217526414,8.184569400678098,0.45957061541637206,495,0.5378997275231976
anti_reasons,1111101110001111111100110110011110011000110110011111,11.0901806751444,9.720240751677142,8.901384633125357,0.3295838956683312,495,0.53790913853565
anti_reasons,1111111110001111101100110110111011111000110110011011,11.089884925447015,9.935343107197614,8.999454599167004,0.33129854321487123,495,0.5379214614397076
anti_reasons,1100110111111011011000110110111011101100111110011111,11.089540855446609,9.624753141031231,8.038253913692714,0.5597879783326044,495,0.5379357976897245
anti_reasons,0111110110001111011100110110110011111101111110011111,11.089421168020543,10.165324568482912,8.813347929288378,0.41144981824397386,495,0.5379407846658106
anti_reasons,0111110011111111111100110011011110011100111011111111,11.089006497484185,9.787007116728274,8.885126257003222,0.3016187601026612,495,0.5379580626048257
anti_reasons,1111100111001101111100110110011111111000110110011111,11.08812935365816,10.148376647473887,8.600175270655221,0.39255365138560355,495,0.5379946102642432
anti_reasons,1111100110001101101100110110111110011001100110111111,11.08784222538524,9.868314369356794,8.352304987010069,0.41585927578143855,495,0.5380065739422817
anti_reasons,1100111100001111111000110111011110001101111111011011,11.087116065209338,9.190032619231793,7.801496694256447,0.5695782578879589,495,0.5380368306162775
anti_reasons,0111110001101111111000111110011011111000110110011111,11.086743526383735,10.065734295062548,8.955480719415995,0.4128140212266893,495,0.5380523530673444
anti_reasons,0111101110011111101100111011111111001100111110011011,11.086299743239493,9.314550802976735,8.137118134110539,0.501866913300481,495,0.5380708440316877
anti_reasons,1110110111101111111000110110011110011100111011011011,11.084531630199436,8.949020870122752,7.742500721820181,0.5935651453089911,495,0.5381445154083568
anti_reasons,1110110111101111111100110110110001111000011111110011,11.084351507553484,10.016554917616533,8.929061961997181,0.3607064031683894,495,0.5381520205186048
anti_reasons,0111101111111011011100111110111111001101110011011011,11.084082921601274,8.100010200922162,6.73458056795908,0.9415879727306202,495,0.5381632115999468
anti_reasons,0111101110011111011100111111110111001101111011011110,11.08365365284862,9.064454420453467,7.224339950668723,0.7493026106670128,495,0.5381810977979742
anti_reasons,0111111111001111011110110110011110011000011111011011,11.081083963596987,8.050410661485246,6.881122212303161,0.8785621689541139,495,0.5382881681834588
anti_reasons,0111110001111111011000110110111001111101110110011111,11.081059971936064,9.970549388111658,8.776961760424992,0.350806680780058,495,0.5382891678359973
anti_reasons,1111101111001111111000110110011110011000110110011111,11.080853246187349,9.704924042192774,8.894978068768097,0.3394098164928369,495,0.5382977814088605
anti_reasons,1111110110011011101110011110111110011100111110011011,11.080649177668844,8.835560720026036,7.887406664049153,0.6194881809741223,495,0.5383062842637982
anti_reasons,1111110001101111101100011110011001111011111111110110,11.080531183974601,9.878468986485629,7.60377838343814,0.8227935641750159,495,0.5383112006677249
anti_reasons,1111100110001111101110110111110011111001110110011111,11.080528899685563,10.339705330293059,8.769899286365327,0.33542116628089724,495,0.5383112958464349
anti_reasons,0111100011111011011100110111111111011111110011011011,11.080168089463166,8.457355536603478,7.214355147418271,0.7665708017128797,495,0.5383263296057015
anti_reasons,1110110011001111111110110111011111111101100110111110,11.080084282565187,10.430393433772226,8.801182782759987,0.4323513138061054,495,0.5383298215597838
anti_reasons,0111100110011011011110110111111011001100111111111011,11.080009773457762,9.01875409119195,7.324676944877003,0.6941791410421935,495,0.5383329261059266
anti_reasons,1111100011101111111000110111011001111001110011110111,11.07964203065613,9.968503343595925,7.768856141125941,0.6406282941471559,495,0.5383482487226612
anti_reasons,0111110110011111011000110011110111011100111110011011,11.079229139705715,8.896930348366443,7.391489894293876,0.7639582844889566,495,0.5383654525122619
anti_reasons,1111110011001111111000110111011001111000011011111111,11.079112753748573,10.094899685711276,8.772009385017903,0.3536829418745595,495,0.5383703019271429
anti_reasons,0111101110011111011100110111110111101101111011011110,11.078745684053695,9.132875557058735,7.14810650107794,0.7075313735233842,495,0.5383855964977626
anti_reasons,1110111110001111101100110011110111011111111111111110,11.078527913140006,10.36752151496008,9.630355098132522,0.24401546829924226,495,0.5383946702858331
anti_reasons,1110110111111111101100011110111111011011110110110111,11.078488879197014,9.984134647073136,8.737556653590786,0.4064978580798767,495,0.5383962967001243
anti_reasons,0111101111011011111100011110111110001100111110111011,11.078415705132231,8.868650906770533,7.21708694425173,0.6785286516948181,495,0.5383993456194904
anti_reasons,0111101110011111011100110111110110011001110011111111,11.078243796489861,8.67715380132897,7.678656129634871,0.6708945492525742,495,0.538406508479589
anti_reasons,1111110011111111101110011110110011011011110111110011,11.077360760535885,9.866994331301168,8.878539677784254,0.344784052935632,495,0.5384433016443382
anti_reasons,0111100111011111111100011110111110001101111110011011,11.076958697992255,9.073892618347971,7.6824565270822145,0.5795997115311279,495,0.5384600542503226
anti_reasons,0110110111011111011100111110111011011101111110011011,11.076483976073819,9.015684855569944,7.6795748614096375,0.6358185000947628,495,0.5384798343302575
anti_reasons,1111110001101111101110011110011001111000110111111111,11.076345224845218,9.860633023423636,8.341250136597967,0.5759881374545058,495,0.5384856156314493
anti_reasons,1111100110011111011110110011110111011100110111011011,11.076217443537471,9.339195613080639,8.261747716634117,0.6505969980354197,495,0.5384909398526054
anti_reasons,1110110011101111101110110011111111111001110110110111,11.07620700177921,10.071508815010144,8.105853286828449,0.6262974137808371,495,0.5384913749258662
anti_reasons,1110110011101101101100110110111111111001100110111110,11.075362855633802,10.07962469855375,7.895081042043202,0.6478648700857321,495,0.538526547681925
anti_reasons,1111110011111111011100110011011110001101111011111111,11.075321989337086,9.598942217649222,8.352213143390713,0.447232926621388,495,0.5385282504442881
anti_reasons,0111100001101111111000111110011011111001110110111011,11.074474953265264,10.105567713655256,8.593800272147197,0.4906076380640816,495,0.5385635436139473
anti_reasons,1110110001101111101100110111111001111001110111111110,11.073306350763085,10.119326246844697,8.254557695475334,0.5817485473054115,495,0.5386122353848715
anti_reasons,1101110011101101100110110110110110011111100011111111,11.073164032103401,9.996042683692462,8.769683291663952,0.38836271652033777,495,0.538618165329025
anti_reasons,1101100011101111000110111111011111011000011111011111,11.072848825593708,10.121839341748565,9.367103019454078,0.28403471075180814,495,0.5386312989335955
anti_reasons,0111110110001111011000111110110011111111100110111111,11.072610105873563,10.369132545640984,9.659995842849074,0.22174101660667886,495,0.5386412455886016
anti_reasons,1101100011101101100110110110110110011111110011111111,11.072134846518077,10.082170826030936,8.733634175497542,0.413180751113502,495,0.5386610480617469
anti_reasons,1111110110001101101100111110110011111001110110011111,11.070451767574724,10.146353136550395,8.58131651859701,0.4092692396763097,495,0.5387311763510532
anti_reasons,1111100011001111111100110111011001111000011011111111,11.069754039338576,10.086526342048534,8.692566583103861,0.3585780240695893,495,0.5387602483608926
anti_reasons,1111100111011111111110011111011001111100110111110110,11.069696834577856,10.001413424856379,8.110238514055755,0.6511636761299314,495,0.5387626318925893
anti_reasons,1110110011101101111000011110110011101100111110111011,11.069655978866093,10.210873439255973,8.737986080582557,0.4194606254191384,495,0.5387643342139128
anti_reasons,0111111111001111001110111110110011111000111111011011,11.069330946561983,8.909560511525811,7.896240637065156,0.6279137165072824,495,0.5387778772265841
anti_reasons,1111100111111011011100110111111110001111100011011011,11.067942536903825,8.324291461316408,6.846128617352359,0.8374705407084946,495,0.5388357276290072
anti_reasons,1110110111101111101100111111111111011001100110110110,11.06680450813637,10.205389246718397,8.332972463204419,0.6120795559993525,495,0.5388831454943179
anti_reasons,1111100111001101111100011111110110011000110111111011,11.066512245610054,9.62388425308084,8.829472051668551,0.320426873344848,495,0.538895323099581
anti_reasons,1111100011101111101100011110011001111011111111110110,11.065299356197846,9.854778933338517,7.114205305228186,0.8698097575156017,495,0.5389458601584232
anti_reasons,1110110111101101101100111110011111111000011111011111,11.064467029265025,10.048919508380429,9.051028063249747,0.36982448326411516,495,0.5389805404472907
anti_reasons,1111110111001111111100110110111001111011111011110110,11.06431311794924,10.27452073035105,8.50517382326731,0.421793940206372,495,0.5389869534187817
anti_reasons,1110110011101101111100110110110110011000111011011011,11.062364311834939,8.599619334258653,7.067161280967116,0.685666182507988,495,0.5390681536735442
anti_reasons,1101100110001111111111110111011110011000011011111111,11.061842675765416,10.163885205988105,9.336870648408198,0.2933520999834064,495,0.5390898885097744
anti_reasons,1111100011101111101110011110011001111000110111111111,11.061113397068464,9.836942970276523,7.836257367515216,0.6168257116662067,495,0.5391202751221473
anti_reasons,1110111111001111011000011110110111011000011110011011,11.060892053775124,8.348521582148937,7.008746234978261,0.8421903904498018,495,0.5391294977593699
anti_reasons,1111100110001111100110011110110111101100111111110110,11.060513830540463,10.044135036604413,8.196580642313874,0.5419040986175617,495,0.539145257060814
anti_reasons,1111100011001111100110110111011001111100111110110110,11.060013293677791,10.102769170078448,7.69221803070027,0.7733649782317467,495,0.5391661127634253
anti_reasons,1101100111011111111110111011111111011000110011011111,11.05897852652369,9.786314144411936,9.142299174867977,0.3341126431003125,495,0.5392092280615128
anti_reasons,1111110001101101100110111110011001111000011111011111,11.058712960311139,10.10513131713219,8.910644761730362,0.4461074574126588,495,0.5392202933203691
anti_reasons,1111101111011111101100110110111111111001110011111110,11.058398089332181,10.213545104011615,9.458422256836771,0.23571076627625054,495,0.5392334129444925
anti_reasons,1111101110001111011000110111011011111000011110011011,11.058038721342898,9.65274043663927,8.417529783672375,0.46683217815715433,495,0.5392483866107125
anti_reasons,1111110110011111111100110110011111011000110110111011,11.05753415674454,10.169669113042893,9.317480774372063,0.32052545937304,495,0.5392694101356441
anti_reasons,0111100111111011011100111110111111011101110011011011,11.057353508602786,8.344654636847686,7.194762439468191,0.803223940369272,495,0.5392769371415507
anti_reasons,1111100110011011011110111011111110001100111111011011,11.057262473805304,8.567390430161483,6.969020797061474,0.8184246219129215,495,0.5392807302581124
anti_reasons,1111110111001111111111011111011001111000110111110110,11.056714454363679,9.743906476530544,7.612602906485327,0.7954221427311475,495,0.5393035644015134
anti_reasons,1111100111001101111110110110110110011001100110011011,11.056660981082219,9.09442089753205,7.994689447607555,0.46143985766441714,495,0.5393057924549076
anti_reasons,1101111111011111011110110011111110011000110011111111,11.055264800353958,9.157838420517376,8.291445258751516,0.5202882954465605,495,0.5393639666519183
anti_reasons,1100111111011111011100011110111110011000011110011111,11.05443535823529,8.816376203174052,7.913269530216072,0.6917157898389857,495,0.5393985267401962
anti_reasons,1110110110011111101100111011110111011111111111110111,11.054091628249584,10.490739900886767,9.926911155856208,0.17318910453645436,495,0.5394128488229339
anti_reasons,1100111100001111111100110111011110001100111111011011,11.053712474803698,9.14779243430023,7.640283407439015,0.5798167126401654,495,0.5394286468831793
anti_reasons,1111100011111101101110110011110111111101110110011110,11.052568125680725,10.399009669586153,8.544117819988836,0.4948478552943018,495,0.5394763280966364
anti_reasons,1110111111011111111100111011111011011000111110110011,11.052090237421819,10.076144691434255,9.13996243035131,0.3114068942244589,495,0.5394962401074241
anti_reasons,0111110111101111011000110011110111101101111011011111,11.052016448451173,9.232395957317525,7.651582436733229,0.5445126022121495,495,0.5394993146478677
anti_reasons,1111100110011111011111110011111111111000110011111111,11.051480235887151,9.973400902440153,9.21987079947793,0.2912421960953054,495,0.5395216568380354
anti_reasons,1111110111001111111110011111011001111000110111111110,11.051429845394287,9.868591674490546,8.22450787127753,0.6109767389305754,495,0.5395237564419046
anti_reasons,1111100001111111101100011110011001111011111111110110,11.051371827967847,9.88414510475119,7.539186517298375,0.7457055796861437,495,0.539526173834673
anti_reasons,0111101110011111111100110011110111001100111111011110,11.050844235903227,9.67135012193546,7.897544277237161,0.5636571114570853,495,0.5395481568373655
anti_reasons,1111100011011111111000110111011001111000011011111111,11.050830950515032,10.100575803976835,9.001927357806348,0.3358165726134069,495,0.539548710395207
anti_reasons,1111100110001111111000011110110001101100111110111011,11.050189387929525,10.151739063501108,8.787106958316649,0.3417751148639395,495,0.5395754421696031
anti_reasons,1111110011001111101100111110011011101111100111110111,11.048801951635461,10.267702783708135,8.206259043713846,0.5952099731072259,495,0.5396332520151892
anti_reasons,1111100001111111101110011110011001111000110111111111,11.047185868838463,9.866309141689195,8.276658270458203,0.5082476534210613,495,0.5397005887983974
anti_reasons,1111100111011101111110110110011110011000111111011011,11.047170295975379,9.462998217396677,8.453726912660978,0.5050276807019637,495,0.5397012376676926
anti_reasons,0111100110011011011110111111111011001100111111011011,11.0467043985035,8.679759939144285,7.132332093450472,0.7696797045829987,495,0.5397206500623541
anti_reasons,1111110011101101111100111110110110011000110011011011,11.046167584237319,9.209680912314479,8.131439745910136,0.5102202386772485,495,0.539743017323445
anti_reasons,1110110011111101101100111110011111111000011111011111,11.045902724938381,10.061037989372753,9.193353586885014,0.32713814848502065,495,0.5397540531275675
anti_reasons,0111100111111011111100111110111111001101110011011011,11.044272910156986,8.640454262465397,7.335554485665296,0.711085356826969,495,0.5398219620767923
anti_reasons,0111101111011111011100110111110111101100111011011110,11.043753799487979,9.075318662642802,7.045000133469593,0.7366354535222308,495,0.5398435916880009
anti_reasons,1111110001111111111000110011011001101101100111110110,11.043482300347094,9.774590691365793,7.68404256498511,0.7570247590130804,495,0.5398549041522045
anti_reasons,1111100011011111101110110110111111011011100011111111,11.042806713752531,9.991460872075772,9.201088020426472,0.3219632839132947,495,0.5398830535936445
anti_reasons,1111100001101111101110011110011001111011111111110110,11.041531011166267,9.805717834494683,7.0489375837317985,0.8756556634294236,495,0.5399362078680723
anti_reasons,0111101110001111111000110011110011101101111111011111,11.041052055953179,10.19713008916536,8.738574826062782,0.3984981475814706,495,0.5399561643352842
anti_reasons,0111101110001111011100110111110111011001110011111111,11.040844667769845,9.098503497462403,8.178596328441088,0.5101479808708228,495,0.5399648055095898
anti_reasons,1110110001101111111100111110011111111001100111110110,11.04062369150758,10.130343149132393,8.245212866446153,0.6005117804019259,495,0.5399740128538508
anti_reasons,1111100111011101111110111110011110011000111110011011,11.040554884337102,9.642765509964637,8.754030257270024,0.39670767145885594,495,0.5399768798192874
anti_reasons,1111110001101111100111110110011001111000011111011110,11.039676691032467,9.950080620926906,8.537172529568481,0.45402251000164623,495,0.5400134712069806
anti_reasons,1111100001101111100110111110011111011011000111110110,11.039296828523833,9.976254399964613,7.783704865345931,0.6563509270353628,495,0.540029298811507
anti_reasons,1110110001101111101100110111111001111011110111110110,11.03908725440719,9.869607218981784,7.55736688154585,0.7527031594485352,495,0.540038031066367
anti_reasons,1111100110001101111000110110110011101100111011011111,11.038964167502211,10.058067023042646,8.547876095029212,0.452173766880433,495,0.5400431596874078
anti_reasons,1111100111011111111100110110011111011000110110111011,11.038571861141897,10.14597905989578,9.3283283427715,0.297554748323288,495,0.5400595057857542
anti_reasons,1111101111011111011110110011111110011000110011111111,11.036644412375997,9.143522719996461,8.289798951719666,0.5219889438433396,495,0.540139816151
anti_reasons,1111110110001101101100110110110011111001110111111011,11.035876905050724,9.972552421306323,8.591369286277313,0.35425480815905147,495,0.5401717956228864
anti_reasons,1111100111011111011110110011110111011000110111111011,11.035589505979793,9.461878781643986,8.622439486241054,0.49518275554004104,495,0.5401837705841752
anti_reasons,1111100110001111111000111011111110001100111011111011,11.035510541418843,9.76404475992687,8.49622338723448,0.3855991196777706,495,0.540187060774215
anti_reasons,1110110011101101101110111110011111111000011111011111,11.035508269086613,9.982610719116247,8.953689810520515,0.37925579396752096,495,0.5401871554547244
anti_reasons,1110110001101111101100111110111111111001100111110110,11.035425974539883,10.192864466612653,8.438267066598517,0.5782959378919329,495,0.5401905843941714
anti_reasons,1111100011101101101110110110110011111100111011011011,11.035072143452856,9.997449041744797,8.77381730268943,0.34676635172335873,495,0.5402053273561309
anti_reasons,1111110110011011011100110110111110011101100110011011,11.034749111046434,8.570582137346756,7.3822905465882975,0.8268941836533993,495,0.5402187870397319
anti_reasons,1111110111011111111100111110110001111001110110110011,11.034581920538168,10.2630254300567,9.634667949342841,0.23602567672956892,495,0.5402257533109096
anti_reasons,1111110110011011101110011110111110001100111110011111,11.034162081219302,8.956739774802424,7.782025979690928,0.5257636575474506,495,0.5402432466158624
anti_reasons,0111100001101111111000111110111001111011110110011011,11.034016432704025,9.863445019684166,8.731213729812557,0.3367957091071618,495,0.5402493153039989
anti_reasons,0111110110001111011100111110110011111101111110011011,11.033275299200014,9.832296993759135,8.546998469308273,0.45298013308702473,495,0.5402801958666661
anti_reasons,0111100111001111111000110011111011111100111110011011,11.032588082842697,10.006065571061294,8.928191624845757,0.2870860606559694,495,0.5403088298815544
anti_reasons,0110110110011011011000110110111110001100111111011011,11.032513862383576,6.87359907866521,4.954777145306895,1.1726072668542575,495,0.5403119224006843
anti_reasons,1111110111101101111100110110011001111001110110011110,11.032424344230817,9.904995919601912,7.700145194828893,0.6791630376515758,495,0.540315652323716
anti_reasons,1100110011111011011000110110111111111111100110011011,11.031531978241022,9.129750657659393,7.9365843998314425,0.586189870069054,495,0.5403528342399575
anti_reasons,0111100110011011011111110111111011001100111111011011,11.031519900938441,8.699329813780322,7.238083610422329,0.7538253452842368,495,0.5403533374608982
anti_reasons,1101100011111111011000110011111011101100111011011111,11.029387849494027,10.04862101158639,8.34373417218061,0.4601168829742062,495,0.5404421729377489
anti_reasons,1111100111011111111100111111011001111000111011110110,11.029314065286524,9.855375452809009,8.270799040035993,0.4820501733626033,495,0.5404452472797281
anti_reasons,1110110001101111101100110111111001111001110111110111,11.027965132060755,10.125292824168586,8.199855600330453,0.5884785643390373,495,0.5405014528308019
anti_reasons,0111111111001111001110111110110011011000011111011111,11.027553334934808,9.009259032946737,7.817366729984134,0.6194175818868037,495,0.5405186110443829
anti_reasons,0111101111011111011000111111110111001100111011011110,11.027488699704595,8.936491095341168,7.031557158439007,0.7939080025235355,495,0.5405213041789751
anti_reasons,1110110110001111111100110011110111011100011110111011,11.027222697823552,10.095681743230534,8.867727384081897,0.4059673517577541,495,0.5405323875906853
anti_reasons,1100110110001111111000111011110111111100111110011011,11.025515775656316,10.113521527629306,9.194574220015214,0.2954776393653881,495,0.5406035093476536
anti_reasons,1111110111101101111100110110110110011000110011011011,11.025220838272189,9.023642936268674,7.790302966990705,0.5568520004711193,495,0.5406157984053255
anti_reasons,1110110111111111101100110011110111111000011110111011,11.023788614865293,10.03362149981051,9.28084250262587,0.3147302971181211,495,0.5406754743806128
anti_reasons,1111110110001111101100111110110011111000110110011111,11.023532114371712,10.267682987679219,9.296512115140995,0.2748265073133665,495,0.5406861619011787
anti_reasons,1111100011111111011000110011111111001101100110011011,11.022583229745734,9.58327195914449,8.151877337062137,0.5041161248699536,495,0.5407256987605944
anti_reasons,1111111110011011001100011111111110001101111110011011,11.021932264071634,8.22201301077204,7.162637896526066,0.8040219123914242,495,0.5407528223303486
anti_reasons,0111101110011111011110110111110111101100111011011110,11.021806394279478,9.026257563798968,7.008334452313729,0.7308033759303415,495,0.5407580669050218
anti_reasons,1110110001111111111100111110011111111001100110110110,11.02169605556884,10.136190946646874,8.553472443404141,0.5580460154420164,495,0.5407626643512984
anti_reasons,1111100111001111100111110011110111101100111011111111,11.019982242060138,10.33125937106676,9.083840171997544,0.29750389757215534,495,0.5408340732474943
anti_reasons,1111100001101111111111110011110011111001110011110011,11.019434333383803,9.888980834976916,8.078255331135626,0.47059148479936475,495,0.5408569027756749
anti_reasons,0111101111011111011000110111111111001100111011011110,11.019046197369503,8.969974705561475,7.058725532752085,0.757117110278113,495,0.540873075109604
anti_reasons,1111100011101101111000011011110111111100110110011110,11.018098674950807,10.287842568246614,8.139521374476072,0.5826744502758087,495,0.5409125552103831
anti_reasons,1111100011101111111000110111011001111001110011111110,11.017906717247168,9.962536766272038,7.80824638448111,0.630431974154092,495,0.5409205534480346
anti_reasons,1111100011011111111100110110011001111100111011110111,11.017532523906635,10.172533516816053,9.02675710436333,0.32445682127999415,495,0.5409361448372236
anti_reasons,1111100110001101101100110110111110011001100111011111,11.016225016391036,9.349552924741168,8.557606400698894,0.35753633485915726,495,0.5409906243170401
anti_reasons,1111100011001111101100111110111111011001100011111111,11.015969489663435,10.006440312349817,9.329154807281219,0.27246802389912694,495,0.5410012712640235
anti_reasons,0111100110011111011000111111110011001100111110011011,11.015789267023369,9.148401900446453,7.610566360925213,0.6685148201149781,495,0.5410087805406929
anti_reasons,1111111111001101111000011110110110011100110110011011,11.01399618729763,9.421133259327055,8.58212398794981,0.4478729697734904,495,0.541083492195932
anti_reasons,1111101110011111101100111011011111001100011110111011,11.013977447785166,9.974407350065222,9.020177149809022,0.31630778910244844,495,0.5410842730089513
anti_reasons,1110110001111111101100111110111111111001100110110110,11.013840530944002,10.198712264127133,8.615542492488458,0.534416786437238,495,0.5410899778773333
anti_reasons,1111100111011111111111011111011001111000110111110110,11.013545698958684,9.7495825947961,7.619492024389979,0.7249258810398712,495,0.5411022625433881
anti_reasons,1110110001111111101110110111111001111001110110110111,11.012457156734566,10.137169244051226,8.493618611274153,0.547533776032506,495,0.5411476184693931
anti_reasons,1111100110001111111110111011110111011001110011111111,11.010548277870045,10.129389761868756,9.456698149886186,0.2263244551479919,495,0.5412271550887482
anti_reasons,1111101111001111111100110011110011011011110110110011,11.0101459148364,9.979918877290762,8.292889162161941,0.3588864973610923,495,0.54124392021515
anti_reasons,1111100110001101101100111110111110011001100110011111,11.00960960475276,9.52932021730913,8.302546629384885,0.36569486012770197,495,0.541266266468635
anti_reasons,1110110111101111111100111011110011011111100110110011,11.00914897676756,10.182135913119641,9.030376871231068,0.36976410701821366,495,0.5412854593013516
anti_reasons,1110110111101111111100111111011111011001100110110110,11.008605700552035,10.142867929238136,8.282005668080892,0.6244030971637893,495,0.5413080958103318
anti_reasons,1111100111011101111110110111011110011000111110011011,11.008475796675256,9.674892388941496,8.769419414305384,0.3795215724871534,495,0.5413135084718643
anti_reasons,1111100011101101101100110110110111111000110011011111,11.00813048175037,9.650911141099371,8.637276376673803,0.38085665177911787,495,0.5413278965937345
anti_reasons,0111110111101111011100110011110111101100111011011111,11.008017571561211,9.190155772385962,7.615850901989544,0.5517753122012063,495,0.5413326011849495
anti_reasons,1111110011101101101100110110011011111000011111011011,11.0079312404144,9.880626085350421,8.540354019500793,0.39856685581913626,495,0.5413361983160667
anti_reasons,0111100110011111011110111110111011001100111110011011,11.007562928993396,9.226193684754426,7.635481558308117,0.6361455670076924,495,0.5413515446252752
anti_reasons,1111110110001101101100110110110111111000110110011011,11.005620744774584,9.351326057800883,8.373283443578629,0.3682363432456763,495,0.5414324689677257
anti_reasons,0111100111111011011100111110111111001101110011011111,11.005017147119357,8.465833691624074,7.264319605389276,0.7218375892701573,495,0.5414576188700269
anti_reasons,0111100011111011011110110111111111011111100011011011,11.005000001836173,8.298476242274056,7.000732550281422,0.7968453938525626,495,0.5414583332568261
anti_reasons,1111100111011101111110110110011110011001111110011011,11.003723076811026,9.497036737914419,8.589822531836019,0.4084955778301749,495,0.5415115384662073
anti_reasons,1111100110011111011110111011110111011001110011111111,11.003615380588604,9.447822121250175,8.855654146189352,0.37765115046452874,495,0.5415160258088081
anti_reasons,1111100001101111101100111110011001101101100110110111,11.00348693472511,10.043501567313118,7.174526609350022,0.8067683463113858,495,0.5415213777197871
anti_reasons,1111100001101111111100110011110111111101100011110110,11.003244408630191,10.320078937733784,8.39440829522602,0.5245018708464336,495,0.5415314829737421
anti_reasons,1111110011001111111100110011110011111001110110110011,11.002228440839255,9.934666860189655,8.00064595486486,0.4483381837462861,495,0.5415738149650311
anti_reasons,1111100011101111111000110011110001111001110110110011,11.001920692303253,9.92666846183173,7.977602121720163,0.5479686606184155,495,0.5415866378206977
anti_reasons,1111110111001111111000110111011111111000011011110110,11.001856417732325,10.029213075187942,8.243913707946424,0.40006885277483245,495,0.5415893159278198
anti_reasons,1110110110001111101110111011110111011111111111110111,11.001568403761869,10.412312630630261,9.738442173150489,0.2235787181671423,495,0.541601316509922
anti_reasons,1111100111111011011100110110111110001111110011011011,11.001270636653203,8.198697111358985,6.724692820766284,0.8726657963378225,495,0.5416137234727831
anti_reasons,1100110011111011111000110110111111101111100110011011,11.000637459918059,9.425550283277104,8.159913345563734,0.5287965964033927,495,0.5416401058367475
anti_reasons,1111100011001111111100111110111111011001100011111110,11.000622337702055,10.24346295937303,9.075719241815644,0.25550051937473606,495,0.5416407359290811
anti_reasons,1111100011001111111100110111111001111000111011110110,10.999669935926729,10.1483477629754,8.157803073395229,0.4876838482341288,495,0.5416804193363862
anti_reasons,1111101110001111011100110110011110011000011011011111,10.999247432730755,8.5160595272199,7.462264884174174,0.7036484590572766,495,0.5416980236362186
anti_reasons,1111100001101111011100110110011001111001110111011111,10.999070734879554,9.653947078620233,8.16204333621675,0.37528153054755337,495,0.5417053860466852
anti_reasons,1111100111011111111100111110011110011000011011011011,10.998688156057069,8.86302162787602,7.878156916100438,0.7032428522120032,495,0.5417213268309555
anti_reasons,1110110001111111101110110111110001111001110110111111,10.998291951942337,10.24794070642696,9.175963579720456,0.3359654103874121,495,0.541737835335736
anti_reasons,1111100110001101111000110011110111111000110110011111,10.997868804279367,10.020167033078632,8.484593867486478,0.3296780018424677,495,0.5417554664883597
anti_reasons,1111110110011011101110011110111111001100111110011011,10.996543954211475,8.871142401158599,7.549673375090847,0.6225860028484822,495,0.5418106685745219
anti_reasons,0111100011111011111100111111111111001101100011011011,10.99619765833602,8.693711200790478,7.564351112351789,0.6621392669786308,495,0.5418250975693324
anti_reasons,1101100011101111000110111111011111111000011111011011,10.995982290552783,9.857232903630054,9.098608880708762,0.3207637196812779,495,0.5418340712269674
anti_reasons,1111110011101101111110110110110110011001110011011011,10.995451013867942,9.06998076263242,7.8935180567853305,0.5319271024718265,495,0.5418562077555025
anti_reasons,1110110001101111101100111111111001111001110111110110,10.995426863567854,9.975071174248656,7.777994404299746,0.7601368411302256,495,0.541857214018006
anti_reasons,0111101110001111111000110011110011101111111110011111,10.994930523086243,10.271433426466448,8.977711900997438,0.36083813512833196,495,0.5418778948714065
anti_reasons,1111110110011011101110011110111110001100111110111011,10.994771837864132,8.962706352126311,7.618848396036423,0.5158817983476625,495,0.5418845067556612
anti_reasons,1101100110001111011000011110011011011100111110111111,10.994566179908645,10.145605386718717,8.679513089556377,0.35312955483520736,495,0.5418930758371399
anti_reasons,1110110001111111101110111111110001111001110110110111,10.994368738808296,10.103685633830919,8.7191092801142,0.4872116070507429,495,0.5419013025496544
anti_reasons,1111100111001111111100110111011111111000011011110110,10.992497703322329,10.020839731525198,8.164470906032385,0.44272917766136266,495,0.5419792623615696
anti_reasons,1111110110011011101110011110111110001100111111011011,10.992364010239019,8.443944907510685,7.14484036852678,0.7396755749435245,495,0.5419848329067076
anti_reasons,1111100001101111011000110110011001111011110110011111,10.992357202491275,9.657843985224956,8.16825761589471,0.4311134972547466,495,0.5419851165628635
anti_reasons,1111100011101111000110111111011111011000011111011011,10.991239665448644,9.594900453184835,8.702306511250297,0.3856275801122369,495,0.5420316806063066
anti_reasons,1111100111101111111000110011111001111000011011110110,10.98947608440959,9.922866489324448,7.672828477945831,0.5982491834354547,495,0.5421051631496003
anti_reasons,1111110110001111101100110110110011111000110111111011,10.988957251847712,10.093882272435147,9.213766762779706,0.2869140659100443,495,0.5421267811730119
anti_reasons,1111100111001111111100111110110001111001110111110011,10.987916913145868,10.17839785818311,9.052394766038638,0.2934533966949027,495,0.5421701286189222
anti_reasons,0111100011111111111100110011011111011100111011111111,10.98767944714831,10.214032931127266,9.310413364702786,0.24704111575042,495,0.5421800230354872
anti_reasons,1111111110001111101110110110110011111000110110011011,10.987573816232464,9.649512731667322,8.752946861910205,0.3655193987942112,495,0.5421844243236473
anti_reasons,1101101111011111011111110011111110011000110011111111,10.98676226487577,9.357003908472452,8.706306591132627,0.422159105996736,495,0.5422182389635095
anti_reasons,1110110111111111101100011110111111011001110111110111,10.98586089841513,9.909831309772049,8.981518237470338,0.32742662851484905,495,0.5422557958993697
anti_reasons,1110110011101111111000110111110001111001100110110111,10.985577890465366,10.220220789599281,8.324611011769456,0.4947266295054679,495,0.5422675878972765
anti_reasons,1110110011101111101111110011110111111001110110110111,10.98531981119957,10.057595079425878,8.11413207879923,0.6033682921000407,495,0.5422783412000178
anti_reasons,1111100011101111111000110111011001111011110011110110,10.984324788125315,9.712817738409125,7.149498538790933,0.7971381125957401,495,0.5423198004947785
anti_reasons,1110110011001111111100111110011011111101100110110111,10.983611219911367,10.230806622792608,8.209819349493355,0.5528884628244072,495,0.5423495325036931
anti_reasons,1111110011001111111100110110011111011001110011111111,10.982490157859766,9.929231298248103,8.967119047639217,0.2829639301653229,495,0.5423962434225098
anti_reasons,1101100011101111000111111111011111011000011111011011,10.98224183314699,9.808381641660825,8.933106148157165,0.3618632409050127,495,0.5424065902855422
anti_reasons,0111100111101111111000110011111111111001110110011110,10.982221947321957,10.016599266269528,8.539832438798996,0.4464647386872555,495,0.5424074188615851
anti_reasons,1111100110001101111100110111011110011100110111111011,10.98191335146641,10.165537844683922,9.204543270368486,0.21998910546718395,495,0.5424202770222328
anti_reasons,0111100001101111111000111110011111111000110110111011,10.981811431721185,10.160318984985814,9.177356418797602,0.3402313807560533,495,0.5424245236782839
anti_reasons,1111100110001101101100110110111110011011100110011111,10.980531141347313,9.423856262042257,8.296676997144129,0.37522341441623736,495,0.5424778691105285
anti_reasons,0111100011101111111000111110011011111000110110111011,10.98044189686847,10.048010819239323,8.619448998717482,0.4629518811282477,495,0.5424815876304805
anti_reasons,1111110111101101111000110110011001111001110111011110,10.980319660152873,9.913197584015732,7.826449792712472,0.5868294297189086,495,0.5424866808269637
anti_reasons,1110110001111111111100110011110111101111100111110110,10.98017359801282,10.16617380875222,8.774340659417376,0.5011854373278958,495,0.5424927667494659
anti_reasons,1110110011101111101110110011110111111001110110111111,10.979740583444876,10.18228027738588,8.788198255274752,0.4075174376622204,495,0.5425108090231301
anti_reasons,1110110110001111101100111011110111011111111111111110,10.979547839044146,10.400317430938214,9.749712277643646,0.2312904878346138,495,0.5425188400398273
anti_reasons,0111100001101111111100111110011011111000110110111011,10.978785900553335,10.063327528723692,8.552720241074459,0.4759319720323063,495,0.5425505874769443
anti_reasons,1110110111111111101100110011110111011000111110111011,10.978504464964322,9.871732892224676,9.002495004505164,0.36419916461944674,495,0.5425623139598199
anti_reasons,1110110001101111111000110111111001111001110110110011,10.978497877552575,10.030495020581398,8.214652844649507,0.49813891417254313,495,0.5425625884353094
anti_reasons,1111100111101111111000110011011001111000011011110111,10.978300213313966,9.623322524820978,7.535565435042554,0.5705513527910125,495,0.5425708244452514
anti_reasons,1111100011001111111100110111110001111001110111110011,10.977734542741024,10.138187325527626,8.688398530130907,0.3304592213124589,495,0.5425943940524574
anti_reasons,1111100011101101101100110110110111111000110011111011,10.977620304946258,9.65687771842326,8.62905626376681,0.3785004276855931,495,0.5425991539605726
anti_reasons,1111100110001101101100110111111110011001100110011111,10.977530517090916,9.561447096285988,8.313870761382987,0.34671322469173044,495,0.5426028951212118
anti_reasons,0111111110011111001110111011111110001101111110111011,10.976348436593312,8.837546233056397,7.691613938063264,0.5573626152767751,495,0.5426521484752787
anti_reasons,1111100110001101111100111111011110011100110110111011,10.975297939828133,10.34530513725188,9.158362698273049,0.2658212620835574,495,0.5426959191738279
anti_reasons,1111100011011111111000111111011001101100111011110111,10.974172425632243,10.1807808328273,9.039714562844402,0.40792135741314517,495,0.5427428155986564
anti_reasons,1110110011101111101100111110111111011001110110110110,10.973844872675786,10.00745748512863,8.151988152802799,0.6200820996977671,495,0.5427564636385089
anti_reasons,1111110011101101100110110110011001111000011111011111,10.973759188312776,9.90184565066604,8.496391614941217,0.4313668304018222,495,0.5427600338203009
anti_reasons,1111100111001111111100110110011001111000111110110011,10.97360602741225,9.88201979082697,8.31165666950328,0.4573914633438239,495,0.5427664155244896
anti_reasons,1111100111011111111000110111011111111000011011110110,10.973574614498784,10.034889193453498,8.590486778772641,0.3342410484380941,495,0.5427677243958839
anti_reasons,1110110111001101101110110110111111111101100110111111,10.973385479332997,10.449370467071144,8.73990678071781,0.35045928226073353,495,0.5427756050277919
anti_reasons,1111110111111101111000110110011001111001110110011110,10.971971936963543,9.919045381530212,8.12616106756915,0.5461976452010762,495,0.5428345026265191
anti_reasons,1111110111001111111100110110011111111001111011110110,10.971677223059613,10.086671771554812,8.378947239259247,0.4084930358185691,495,0.542846782372516
anti_reasons,1110110001111111101110110111110001111011110110110111,10.971607742626361,9.998221678564047,8.478772765790971,0.4844970165012632,495,0.5428496773905682
anti_reasons,1110110001101111111100110011011001101100111111111110,10.970894550005895,9.863746800403655,8.086046319775258,0.6180391394037076,495,0.5428793937497545
anti_reasons,0111100001101111111000111110011011111000110111111011,10.96970419063801,10.071529193137513,8.79509262562554,0.40351487678937015,495,0.5429289920567495
anti_reasons,1111100110011111111110110110011111011000110110111011,10.969381883020025,10.096917961051943,9.27617776666827,0.2944723058285835,495,0.5429424215408323
anti_reasons,1111100001111111111100011111110001111000110110110011,10.968730749581463,10.140042957014126,8.596321130599812,0.4187397654098894,495,0.5429695521007725
anti_reasons,1111100011101111111000111111011001111001110011110110,10.968136432362595,9.818281693675997,7.276331100736996,0.7995463313818385,495,0.5429943153182253
anti_reasons,0111110001101111111000111110011011111000110110111011,10.96711822419951,10.071700872386437,8.950873736499236,0.42907569272191937,495,0.5430367406583538
anti_reasons,1100110111011011011000110110111011111101111110011111,10.966530220068352,9.560630268829048,8.258048308304629,0.5057138076110789,495,0.5430612408304853
anti_reasons,1110110001101111011100011110011111111100111111111110,10.966163697091472,10.176896892548813,9.176593420979161,0.2934515899604649,495,0.5430765126211887
anti_reasons,1100110011111011011000110110111111101111100110011111,10.965688689360244,9.250929712435783,7.994296301034942,0.5487462090961194,495,0.5430963046099899
anti_reasons,1111100111101111101110011110011011101111000110110111,10.965321174956289,9.98140311574521,6.782552918683554,0.8618886360632295,495,0.5431116177101547
anti_reasons,1101110011101111000110111111011111011000011111011011,10.96503292313097,9.60921615370575,8.721838185500626,0.38384804643080783,495,0.5431236282028762
anti_reasons,1111100001101111111111110110110001111011100011110011,10.964596231166608,9.790174228622497,8.593381402123255,0.3630880917416731,495,0.5431418237013914
anti_reasons,1101100110011111011100110011111110011100110111011111,10.963911497322506,9.646159288416563,8.736863864769724,0.41239082436174807,495,0.5431703542782289
anti_reasons,1111110111011111111100110110111001111001111011110110,10.963711226245168,10.206065190564441,8.897812494440117,0.3256190337376861,495,0.5431786989064513
anti_reasons,1110110001111111111100111011110011011111100111110011,10.963036418518778,10.217772768010155,9.580114544821875,0.2360193809708759,495,0.5432068158950509
anti_reasons,1110111110001111101110110011110111011101111111111110,10.962950667382986,10.220638704916965,8.992673844526582,0.27755065566582504,495,0.5432103888590423
anti_reasons,1111100111001111111100110111111001111000011011110110,10.962811467598295,10.055777257910162,8.167739024856157,0.45432074200291034,495,0.5432161888500711
anti_reasons,1111100011111111011100110011011110011100111011111111,10.962075752555899,9.877739735287724,8.879374242143152,0.33347130265840785,495,0.5432468436435043
anti_reasons,1110110011101111101110111011110111111001110110110111,10.961250919395148,10.03802520478984,8.247127173797391,0.5755021902277493,495,0.5432812116918688
anti_reasons,1110110111111111101110011110111111011001110110110111,10.959779138037039,9.837251837030022,8.617334290718983,0.3873424485123423,495,0.5433425359151234
anti_reasons,0110111110011011011000110110111110001100111110011011,10.959420308323708,7.0205704552550365,5.062223719040848,1.1764198803067776,495,0.5433574871531788
anti_reasons,1111110011001111111110011111110111001101110110110011,10.959177491498085,10.067097538683099,9.122881204704239,0.3433703542114525,495,0.543367604520913
anti_reasons,0111100111111111011000110011110011011101111110011111,10.958745738230007,10.056885381746346,8.873992256727181,0.36885025932928056,495,0.5433855942404164
anti_reasons,1111110011011111101100111011110011111001110110111011,10.957917373895558,10.034508916145366,9.210331162161902,0.3125437236089007,495,0.5434201094210185
anti_reasons,0111101111011111011000110111110111001101111011011110,10.957863244119567,8.79076232329095,6.68079920931048,0.824944862414325,495,0.5434223648283514
anti_reasons,1111110001111111111100110011110111101111100011110110,10.957747484362852,10.1660021295033,8.897816933368043,0.47071128359930337,495,0.5434271881515478
anti_reasons,0111100011111011011100111111111111001101100011011111,10.956941895298396,8.519090629949153,7.365578302074034,0.6746467758400883,495,0.5434607543625669
anti_reasons,1111110110001111111000111111011110011000110110011111,10.955851441180382,10.051912277973026,9.486713649303173,0.25604760559001305,495,0.5435061899508173
anti_reasons,1111111110011011001110011111111110001100111110011011,10.955117071457035,8.11539501751227,6.957305190521434,0.827110041726857,495,0.5435367886892901
anti_reasons,1111110110001111111110011110110011011000011110110011,10.954783520554496,9.858872393678732,8.852041399463745,0.3509487483094191,495,0.5435506866435627
anti_reasons,0110110111011111011100110110110011011111111110011011,10.954717828823833,8.61836190240462,7.259746041067513,0.7620648125664753,495,0.543553423799007
anti_reasons,1111101110001101101100110110110011111100110110011011,10.954675899865814,9.860503960557764,8.715653622297669,0.29927557563807566,495,0.5435551708389244
anti_reasons,1111100011001111111000011111111001101100011110110011,10.954487093569808,10.149314260662448,8.527442571031463,0.42751429224417237,495,0.5435630377679246
anti_reasons,1111110011011111111110011111011001111000110111111110,10.954288528901442,9.880710155482868,8.615568829763813,0.5156761037938333,495,0.5435713112957732
anti_reasons,1100110011111011011000110110111111101111100110111011,10.953705889170761,9.25689628975967,7.979470363589755,0.5445880651248193,495,0.5435955879512182
anti_reasons,0111100110011011011110110111111011001101111111011011,10.95353148241012,8.534031167094065,6.901159215047499,0.8012825720353184,495,0.5436028548995784
anti_reasons,0111110111111111111110111011011111001101111111011110,10.953146871842563,10.18740216273334,9.062903896309932,0.30922373015662113,495,0.5436188803398931
anti_reasons,1110110011101111101110110011110111111011110110110111,10.953144793756453,9.932561249522967,8.091007441345267,0.5658893413480698,495,0.5436189669268146
anti_reasons,1111100111011111101100110110111111111011110011111110,10.95308501164129,10.140877064722877,9.348408908098659,0.245607690680149,495,0.5436214578482796
anti_reasons,0111110011101111011100110111110111101100111011011110,10.95299698176383,9.418719056500539,7.628148404889862,0.5293763137206147,495,0.5436251257598403
anti_reasons,1111101111011111011100110011110111101100111011011110,10.952942687007253,9.301356855459614,7.491677419381146,0.6292605853063664,495,0.5436273880413645
anti_reasons,1110110111001111011000110111111011101100111110011111,10.952250471599248,10.163814300819451,8.782928455229266,0.4364130431029009,495,0.5436562303500314
anti_reasons,1110110111001111111100110110011011111101100110110111,10.952120626240923,10.044768646746803,7.850337490305762,0.5440079347171132,495,0.5436616405732948
anti_reasons,1111110001101111111000110110011001111001110111110011,10.952092067778375,10.031680072575922,8.242892114965857,0.5110493758127085,495,0.5436628305092344
anti_reasons,0111100111011011111100011110111110001100111111111011,10.951919460311265,8.721679530180706,7.109640370517778,0.6685880723946501,495,0.5436700224870306
anti_reasons,1110110001111111101111110111110001111001110110110111,10.95078457160704,10.12325550846696,8.501897403244936,0.5139141845788903,495,0.5437173095163734
anti_reasons,0111100001111111111000111110011011111000110110111011,10.95077655469927,10.077376990651993,8.912035109343666,0.37360706885924616,495,0.543717643554197
anti_reasons,1101100011111111000110011011111111001100111111111011,10.950527919116011,9.693740569578326,8.713416503270563,0.35373031696240154,495,0.5437280033701661
anti_reasons,0111100111101111011000110011110111001100111111011011,10.94971571964975,9.044161985534961,7.322310683774321,0.661574911539346,495,0.5437618450145938
anti_reasons,0111110110011111011000110011110111101100111110011011,10.94778729925203,8.753502965024321,7.020741127525376,0.7249463899832037,495,0.5438421958644988
anti_reasons,0111110110001111011000110111111011001100111111011011,10.947176689414576,9.254817487511387,7.615534065683598,0.6466596646367554,495,0.5438676379410594
anti_reasons,1111100001101111011000110111011001111101110110011110,10.94601992027769,9.916613874245074,8.432614722628692,0.5411609823125014,495,0.5439158366550962
anti_reasons,1111100111101111101110011111011011001111000110110111,10.945721516586483,9.9451088581168,6.810244482985544,0.8224089449083256,495,0.5439282701422299
anti_reasons,1111110111001111111110110110111001111001111011110110,10.94532113947891,10.127637920307935,8.390216090132462,0.4214231982509439,495,0.5439449525217122
anti_reasons,0111100111111011011100111111111111001101110011011011,10.945290584845155,8.164932995877155,6.998937643278093,0.7919884809728877,495,0.5439462256314518
anti_reasons,1111100111001101111000011110111110011000110111111011,10.944254138522377,9.554834553627924,8.790854252180925,0.31170210489691785,495,0.543989410894901
anti_reasons,1101110011111111100111110011111110001100111011011111,10.94342461005419,9.866574293166774,8.960378822283241,0.35835105968750447,495,0.5440239745810753
anti_reasons,1111100111011111111000110111011001101100111011110111,10.942681831961798,9.994742856781498,8.691235314818929,0.43536014355621344,495,0.5440549236682584
anti_reasons,1111100110011111011110110011111111111001110011111111,10.941664583219735,9.808102255753894,8.790476412022976,0.33658427499638516,495,0.544097309032511
anti_reasons,0111110001101111011000110110111001111111110110011111,10.94090402151738,10.039004927898267,8.877899294771684,0.31941924006594935,495,0.5441289991034426
anti_reasons,1111110011111111111110110111110001111001110011110011,10.940826857003502,10.033053105445397,9.002392632840865,0.2875765481356878,495,0.5441322142915208
anti_reasons,1111110001101111111100110011011001101100111011111110,10.940460250632386,9.863575121154733,8.132908115744797,0.5822341186754179,495,0.544147489556984
anti_reasons,1111100110001101111100110111011110011101110110111011,10.938466132302057,10.199576365201663,9.0037881455203,0.2904673000001595,495,0.5442305778207477
anti_reasons,0111100111111111001110111110110011011000011111011011,10.936358250333031,8.844946112566006,7.401454557174265,0.6294495694229448,495,0.5443184062361237
anti_reasons,1111100110001111111000110110011001111100110111110110,10.93122568533892,9.978179715943892,7.508850375944191,0.655542130112213,495,0.5445322631108784
anti_reasons,1111101111001111011000110110011011111000011110011011,10.92785260458292,9.41732789119626,8.215873260607673,0.49889451798812234,495,0.5446728081423784
anti_reasons,1111110011001111111000011011111111011000110110111110,10.926696797442172,9.986261334873214,8.506183732638348,0.43994351424756645,495,0.5447209667732429
anti_reasons,1111100011011111111000111111011001111100011011110110,10.926597138229171,10.077499786157182,8.670878873137331,0.4151669064368715,495,0.5447251192404512
anti_reasons,1111100111111011011110110110111110001111100011011011,10.926102549026211,8.039817817029562,6.52021075088721,0.9012714528899598,495,0.5447457271239078
anti_reasons,0111100111111011011100111110111111101101110011011011,10.925911668149103,8.201227253505564,7.031109030486605,0.7633826464270678,495,0.5447536804937874
anti_reasons,1111100110001111101100110110111110011001100110011111,10.925858144023671,9.504921296387735,8.774673819963654,0.31524812823312565,495,0.5447559106656803
anti_reasons,0111100111111011011100111110111111001111110011011011,10.92483577710353,8.027342161633424,6.708833202719424,0.839683674859498,495,0.5447985092873529
anti_reasons,0111100011111011111100110110111110011101100011111011,10.924337200301835,8.706621405050575,7.528538393291845,0.6175749655972702,495,0.5448192833207568
anti_reasons,1111100110001111111000110011110011001101100110110111,10.924012710660127,9.961979051724379,7.881411754433518,0.5767390468052401,495,0.5448328037224948
anti_reasons,1111100001101111101111110110110001111011100011111011,10.923414841397532,9.547185004275397,8.70264764549566,0.3569445193492814,495,0.5448577149417695
anti_reasons,1111110011011111111110111110110001111001110110110011,10.922908202857581,10.196716640792516,9.599261793342109,0.23713475959495162,495,0.5448788248809342
anti_reasons,1111100011001111111100011110011001111000111111110110,10.92238852518895,9.587847174464954,7.365232718002511,0.661168386067833,495,0.5449004781171272
anti_reasons,1111110111011101111110110110011110011000111110011011,10.92215584488421,9.4631698966456,8.482200086571503,0.47221806738348027,495,0.5449101731298245
anti_reasons,1110111111011111111100110011111011011001111110110011,10.921911928902187,9.930415919384037,8.836542705863048,0.3178985533427795,495,0.5449203362957422
anti_reasons,1110110001101111101100111110011111111011100111110110,10.921783305213363,9.63763489692238,7.671553473914667,0.6787261859685305,495,0.5449256956161099
anti_reasons,1111110001111101111000110011011001111000011110011110,10.921117535532455,9.66460228493359,7.710307474790182,0.5578544031484662,495,0.544953436019481
anti_reasons,0111100011111011011100111111111111001101100011111011,10.920259539076357,8.525057207273042,7.364622673426859,0.6660867279060578,495,0.5449891858718185
anti_reasons,1111100011001111111000011110111001101100111110110011,10.919740125323317,10.023719910705026,8.464443154913312,0.43102174237340135,495,0.5450108281115285
anti_reasons,0111100110011011111110110110111011001100111110111011,10.919668950837112,9.415667262670004,7.730611684261482,0.5754265345530725,495,0.5450137937151203
anti_reasons,1111110110001111111000110111011110011001110110011111,10.919019633654306,9.906183505922808,9.059620729197341,0.27214547428657176,495,0.5450408485977372
anti_reasons,0111101110011111011100111011110111001101111111011110,10.915915710184013,9.276348591998287,7.627559884998329,0.6059685859414927,495,0.5451701787423329
anti_reasons,1111110110011011101110011111111110001100111110011011,10.915521563969213,8.655839079055504,7.703905215640734,0.5845445728528399,495,0.5451866015012827
anti_reasons,1100110011111011011000110111111111101111100110011011,10.91527166354368,8.950029016688863,7.503593133397504,0.5992165371599794,495,0.5451970140190134
anti_reasons,0111110011101111111100011110110011011000011111011011,10.91506988523426,9.430922565842629,8.236750563495942,0.48347608628250793,495,0.5452054214485724
anti_reasons,0111101110001111111000111011111111001100111111011110,10.914302264650468,10.066722184191025,8.794796595238429,0.3504427083194191,495,0.5452374056395639
anti_reasons,1101100110011011011000110011111011111100111110011011,10.913792024628302,9.224935954178996,7.905988827052921,0.4975398623916773,495,0.5452586656404874
anti_reasons,1111100011011111101100110110011111011011111011111111,10.913790814827818,10.011733199566862,9.323221086820292,0.28495468281725816,495,0.5452587160488409
anti_reasons,1110110001111111111100110110011001111011100110111110,10.91291980226783,9.760153975937605,8.11156160172786,0.5341531033270102,495,0.5452950082388404
anti_reasons,1110110111111101101100110110110111111001100110111110,10.908899099556967,9.944559004912307,8.455572863311101,0.46767299985802163,495,0.5454625375184596
anti_reasons,0111100110011011111000110110111111101101100111011011,10.90697390437129,8.692869839898886,7.3878960463646495,0.7156726986423065,495,0.5455427539845297
anti_reasons,1111101110011011001100110110111011001100111110011011,10.905721142383925,8.561741280573315,6.9755630525757,0.7719941543780712,495,0.5455949524006698
anti_reasons,1111100011011111111000110111011001101101111011110111,10.90561947743405,10.035052060777083,8.701189279975278,0.44619125455560227,495,0.545599188440248
anti_reasons,1100110011111011011000111110111111101111100110011011,10.903947531545578,8.917902137712005,7.727698544937453,0.5981380184058029,495,0.5456688528522675
anti_reasons,1111100110001111111000110111011110011000110111011111,10.902734995386401,9.793365211045957,8.975484375806726,0.2888519907093654,495,0.5457193751922333
anti_reasons,1111100111101111101110011110011011001111000110111111,10.90215529335536,10.057237051735983,7.511900758593342,0.6155919684205625,495,0.5457435294435267
anti_reasons,1111100111101111111000110011011001111000011011111110,10.900963560182696,9.617355947497089,7.574955678397723,0.5591193312785532,495,0.5457931849923876
anti_reasons,0111100111101111011000110111110011001100111110011011,10.900121662239757,9.507653736811283,7.871893019189088,0.5720556313676518,495,0.5458282640733434
anti_reasons,1111110001101111101110011110011011101111000110110111,10.899517104873462,9.93275575725998,7.211430590359121,0.8161430227685844,495,0.5458534539636057
anti_reasons,1111100110011011001100111111111110011101111011011111,10.898916428971576,8.878121437282605,7.979828818336957,0.680457438393959,495,0.5458784821261844
anti_reasons,0111101110001111111000110011111111101100111111011110,10.898891920080882,10.135143320796294,8.765606138791094,0.36313818660313146,495,0.5458795033299633
anti_reasons,0111110001101111011000110110111001111101110111011111,10.89859557070257,9.964701590597178,8.787003896281746,0.34011817105953057,495,0.5458918512207263
anti_reasons,1111110011001111111100110111111001111000011011110110,10.898383954802103,10.062219620636926,8.217147380663553,0.4240657826261769,495,0.5459006685499124
anti_reasons,1101100111101111000110111111011111011000011111011011,10.897513775119272,9.602773790978983,8.758456345081004,0.3632330169718669,495,0.5459369260366971
anti_reasons,0111101110011011111100111011111110001101111110011011,10.896938505547984,8.65146740709252,7.249501613805296,0.7078089506244188,495,0.5459608956021673
anti_reasons,1111100110001111011111110011110111011100110111011011,10.896841731432595,9.532684982770158,8.775294217226175,0.4669192617317702,495,0.5459649278569751
anti_reasons,1101100011111111000111011011111110001100111111111011,10.89664826800495,9.465880243134412,8.625447556430656,0.3427909374262291,495,0.5459729888331271
anti_reasons,1110110001111111101100111110011111111011100110110110,10.896407678495063,9.64348269443686,7.8497890249275075,0.636980456850547,495,0.545983013396039
anti_reasons,1110110011111111101100111110111111011001100110110110,10.895529426847855,9.927005461055712,8.528157741788426,0.46638030763798194,495,0.5460196072146728
anti_reasons,1100110111111011011000110110111111101111100110011011,10.895380975666262,8.7318641616662,7.390592887405402,0.664308537514366,495,0.5460257926805725
anti_reasons,1111110111001111101100110011110111011011110110111011,10.894996686353647,9.757527842561244,9.088673181792803,0.2731377326994731,495,0.5460418047352646
anti_reasons,1111100011011111101100111111111111111001100011110111,10.89171889895619,10.305564535638718,9.407380135045724,0.2643337836424886,495,0.5461783792101587
anti_reasons,1110110111111111101110110011110111011000011110111011,10.89164122124623,9.712853597895254,8.789765247501922,0.40017236458539146,495,0.546181615781407
anti_reasons,0111100011111011111100110110111111001101100011111011,10.891320155796715,8.742203086183137,7.336557701027337,0.6591877508361502,495,0.5461949935084702
anti_reasons,1111110110001101101100110110111110011001100110011111,10.891210565299868,9.349724603990092,8.445125480412152,0.35846286732642463,495,0.5461995597791722
anti_reasons,1100111111001111011100011111110111011000011110011011,10.890302912546684,8.644966205662113,7.4964642144993725,0.7101972162861284,495,0.5462373786438881
anti_reasons,1111100011001111111000110110011011011101110110110011,10.890214562007168,9.991173685712122,8.178432826631214,0.46648104040726635,495,0.5462410599163681
anti_reasons,1111110011001111111100111011110011011001110110110011,10.889976612744112,9.866245723584386,8.462596349963823,0.3676185117216633,495,0.5462509744689954
anti_reasons,1111110011011111111000110111011001101100111011110111,10.888082224710507,10.001185219508264,8.75364188342374,0.4133052813000115,495,0.5463299073037289
anti_reasons,1111110011011111101100111011110011011001110111111011,10.887955391790499,9.786320486972137,9.247876411801625,0.2674050202015496,495,0.5463351920087292
anti_reasons,1111110110011111111000110111011110011000110110011111,10.886537365799475,9.877992782919547,9.011686855232881,0.3171806991748447,495,0.5463942764250218
anti_reasons,0111100110011011111110111110111011001100111110011011,10.886363575882848,9.07667311062234,7.566157186237244,0.6152048913893369,495,0.546401517671548
anti_reasons,0111100001111111011000110110111001111101110111011011,10.886303281715426,9.378974746460813,8.03274149773011,0.4834891353461907,495,0.546404029928524
anti_reasons,1111100111101111101111011110011011001111000110110111,10.883812974815955,9.93255185377598,6.793456627110895,0.8194363776217656,495,0.5465077927160018
anti_reasons,1110111111101111011000011110110110011000011110011011,10.883770128410935,8.489709388846485,7.379594502016282,0.7692509196606174,495,0.5465095779828777
anti_reasons,1111100011001111111100110110011111011011111011111110,10.88285518549978,10.164299953965408,8.871283231662442,0.2949935994005692,495,0.5465477006041759
anti_reasons,0111101110001111111100111011110111001100111111011110,10.881285987531472,9.84526961698894,8.359093919925336,0.42102103076603165,495,0.5466130838528553
anti_reasons,1111110001101111101110011111011011001111000110110111,10.879917446503656,9.896461499631569,7.250088278767159,0.7760014899811218,495,0.5466701063956809
anti_reasons,0111100111011011011110110110111011101101111110011111,10.87978526955271,9.138210013226209,7.5278958416448205,0.5989130163044533,495,0.546675613768637
anti_reasons,1101101111011111011110110011111110011001110011111111,10.87976297871198,9.191705261786195,8.318481796340933,0.4529419752976255,495,0.5466765425536675
anti_reasons,1111100110001111111000011110110011111000011110011011,10.878919449625126,9.835715011086888,9.05132930974566,0.35667590455469983,495,0.546711689598953
anti_reasons,0111100111101111011000110011110011011100111111011111,10.878467972052285,9.938390968603937,8.76967744771486,0.365160538914163,495,0.5467305011644881
anti_reasons,1111110011001111111100110011110011011011110110110011,10.87813092264497,9.760781768317514,7.999915411647952,0.3741887882421702,495,0.546744544889793
anti_reasons,0111100011111011011100111111111111101101100011011011,10.87783641632814,8.254484191830645,7.00908850488949,0.7234700257271838,495,0.5467568159863274
anti_reasons,0111101110001111011100110111110110011011110011111111,10.877785789134675,8.745609341115578,7.800861425587764,0.5399211334127043,495,0.5467589254527219
anti_reasons,1111100110001111101110011110111111011000011111110011,10.876612663995912,9.672337914665459,8.74003744538748,0.3605851697554404,495,0.5468078056668371
anti_reasons,1111100011011111111100110111111001111000011011110110,10.876370742904278,10.067895738902484,8.563720451489772,0.3531271361654044,495,0.5468178857123218
anti_reasons,1111100011011111111100110111011001101100111011110111,10.87543756990707,9.99281187584552,8.7168939467988,0.4331651832815342,495,0.5468567679205387
anti_reasons,1111110001101111101110011110011011001111000110111111,10.875435630091095,10.008589693250752,7.9334902239312814,0.5697135165558929,495,0.5468568487462044
anti_reasons,1111110011001111101110111110011111101101100110111110,10.875016248331194,10.203643188189432,8.20575801984307,0.5286828433125805,495,0.5468743229862003
anti_reasons,0111100110011011111111110110111011001100111110011011,10.874726325267911,9.096242985258378,7.684676080932491,0.6135667680271893,495,0.546886403113837
anti_reasons,1111100001111111101110011110011011101111000110110111,10.874491509928683,9.938431875525536,7.128421681456627,0.755713391139315,495,0.5468961870863049
anti_reasons,1110110011101111111110111111011001111001100110110110,10.873076566392458,9.730152188540785,7.418451481881101,0.8544267466441995,495,0.546955143066981
anti_reasons,0111100011111011111100110110111110001101100011111111,10.872000838818407,8.827800459826962,7.586250294495344,0.5691612811724377,495,0.546999965049233
anti_reasons,0111100111011111111100111110011110011000011111011011,10.871633138403654,8.848877606604026,7.890190497396075,0.6651525714808584,495,0.5470152858998478
anti_reasons,1111110001101111101100011111011001111001110111110110,10.871140540558589,9.446525785466147,6.881511386533562,0.9546053267845799,495,0.5470358108100588
anti_reasons,0111100110001111011000111111111011101111111110011011,10.870367569586302,9.948159578042857,8.765185343873977,0.38409962586866986,495,0.547068017933904
anti_reasons,0111100110011111001100110111111111011100111011011111,10.870324685793621,8.992913203948156,7.870471921972172,0.6357004684440212,495,0.5470698047585991
anti_reasons,1110111111011111101100110011111011111000011110111011,10.869557017633174,9.73666868699484,8.858460973307567,0.36395280010845,495,0.5471017909319511
anti_reasons,1111100011001111111000111110011001101101111011110111,10.869452476823552,9.918469289175558,8.098879950775595,0.46404214381360254,495,0.5471061467990186
anti_reasons,1111100011011111111100111110011001101100111011110111,10.869447095427224,9.960684996868661,8.723334997020633,0.38567033274106177,495,0.5471063710238657
anti_reasons,1101100011101111000110111111011111011000111111011011,10.869200489628462,9.695344296044222,8.8779243401209,0.3263872603791259,495,0.5471166462654808
anti_reasons,1111110011001111101100111011111011011001110110111011,10.869061412976661,9.915115497135739,8.566834112197704,0.38397157898283485,495,0.5471224411259725
anti_reasons,0111101110001111011100110111111110011001110011111111,10.869043798182572,8.884556906602755,8.119207772541685,0.4807050703885134,495,0.5471231750757262
anti_reasons,1111110110001111111100110110110011011001110110110011,10.86846591683391,10.044113493016575,8.636110943246688,0.3421143636058042,495,0.5471472534652537
anti_reasons,1111100011001111101100111011111011011001110111111011,10.868264772816014,9.914943817886815,8.416875650292795,0.3625409131559654,495,0.5471556344659994
anti_reasons,0111110001101111011100110110111001111101110110011111,10.867899089248825,9.956499926183358,8.840002576312854,0.3056661410373181,495,0.547170871281299
anti_reasons,0111110001101111011000110111011011111101110110011111,10.867749520812163,9.97426034879855,8.506275295711042,0.39047506978990604,495,0.5471771032994932
anti_reasons,1110111111001111011000011110110110011000011110011111,10.866666418802744,8.434118955792762,7.339993495897947,0.7354678564239415,495,0.5472222325498857
anti_reasons,0111101110001111111100110011110111101100111111011110,10.865875642961885,9.913690753594206,8.349168591821861,0.40258272849421517,495,0.5472551815432547
anti_reasons,1111110110001111111100110111011110011000110110011111,10.86374659242303,9.863943320991245,9.048702216617576,0.27042602172570845,495,0.5473438919823737
anti_reasons,1111110011001111111000011110111001101100011110110011,10.862388055254511,9.93759176836655,8.594660096923143,0.36248826411621055,495,0.5474004976977287
anti_reasons,1110110111101111101100111111011111111001100110110110,10.861966138801998,9.824044768900263,7.56319850920881,0.7852045022693505,495,0.5474180775499167
anti_reasons,1111100111001111101100111011111011011001110110111011,10.86158845322522,9.908673134408973,8.099956342685806,0.4235169000388926,495,0.5474338144489492
anti_reasons,0111110011011111011111011110110011111000011111011111,10.858412985084382,9.304534901136083,8.472676736295497,0.502836140128715,495,0.5475661256214841
anti_reasons,1111100111001111111000011110110001101100111111110011,10.85699779924518,9.882806419549102,8.3755682910334,0.3568512198973715,495,0.5476250916981176
anti_reasons,1111110110001101111100110111011110011100110110111011,10.85689890037524,10.165709523932843,9.063764970032512,0.23806670384269335,495,0.5476292124843649
anti_reasons,1110110001111111101110111011110001111001111110110111,10.856710331264633,9.96372193574914,8.585846037003627,0.4806679892654732,495,0.5476370695306403
anti_reasons,1110111110001101101100110110111111101101110110111110,10.85581224875262,9.89991856666497,7.474794907664142,0.499047482421552,495,0.5476744896353074
anti_reasons,1111100001111111101110011111011011001111000110110111,10.854891851558877,9.902137617897129,7.1561132457586165,0.7178116286270259,495,0.5477128395183801
anti_reasons,0111101110001111111100110011111111001100111111011110,10.854576486465575,9.878753227209245,8.454884710839238,0.40343078230243984,495,0.5477259797306011
anti_reasons,1110110110011111101110110011110111111111111111110110,10.854233398195246,10.156592622262119,9.160531480198417,0.2764825246890853,495,0.5477402750751981
anti_reasons,1111100011001111111110110111111001111000011011110110,10.854168585941212,9.989468468645978,8.056124047182115,0.46190536263242615,495,0.5477429755857828
anti_reasons,0111100001101111111000111111011001111000110110011111,10.852827523231502,9.771651198600345,8.451534486445162,0.48525088308370556,495,0.5477988531986875
anti_reasons,0111100111001111011111111110110011011000011111011011,10.852465999159458,9.037061771421165,7.810148210976431,0.6281312591130016,495,0.5478139167016893
anti_reasons,1111100111011101111000011110110110011000110111111011,10.852208506299675,9.347431448354136,8.482708576614186,0.40166996814022776,495,0.5478246455708469
anti_reasons,1111100111101111011000110110110011011001110110011011,10.85212048282647,9.636247791933874,8.513799905690185,0.39856492095848184,495,0.5478283132155637
anti_reasons,1101110110001111011111110111011110011000011011111111,10.852044990199273,9.476641447103964,8.861904587451999,0.3573183362601437,495,0.547831458741697
anti_reasons,1101100111011011011000011110111011101100111110011011,10.851809300160134,8.745548009811735,7.378039702269676,0.5694062029082129,495,0.5478412791599945
anti_reasons,0110110110011011011000110110111110011100111110011011,10.851745557351347,7.265214891180562,5.697343440829268,1.0336656299314853,495,0.5478439351103606
anti_reasons,1111100011101111011000110111011001111100110110011110,10.851397624058214,9.859056979829141,8.408323224314065,0.5105507170950697,495,0.5478584323309077
anti_reasons,1111110110011011101110011110111110001101111110011011,10.85129407340264,8.477983428028427,7.247717651416571,0.6263187738880172,495,0.5478627469415567
anti_reasons,1110111111001111011000011111110110011000011110011011,10.85000609388154,8.133218260045844,7.087857122121026,0.8216090561287773,495,0.5479164127549359
anti_reasons,1110110011101111111110110111011001111001110110110110,10.849828865116496,9.636684717560222,7.030398477333848,0.8662384082046306,495,0.5479237972868127
anti_reasons,1111100110011101101100110110111110011001100110011111,10.849252825908335,9.355400722255649,8.557313391375267,0.3359965575866412,495,0.547947798920486
anti_reasons,1111100111111111111110110111110001111001110011110011,10.848849610842985,10.026610742718631,9.003125271237252,0.281098592863474,495,0.547964599548209
anti_reasons,1110110001101111101100111110011111111001100111111110,10.847096020134334,9.887353924785295,8.335407348378844,0.5108957310030857,495,0.5480376658277362
anti_reasons,1111100001111111101110011110011011001111000110111111,10.84627627408434,10.014265811516308,7.857769521366414,0.5203394919715718,495,0.5480718219131524
anti_reasons,0111110011101111111000111110111001111001110110011011,10.845928995902266,9.844403082843996,8.745454775921738,0.3020243197587001,495,0.5480862918374056
anti_reasons,1111100011101111101100011111011001111001110111110110,10.845266595731841,9.422835732319033,6.391938308323608,1.00121344880409,495,0.5481138918445065
anti_reasons,1110110001111111101110110011110001111011110110111111,10.843500218636306,9.691354405493243,8.532596865343754,0.4254720411310579,495,0.5481874908901538
anti_reasons,1101100110011011011000110111111011111000011110011011,10.84284933835262,9.239749678451943,8.05014544206286,0.5509941307754574,495,0.5482146109019741
anti_reasons,1111110001101111101111011110011011001111000110110111,10.84260740912129,9.883904495290748,7.224540104146688,0.7742534736837223,495,0.5482246912866129
anti_reasons,1111100011001111111100011110111001101100011110110011,10.842147960399803,9.929218424703809,8.400040360075907,0.4120041465971512,495,0.5482438349833416
anti_reasons,1111100001101111101111110011110011011111100011110111,10.841954198318565,10.025747196562293,8.259316226304954,0.5294542357872751,495,0.5482519084033932
anti_reasons,1111100111001101111000110110110011101100111011011011,10.841613023536194,9.521753781852718,8.010793054455245,0.49907254344626767,495,0.5482661240193252
anti_reasons,1110110001101111101100111110011111111001100111110111,10.840234920499304,9.893320502109182,8.303546182605716,0.5167240166188476,495,0.5483235449791957
anti_reasons,1111110011011111111000011111110011101101110110110011,10.839499406781096,10.234517015568168,8.933934799379426,0.3846676350746935,495,0.548354191384121
anti_reasons,1111100110001101101110110110111110011001100110011111,10.838987348916488,9.276973451999142,8.17529834698859,0.36566868168411587,495,0.5483755271284796
anti_reasons,1111100011011111101100111011111011011001110110111011,10.838294786712677,9.920791615401296,8.634639960150905,0.33825249293445403,495,0.5484043838869719
anti_reasons,1111100111011111111100110110011001101100111011110111,10.83795650175678,9.774647020822858,8.363853137833042,0.4285407596077982,495,0.5484184790934674
anti_reasons,1111100011001111111000011110111001101100011111110011,10.837680906233148,9.93742008911763,8.759873985627237,0.3445549216797673,495,0.5484299622402855
anti_reasons,1100110011111111011100011110111110001111100111111111,10.83722240227251,9.597006547658259,8.592980179369015,0.3911257306736954,495,0.5484490665719788
anti_reasons,0111110001101111011110111111110001101100111110011011,10.836749115753591,9.614807754594043,8.395679852726676,0.4245873288890696,495,0.5484687868436005
anti_reasons,1101100011101111111000111110011111011101100011011011,10.835026033357614,9.797045476037374,8.77870298675723,0.30247339670884743,495,0.5485405819434328
anti_reasons,0110110110011011011000110110111111001100111110011011,10.833986737398558,7.300796572313122,5.359610151870961,1.0445375169971252,495,0.5485838859417267
anti_reasons,1111100011011111111000011110111001101100011110110011,10.83337410943207,9.94326788663211,8.72484015323735,0.35336697440212905,495,0.5486094121069971
anti_reasons,1100110111011011011000110110111011101100111110111111,10.832957039851127,9.575129285301395,7.889058822308219,0.5406969217168714,495,0.548626790006203
anti_reasons,1111101111001111101100110011111011011011110111110011,10.832722722425572,9.704766285678112,8.07302638473931,0.4033670290633457,495,0.5486365532322679
anti_reasons,1111100111001111111000110111110011001101111011110011,10.8320459473935,10.026821686060613,8.200595492888008,0.453840458462784,495,0.5486647521919374
anti_reasons,1111100011101111101100111011110011111001110011110111,10.832009426976034,9.86425533696535,7.663614078405327,0.6331282764440859,495,0.5486662738759986
anti_reasons,1111100011001111101110111011111011011001110110111011,10.826638338437654,9.842364345144789,7.981274616168827,0.4299027028248435,495,0.5488900692317644
anti_reasons,1111100111101111101111011110011001111000110111110110,10.822833772274578,9.375998146350788,6.3661899028322715,0.9525662390989864,495,0.5490485928218927
anti_reasons,1110110001111111101100111110011111111001100110111110,10.821720393416033,9.893201722299775,8.537935757278095,0.46707224971123373,495,0.5490949836076653
anti_reasons,0110110110011011111000110110111110001100111110011011,10.820851039028382,7.561014516798271,5.829399674420311,0.9349553427791396,495,0.5491312067071508
anti_reasons,0111110111011111101100111011111110001101111110011011,10.82082178339567,8.829681853717656,7.843891234184645,0.46625438791226176,495,0.5491324256918471
anti_reasons,1111100001101111011000110110011001111011110110111011,10.820118527814534,9.663810562548843,8.163650632977953,0.44436567072657734,495,0.5491617280077277
anti_reasons,1111100011001111111100111110111111111001100011110110,10.819645821778956,10.167629023382258,8.385580289341878,0.3992806862363052,495,0.5491814240925434
anti_reasons,1111110111001111111100110110011001111001111011111110,10.818882973094935,9.816098756112416,8.284342558534913,0.38974675743899745,495,0.5492132094543778
anti_reasons,1111110011001111111100110110011111011001111011111110,10.818873641894106,10.090168295913243,8.917348832009033,0.3038889824870653,495,0.5492135982544122
anti_reasons,0111100111011111111000110011111011011100111110011011,10.818589135535461,9.763724939402547,8.611062203080563,0.38284303041244266,495,0.5492254526860225
anti_reasons,1111110001111111101100011110011001111001110111110111,10.818341557633016,9.649076449033883,7.9711043158187405,0.6220407607317412,495,0.5492357684319578
anti_reasons,1110110011101111111100111110011111011001110110110110,10.818092254228024,9.944936167648372,8.03726681345811,0.6250625758392175,495,0.5492461560738324
anti_reasons,1110110001111111101100111110011111111001100110110111,10.814859293781003,9.89916829962366,8.530377085798854,0.47288913886281936,495,0.5493808627591248
anti_reasons,1110111111001111011000011110111110011000011110011011,10.813585600206938,8.13457499128929,7.111683004876383,0.7968338315952942,495,0.5494339333247109
anti_reasons,1111100011111111011100110011011110011101111011111011,10.813483510113775,9.398983388513727,8.398094512371186,0.43403863568902956,495,0.5494381870785927
anti_reasons,1111101111011111111000110111011001111000011011110110,10.813288284495403,9.587265189436927,8.056557893495224,0.39645307980277267,495,0.5494463214793581
anti_reasons,0111100011111011111100110111111110001101100011111011,10.812274276544203,8.526899764080042,7.223096308658719,0.6087876654897076,495,0.5494885718106581
anti_reasons,1110110011011111111000110110011001111100111110111011,10.812177319900524,9.913697942489794,8.918989843305983,0.33041532011131897,495,0.5494926116708114
anti_reasons,1101100110001111011111110111011111011000011011111111,10.8118747352412,9.903667261502955,9.254149855047508,0.2977701163555561,495,0.5495052193649499
anti_reasons,0111100111011011111110110110111011001100111110011011,10.811601452662144,8.873387444156188,7.258356217878838,0.6844636713287291,495,0.5495166061390773
anti_reasons,1111110011111111101100110110110001111001110011111011,10.811394146391546,9.493532992075131,8.59038302222855,0.3245644577656641,495,0.5495252439003522
anti_reasons,1111100111101111111000111011011001111000011011110110,10.810706592089536,9.473100874901048,7.187372133622513,0.7221807477384933,495,0.5495538919962693
anti_reasons,1110110001101111101100111111011111111001100111110110,10.809381753075712,9.775225731166111,7.697152354024614,0.7124680197835941,495,0.5496090936218454
anti_reasons,1111100001111111101111011110011011001111000110110111,10.809091526506663,9.889580613556308,7.139325389883967,0.7140674736134417,495,0.5496211863955558
anti_reasons,1111100111001111101100110011110011011001110111111111,10.808615434638913,10.028449806344485,8.482676859643448,0.3414197658633456,495,0.549641023556712
anti_reasons,1111100001101111101110110011011011011011110110110011,10.808162106615898,9.218032601745836,6.6230524569149685,0.7604647030577639,495,0.5496599122243375
anti_reasons,0111100110011111011000110111110011111111100110111011,10.807570502539903,9.815532580481475,8.756769809890011,0.35877402209149784,495,0.5496845623941706
anti_reasons,1100110011101101111100110110110110011100110111011011,10.806366209302402,9.416789222421523,8.26159719411822,0.4691953407169877,495,0.5497347412790665
anti_reasons,1111110001101111101100011110011001111001110111111110,10.805686636160177,9.55865397908533,7.579118775270962,0.7336175337776129,495,0.5497630568266594
anti_reasons,1111100110001101111110110111011110011100110110111011,10.804675683991862,10.092958371941895,8.945691051415201,0.276128473384134,495,0.5498051798336725
anti_reasons,0111100111111011011110111110111111001101110011011011,10.803450596967542,7.88045935159031,6.58939276102688,0.8548940167692062,495,0.5498562251263523
anti_reasons,0111100111001111111000111011111011011100111110011011,10.801801156766711,9.937644434456024,9.05931585050511,0.2409176833752934,495,0.5499249518013871
anti_reasons,1111110011101111101100111110011001101101100110110110,10.801508601056973,9.768774025286147,6.913819946767581,0.9005906218322353,495,0.5499371416226262
anti_reasons,1111100011011111111100110110011001101101111011110111,10.800894147229032,9.814956224818443,8.309992946272944,0.43315998219817364,495,0.5499627438654571
anti_reasons,0111110011111011011000110110111110001101100110011011,10.800222480387493,7.724161577898348,6.204547889435515,0.8517983694689231,495,0.5499907299838545
anti_reasons,1110110001111111101100111111011111111001100110110110,10.798504905650995,9.781073528680592,7.9191460951603965,0.6724647964076927,495,0.5500622955978751
anti_reasons,1110110111101111101100111111011111011011100110110110,10.798027086090649,9.650159677028125,7.566462390569833,0.7097844762912401,495,0.550082204746223
anti_reasons,0111100011111011111100111110111110001101100011111011,10.797226860503145,8.494772885103185,7.258536112766363,0.6225779548495383,495,0.5501155474790356
anti_reasons,0111110111101111001110111110110011011000011111011111,10.79666483746413,9.430672956702374,8.14465151376,0.44688831719738964,495,0.5501389651056612
anti_reasons,1101100110011111011111110111011110011000011011111111,10.795549708984474,9.482317565369522,8.840869848695913,0.3998352684746355,495,0.5501854287923136
anti_reasons,1111100111001111111000110111011110011000110110011111,10.794687306033723,9.769846837147766,8.994916130286168,0.2649886911766703,495,0.550221362248595
anti_reasons,1111100111001111111000110110011011101100111011110011,10.794270622403143,9.534187323858,7.946372807660393,0.45724843042822316,495,0.5502387240665356
anti_reasons,1111110011101101101100110110111011111000110011011111,10.7936291583201,9.854152026398447,8.310636830277932,0.40367906107153223,495,0.5502654517366625
anti_reasons,0111100011111011111100110110111110001111100011111011,10.791819468802577,8.389308929836313,7.018022499098047,0.6645797783152639,495,0.5503408554665592
anti_reasons,1111100001101111100110110011111001111000110110110110,10.791233512199064,9.594005985440978,6.578616124847424,0.952713614242895,495,0.550365270325039
anti_reasons,1100110011111011011100110110111111101111100110011011,10.790091469195271,8.729933180730225,7.358909275689555,0.6437298004577269,495,0.550412855450197
anti_reasons,1111100111101111111000110011011001111000111011110110,10.790046837080167,9.379633403920485,6.902929125785812,0.730030367807322,495,0.5504147151216596
anti_reasons,0111110011101111011100111111011111001101100111011111,10.789710008300482,9.642209521847196,8.577160530414586,0.35177320075333984,495,0.5504287496541467
anti_reasons,1111100011101111111100110111011001111001110011110110,10.78822394415407,9.630312736694215,7.116121337223484,0.7836477364526473,495,0.5504906689935805
anti_reasons,1110111111001111011000011110110110011000111110011011,10.786533210584485,8.00762391008842,6.759493683484081,0.8436182672356827,495,0.5505611162256465
anti_reasons,0110110110011011011000110110111110001100111110011111,10.785902268470569,7.386393945956948,5.451159563082183,0.9403973857872252,495,0.550587405480393
anti_reasons,1111110110001111011110111011110111011001110011111111,10.785161120962762,9.442146002984616,8.899013229489988,0.3208738258815822,495,0.5506182866265517
anti_reasons,0111100111111011111100110110111110001101100011111011,10.784052303983259,8.30873490905738,6.982546880865804,0.6891221992400118,495,0.550664487334031
anti_reasons,1111110001101111101111011110011001111000110111110110,10.783826648462219,9.327350787865559,6.81610314537704,0.9169758366151161,495,0.5506738896474075
anti_reasons,1111110011011111111100110110011001101100111011110111,10.783356894505488,9.781089383549622,8.369969770785158,0.41162706573845376,495,0.5506934627289379
anti_reasons,1100110111011011011000111110111011101100111110011111,10.783198682225944,9.236135133253729,7.7557524793006,0.5562886232141154,495,0.5507000549072523
anti_reasons,0111101111001111011100110111110110011001110011111111,10.781450878748675,8.647787629916298,7.701757973329527,0.5564972749082753,495,0.5507728800521385
anti_reasons,0111110001101111011000110111110001101100111011011111,10.777966121918165,9.028616466473666,7.481706569342244,0.5432810576451476,495,0.5509180782534098
anti_reasons,1111100011101111101100011110011001111001110111111110,10.777333182933123,9.534963925938216,7.08099389887314,0.7779988138427903,495,0.5509444507111199
anti_reasons,1111110011101111111000110111011001111001110011110110,10.775400501735731,9.63868608035696,7.195564139137524,0.7287867041245131,495,0.5510249790943444
anti_reasons,1110110001111111101110110011110001111011111110110111,10.77531354877304,9.858257980482268,8.406431021989441,0.4659624489694776,495,0.5510286021344566
anti_reasons,0110110110011011011000110110111110001100111110111011,10.773919468281086,7.392360523280836,5.428785172816538,0.9327530424452174,495,0.5510866888216215
anti_reasons,1111110111001111111100110111011001111001111011110110,10.772792406898262,9.703970562493232,7.64167966289106,0.5532153178167998,495,0.5511336497125725
anti_reasons,0111100111111111111100110011011110011100111011111111,10.771442293304116,9.780564754001508,8.877533448822266,0.26371293161275267,495,0.5511899044456618
anti_reasons,1111100001101111101111110110111001111011100011110011,10.7708693037393,9.436413541899663,8.035415286766863,0.4695712550379321,495,0.5512137790108624
anti_reasons,1111100011101111101100011110011001111001110111110111,10.770472083298094,9.540930503262103,7.069011098683658,0.7866817583421204,495,0.5512303298625794
anti_reasons,1110110111001101111000110110110011101100111110011011,10.76911755448011,9.522097140350564,8.025949513357185,0.46389193993515143,495,0.5512867685633287
anti_reasons,1111100011101101101100110110111011111000110011111011,10.768254248056934,9.781338829363227,8.102222521391882,0.4482793988920418,495,0.5513227396642943
anti_reasons,0111100110011011011110111110111011001100111110111011,10.768032573093501,8.908019117104905,7.165542684633471,0.6289155156641918,495,0.5513319761211042
anti_reasons,1111100111101111111000110111011001111001110011110110,10.767786264408711,9.632243717630192,7.146155783330126,0.7624781618237166,495,0.5513422389829703
anti_reasons,0111100011111011111000111110111011101101110110111011,10.76757253942108,10.097262406967056,8.70312222611212,0.3859264927663926,495,0.5513511441907883
anti_reasons,1110110011101111101110110111011001111001111110110110,10.767328078801693,9.560599068202146,7.058761774087096,0.8339816427998401,495,0.5513613300499294
anti_reasons,1111110110001101101100110110110011111100110111011011,10.766936316444568,9.792312358327045,8.98660342350787,0.2667280058052172,495,0.5513776534814763
anti_reasons,1111100011001111111110110110011111011001111011111110,10.765299226135266,10.017417143922295,8.756325498527595,0.30826984810324964,495,0.5514458655776973
anti_reasons,1111100001111111101100011110011001111001110111111110,10.764938906064868,9.564330097350886,7.514526909131197,0.6602106140719144,495,0.5514608789139639
anti_reasons,1110110011001111111100110011110111111000111110110110,10.764558292422093,9.820537865946383,7.959012998708142,0.4527220395829843,495,0.5514767378157461
anti_reasons,1111100110001111011111111011110111011001110011111111,10.760917739500142,9.641311490939692,9.058739459570564,0.2609834309234437,495,0.5516284275208274
anti_reasons,1111101111101111111000110011011001111000011011110110,10.760594219082089,9.440304958922914,7.135631473844644,0.6111180113502073,495,0.5516419075382464
anti_reasons,1111110110001101101100111110110011111100110110011011,10.76032090480629,9.972079650895004,9.07919757809087,0.24416226683527026,495,0.5516532956330713
anti_reasons,0111101110001111011110110111110110011001110011111111,10.760204661474376,8.598726531072463,7.65604838172307,0.551535182538026,495,0.5516581391052344
anti_reasons,1110110001101111111110110011110001101100111111111011,10.758317752237943,10.103251502171062,8.833499201916357,0.35223429491717995,495,0.5517367603234191
anti_reasons,0111100110001111011000110110110011111111111110011011,10.7567943473083,9.57764683343679,8.444604083086134,0.47313262352885666,495,0.5518002355288207
anti_reasons,0111100011111011011110111111111111001101100011011011,10.755375345146577,7.933716289915389,6.6681530174777,0.8100796489395234,495,0.5518593606188926
anti_reasons,1111100011001111101100110011110111011001110111111011,10.753057926659258,9.532107319268702,8.811759250656403,0.2706599306411127,495,0.551955919722531
anti_reasons,1110110111001111111000110110110001111000011110111011,10.752209991575738,9.62317745662852,8.643272538724219,0.4080791637352144,495,0.5519912503510109
anti_reasons,1111110011001111111100110011110111011001110110110011,10.751431861392422,9.775268222864725,8.533202132589588,0.261018868312232,495,0.5520236724419825
anti_reasons,1111101111001111101100110011110011011001110111111011,10.751023698218049,9.662626315642571,8.656194899496587,0.28872272308294156,495,0.5520406792409147
anti_reasons,0111101110001111111110110011110111001100111111011110,10.750701773233557,9.592922851678953,7.887703460435583,0.4826075116903227,495,0.5520540927819351
anti_reasons,1111100110001111011111110111011110011000011011111111,10.749572856085388,9.462325746583051,8.848032115996986,0.3569012993601,495,0.5521011309964421
anti_reasons,1111100111001111101100110011110011011011110111111011,10.748977215497712,9.589958276353833,8.415066069588025,0.2974588043166649,495,0.5521259493542621
anti_reasons,0111100111001111100110111110110111011000011111011011,10.747438530210365,8.97651181399106,7.691364604087588,0.669179054585519,495,0.5521900612412347
anti_reasons,1111100011111111101100011110110011111100110110011011,10.74730380677445,10.099853328630763,9.281378615305393,0.2342094000445,495,0.5521956747177312
anti_reasons,1111100110001101101100110111110011111100110110011011,10.747112504674147,9.925426755512756,8.491718556627964,0.29814654856443334,495,0.5522036456385773
anti_reasons,1111100011001111101100111011110111011001110110111011,10.74644251502098,9.711874611836663,8.50340649892873,0.2866813677034425,495,0.5522315618741258
anti_reasons,0111100011111011111100110110111110001101110011111011,10.745602376293581,8.401305414122621,7.083652242755596,0.6555549933655876,495,0.552266567654434
anti_reasons,0111100011001111100110111110111111011000011111011011,10.744615395974302,9.19603340025717,8.19959059984454,0.5598943211344977,495,0.5523076918344041
anti_reasons,0111100011111111011100110110111110001111100011011011,10.744468639889424,7.941459964242586,6.408461219627942,0.8253200397031869,495,0.552313806671274
anti_reasons,1111110111001111111100110110011001111101111011110110,10.742984852429124,9.943244388212689,7.919527526589184,0.48806830192665995,495,0.5523756311487864
anti_reasons,1111100011111111111000110111011001111001110011110110,10.742187305598677,9.644362198622517,7.542137209963742,0.6542335381691204,495,0.5524088622667218
anti_reasons,0111100111001111111000110011111011011101111110011011,10.741937517054527,9.791915662405808,8.828142972102137,0.2802279523221872,495,0.552419270122728
anti_reasons,1111100001101111101111110111110001111011100011110011,10.741649862835475,9.435056810656215,8.058663076485226,0.4423967620736697,495,0.5524312557151885
anti_reasons,1111110011001111111000110110011011101100111011110011,10.73967101515185,9.540629686584765,7.952489440612509,0.43659371028083077,495,0.5525137077020061
anti_reasons,1101110111011011011000110110111110011101100110011011,10.739437817943806,8.490801354024192,7.334482964864765,0.7873645735955137,495,0.5525234242523414
anti_reasons,1101100110011111011000011110011011001100111110111111,10.73835317096724,9.759837371717847,8.149403399224692,0.4197150682919746,495,0.5525686178763649
anti_reasons,0111100110001111011100110110110011111101100111111111,10.737895400292883,10.028080476999005,9.101149964257582,0.312640356722295,495,0.5525876916544632
anti_reasons,1110110111101111101110110011110111111001110110110111,10.737407768579391,9.851987228744036,8.087263014679536,0.5301965770373898,495,0.5526080096425254
anti_reasons,0110110110011011011000110111111110001100111110011011,10.735485242654002,7.08549325021003,5.244418595820366,1.008159127137124,495,0.5526881148894165
anti_reasons,0111110011111111011100110011110111101100111011011110,10.73535215468046,8.79367721578021,7.147812429734387,0.5528525137457706,495,0.5526936602216475
anti_reasons,1110110111101111101100111111011111011001100110110111,10.735125267653341,9.905845282214925,8.250205398481254,0.5422563981918146,495,0.5527031138477774
anti_reasons,1101101111001111011000110110011011001101111011111011,10.734068368677288,9.117759740095273,7.547606637606292,0.5632368452240355,495,0.552747151305113
anti_reasons,1110110011111101101100110110011111111100011111011011,10.733886247082564,9.741035731667145,8.627275358543983,0.3249847337069731,495,0.5527547397048931
anti_reasons,1111100011011111111110110110011001101100111011110111,10.730543903253741,9.708338231558676,8.251895852167847,0.427795089925073,495,0.5528940040310941
anti_reasons,1110110011101111111000110111110011011001100110110011,10.729932169154669,9.807826891672041,8.163303876360434,0.36684255057201104,495,0.5529194929518888
anti_reasons,1110111111001111011100011110110110011000011110011011,10.729930032605603,7.913122424087203,6.727977727597937,0.8741938943600712,495,0.5529195819747665
anti_reasons,1110110110001101101110110110111111101101110110111111,10.726733240058893,10.088964754931196,7.964162314308912,0.4423245758048507,495,0.5530527816642128
anti_reasons,1110110111001111111100110110110001111100011110110011,10.726349419013074,9.820729519425162,8.511807451057894,0.3424854123016553,495,0.5530687742077887
anti_reasons,0110110001111111011100111110011111101100111111011110,10.725358190229402,8.999848023982176,7.580912346860268,0.44172581718277654,495,0.5531100754071083
anti_reasons,0110110110011011011000111110111110001100111110011011,10.724161110655903,7.053366371233171,5.2643306747923,1.0247403837685314,495,0.5531599537226708
anti_reasons,1111110110001101101100110110110011111101110110011011,10.723489097280215,9.826350878844787,8.724716109294658,0.2808333280468423,495,0.5531879542799911
anti_reasons,1110110111101111101100111111011111011001100110111110,10.72333980101162,9.899878704891037,8.263068371557502,0.5370868038015721,495,0.5531941749578491
anti_reasons,1101100011111011011100110111111011111000110110011011,10.720665347113806,9.535275695617981,8.09572226301999,0.3872262029781887,495,0.5533056105369247
anti_reasons,0111110001101111111000111110011011111100110110011011,10.720015302286221,10.004107425035086,8.951879783073123,0.28370161291782314,495,0.5533326957380742
anti_reasons,0111100110011011011111111110111011001100111110011011,10.719542700574179,8.588594839693277,7.119607081304481,0.6872194326504214,495,0.553352387476076
anti_reasons,1110110011101111101110110011110111111001110111110111,10.719131917888188,9.858257912221879,8.256973397535784,0.4614459792416997,495,0.5533695034213255
anti_reasons,1111100111011111101100110011110011011011110110111011,10.719007229394375,9.595806073868314,8.632830379446135,0.2771655819510315,495,0.5533746987752344
anti_reasons,1111100111001111101100110011110011111001110111111011,10.718548964253655,9.763843368225974,8.414760592439693,0.3367845671829585,495,0.5533937931560977
anti_reasons,1110110011101111101110110111111001111001110111110110,10.7155321701796,9.777814130150665,7.516074915304771,0.7249999936373325,495,0.5535194929091833
anti_reasons,1111101111101111101110011110011011001111000110110111,10.71533292445835,9.880186063161807,7.405160888502905,0.6704126228597868,495,0.5535277948142354
anti_reasons,1111100011101111101100110110110011111000110011011111,10.711298765662873,9.717489720897637,8.71840527633606,0.3153045809599369,495,0.553695884764047
anti_reasons,1111100011001111111100110011110001101100111111110011,10.71066545154751,9.945129196566844,8.492766137430346,0.3984249754837761,495,0.5537222728521871
anti_reasons,0111100001101111111000111110011001111001110110011111,10.710163450232644,9.593795547573269,8.367434323169492,0.4483596968510708,495,0.5537431895736398
anti_reasons,1110110011111111111100111110011111011001100110110110,10.709506788301912,9.864484143575455,8.484465418041317,0.4633724633739151,495,0.5537705504874204
anti_reasons,1111100110001111111100111110011110011100110110011011,10.708647750359836,9.691409797627816,8.9696747468137,0.26126248574306377,495,0.5538063437350069
anti_reasons,1111100001101111101100110011110111111101100011110111,10.708071983054584,10.083056290710573,8.667914926166294,0.4092278410659568,495,0.5538303340393924
anti_reasons,0111110011101111011100011110110011011000011111011111,10.707981743623169,9.256301995001305,8.118739673412762,0.44810571887402484,495,0.5538340940157014
anti_reasons,1101101110011011011000110011111011111000011110011011,10.70786022633129,8.755831416806963,7.374349724003968,0.6179391230601571,495,0.5538391572361963
anti_reasons,1101100011101101111000110111011110001111100011111111,10.706499711319948,9.960850326412857,8.245864479717405,0.4526038727111048,495,0.5538958453616689
anti_reasons,0111100110011111001100110111111110011101111011011111,10.70523710006982,8.599754230817986,7.524367440056379,0.650081421629065,495,0.5539484541637576
anti_reasons,0111110111001111111000110011111011011100111110011011,10.704269573076202,9.758048821136986,8.65664303976837,0.3219523159578021,495,0.5539887677884916
anti_reasons,1111110011011111111100110011110011011001110110110011,10.704181119123822,9.692326228530906,8.39255408282076,0.2696264140444768,495,0.5539924533698408
anti_reasons,1110110111101111101100110011110011111001110111110111,10.703847142395132,9.757168814527576,7.7496733889972225,0.5787747003907862,495,0.5540063690668695
anti_reasons,1111100011001111111000110011111001111000110110110110,10.701050895393655,9.641693373450453,7.073311840448877,0.7823820721488792,495,0.5541228793585977
anti_reasons,1110110011111111101110110011110111111001110110110111,10.699850024637279,9.864105709736359,8.547307535847589,0.41822196284434365,495,0.5541729156401134
anti_reasons,0111101111001111111100110110011110011000011011011111,10.699046412672217,8.401636855513336,7.350719792456184,0.6431037775714826,495,0.554206399471991
anti_reasons,1111100011101101101110110111110011101100111011011011,10.698161996938332,9.817727400774267,8.81029758116834,0.3486863705581512,495,0.5542432501275696
anti_reasons,1111100001101111101111111110110001111011100011110011,10.697765917729232,9.402929931679354,8.048016769968758,0.43819321340950035,495,0.5542597534279488
anti_reasons,0111100110001111011000110111111011111111100110111011,10.696662458208396,10.022935685755265,8.842154240021687,0.3042433540224138,495,0.5543057309079835
anti_reasons,1111110011011111101100110110011111011011110011111111,10.696347766825081,9.520978938662758,8.919252974429071,0.2839294535193065,495,0.554318843048955
anti_reasons,0111100111001111111000110011111011011100111111011011,10.69609284080188,9.757877141888066,8.632647646676443,0.3543738512353387,495,0.5543294649665884
anti_reasons,1111110011001111101100111110111001101101100110110110,10.695771170739926,9.829921631932045,7.371478784857974,0.702968793779085,495,0.5543428678858364
anti_reasons,0111100110011011111100110011111111011100111110011011,10.695626894676035,9.030895428470068,7.713237352967148,0.5914910590708544,495,0.5543488793884985
anti_reasons,1111100011111101111000111110011111011101100011011011,10.692592038963863,9.711988975743482,8.590264509970917,0.3194003439641005,495,0.554475331709839
anti_reasons,1111110011001111111110110011110011011001110110110011,10.69208901794743,9.6138989582744,7.884957678513104,0.3583325135946517,495,0.5544962909188571
anti_reasons,1100110011111011111000111011111110001100111110011011,10.691357166323744,8.901211995145344,7.590365045655732,0.5303255608445026,495,0.5545267847365107
anti_reasons,1101100111011011011000110011111011101100111110011011,10.69131995315905,8.809801767765455,7.137363328300802,0.5836554523209841,495,0.5545283352850396
anti_reasons,1101100110011011011000111011111011111000011110011011,10.690079478006858,8.788627332785095,7.5366335623274745,0.49967526343396046,495,0.5545800217497143
anti_reasons,0111100110011011111100110011111110011111111110011011,10.686988733726514,8.790647887751172,7.836799350459476,0.5871162934798989,495,0.5547088027613953
anti_reasons,0111100001101111011000110110011011111111110110011111,10.68642659121997,9.75788974019571,8.29665728939199,0.4043410478490119,495,0.5547322253658347
anti_reasons,1111100011011111101100110110011111111011110011111111,10.685299724407631,9.768995688587061,9.029677244428228,0.2709727375672371,495,0.554779178149682
anti_reasons,1110110001111111101100110111111001111001110111110110,10.684242181925741,9.801151679195176,8.013666976048171,0.6022860656009884,495,0.5548232424197608
anti_reasons,1111100111011111111000110111011001111100011011110110,10.683610786232398,9.891461810111377,8.410004758243593,0.4139564221059471,495,0.5548495505736502
anti_reasons,0111100110001111011100111110110011101100011111011011,10.683472844013153,9.084346874559165,7.523578264939052,0.6235436471019513,495,0.5548552981661186
anti_reasons,0111100111101111011100111110011110011000011111011011,10.681798141014319,8.645391576191761,7.518133930976632,0.5727962382386351,495,0.5549250774577368
anti_reasons,1101100111011111011000110111011011101100111011111011,10.680713921766545,9.481288336330417,7.815661496713388,0.5134490921705659,495,0.5549702532597274
anti_reasons,1101100110001111011111111111011110011000011011111111,10.677849830106815,9.656237060423003,9.185957304203281,0.30171681582861126,495,0.555089590412216
anti_reasons,1111100011101111111000011110011001101100011110110011,10.674937739498903,9.797664387361545,7.665554177657126,0.5564817105586054,495,0.555210927520879
anti_reasons,1110110111101101101100110110011011111000111110011111,10.674448831536745,9.709446055331194,7.980471623997995,0.5084857108285801,495,0.5552312986859689
anti_reasons,1111100011111111101100110110110001111011110011111011,10.674297348227125,9.567664650127297,8.68580250446989,0.30734209857154493,495,0.5552376104905365
anti_reasons,1111110111101111111000110011011001111000011011110110,10.674058684393568,9.29350526158201,6.962273433054138,0.6518299534165642,495,0.5552475548169347
anti_reasons,0111110111011111001110111110110011011000011111011111,10.672911069556307,8.86813545387139,7.706408582036552,0.629314515269026,495,0.5552953721018206
anti_reasons,0111110110011011111100110011111110001101111110011011,10.672854751347863,8.246292322073469,6.698057791583789,0.7060658628807543,495,0.555297718693839
anti_reasons,0111110001101111011100111011110011111100111110011011,10.672577063050765,9.875310895264525,9.001881916178982,0.2806030347610785,495,0.5553092890395515
anti_reasons,0111100011111011111110110110111110001101100011111011,10.67043428866659,8.242426119793198,6.87917017287652,0.6813984753821392,495,0.5553985713055587
anti_reasons,0111100110011011111000110110111111101101100110011111,10.669419238340272,9.205664707190625,8.028341344102477,0.5199867902030154,495,0.5554408650691554
anti_reasons,1100110111011011011100110110111011101100111110011111,10.669342619875636,9.04816617627195,7.373285419663372,0.607986894287766,495,0.5554440575051818
anti_reasons,0111101100001111011000110011110011111100111110111011,10.665510264952227,9.64370491850108,8.40673611220296,0.3740561523138065,495,0.5556037389603239
anti_reasons,1110110001101111101100111110011111111001110111110110,10.66036746440649,9.649631381208687,7.630021063754416,0.6895709543713777,495,0.5558180223163962
anti_reasons,0111100111011011011110111110111011001100111110011011,10.659965074918533,8.365739298591087,6.693287218250826,0.7578777593819118,495,0.5558347885450612
anti_reasons,1110110011111101101100110110011011111000111110011111,10.658967164907917,9.721564536323518,8.37645305063161,0.4083271334971552,495,0.5558763681288368
anti_reasons,0111100011111111111110110011011110011100111011111111,10.657824277987446,9.714255964737326,8.829201082167218,0.2603145277741531,495,0.5559239884171898
anti_reasons,0111100001101111111000111110011001111000110111011111,10.65779542527628,9.559757027055527,8.393216366196448,0.3710311846099692,495,0.5559251906134883
anti_reasons,0111100111011011011110011110111110001100111111111011,10.657133593527142,7.961684619305619,6.205568502868818,0.8110030749683743,495,0.5559527669363691
anti_reasons,0111110110011011011000110110111111101101100110011011,10.657083457740832,7.927017985904561,6.518019818044113,0.8236934507274228,495,0.5559548559274654
anti_reasons,0111100110011011111000110110111011101101110111011111,10.655023168757474,9.281782832039907,7.881225477867594,0.4881736273749254,495,0.5560407013017719
anti_reasons,1111100001101111101111110011110011111001100011110111,10.653814025346637,9.66985619605997,7.515118318276597,0.6249039570152158,495,0.5560910822772234
anti_reasons,0111111110011111111000110110011110001111100110011011,10.65343025656239,8.446333415491369,7.122163783029642,0.6772211265248447,495,0.5561070726432338
anti_reasons,1111100110001111111000110011110011001100111011110111,10.651677881259412,9.74099057827762,8.04253296144329,0.4508132367061567,495,0.5561800882808579
anti_reasons,0110110110011011011000110110111110001101111110011011,10.651385079378334,6.907637599182952,5.057654428196686,1.0530168316533932,495,0.5561922883592361
anti_reasons,1111100111001111101100110011111011011001110111111011,10.65129417269647,9.728905841841012,8.408309094413479,0.32747163199344426,495,0.556196076137647
anti_reasons,1110110011101111101100111110011111111001110110110110,10.647386114556445,9.626113007310497,7.382214198807191,0.7747270379346144,495,0.5563589118934815
anti_reasons,1101100110011111011100110011111110011000110111111111,10.643345171886741,9.713752735767914,8.98874647767106,0.2881057823374268,495,0.5565272845047191
anti_reasons,1110111110001111101100111111011111001100111110110110,10.643193744289562,9.702092120731011,7.973654370268792,0.47920545491695427,495,0.556533593987935
anti_reasons,1111100111111111111000110011011001111000011011110110,10.640845488256513,9.299181379847568,7.308846503880355,0.5812641963072899,495,0.556631437989312
anti_reasons,1111100011011111111100110111011001111100011011110110,10.64034750469504,9.8895308291754,8.379970312136951,0.4217808990061811,495,0.5566521873043733
anti_reasons,1110110001111111101110110111110001111001110111110111,10.63920264909486,9.923918341262958,8.644738721981488,0.386557270641268,495,0.5566998896210476
anti_reasons,0111100011101111011000110011111111111001110110011111,10.63891609472841,9.586835358992014,8.450406745333584,0.29620608150627975,495,0.5567118293863162
anti_reasons,0111100110011011111000110110111011111101110110011111,10.63884294978972,9.673398644555258,8.663148179305033,0.3250330304663401,495,0.5567148770920951
anti_reasons,1110110001111111101100111110011111111001110110110110,10.634991837688188,9.655479178723168,7.810838106205885,0.6478147444055355,495,0.5568753400963256
anti_reasons,1111100001101111101100110011111111111101100011110110,10.634972567747543,9.96631825101095,8.04601974822442,0.6345660643226335,495,0.5568761430105191
anti_reasons,1110110011111111101110110111110001111001110110110111,10.63472594428806,9.90039996736477,8.434051926917999,0.45426516909285514,495,0.5568864189879974
anti_reasons,1101100110011011011000110011111111111000011110011011,10.633952898732142,8.697649832065437,7.7205025580919,0.6056318183810617,495,0.5569186292194941
anti_reasons,1111100111001111101100111011110011011001110111111011,10.633064372421172,9.695422231620705,8.420935701828782,0.2968314774085219,495,0.5569556511491178
anti_reasons,1111100011101111111100110011011001111000011011110110,10.632892180998798,9.212794506286926,6.763214921416615,0.7158803128752572,495,0.5569628257917167
anti_reasons,1110110111011111111000110110011001101100111110111011,10.632601297750671,9.515811446496599,8.2726774577219,0.4243841004384997,495,0.5569749459270554
anti_reasons,1110110011111101101100110110011111111100111110011011,10.631460065185228,9.827335553254542,8.81480068150959,0.25766992585696635,495,0.5570224972839488
anti_reasons,1111110111001111011100111110011110011000011011011011,10.630255097186584,8.091321976367214,7.1425526437303555,0.7704793555204632,495,0.5570727042838923
anti_reasons,1111110011011111111000110111011001111100011011110110,10.627524062276699,9.897904172838143,8.45941311405099,0.38207244597274176,495,0.5571864974051375
anti_reasons,0111100001101111111100111110011001111000110110011111,10.627098943822533,9.551555362641706,8.326354292096752,0.43190034696005863,495,0.5572042106740611
anti_reasons,1110110011101111101100111110011111011011110110110110,10.626987383356552,9.452227915438357,7.385478080168214,0.7045686789718483,495,0.5572088590268103
anti_reasons,0111100001101111111000110110011011111100110111011011,10.621164122500105,9.745560358108017,8.380776412266922,0.3233840083311508,495,0.5574514948958289
anti_reasons,0111100011101111111000111110011001111000110110011111,10.620931455530425,9.536238653157335,8.380326782516171,0.41931260231491024,495,0.5574611893528989
anti_reasons,0111100110001111011000110111110011111111100111111011,10.620516899617764,9.809684782966995,8.789445516419276,0.3322641456137854,495,0.5574784625159266
anti_reasons,1111110001101111101100011110011111011001100111110110,10.62024619244506,9.337522553546728,7.420592451725552,0.658756659616592,495,0.5574897419814557
anti_reasons,1111100001101111101111110110110001111011110011110011,10.619413294214763,9.309462460698791,8.003933996563807,0.4324251451844249,495,0.5575244460743849
anti_reasons,1111110011011111101110111011110011011001110110111011,10.618105983431118,9.713741014230111,9.087870090980338,0.2559510628642805,495,0.5575789173570367
anti_reasons,1101100110001111011111110111011110011000111011111111,10.616982282879365,9.56276958944244,9.032214550672354,0.28983142782995297,495,0.5576257382133598
anti_reasons,1110110011101111101110110111011001111001110111111110,10.616271278176052,9.472303588323307,7.473675572546414,0.6757166427968543,495,0.5576553634093311
anti_reasons,1111110111101111101110011110011011001111000110110111,10.615137781299456,9.733386365820902,7.178307788309473,0.7122443553179009,495,0.5577025924458561
anti_reasons,1111100001101111101100110011110111111101100011111110,10.614132029856766,10.077089713386686,8.707305169521462,0.4095443802300432,495,0.5577444987559681
anti_reasons,1111100111011111101100111110111111011001100011111110,10.6124397772867,9.754636579008752,9.198239308517174,0.24218561919327364,495,0.5578150092797209
anti_reasons,0111110001101111011000110111011001111111110111011111,10.611589712709964,9.699974287561911,8.277746910120964,0.3848555529437715,495,0.5578504286370849
anti_reasons,0110110110011011011100110110111110001100111110011011,10.610305048305595,6.865397414251389,5.007062701276772,1.0650474235565508,495,0.5579039563206003
anti_reasons,0111100001111111111000111110011001111000110110011111,10.609208932174848,9.565604824570007,8.383174230339694,0.3411150763942647,495,0.5579496278260481
anti_reasons,1111100110011111011100110110011110011000011011011111,10.602323121919865,8.374935948144554,7.321224953568133,0.7167071963929991,495,0.5582365365866724
anti_reasons,1110110110001111101110110011111111011100011111111110,10.601279268299969,10.009363698789894,9.115918387781127,0.2512352862599573,495,0.5582800304875013
anti_reasons,0111110111011111001100111011111110001101111110011111,10.601250856036751,8.655061282876334,7.634660899357695,0.4771944889125776,495,0.5582812143318021
anti_reasons,1111100001101111101100110011110111111111100011110110,10.6005498878868,9.827370685523773,8.048557323831286,0.5774775753542649,495,0.5583104213380501
anti_reasons,1111110011001111111000011111011111011000110110110110,10.599828238644706,9.584987605842473,7.66051447327466,0.6083853769924429,495,0.5583404900564706
anti_reasons,1111110110001111011100110110011110011000011011011111,10.596811069755388,8.369259829878995,7.350240269480103,0.6581527326381671,495,0.5584662054268588
anti_reasons,0111101110011111111000110110011111001111100110011011,10.595763638330977,8.873359229890358,7.624118334976661,0.59948245591144,495,0.5585098484028759
anti_reasons,1100111111001111011000011111110110011000111110011011,10.595660642653293,8.233662102905232,7.269126699517114,0.7230529268180059,495,0.5585141398894462
anti_reasons,0111100001111111011000110110011011111101110110011111,10.595531647303728,9.689434200409101,8.199220834002707,0.35634745874206225,495,0.5585195146956781
anti_reasons,1100111110011111011000110011011111011100111110011011,10.595175473058758,8.656079442546083,7.3055715306793525,0.6452622687443422,495,0.5585343552892184
anti_reasons,1111110011101111011100110011110111101100111011011110,10.595081109521278,9.64475724931735,8.083184887278183,0.4433513463751402,495,0.55853828710328
anti_reasons,1111100111101111101110011110011011001111000111110111,10.593801424810097,9.73321468657198,7.135465215328342,0.6735462270222503,495,0.5585916072995794
anti_reasons,0111110111011111001100111011111110001101111111011011,10.593458040914959,8.142266415584595,6.974371973009926,0.7026848446312207,495,0.5586059149618767
anti_reasons,1101110011101111100110111111011110011000011011011011,10.59277509129569,8.948042193301085,8.136823088028184,0.4215720771893547,495,0.5586343711960129
anti_reasons,1111100111111111101110011110011011001111000110110111,10.590112186354675,9.73906248408646,7.0673088184584385,0.656103558734835,495,0.5587453255685553
anti_reasons,0111100110011011111000110110111111101111100110011011,10.589237868324442,8.767173177199975,7.524176585336607,0.6183269235193003,495,0.5587817554864816
anti_reasons,0111100001111111011000110111111001111101110110011011,10.589022053410202,9.590868918005631,8.25907353291986,0.3766256458435018,495,0.5587907477745748
anti_reasons,1110110011101111101100111111011111011001110110110110,10.588133653233292,9.589818749682088,7.40151319348894,0.7347549310739692,495,0.5588277644486128
anti_reasons,0111100110011011111100111011111111001100111110011011,10.581826250228103,8.819046908522676,7.354517777686327,0.6007960887204586,495,0.5590905729071625
anti_reasons,1111100111111111101100110110110001111001110011111011,10.579647192684174,9.487090629348364,8.627001181808925,0.293165866896366,495,0.5591813669714927
anti_reasons,1110110110001101101100110110111111101111110110111110,10.576382008014575,9.827250527376233,7.264558121033271,0.5817944122158745,495,0.5593174163327261
anti_reasons,1111100011111111101100110110111001111001110011111011,10.576367363817432,9.706612215614475,8.673375369796876,0.2892342212745771,495,0.559318026507607
anti_reasons,1110110011101111101110110111011001111001110111110111,10.575718903026907,9.478270165647196,7.418973477401533,0.684540471916449,495,0.5593450457072122
anti_reasons,0111100011111011011000110110111011101101110111011011,10.575669125098536,8.554102041430037,6.694776865061109,0.6481822083425182,495,0.559347119787561
anti_reasons,1111100110011011001110110110111011001100111110011111,10.574743130989061,8.933593393643386,7.450670020946588,0.5756423814105687,495,0.5593857028754559
anti_reasons,1110110011001111101100111110011011111111100110110111,10.57205714336396,9.738098370582593,7.786741230192364,0.6076516776689525,495,0.5594976190265017
anti_reasons,1101100011111011011100111011111011111000110110011011,10.571814962017726,9.084153349951134,7.785991342829063,0.3941510190392147,495,0.559507709915928
anti_reasons,0111110111001111001111111110110011011000011111011111,10.569386454440519,9.06162482356091,7.957217264799508,0.5086733991149488,495,0.5596088977316451
anti_reasons,1111100110001111011110111011110111011011110011111111,10.56870787381939,9.516277661036783,9.006570957394617,0.2792197832196305,495,0.5596371719241922
anti_reasons,1111100011011111111000011111011111011000110110110110,10.566999618972185,9.59066372410803,7.716351503823966,0.5340583271188752,495,0.5597083492094923
anti_reasons,1110110011011111111100110110011001101100111110111011,10.565357035695946,9.513880465560623,8.318758265985585,0.4066235670673517,495,0.5597767901793356
anti_reasons,0111101110011111111000110110011110001111100111011011,10.563795563185508,8.446161736242447,7.105261495525061,0.7147743350598604,495,0.5598418515339372
anti_reasons,0111110001111111011000110111011001111111110110011111,10.56300321960853,9.705822085076393,8.26770477426421,0.38441677048013545,495,0.5598748658496446
anti_reasons,1111100011101111101111110110110001111001100011111011,10.561595085931478,9.449363293076118,8.560154935002803,0.33182130511605623,495,0.5599335380861885
anti_reasons,1111100011011111101100111111011111111001110011110111,10.556357381609226,9.762331450234752,8.607998176322518,0.3903186457822649,495,0.5601517757662822
anti_reasons,1111100110001111011110111011110111111001110011111111,10.555242081815633,9.690162752908922,9.07533784656015,0.25094302018199294,495,0.5601982465910154
anti_reasons,1101100110011011111000110011111011111000011110011011,10.55445208687736,9.296275478350198,8.140894766787342,0.4167553041700961,495,0.5602311630467767
anti_reasons,1111110001101111101100110011110011011001100110110011,10.554371338882556,9.38924640883102,7.671720170618754,0.48513042103278464,495,0.5602345275465601
anti_reasons,1101100111001111011111110111011110011000011011111111,10.552480946220031,9.452951393956852,8.856725895874602,0.3249369868817403,495,0.5603132939074986
anti_reasons,1110110011101111101100111110011111011001110110111110,10.552300098277522,9.701946943301271,8.082084061155882,0.5355335067770679,495,0.5603208292384365
anti_reasons,1110110011101111101111110111011001111001110111110110,10.550216949103264,9.347618390363303,6.799609396070893,0.8698198913806969,495,0.5604076271206972
anti_reasons,1110111111101111101100111111011111011001100110110110,10.550177858207288,9.722827716316862,7.917401919523602,0.5883463691741528,495,0.5604092559080296
anti_reasons,0111100110011111101100110011111110011100111110011011,10.549820029047238,8.795014262466013,7.859048235275674,0.4388863113950882,495,0.5604241654563651
anti_reasons,1101110011111111000110111111011110011000011011011011,10.549235460174847,8.266474552682503,7.338964449114928,0.6156267196618302,495,0.5604485224927147
anti_reasons,1111100111011101111000011110011111101100111110011110,10.547895169979196,9.899666067172545,8.225517975851098,0.3956551283551993,495,0.5605043679175334
anti_reasons,1110110001101111111100110011111001101100111011111110,10.547298067477103,9.65049589761539,8.181511291698254,0.4742727578625373,495,0.560529247188454
anti_reasons,1111100110001111011110111011111111011001110011111111,10.546456151185374,9.65522522652396,9.065935719785628,0.25100442872900103,495,0.5605643270339427
anti_reasons,1110110011101111101100111110011111011001110110110111,10.545438998642492,9.707913520625159,8.069221088079637,0.5397878221356692,495,0.5606067083898962
anti_reasons,0111100110011011111000110110111011101101110110111111,10.542087242562683,9.800544276655533,8.405515683295029,0.42827233417300736,495,0.5607463648932216
anti_reasons,1111100011011111101100111110011111011011110011111111,10.540965979897658,9.700574551981795,9.198573867021235,0.25147325979274837,495,0.560793084170931
anti_reasons,1111100110011101101100110110110011111100110110011011,10.540232268529607,9.719380381482416,8.931760944817249,0.27177780667827944,495,0.5608236554779331
anti_reasons,0111100110001111011000111111111011111111110110011011,10.540024308551795,9.848849450405181,8.857953445887974,0.2991527387159295,495,0.5608323204770085
anti_reasons,1101100110011011011000110011111011111000011111011011,10.53862474147238,8.608860040217136,7.2627543037975,0.6030897720296267,495,0.5608906357719841
anti_reasons,1110110011101111101110111111011001111001110111110110,10.53751187431104,9.328048515727264,6.9626090304515875,0.8568780694129412,495,0.5609370052370399
anti_reasons,1110110001101111111100110111011001101100111011111110,10.537326927502036,9.651852628858837,7.914112793512844,0.5043303488544542,495,0.5609447113540817
anti_reasons,1101100011111011011100110011111011111000110110011111,10.53366672609082,9.417180924674911,8.069160508386675,0.36520900465938133,495,0.5610972197462158
anti_reasons,1110111110011111101110110111011111001100111110110110,10.531888719794805,9.534201248045692,8.234176853555288,0.41191447316833796,495,0.561171303341883
anti_reasons,1110110011001111101100111111011011111101100110110111,10.529142506211704,9.875689204826324,8.136625502829048,0.6488038477530765,495,0.5612857289078457
anti_reasons,1111110001101111101110011110011011001111000111110111,10.52799735472727,9.68456732808675,7.5459042512516055,0.630113627313018,495,0.5613334435530304
anti_reasons,1111100110001111011100110011110111011000111011011011,10.527386876511349,8.36707713608675,7.251456249279871,0.7128643060051331,495,0.5613588801453604
anti_reasons,1111110001111111101110011110011011001111000110110111,10.52430811627185,9.69041512560123,7.549628010475089,0.6106041197852777,495,0.5614871618220063
anti_reasons,0111110110011011111000110110111011101101110110011111,10.523633030795354,9.281954511288829,7.92429061455693,0.46356747151406763,495,0.561515290383527
anti_reasons,1110110011101111101100111110011111111001100111110110,10.519641320371084,9.539813185723101,7.611615132740294,0.6495797537306437,495,0.5616816116512049
anti_reasons,1101100011111011011100110011111111111000110110011011,10.515688382743008,8.993175849231472,7.695287026793928,0.41464943390962067,495,0.561846317385708
anti_reasons,0111101110011001111110110110111111001101100110111011,10.514173690422657,8.952872818238884,7.753085473077366,0.5515045748098168,495,0.5619094295657225
anti_reasons,0111100111001111011100011110110111101100011111011011,10.513299065672063,8.565209870407793,6.968437089738464,0.6990000704488946,495,0.5619458722636641
anti_reasons,0111100110001111011100110110110011101111111110011011,10.512703396347636,9.177829356507619,7.726631926961978,0.5513198489050185,495,0.5619706918188485
anti_reasons,1100110011111101111000111110011110001101111110011011,10.510761043086026,9.406280715980293,8.282725886244895,0.3572039096535334,495,0.562051623204749
anti_reasons,1110110011101101101100110110011011111000011110111011,10.508094712662373,9.478167304325156,7.7117859126567865,0.5144229477386824,495,0.5621627203057344
anti_reasons,1111100011101111111000110110011001101100111011110011,10.507498794385882,9.603037718923208,7.833720120196834,0.46879574975636373,495,0.5621875502339215
anti_reasons,1110110001111111101100111110011111111001100111110110,10.507247043502828,9.569179357135772,8.003652513914828,0.5268919359197615,495,0.5621980398540489
anti_reasons,1110111111011111101110111011111011011000011111110011,10.506854409849552,9.35025380759373,8.552378850268026,0.3464688230253058,495,0.5622143995896021
anti_reasons,0111100111011111111100111110011110011000011011011111,10.503400084957434,8.518888664116137,7.634433388869667,0.6079705289576207,495,0.5623583297934402
anti_reasons,1111100001111111101110011110011011001111000111110111,10.502971759782492,9.690243446352307,7.494058499292324,0.5744367554739529,495,0.5623761766757296
anti_reasons,0111100110011011111000111110111011101101110110011111,10.50014123219877,9.461550124607868,8.395640436799791,0.38432799530216505,495,0.5624941153250513
anti_reasons,1110111111011111101110110011111011111000011111110011,10.499267293650055,9.418674944199,8.530813188308487,0.3513544978973073,495,0.5625305294312477
anti_reasons,1110110011101111101110110111011001111011110111110110,10.498551054181286,9.222584560460392,6.776484758616929,0.8481472010982817,495,0.5625603727424464
anti_reasons,1111100011111111011000110111011110001101100011111011,10.498434511131265,8.833408831576023,7.534869186092167,0.5299031423899309,495,0.562565228702864
anti_reasons,1110110011001111101100111110011011111101100110111111,10.49736985828493,9.987817398445507,8.49745792783867,0.4230247158078098,495,0.562609589238128
anti_reasons,0111100110011011111000110111111011101101110110011111,10.496188957963756,9.493677003584725,8.00580090605984,0.4123223122823723,495,0.5626587934181768
anti_reasons,1110110011111111101100111110011111111001100110110110,10.494265693652784,9.545660983237582,7.7612748351155485,0.607348915931187,495,0.562738929431134
anti_reasons,1110110001111111101100110110011001111011110110111110,10.491093221065071,9.2794422080139,7.543371387891314,0.6046174215030049,495,0.5628711157889554
anti_reasons,1101100011101111111000110110011110001111100011111011,10.49073062227937,9.31292156411268,8.15441516483233,0.3874451338354884,495,0.562886224071693
anti_reasons,0111100011111111011000110110111011101101100110011011,10.489282751727709,9.226130136997602,7.505487451609187,0.5113205283770145,495,0.5629465520113455
anti_reasons,1111100011011111101100110111011111011011110011111111,10.488740883362992,9.732701430958654,9.106884562301314,0.24961278103665852,495,0.5629691298598754
anti_reasons,1111110011001111111100111110011111011001110011111110,10.488254996766113,9.779009648328175,8.59399435778823,0.27039723018420647,495,0.5629893751347452
anti_reasons,1111110011101111101100011110011001111001110111110110,10.486696004985353,9.211113240023137,6.766675668139284,0.8796129023101669,495,0.5630543331256104
anti_reasons,0111101110011111111000110110011110011111100110011011,10.486695762525645,8.837777548757797,7.886616365852379,0.583181802392694,495,0.5630543432280981
anti_reasons,1111100111101111101100011110011001111001110111110110,10.479103196804397,9.20467087729637,6.2926491054878735,0.9200226591295769,495,0.56337070013315
anti_reasons,1111110001101111101111110110110001111011100011110011,10.477317058883791,9.223334318360317,7.986193076316435,0.3897691812884086,495,0.5634451225465087
anti_reasons,0111100110011011111000110110111011101111110110011111,10.475772320119196,9.356086169340996,7.9459862267276105,0.43531305670314746,495,0.5635094866617001
anti_reasons,1110110011111111101100111110011111011011100110110110,10.47386696245289,9.371775891365441,7.7624042742274755,0.5426027987518337,495,0.563588876564463
anti_reasons,1101100111001111111100110110110011011000110011011111,10.47223316225608,9.397192823574013,8.360411873292687,0.37936315169373236,495,0.5636569515726633
anti_reasons,0111100011111111011100110011011110011101111011111111,10.471671109449408,9.054850424753846,8.147623423288682,0.36207659214993065,495,0.5636803704396081
anti_reasons,1101100111001101111110110110111111001101100011011011,10.470001531144646,9.044389785319705,7.872215854265977,0.4811223461869662,495,0.5637499362023064
anti_reasons,0111110111001111001110111110111011011000011111011111,10.469936329345812,9.075538559145178,8.234847715895608,0.43184715465722284,495,0.5637526529439245
anti_reasons,0111110011111111011000110111011110001101100011111011,10.469798799552505,7.976652679773324,6.638617709409506,0.6221258570917771,495,0.563758383351979
anti_reasons,0111100110001111011000111111111011101111110111011011,10.465922302815642,9.457233637889829,8.090170695863302,0.4153261801402259,495,0.5639199040493483
anti_reasons,1111100111011111101100110110011111011011110011111111,10.464600813117709,9.51453657593599,8.965647927481772,0.2569377343384131,495,0.5639749661200955
anti_reasons,1111100011101111101111110110110001111011100011110011,10.462775879603742,9.199644265213205,7.975088681937809,0.4080302543822161,495,0.5640510050165108
anti_reasons,0111100011111011011000110111111011101101110110111011,10.460486022833095,9.363365752700668,7.41954316713001,0.48216366919093673,495,0.5641464157152878
anti_reasons,0111110001101111011100110111011001111101110110011111,10.458866315784572,9.538861190736817,8.208167752881263,0.3744375780312028,495,0.5642139035089762
anti_reasons,1111100011101111000011110110110110001101100110011011,10.4555165641618,8.752472524246155,7.538568192915452,0.5415987603294483,495,0.5643534764932583
anti_reasons,1111110001101111101110011110011001111001110111110110,10.454345217655902,9.162052141179302,6.744728262930784,0.8856478053539971,495,0.5644022825976707
anti_reasons,0111100111111011011000110110111011101101110110011111,10.452861611139102,9.139234320354117,7.445225291310587,0.51327904874194,495,0.5644640995358707
anti_reasons,0111100001101111011000111110110001111101110111011011,10.451647301837891,9.26103524361584,8.34346144088798,0.37309111325133615,495,0.5645146957567546
anti_reasons,0111100110011111101100110011111110001100111110111011,10.44998284060406,8.92215989456629,7.713668843058254,0.37170302534808974,495,0.5645840483081641
anti_reasons,1111100011111111000110111111011110011000011011011011,10.449260579767435,8.252158852161587,7.319432774864597,0.6195107704939494,495,0.5646141425096902
anti_reasons,1111100001111111101111110110110001111011100011110011,10.448355635120667,9.229010436625877,8.387027153486468,0.3322113635524043,495,0.564651848536639
anti_reasons,1101100111101111000111110111011110011000011111011011,10.447913336509176,9.116538076856923,8.148419300562667,0.4039374733908797,495,0.5646702776454511
anti_reasons,0111110111001111001110111110110011011000111111011111,10.446959102258347,8.948587477944306,7.891670653471187,0.48343137026556493,495,0.5647100374059022
anti_reasons,1111100110001111101100110011110011011000011111110011,10.445617429933925,9.271306165394078,8.000300302060948,0.336285805499434,495,0.5647659404194199
anti_reasons,0111100011111011011000110110111011101111110110111011,10.44445090951237,9.225774918456937,7.341869338850155,0.5031442727004396,495,0.5648145454369846
anti_reasons,1101100011101111001110111111011110011000011111011011,10.442430930555958,9.095037221284908,8.29395914717898,0.3845591577088736,495,0.5648987112268351
anti_reasons,1111100111001111111100110110011011001100111011110011,10.442195160991794,9.27779723027095,7.807555351909427,0.4428774055168256,495,0.5649085349586753
anti_reasons,1111100011111111101100011110011001111001110111110110,10.441115168297543,9.216789358288695,6.7020838019995175,0.8034921188438605,495,0.5649535346542691
anti_reasons,0111100001111111111000110111011001111101110110011011,10.440288741988764,9.648751449147332,8.26775325840769,0.33481207265095936,495,0.5649879690838016
anti_reasons,1110110001101111111110110011110001101100111011111111,10.438095396453514,9.773262559683172,8.460886040037614,0.3642984426857778,495,0.5650793584811036
anti_reasons,0111110001111111011000110110011001111101110111011011,10.438093844223465,8.749613518718375,7.203371130407588,0.4941577330400543,495,0.5650794231573557
anti_reasons,1110110111101111101100111111011111011001100111110110,10.437969540313146,9.575856339727036,7.763801085720397,0.597085202700911,495,0.5650846024869522
anti_reasons,0111100111001111011100111110011111011000011111011011,10.437512983480532,8.504203769494211,7.6131227854211,0.6312141607932499,495,0.5651036256883111
anti_reasons,1111100110001101101100110011111111011000011110011110,10.434889580143082,9.406045333736303,7.573713646379215,0.45576661650320266,495,0.5652129341607048
anti_reasons,1110110011111111101110110011110001111011110110110111,10.433283399937473,9.34381366643105,7.790685212541296,0.5435791043419993,495,0.5652798583359386
anti_reasons,1110110111111111101100111111011111011001100110110110,10.427092692888431,9.581704137241516,7.90526907397353,0.5557302538029526,495,0.565537804462982
anti_reasons,1101100111111111000110110111011110011001111011111011,10.424932302627715,8.876580874328914,8.052361082740578,0.39256547139394776,495,0.5656278207238452
anti_reasons,1111100011101111101110110011110011011001100011111111,10.424875797934513,9.522834590948554,8.064233685972553,0.3616420728563588,495,0.565630175086062
anti_reasons,1101100111101111100111110111011110011000011011011011,10.421907681031586,8.961169705210358,8.006954271765288,0.41146140217992144,495,0.565753846623684
anti_reasons,1111110111001111101100110011110011011001110111111011,10.421160648328224,9.515826618301668,8.525355391983007,0.26196480761685287,495,0.565784972986324
anti_reasons,1101100011111011011100110011111011111000110111011011,10.420360225483247,8.904386057383173,7.385419175771479,0.44618902818112216,495,0.565818323938198
anti_reasons,0111100111001111100110111110110011011000111111011011,10.410521340987493,8.974021843730155,7.849548885586989,0.48898274426831834,495,0.5662282774588545
anti_reasons,1101110110001111011100110110110011011000110011111111,10.409984457620682,9.252228883203689,8.323517215563676,0.3731793811260561,495,0.5662506475991382
anti_reasons,1111110011101111101111110011110011011001100011110111,10.409024098646181,9.47692916734766,7.885160008383659,0.49332100262628625,495,0.566290662556409
anti_reasons,0111100011101111011000110111011111111011110110011110,10.407146213122145,9.33250648504866,8.100723183662163,0.4129577842646246,495,0.5663689077865772
anti_reasons,0111100011101111011000110111011111111100110110011110,10.405776151709233,9.596724529383918,8.59457448847768,0.3595363460170109,495,0.5664259936787819
anti_reasons,1111110001101111011000110011110001101100111011011111,10.405611545395809,9.254654659290479,7.886678487429371,0.455894116126175,495,0.5664328522751747
anti_reasons,0111101110011111111000110111011110001111100110011011,10.404420067126267,8.658055907787265,7.304449308836304,0.5699472619580145,495,0.5664824972030722
anti_reasons,1111100111011111101100110011110011011001110111111011,10.40286819000156,9.521502736567225,8.871928462809224,0.25783530251334974,495,0.5665471587499351
anti_reasons,1111100110011011011000110011111011111000011110011011,10.402615109291771,8.594716018945144,7.376084347776879,0.5631588773092817,495,0.5665577037795095
anti_reasons,1110110011111111101100111110011111011001100110111110,10.399179677373862,9.621494919228354,8.47132159126233,0.3862336589114571,495,0.566700846776089
anti_reasons,1111100110001111011100111110011110011000011011011111,10.397474131707957,8.548855443198034,7.742143927000582,0.5585539900736611,495,0.5667719111788352
anti_reasons,1101100110011011011000110011111011111000011110011111,10.397031606409163,9.121654907508873,7.937613515529942,0.4088591695314383,495,0.5667903497329516
anti_reasons,1101100011111011011100110011111011111000110110111011,10.396880669614816,9.423147501998798,8.064553525469918,0.3776925594026078,495,0.5667966387660492
anti_reasons,1101101111001101111100110110110110001101100011011011,10.39628395817628,8.466276047995006,6.965907992204452,0.6571975591319745,495,0.566821501742655
anti_reasons,0111101110011111111000110110011110001111100110111011,10.393650244408668,8.964923180858072,7.746957510319362,0.5015245796853105,495,0.5669312398163056
anti_reasons,1110110011111111101100111110011111011001100110110111,10.392318577738832,9.627461496552243,8.45792927442087,0.3881444151370383,495,0.5669867259275487
anti_reasons,0111101110011111111000110110011110001111100110011111,10.390543690106547,8.958956603534183,7.779219904057156,0.5053068704044141,495,0.567060679578894
anti_reasons,1111100011101111101100110011110111111101100011110110,10.386259183905963,9.729548974324493,7.985762690125341,0.5564592581789658,495,0.5672392006705849
anti_reasons,1111100111011111111110110110011001111000111011110110,10.384377177993326,9.312526420844017,7.782394125872063,0.41774611984680904,495,0.5673176175836114
anti_reasons,1111100001111111101100110011110111111101100011110110,10.382333753150007,9.758915145737165,8.388437507732137,0.43697579839637646,495,0.5674027602854164
anti_reasons,1101100110001111011100110110110011111000110011111111,10.382119041169748,9.500245633127996,8.167177729408802,0.3098520394620134,495,0.5674117066179272
anti_reasons,0111110011011111001111011110111011111000011111011111,10.381306114854363,8.950774214413247,8.30193918681401,0.4161668765927076,495,0.5674455785477348
anti_reasons,1111110001101111101100110011110111111101100011110110,10.380628496377728,9.753239027471606,8.094622924177877,0.5102543409480832,495,0.567473812650928
anti_reasons,1111110011101111000110111111011110011000011011011011,10.380447214963716,8.24648273389603,7.35401568974122,0.5610101654996628,495,0.5674813660431786
anti_reasons,1111100111001111101110110011110011011001110111111011,10.378737573789214,9.443075466310718,8.293687419432487,0.27779250349243345,495,0.5675526010921161
anti_reasons,1101100110011011011000110011111011111000011110111011,10.378387678054466,9.127621484832762,7.94229234761883,0.4183835386980278,495,0.567567180081064
anti_reasons,1101100110001111011000111110011011001100111110011011,10.377009558541655,9.228233589287298,7.983241148364467,0.4479679130550988,495,0.5676246017274311
anti_reasons,0111100110001111011000110110110011111111110111011011,10.37589918331852,9.086720893283763,8.033483539271211,0.48485388510086697,495,0.5676708673617283
anti_reasons,1101110011101111111000111110011110001101100011011011,10.372544498621451,8.899795754012846,7.735519548519464,0.41260806881495043,495,0.5678106458907728
anti_reasons,0111110110011111011000110011110011001100111110011111,10.372497990043806,8.850711516184345,7.117575542887064,0.5884054882453751,495,0.5678125837481747
anti_reasons,1100110111011111011000111110011011001100111111011011,10.368718594102422,8.603946846952363,7.1709277186406215,0.6411252863016774,495,0.5679700585790657
anti_reasons,1111100011101111101100110110111001111011100011110011,10.367777142342486,9.207529378429314,7.885758437796749,0.41930202019677215,495,0.5680092857357297
anti_reasons,1101110011101111000110111111011110011000011011011111,10.366178222974506,8.773421622459761,8.018812197945,0.37802403983706623,495,0.5680759073760622
anti_reasons,1101100110001111011100110110110011011000110111011011,10.36573427088156,8.906068511606659,7.862651332525382,0.5053507610956047,495,0.568094405379935
anti_reasons,1111100011101111100110111111011110011000011011011011,10.364897511227221,8.933726492780169,8.117291413777853,0.42196740031064384,495,0.5681292703655325
anti_reasons,0111101111001111011000110011110011001101111110011111,10.356440927038278,9.080791657740507,7.349339036987011,0.520377179764919,495,0.5684816280400717
anti_reasons,1101110111101111111000110110011110001101100011011011,10.355783700810273,8.713757777967041,7.495832011749423,0.486244718662228,495,0.5685090124662386
anti_reasons,1101110011101111000110111111011110011000011011111011,10.353562720534246,8.779388199783648,8.010592085038004,0.37274575232237384,495,0.5686015533110731
anti_reasons,0111100001101111011000110111011001111011110110111011,10.35280133149873,9.018776903042044,7.469155723290456,0.4660405806775566,495,0.5686332778542196
anti_reasons,1111100011101111101111110110111001111001100011110011,10.352632382633391,9.338591830700384,7.967688575812593,0.4369730813218761,495,0.5686403173902754
anti_reasons,0111100001101111001100111110111111111011100110011110,10.351989523129285,9.213309716338847,8.279708658397425,0.32337585326629636,495,0.5686671032029464
anti_reasons,0111110011101111011100110011110111111100111011011110,10.350998154786524,9.17944523078108,7.956302857331298,0.3659759225747758,495,0.5687084102172282
anti_reasons,1101100011101111100110110111011110011000011011111011,10.349003805768202,9.208256570989642,8.332763662819168,0.32781848564301785,495,0.5687915080929915
anti_reasons,1111100011011111101110110110011111011011110011111111,10.348182488033054,9.448227786671808,8.865372208742343,0.25527802364701513,495,0.5688257296652894
anti_reasons,0111100110011011111110111011111110001100111110011011,10.3420454958443,8.319269942132738,6.873305495150759,0.6325274016672636,495,0.5690814376731541
anti_reasons,1110110001111111111100110110011001111001110110110110,10.340812995010882,9.369519999949727,7.31652323138445,0.6860639732184671,495,0.5691327918745466
anti_reasons,1111100011101111101100111110110001111001100011111011,10.340324710612391,9.423764796071918,8.6186742585908,0.2919821761070489,495,0.5691531370578171
anti_reasons,0111100001111111011000110110011001111111110111011111,10.339371839201531,9.415148139172464,7.9808938089947725,0.3783742423619442,495,0.5691928400332695
anti_reasons,1111100001111111101111110011110011011001100011110111,10.338485557802558,9.42751556440122,7.883667345448775,0.42785958348681535,495,0.5692297684248935
anti_reasons,1110111111001111101100110011111111011000011111110110,10.338401633575309,9.351597716685092,8.05513936258808,0.3504050787086324,495,0.5692332652676955
anti_reasons,1111110011001111111100110011110011101100111011110011,10.338383970703743,9.608322654794238,8.051362716470893,0.3827210049473843,495,0.5692340012206774
anti_reasons,0111100001111111101100110110011111011001111110011110,10.338121169903207,9.352006747693173,8.377839013704556,0.3198564819477222,495,0.569244951254033
anti_reasons,1111100011101111101111111110110001111001100011110011,10.336808666082941,9.305108220480076,7.980290059014489,0.40713817287680937,495,0.5692996389132108
anti_reasons,1101110110011011011000110011111011111000011110011011,10.336714251771383,8.609031719466058,7.29073858755542,0.5598106433194058,495,0.569303572842859
anti_reasons,0111100001101111011000111110111001111101110110011011,10.335511083974678,9.474286146404108,8.421929704704903,0.27462661952413825,495,0.5693537048343884
anti_reasons,0111101110011011101110110110111111001101100110111011,10.334504997982826,8.541229600374347,7.34672934783274,0.594861903233895,495,0.5693956250840488
anti_reasons,1101100111101111000111110111011110011100011011011011,10.332364536362931,8.72492226434157,7.763969299596543,0.4115763844421659,495,0.5694848109848778
anti_reasons,1111100001101111101110110110111001111001100011111011,10.331514140678633,9.408187307448388,8.470132133057138,0.3253413503353033,495,0.5695202441383902
anti_reasons,1111100001101111101110110011110111111101100011110110,10.329810528662293,9.680487875480658,7.933599590696438,0.5640382406776163,495,0.5695912279724045
anti_reasons,1100110111001111011000110110011011101101111111011111,10.327607126797906,9.291961668962818,7.821175005119226,0.4584649998900842,495,0.5696830363834207
anti_reasons,1101110011101111000111111111011110011000011011011011,10.32578264889932,8.45996392237202,7.584815326648087,0.4937681323715823,495,0.5697590562958617
anti_reasons,0111101110011111111000111110011110001111100110011011,10.325643700935593,8.625929028810406,7.498430653510178,0.5748348492502648,495,0.5697648457943503
anti_reasons,1110110111001101111000110110011111101100111110011110,10.32444585231486,9.456018947909802,7.286895631973226,0.43816351087405375,495,0.5698147561535476
anti_reasons,1101100111001111000110111110110011101101110110111011,10.323370654087588,9.527292896823202,8.045619629988808,0.38232002744812094,495,0.5698595560796837
anti_reasons,1111100011101111101100110110110001111101100011111011,10.323102059362734,9.695165500768235,8.86247211884146,0.2497454286667425,495,0.5698707475265528
anti_reasons,1101100110001111011000110110111011001101100110011011,10.32253876930426,9.05620386737783,7.816048392264609,0.5084657130046173,495,0.5698942179456559
anti_reasons,1111110011001111000110110011110011111000111111111011,10.320570008007266,9.39677180901657,8.586932384309284,0.3068551447202633,495,0.5699762496663638
anti_reasons,1101100011101111000110110111011111011100011011011011,10.320490796085684,8.880445179153142,7.8329348305233735,0.41813963085794087,495,0.5699795501630964
anti_reasons,0111100110001111011100110110110011011100011011011111,10.31952636283914,8.639409927735251,7.164263944714865,0.6779256216023638,495,0.5700197348817024
anti_reasons,1111100001101111101110111110110001111001100011111011,10.315690424128183,9.374703697228083,8.556237869918068,0.29767633123360254,495,0.5701795656613258
anti_reasons,1110110011001111111000111110111001101100011011110111,10.314079827549108,9.506615307669811,8.082249232531481,0.34892931672981514,495,0.5702466738521206
anti_reasons,0111110110001111011000111111111011101111110110011011,10.312992338219203,9.457405317138752,8.11909588113987,0.3897929674497673,495,0.5702919859075333
anti_reasons,1111100011001111101100110110111111011001110011110111,10.309437676197039,9.510342381095066,8.427158345077421,0.3051044068307744,495,0.5704400968251233
anti_reasons,1101101111101111000111110111011110011000011011011011,10.307939972339508,8.420725643667122,7.620711575418162,0.5500633154774197,495,0.5705025011525204
anti_reasons,1111110001111111111000110011011001101101110011110110,10.30622027909701,9.01810670317356,7.159487750385518,0.7177331273181791,495,0.5705741550376247
anti_reasons,0111100001111111011000110110011011111101110111011011,10.305571426932582,9.176639333117363,7.568425168826298,0.4290460413240111,495,0.5706011905444757
anti_reasons,1100110011111101111000111110011111001101110110011011,10.305346033333402,9.342552269475178,8.170660305674089,0.32558267693699283,495,0.5706105819444416
anti_reasons,1111100110001111101100110011111011001100011110110011,10.30520800496565,9.544109252931271,7.809989328129585,0.468217111007622,495,0.5706163331264313
anti_reasons,1101110111101111000111110111011110011000011011011011,10.304835902934188,8.273925946326218,7.243678547728657,0.5169900084307804,495,0.5706318373777421
anti_reasons,1101110111101111000110111111011110011000011011011011,10.297631162674307,8.254356071690179,7.4101655235719255,0.5159314580018461,495,0.5709320348885705
anti_reasons,1101100110011011011100110011111011111000011110011011,10.297317628151228,8.600658375803315,7.30692810794148,0.5148902065790197,495,0.5709450988270321
anti_reasons,1101100111101111001110111011011110011100111111011011,10.297201234872297,9.1525609086443,8.50179342681946,0.2622357655348098,495,0.5709499485469876
anti_reasons,0111101110011101101110110110111111001101100110111011,10.295842888941026,9.222797240992927,8.104546699710202,0.41554812549492715,495,0.5710065462941238
anti_reasons,1111100001101111101110110110110001111101100011111011,10.295276160223027,9.646104401924399,8.807863277786684,0.2555691474062952,495,0.5710301599907073
anti_reasons,0111100001111111111000110110011001111101110111011011,10.294971520145905,9.436857277602513,8.041421223217942,0.3471025629217144,495,0.571042853327254
anti_reasons,1110110111001111101100111110011011111101100110110111,10.29397969940753,9.657524349803662,7.784225406372327,0.5774982268751676,495,0.571084179191353
anti_reasons,0111100111001111111110011110110011011000011111011011,10.293916368776813,8.783515430028375,7.659439269941725,0.5277516947677712,495,0.5710868179676327
anti_reasons,0111100011111111011000110111011110011101100011111011,10.292519491691012,8.368096813039752,7.333591528069963,0.5101038245595076,495,0.5711450211795412
anti_reasons,1101111100001111011000111011011110001100111110011011,10.28818183641495,8.702852255224474,7.32381307284231,0.5038931076082848,495,0.5713257568160437
anti_reasons,1111100110001111101100110011110111011000011011111011,10.286605171079167,8.919942607736939,7.991903259039606,0.4511151696939142,495,0.5713914512050347
anti_reasons,1101110110001111011000110110011011001100111110011011,10.281580668449832,9.04863797596826,7.59245626194646,0.5219026421120413,495,0.5716008054812569
anti_reasons,1110110001111111101100110110011001111001111110110110,10.281571690332061,9.293434350591651,7.322502548121688,0.6530796526823228,495,0.5716011795694975
anti_reasons,1101110011101111000110111111011110011000111011011011,10.280181957774012,8.346926576755418,7.524862216815612,0.47228250852652226,495,0.5716590850927494
anti_reasons,0111100011111111111000110111011110001101100011111011,10.279438893245208,8.663896438657464,7.480814630154801,0.4428520796967021,495,0.5716900461147829
anti_reasons,0111100001101111011100110110011001111111110110011111,10.277543386192383,9.322490582133979,8.012252186101763,0.37985448825879675,495,0.5717690255753174
anti_reasons,1101100110001111011000110110011111001100111011011011,10.274194710203858,8.29447227878801,6.665803393882628,0.6972666709953323,495,0.5719085537415058
anti_reasons,1111100111001111011100110110011110011000011011011111,10.272105247821173,8.345569776731882,7.358636911810566,0.608829373665126,495,0.5719956146741179
anti_reasons,1101100011101111000110110111011110011100011011111011,10.269324582635237,8.972009130120854,8.089778690650423,0.3131840801139834,495,0.5721114757235317
anti_reasons,0111110110001111011000110110110011111111110110011011,10.268102097631743,9.086892572532683,8.054077116771785,0.44805823639694004,495,0.5721624125986773
anti_reasons,0111100111111111000110110011110011011000011111111011,10.264473068751723,8.694538367227318,7.77448216417659,0.40825927115203475,495,0.5723136221353449
anti_reasons,1110110111101111101110110111011001111001110111110110,10.26386313677949,9.142010539681461,6.772740331951199,0.8114010688910087,495,0.5723390359675213
anti_reasons,0111100111001111011100111110011110011000011111011111,10.262446090553654,8.589801143138036,7.810541104834596,0.5256245131870451,495,0.5723980795602643
anti_reasons,1110110001101111111000110011011001101101110110110110,10.2618860291475,8.85521439468763,6.278317779891373,0.9479657198858928,495,0.5724214154521876
anti_reasons,0111100011101111011100110111011111111000110110011110,10.261113447563046,9.137354867705822,7.988945507102852,0.36975135215948945,495,0.5724536063515397
anti_reasons,0111100001111111111100110110011111011001110110011110,10.260608188678868,9.428092397051248,8.538233009117135,0.30586001609622654,495,0.5724746588050471
anti_reasons,0111100011111111011000110111011111001101100011111011,10.25950244718589,8.403678494172317,6.974055922056618,0.548580837512804,495,0.5725207313672547
anti_reasons,1111110111001111101110011111110011011000110111110011,10.252092953119812,9.232826673468999,8.097520044187977,0.33562952787764727,495,0.5728294602866746
anti_reasons,0111101110011111011000110111011110001111100110111011,10.249009038058386,8.48940191426983,7.091268666889877,0.579665691845853,495,0.5729579567475673
anti_reasons,0111100001101111011000110111011111111000110111011110,10.248955434105811,9.090466810907646,7.887840425339363,0.32821979872081125,495,0.5729601902455912
anti_reasons,1111110011011111101100111110011111011011110011111110,10.24872583299649,9.370757288742828,8.731274126223253,0.25840336081352216,495,0.5729697569584795
anti_reasons,1111101111001111101100111110011111011001110011111110,10.247614753179615,9.352527072680132,8.193524215522283,0.29277616403804524,495,0.5730160519508494
anti_reasons,0111110001101111011000111110110001111101110110011011,10.247420739080324,9.261206922864762,8.372257932186798,0.3382254127829953,495,0.5730241358716532
anti_reasons,1110110011001111101100111110011111111101100110110111,10.245411942789813,9.752584825129805,8.087580686285202,0.4341849431896035,495,0.5731078357170911
anti_reasons,1111100011101111101100111110111001111001100011110011,10.244812036439482,9.312993333696184,7.92416058627822,0.40926416618306527,495,0.5731328318150215
anti_reasons,0111100111001111011100011110110011101100011111011111,10.244386012934822,8.98921494585123,7.58477071079571,0.4644536326985765,495,0.5731505827943824
anti_reasons,1101100111111111000111110111011110011000011011011011,10.242000287893426,8.279602064591776,7.209095632852034,0.5711153893306833,495,0.5732499880044406
anti_reasons,1111100001101111101110110011110001111000110110110011,10.24053963204389,9.189747493435043,7.0968581094340255,0.5863732530696738,495,0.573310848664838
anti_reasons,0111100011111111011000110111011110001101100011111111,10.240183130207582,8.489275867816142,7.282041819877047,0.472168512011775,495,0.5733257029080174
anti_reasons,1110110011111111101110110111011001111001110111110110,10.238264177969453,9.154129020673784,7.20787122022411,0.6990488359293612,495,0.5734056592512728
anti_reasons,1110110011101111101100111110011111011001110111110110,10.237826748364316,9.37792457813727,7.580274560792342,0.59570180873313,495,0.5734238854848202
anti_reasons,0111100001101111011100110110011001111101110111011111,10.235234935377573,9.24818724483289,7.921356787611827,0.3393438180059024,495,0.573531877692601
anti_reasons,1110110111101111101100111110011111011001110110110110,10.235097918357713,9.371653894659426,7.376433754982621,0.6715222137736648,495,0.5735375867350954
anti_reasons,1101100110001111011100110111110011011000110011111111,10.231705192136756,9.463951375499587,8.332587496336041,0.2914676643275894,495,0.5736789503276352
anti_reasons,0111100110011111011000110111011110001111100111111011,10.231007172785821,8.342430537680004,6.97921064541829,0.5712982834126616,495,0.5737080344672574
anti_reasons,0111100011011111001110011110110011011100011111011111,10.23039255465992,8.505169747932548,7.406699392800999,0.5289590805133335,495,0.5737336435558367
anti_reasons,1110110111001111101100110011110111011000011111111110,10.230285768560357,9.236789707360813,8.374042677563734,0.3323647159081052,495,0.5737380929766518
anti_reasons,1111100011101101101110110110011110001101100110111011,10.229978387514516,9.26409691700571,7.401754614518406,0.4555519621559785,495,0.5737509005202286
anti_reasons,0110110001101111011100111111011111101100111111011110,10.228941266577834,9.205894398012516,8.064391733360992,0.3472676144757729,495,0.5737941138925902
anti_reasons,1111100111001111111100110011110011001101111011110011,10.228440469548518,9.387730383411986,7.702570793494457,0.40360057156558016,495,0.5738149804354784
anti_reasons,0111100111001111011100111111011110011000011111011011,10.228253883381388,8.28890044739112,7.373364004273997,0.623528717447138,495,0.5738227548591088
anti_reasons,1101101110001111011100011011111110011000011110011011,10.225438374343257,8.508872611527261,7.679444266682027,0.5434692668316312,495,0.5739400677356976
anti_reasons,1101101111101111000110110111011110011000111011011011,10.225231546633712,8.30768829805052,7.556803284115613,0.5420571965855315,495,0.5739486855569287
anti_reasons,0111101110011111111100110110011110001111100110011011,10.225027814928131,8.437960071828625,7.1591872794451765,0.6167437058484089,495,0.5739571743779945
anti_reasons,1101110011101111001110111111011110011000011011011011,10.224795656150388,8.252425090754203,7.38921839434497,0.4999195183683776,495,0.5739668476604005
anti_reasons,0111110110011111011000110111011110001111100110111011,10.223068176099725,8.342602216928926,6.996112932922871,0.5369496590725206,495,0.5740388259958449
anti_reasons,0111100111001111011111011110110011011000011111011111,10.221914702746105,8.886840121501235,7.85357673915012,0.4675369562936094,495,0.5740868873855789
anti_reasons,0111100110011111011100110011110011001100111110011111,10.219410743667897,8.8423381725216,7.160652748207678,0.5477437216888411,495,0.5741912190138376
anti_reasons,1111100011011111101100110111011111011101110011111110,10.218768613552738,9.700969053323766,8.937439000667482,0.20594706559198214,495,0.5742179744353026
anti_reasons,1110110011001111101100111110011011111101100111110111,10.218101966093998,9.663795033281506,7.992252529025442,0.49162722274487336,495,0.5742457514127501
anti_reasons,1110110011011111101100111110011011111101100110110111,10.216164473685982,9.669642830795985,8.268611542076078,0.4594825566508498,495,0.5743264802630841
anti_reasons,0111110011101111011100110011111111101100111011011110,10.215445312652742,9.001080321053996,7.629031969134161,0.41292669917562036,495,0.5743564453061358
anti_reasons,0111100111001111011100110110110011011100011011011011,10.213544510299277,8.103096686545323,6.534296247547463,0.8176632454059237,495,0.5744356454041968
anti_reasons,1110110011111111101100111110011111011001110110110110,10.212451121646016,9.383772375651748,7.723453355505853,0.5525671718300722,495,0.5744812032647493
anti_reasons,1101100111101111000111110111011111011000011011011011,10.209046113985991,8.700951760725207,7.623879408648063,0.43613069854063335,495,0.574623078583917
anti_reasons,0111110011001111100110110011110011111000111111111011,10.201050284954706,9.227259416098013,8.432680325787176,0.28840990411702416,495,0.5749562381268873
anti_reasons,0111100011111111001110011110110011011000011111011111,10.200166923095015,8.622387051013735,7.4512053778028084,0.465711142169507,495,0.574993044871041
anti_reasons,1110110110001111101100110111111011011000011110110011,10.197677321136606,9.351614350245557,8.1038400459691,0.3359024449383549,495,0.5750967782859748
anti_reasons,1110110011001111101110111110011011111101100110110111,10.19342254014564,9.591215560539478,7.672268120707132,0.5880623943382458,495,0.5752740608272651
anti_reasons,1111100001101111101111110110110001111101100011110011,10.192675757530896,9.521419203964397,8.470987725973584,0.34039626354579344,495,0.5753051767695461
anti_reasons,1111100011101111000110111111011110011000011011011111,10.191611087631353,8.759105921938845,7.99928052369467,0.37868246767084807,495,0.5753495380153604
anti_reasons,0111100110001111011100111111111011101111110110011011,10.190774901452667,9.449031973476009,8.1241864738718,0.3713577206222551,495,0.5753843791061388
anti_reasons,0111110011001111000110110011110111111000111111111011,10.18783314725029,8.628633769813252,7.79491299450014,0.42860003952613507,495,0.5755069521979046
anti_reasons,0111100001111111011100110110011001111101110110011111,10.18664844227614,9.25403504234737,7.911314651755073,0.3399852599630591,495,0.5755563149051608
anti_reasons,0111100111001111111000110110110011101101100110011011,10.18661424045031,9.041182795894423,7.738446495796287,0.45203475385722625,495,0.575557739981237
anti_reasons,0111100001111111011000110110011011111001110110111011,10.186115968571086,9.165624685358528,7.643671576893876,0.3662620717601616,495,0.575578501309538
anti_reasons,1111110111111101111000110110011110001101100011011011,10.185837968221772,8.62870127767315,7.4204683540638445,0.5069536344520739,495,0.5755900846574262
anti_reasons,1110110111001111101100110110011011111101100111110111,10.18497923415468,9.477757057235701,7.632770669837849,0.4721992995468875,495,0.5756258652435551
anti_reasons,1111100011101111000110111111011110011000011011111011,10.18431620095431,8.765072499262732,7.991060410787674,0.37316084179824455,495,0.5756534916269038
anti_reasons,0111110011101111011100111110011001111001110110011111,10.183255922725392,9.032047940597492,7.75718134583753,0.35495878540129855,495,0.575697669886442
anti_reasons,1111100011001111111000111011110001111000111011110110,10.181000115031063,9.334959988713734,7.620563626557557,0.46657841562057695,495,0.5757916618737058
anti_reasons,1101101110001111011100011111011110011000011110011011,10.180679500286995,8.510229342770707,7.643028553634661,0.5194573496797744,495,0.5758050208213752
anti_reasons,0111100110011111011000110110011110011111100111011011,10.17705676585876,7.924782638924723,6.794084639915675,0.7214253685222002,495,0.5759559680892183
anti_reasons,0111110001101111011000110011110001111100111011011111,10.17596729494086,8.789342640754208,7.7684242281482225,0.41394526058102915,495,0.5760013627107976
anti_reasons,0111100001101111011000111111011001111001110110111011,10.173801806356868,9.124240858308914,7.7890888346994265,0.4453533524377225,495,0.5760915914017972
anti_reasons,0111110110011111011000110110011110011111100110011011,10.169117769172663,7.924954318173646,6.8197630351885135,0.6793310988055031,495,0.5762867596178056
anti_reasons,0110110011101111011100111110011111101100111111011110,10.168968981549437,8.970481852569506,7.6075702265738325,0.38165753816534626,495,0.5762929591021069
anti_reasons,0111100011111111011000111111011110001101100011111011,10.16540915189232,8.156248293092363,7.055313425470929,0.5205345801239394,495,0.57644128533782
anti_reasons,1111100011011111101100111111011111011001110011111110,10.165059276527685,9.42956834862745,8.498175886016677,0.2867815044044283,495,0.576455863478013
anti_reasons,1111100001101101100110110110011001111000011011111110,10.163120547324644,9.035356752332858,6.936856150037764,0.6366685095908104,495,0.5765366438614732
anti_reasons,0111101111001111011000110110110011101101100110011011,10.162950614802789,8.500738734351188,6.980557127353999,0.6197489914314562,495,0.5765437243832172
anti_reasons,0111100011111111011000110111011110001111100011111011,10.160001760191754,8.050784337825492,6.732901915322599,0.5652929895771477,495,0.5766665933253436
anti_reasons,1111100011001111101100110011011001111100011110110011,10.158132114098365,9.109935403560229,7.390459218335411,0.5230076191349633,495,0.5767444952459015
anti_reasons,1110110001111111111100110110011001111001100111110110,10.157207238251894,9.28322017836233,7.422782687169525,0.5701192389034835,495,0.5767830317395044
anti_reasons,0111100111001111011100111110011110011000111111011011,10.153201760937698,8.163306097433695,7.271208760541826,0.6374308530723822,495,0.5769499266275959
anti_reasons,0111110011101111011100110011110111101101111011011110,10.152893524557598,8.821867938783472,7.277576677056299,0.4529853214096509,495,0.5769627698101001
anti_reasons,0111100111011111011000110110110011101101100110011011,10.152662259733289,8.359615155275842,6.857471962035142,0.6442346912997461,495,0.5769724058444463
anti_reasons,0111100111111111011000110111011110001101100011111011,10.152234595372434,7.9702103170465595,6.690279621698716,0.5828426591098448,495,0.5769902251928152
anti_reasons,0111100001111111011000110111011001111101110111011011,10.148751612604338,8.961336011014271,7.40090667429852,0.4373567406076496,495,0.5771353494748193
anti_reasons,1111100111001101111100110110110110001101100011011011,10.145049333984556,8.305160650133187,6.864948480384815,0.6233604040289352,495,0.5772896110839769
anti_reasons,1100110011111101111000111110011110001101110110111011,10.145017074069454,9.434116220442892,8.085203250029133,0.3248254353127676,495,0.5772909552471062
anti_reasons,1111110011011111101100110110011111011111110011111110,10.143307631825575,9.642157993439143,8.853485894026358,0.1980710068037416,495,0.5773621820072676
anti_reasons,0110110001101111011100111110011111101101111111011110,10.142899560106542,9.02803874698544,7.71067659418218,0.37557713803543125,495,0.5773791849955607
anti_reasons,1110110001111111101111110110011001111001110110110110,10.142581359856738,9.007874200010782,6.778031087632374,0.7737066325262176,495,0.5773924433393025
anti_reasons,1111100001101111101110011110011001101100111110110011,10.140106437116842,9.33829795129037,6.903154602384097,0.6273104988735752,495,0.5774955651201317
anti_reasons,1110110001111111101110110110011001111011110110110110,10.139751802560799,8.882840370107871,6.75490645017841,0.7508913969110114,495,0.5775103415599667
anti_reasons,0111100110011011111100110110111110001101100110011011,10.134046880883291,7.852066062443552,6.503337648560018,0.7470693727455419,495,0.5777480466298628
anti_reasons,0111100001111111011000111110011001111101110111011011,10.133704196563281,8.929209132037412,7.5854031490076785,0.4037283952102024,495,0.5777623251431967
anti_reasons,1111100111001111000110110110110011101101110110111011,10.133523289366181,9.333381582983248,8.166872682248295,0.40263264775072816,495,0.5777698629430759
anti_reasons,0110110001101111011100111011110111101100111111011110,10.132951978697601,8.912678668870615,7.567339721890267,0.3879996235759964,495,0.5777936675542665
anti_reasons,1101100011101111100110110110110110001101100011011011,10.131015133728798,8.339331533925558,7.065074841341975,0.5682008330903097,495,0.5778743694279667
anti_reasons,1101100110001111011100110011111110011000111011011011,10.130019595232389,8.08866647138891,7.114727421633629,0.6231965169907614,495,0.5779158501986505
anti_reasons,1111100011101111000111111111011110011000011011011011,10.128809193094854,8.445648221851107,7.565283652397757,0.49648781545644394,495,0.5779662836210477
anti_reasons,1110110011001111111000110110011001101100011111110110,10.127456734873785,9.052893785181855,6.574342187554176,0.5571509948661286,495,0.5780226360469256
anti_reasons,0111100111101111011000110110110011101101100110011011,10.126910379511079,8.922152658106825,7.489024156605916,0.502732259049015,495,0.578045400853705
anti_reasons,1111100111101111101100110110110001111011100011110011,10.125524479121179,8.988007792163204,7.884953257942807,0.3512240854526067,495,0.5781031467032842
anti_reasons,1111110011101111101111110110110001111001100011110011,10.124904941989993,9.125512607161038,7.941472237443463,0.36308646789734655,495,0.578128960750417
anti_reasons,0111100011011111001110011111110011011000011111011111,10.121101530323086,8.265895922213092,7.368584096489253,0.4863378238386906,495,0.578287436236538
anti_reasons,1100110011111101111000111110011110011101110110011011,10.120523126425399,9.306970588342617,8.29244851010686,0.23533020312514777,495,0.5783115363989417
anti_reasons,0111100110001111011000110110110111101101100110011011,10.118110456003985,8.387467428397667,6.85901587363602,0.6377373212775851,495,0.5784120643331674
anti_reasons,1111100111101111101111110110110001111001100011110011,10.11743198223855,9.119070244434273,7.925836586213257,0.37622690509429274,495,0.5784403340733937
anti_reasons,1101100011101111000110110111011111011000011011111011,10.114090911535515,8.948038626504491,7.949688799701942,0.34009616605125326,495,0.578579545352687
anti_reasons,1110110001111111101110110110011001111001110110111110,10.113267070622683,9.132559397970786,7.424592589618996,0.5795959906014498,495,0.5786138720573881
anti_reasons,0111100001101111011000110011011111111000111110011110,10.10743252432353,8.871895017715682,7.743020364326402,0.37529297665748385,495,0.5788569781531863
anti_reasons,1101100111011011011000011011111110001100111110011011,10.106828396240534,7.661348317038718,6.32769931542585,0.6736349229792298,495,0.5788821501566443
anti_reasons,0111100110001111011100110110110011101101110111011111,10.104177639391116,9.12539494634524,7.818168163878656,0.48545513711400257,495,0.5789925983587034
anti_reasons,1111100111101111000110111111011110011000011011011011,10.103602036160423,8.240040371169265,7.390633849321595,0.518569683411836,495,0.5790165818266491
anti_reasons,1101100011111011011110110011111011111000110110011011,10.100375817164936,8.831806584641146,7.361492511302122,0.400836213591869,495,0.5791510076181277
anti_reasons,1111100011001111111000111011111001111000110011110110,10.098292365706248,9.057284951348972,7.049594339711151,0.6345094624201747,495,0.5792378180955731
anti_reasons,1110110001111111101110111110011001111001110110110110,10.097466430941587,8.988304325374743,6.933854502609757,0.756263969095794,495,0.5792722320441006
anti_reasons,0111110011101111011110110011110111101100111011011110,10.097095243151276,8.715249945523704,7.137804628292088,0.46763485462878596,495,0.5792876982020301
anti_reasons,0111110001101111000110011110110111111000110111111111,10.09515626623621,9.178152613241895,8.508256357089076,0.2720842203764337,495,0.5793684889068247
anti_reasons,0111110011101111000110110011110011111000111111111011,10.087125299628921,9.108229278310414,8.321260430559867,0.29108317590219157,495,0.5797031125154617
anti_reasons,0110110001101111011110111110011111101100111111011110,10.08710127870022,8.921420753725672,7.570904545417967,0.38243272008417284,495,0.5797041133874907
anti_reasons,1110110011111111101100111110011111011001100111110110,10.084706327460657,9.297472554064353,7.921993891361408,0.439723817521837,495,0.5798039030224726
anti_reasons,0111100110001111011100110110110011111111110110011011,10.077201679174665,9.078519228869942,8.09031210171831,0.3994823351515812,495,0.5801165967010555
anti_reasons,1111100011101111000110111111011110011000111011011011,10.075288750669612,8.332610876234504,7.510101844361492,0.4742877991330645,495,0.5801963020554328
anti_reasons,1111100111101111000111110111011110011000011011011011,10.073212042682295,8.259610245805304,7.224146873478326,0.5198699599938134,495,0.5802828315549045
anti_reasons,0111100111001111011110111110011110011000011111011011,10.070289484486477,8.004426803104273,7.101635307741546,0.6755732170309132,495,0.5804046048130636
anti_reasons,1110110111001111111000011110011111001100111110110110,10.070172447802031,9.074688745191057,7.176552270935146,0.5141576485201353,495,0.5804094813415821
anti_reasons,0111100110011111111000110111011110001111100110111011,10.061426231688051,9.029845975813064,7.852724534120021,0.3770598207623852,495,0.5807739070129978
anti_reasons,1101100111101111000111110111011110011000011011011111,10.058943050693088,8.786549134369032,7.888943381682107,0.3600271815574111,495,0.5808773728877881
anti_reasons,0111100011111111011100110111011110001101100011111011,10.050415984572123,7.968279336110583,6.661520978646919,0.5617303986620072,495,0.581232667309495
anti_reasons,1110111111101111101110011110011111011001110110110110,10.049512106165652,8.861637376405746,6.99905479657755,0.615082720657879,495,0.5812703289097645
anti_reasons,0111110111001111000110110011110111011000011111111011,10.046500110175181,8.209266740464598,7.19939024953126,0.5696631736825003,495,0.5813958287427008
anti_reasons,1101100111101111000111110111011110011000011011111011,10.046327548252828,8.792515711692921,7.880723268775111,0.3545013346959917,495,0.5814030188227988
anti_reasons,0111100110011111011000110111011110011111100110111011,10.045788868238233,8.734046350195355,7.760565515745608,0.42182482509882624,495,0.5814254638234069
anti_reasons,1101100111101111000111111111011110011000011011011011,10.035083302765482,8.453521559645255,7.6214334862284625,0.46129797491343366,495,0.5818715290514382
anti_reasons,0111100110001111011100110110110011101111110111011011,10.033715337936565,8.68690341635459,7.315511383147054,0.5531170165987018,495,0.5819285275859765
anti_reasons,0111100011101111011110110011111110001100111011011011,10.033266507521013,7.9129211312176855,6.283768888674713,0.6531423198679976,495,0.5819472288532912
anti_reasons,1111110011101111101100110110111001111001100011110011,10.032908312346533,9.133397720377145,7.855807716611107,0.36613123204366227,495,0.5819621536522277
anti_reasons,1111100011101111101100110110011111011001100011111110,10.031350729193425,9.278320280427696,7.905368210738354,0.42105359066274645,495,0.582027052950274
anti_reasons,1111100011101111001110111111011110011000011011011011,10.027844054302605,8.238109390233287,7.36968672009464,0.5022255538895745,495,0.5821731644040582
anti_reasons,1111100111101111101100110110111001111001100011110011,10.02543535259509,9.126955357650381,7.879500004740171,0.38338532798764335,495,0.5822735269752046
anti_reasons,0111100001111111011100110110011001111101110111011011,10.018711029243084,8.741240175055632,7.227573319139877,0.440582374315465,495,0.5825537071148714
anti_reasons,0111100110011111011000110111011111001111100110111011,10.013838288935895,8.769628031327917,7.566787902353734,0.4754771845515635,495,0.5827567379610044
anti_reasons,0111110011011111000110110011110011111000111111111011,10.013414053589702,8.545691775479431,7.659741510457259,0.42907857157021634,495,0.5827744144337623
anti_reasons,1111100111101111101100111110110001111001100011110011,10.00961163604464,9.093471747430074,7.915702192761909,0.33626690471171244,495,0.58293284849814
anti_reasons,0111110001101111011000110111011001111001110110111011,10.000428653848841,8.944645244989877,7.407056816099336,0.42199214175932104,495,0.5833154727562984
anti_reasons,1101100011101111001110110111011111011000011011011011,9.998201656547788,8.421075517475046,7.328315109008908,0.44647199169421664,495,0.5834082643105087
anti_reasons,0111100110011111011000110111011110001111100110111111,9.993452506754803,8.855225404971742,7.653169053950385,0.4077515637241914,495,0.5836061455518833
anti_reasons,1111100011001111111000111011110001111000110011111110,9.99209632542256,9.168056413724708,7.74410801202373,0.3966719023271108,495,0.5836626531073934
anti_reasons,0111100001111111011000110111011001111001110110111011,9.980799247870634,8.950321363255435,7.368218188943765,0.39821355510966433,495,0.584133364672057
anti_reasons,1101100011101111000110110111011110011000011011111111,9.979588381784783,9.033636000148316,8.214752772735986,0.2839527363938936,495,0.584183817425634
anti_reasons,1111100011001111111000111011110001111000110011110111,9.974516479195136,9.174022991048595,7.6918313912471366,0.4053781798068698,495,0.5843951467002027
anti_reasons,1101100111101111000111110111011110011000111011011011,9.972946785492594,8.360054088664691,7.3997647023489295,0.43788247065194497,495,0.5844605506044753
anti_reasons,1110110011001111111100111110111001101100011011110110,9.96856750844648,9.168424700768101,7.354380648751796,0.41986573549010586,495,0.5846430204813966
anti_reasons,0111110011101111011100111110011001111001110110111011,9.967524931342027,9.038014517921379,7.752574362920773,0.36847425492873676,495,0.5846864611940823
anti_reasons,0111100111001111011000110011111011001100111110011111,9.9674577012424,9.034424568311017,7.577043737911038,0.4300261287484941,495,0.5846892624482334
anti_reasons,0111100110011111011000110110011111011111100110011011,9.966399689294406,8.351980132572637,7.224183720857297,0.5847628406782726,495,0.5847333462793998
anti_reasons,1111100011001111111000110011110111111000110011110110,9.961165138422787,9.180254041488958,7.270609475141267,0.4059942100733583,495,0.5849514525657171
anti_reasons,0111100001111111011000111111011001111101110110011011,9.95761028206583,9.141103303582232,7.811735184197428,0.3602881575423954,495,0.5850995715805904
anti_reasons,1101100110001111011000110110011111001101100110011011,9.956912385418821,8.51546075223477,7.318879033313853,0.5029690606397971,495,0.585128650607549
anti_reasons,1111100110011011101100110110111110001101100110011011,9.953355730448303,8.141982303984069,6.959231735124154,0.6235039770426968,495,0.5852768445646541
anti_reasons,0111100001111111101100110110011111111001110110011110,9.946238573653012,9.109269236713375,7.982192673527821,0.3850356857024365,495,0.5855733927644577
anti_reasons,0111100110011111011000110110011110011111100110011111,9.939502099827742,8.437577506216462,7.473876314325305,0.47832753158704755,495,0.585854079173844
anti_reasons,1111100111011111101100111110011111011001110011111110,9.937306063754395,9.211403493604786,8.450319531923077,0.24233201452838005,495,0.5859455806769003
anti_reasons,0111100011011111101110011110110011011000011111011111,9.931356607335754,8.741417188801334,7.660996905527789,0.45678245924894567,495,0.5861934746943436
anti_reasons,1100110011111101111000111110011110001101110111011011,9.928511763711626,8.915354775827264,7.71378849340095,0.34833039058459403,495,0.5863120098453489
anti_reasons,1100110011111101111000111111011110001101110110011011,9.927882298216337,9.127248947372086,8.188201163125573,0.2726978069661471,495,0.5863382375743194
anti_reasons,0111110110001111011100110110110011101111110110011011,9.92573211480847,8.687075095603513,7.346932328623934,0.5226291926171017,495,0.5864278285496471
anti_reasons,0111100110011111011000111111011110001111100110111011,9.918678528439541,8.522197830247965,7.6136961244266965,0.4471476086609053,495,0.5867217279816859
anti_reasons,1101100111101111001111110111011110011000011011011011,9.917560483868966,8.265552602663474,7.259349578082076,0.46797013412449445,495,0.5867683131721264
anti_reasons,0111110110001111011000110110011110001100111110011011,9.915816202394113,7.839158421845035,6.232575236333337,0.6975649800331202,495,0.5868409915669119
anti_reasons,1100110011111101111000111110011110001111110110011011,9.905200295924864,8.989658113128353,7.8065192733580915,0.3156118588839918,495,0.5872833210031307
anti_reasons,1101100110011111011000110110011011001101100110011011,9.89866378140261,8.43251875790095,6.98465332079803,0.5247099177039938,495,0.5875556757748912
anti_reasons,0111100111001111011000110110110011101101100111011011,9.892925329796082,8.353767357761363,6.868348809459858,0.6095057770900155,495,0.5877947779251633
anti_reasons,0111110011001111000110111011110011111000111111111011,9.888509777073544,8.719611270532912,8.062658350376557,0.31813727991616253,495,0.5879787592886023
anti_reasons,1111101111101111101100110110110001111001100011110011,9.887234151993715,9.060675831451942,8.104376899079904,0.28525523590847,495,0.5880319103335951
anti_reasons,0111100111001111011000110110110011111101100110011011,9.88368182323641,8.745383170276712,7.643149528031114,0.4542546223878211,495,0.5881799240318162
anti_reasons,1100110111111101111000111110011110001101110110011011,9.879294644612576,8.909084092349422,7.797883321080984,0.313252629800845,495,0.5883627231411426
anti_reasons,0111100001111111011100110111011001111101110110011011,9.878823998359575,8.953134346600452,7.453905354329627,0.38155201164537267,495,0.5883823334016844
anti_reasons,1111100001101111101100011110011001101101110110110011,9.867214820873466,8.875381909286922,6.232892923840999,0.7236259332001457,495,0.5888660491302722
anti_reasons,0111100110011111011000111110011110011111100110011011,9.86472812151248,8.104549931492684,7.23854209493732,0.577577887308044,495,0.5889696616036466
anti_reasons,0111100111001111011000110110110011101101100110111011,9.860447004470057,8.872528802376987,7.548214731344701,0.4790910110454221,495,0.5891480414804142
anti_reasons,0111100001101111001100111110011111111011110110011110,9.858802595958254,8.670076630934883,7.4819812489973225,0.42087288049663446,495,0.5892165585017395
anti_reasons,0111100011101111001110011110111011011000011111011111,9.852262411772086,8.82979015628752,7.871127726821196,0.3191997850943364,495,0.5894890661761631
anti_reasons,1101100011101111001110110111011110011000011011111011,9.838205814960665,8.512639468442758,7.585158969135956,0.3563176858824299,495,0.5900747577099723
anti_reasons,1111100011001111111000111011110001111001110011110110,9.83518229160723,8.878072569078448,7.0025635515972615,0.5577618765210546,495,0.5902007378496987
anti_reasons,0111100110011111011100110110011110001101100111011011,9.812438941848965,7.372053729584278,6.013381808508656,0.7688138651810863,495,0.5911483774229598
anti_reasons,0111100001111111011000111111011001111000110110011110,9.811723584319587,8.68148652038369,7.458083452816336,0.41353195099874535,495,0.5911781839866839
anti_reasons,0111100111001111011000110110110011101111110110011011,9.8114820284466,8.592978611760035,7.233030333889101,0.5137954464486306,495,0.5911882488147251
anti_reasons,1100110011111101111100111110011110001101110110011011,9.807766154830983,8.907153111413445,7.76834385299768,0.3083494297317159,495,0.5913430768820425
anti_reasons,0111100110011011101100110110111110001101100111011011,9.80513499808989,7.285054472932449,6.032879516120634,0.7597982325114815,495,0.5914527084129213
anti_reasons,0111100110011111011100110111011110001111100110111011,9.803685361119344,8.334228873266184,7.0331364293384055,0.48492913402516535,495,0.5915131099533606
anti_reasons,0111100111001111011000110110110011101101100110011111,9.798120617361088,8.866562225053102,7.508794107197686,0.4756942838105799,495,0.5917449742766214
anti_reasons,1111110111101111101100110110110001111001100011110011,9.797707911951692,8.913876134111037,7.8363691622035905,0.31507583286058577,495,0.5917621703353462
anti_reasons,0111100110001111011110110110110011101111110110011011,9.795500307482792,8.614323943612565,7.281723054352645,0.49738989747403806,495,0.5918541538548836
anti_reasons,0111110110011011101100110110111110001101100110011011,9.786483320430797,7.285226152181372,6.064300461597515,0.7210238797316527,495,0.5922298616487167
anti_reasons,0111100011101111101111110110011110011101100110011011,9.782179172150677,8.713337087814567,7.881659914635414,0.27325762780732016,495,0.5924092011603885
anti_reasons,1111100011101101101110110110011110001111100110011011,9.781029640323643,8.819638809691174,7.356480379103246,0.3759139995901111,495,0.5924570983198483
anti_reasons,0111100110011011101100110110111110011101100110011011,9.77665802126551,7.6766702854478,6.797808270893517,0.623391845644648,495,0.5926392491139372
anti_reasons,0111110111001111011000110110110011101101100110011011,9.773235855026916,8.353939037010285,6.899769754936739,0.576802811335297,495,0.5927818393738784
anti_reasons,0111110011001111000111110011110011111000111111111011,9.770765293442185,8.739181145168951,7.979565595189854,0.3185794098695974,495,0.592884779439909
anti_reasons,1111100011001111111100111011110001111000110011110110,9.76838803128673,8.835832384146885,6.974357256242815,0.5421735453882488,495,0.5929838320297196
anti_reasons,1101100011111011001100110011111011111100110110011011,9.765369064231127,8.70993437002616,7.381746127170233,0.3218304464624154,495,0.5931096223237031
anti_reasons,1111100111001111111000111011110001111000110011110110,9.751036312248273,8.837763365082862,7.04113594619484,0.5234117457853095,495,0.5937068203229887
anti_reasons,1111110011001111111000111011110001111000110011110110,9.74980925196604,8.844205727809628,7.214160740297471,0.4879096554355617,495,0.5937579478347483
anti_reasons,0111100110011111011100110110011110011111100110011011,9.749734954192283,7.916580974510903,6.838489288979918,0.612159546784444,495,0.5937610435753216
anti_reasons,1110110011001111101100011111110011001100011110110011,9.749119482513954,8.618810622031976,7.485095721310205,0.35735318146665523,495,0.5937866882285852
anti_reasons,0111110001101111001100110110111111011011100111011110,9.749111382926694,8.78552567384658,7.880924149935325,0.3316321109323796,495,0.5937870257113878
anti_reasons,0111100111001111011000111110110011101101100110011011,9.74498010564546,8.533534650329322,7.277931471012491,0.4776803151856014,495,0.5939591622647724
anti_reasons,0111100110011011101100110111111110001101100110011011,9.74170120512128,7.496948644477269,6.365837464919122,0.6003215282190328,495,0.5940957831199467
anti_reasons,0111100111001111011000110111110011101101100110011011,9.741027831410447,8.565661529306182,7.2182046438656196,0.4860308551459538,495,0.5941238403578981
anti_reasons,0111100110011011101100110110111110001101100110011111,9.724541597343157,7.797849340224188,6.6733248138584615,0.5482032389779028,495,0.5948107667773685
anti_reasons,1111110011101101101110110110011110001101100110011011,9.722476215338716,8.745507151639005,7.360081188235324,0.3435765137415405,495,0.5948968243608868
anti_reasons,1101100111001101100110110110110110001101100110011011,9.711461333904623,8.373482893125125,7.169956621693994,0.4727532375556759,495,0.595355777753974
anti_reasons,0111100111001111011000110110111011101101100110011011,9.708494132454959,8.567018260549629,7.148280276456067,0.4886461317403514,495,0.59547941114771
anti_reasons,1111100011011111111000111011110001111000110011110110,9.704400515410972,8.849881846075187,7.432196904681126,0.4161732191028992,495,0.5956499785245428
anti_reasons,1101100110001111011100110011011110011000011111011011,9.70379726098392,8.137009457479595,7.141585406932438,0.5150829258086512,495,0.59567511412567
anti_reasons,0111110011001111000110110011111011111000111111111011,9.675660432101049,8.753094880753219,7.830733900366855,0.3320114924903824,495,0.5968474819957896
anti_reasons,0111100011011111001110011110110011011000111111011111,9.66402530126641,8.140301572255668,7.1412835253061315,0.5064306412201305,495,0.5973322791138995
anti_reasons,1101100111111111001110110011011110011001111011111011,9.64000134032279,8.237489571680285,7.397604950819278,0.36745296874938804,495,0.5983332774865504
anti_reasons,0111100111001111011100110110110011101101100110011011,9.639590872275747,8.345565693347544,6.9251773719069565,0.5359500921754777,495,0.598350380321844
anti_reasons,0111100110011011101100111110111110001101100110011011,9.63334583909288,7.464821765500409,6.442462177673266,0.6241975062642994,495,0.5986105900377967
anti_reasons,0111110111001111000110110011110011111000111111111011,9.629062486731003,8.533573294487107,7.683356780924891,0.3492051915118043,495,0.5987890630528749
anti_reasons,0111110011001111000110110011110011111001111111111011,9.623708856736174,8.573882498482694,7.706121941744259,0.3220089007106467,495,0.5990121309693262
anti_reasons,0111100110011011101100110110111110001111100110011011,9.61606353124195,7.359357810233537,6.156241168512553,0.6570912402766222,495,0.5993306861982521
anti_reasons,1101100111001111000110110110110110011100110011011011,9.612482152652586,7.521137225554195,6.310608965818783,0.6924680272425509,495,0.5994799103061423
anti_reasons,1110110011001111101100111011110011001100011110110011,9.460259077836527,8.650937501008833,7.493522778806571,0.347827056062026,495,0.6058225384234781
anti_reasons,1101101111101111001110110011011110011000111011011011,9.437653216951926,7.668596995401891,6.87588776402954,0.4997567466614866,495,0.6067644492936697
anti_reasons,1101101111001111011100011011011110011000011110011011,9.421003049930308,7.855821330637709,6.821100791145172,0.5160388557228626,495,0.6074582062529039
anti_reasons,0111100011101111001110111110011110011101100111011011,9.40746573885764,8.006351775045466,7.181096922595572,0.3698319274355147,495,0.6080222608809316
anti_reasons,0111110011101111001111110110011110001101100111011011,9.38272371633782,7.634477516415077,6.593491756223862,0.47069099939613035,495,0.6090531784859241
anti_reasons,0111100111001111011000110110011110001101100111011011,9.348020802329048,7.272281127475241,5.948443365050423,0.6675859446821115,495,0.6104991332362897
anti_reasons,0111100110001111011000110110011110001101110111011011,9.342700802745924,7.382099322960827,6.075449742165659,0.6368111229072589,495,0.6107207998855866
anti_reasons,0111100011101111001111110110011110001101100111011111,9.324891402254753,8.147100704457893,7.221837357254664,0.34717756299584596,495,0.6114628582393853
anti_reasons,1101100111101111001111110011011110011000011011011111,9.260762883064956,8.147457831720406,7.395067608605757,0.3462083089616403,495,0.6141348798722934
anti_reasons,0111110111001111000110110011111011011000011110111011,9.204704211841017,8.255119756294377,7.587562497558904,0.3180549461857025,495,0.6164706578399577
anti_reasons,0111100111101111001110110110011110001111100110011111,9.146686618605756,8.01579619107714,7.089374639215894,0.3488289086673364,495,0.6188880575580935
anti_reasons,0111100110001111001100011111110111011000011110011110,9.146337501309148,7.872851851890837,7.041576857464793,0.36672004657613133,495,0.6189026041121188
anti_reasons,1100110111001111011000110110011110001101100110011011,8.9234195118852,7.222304433406883,5.932071426971693,0.5774789899322653,495,0.62819085367145
anti_reasons,0111100011101111001110110110011110001101100110111011,8.896375719016861,7.796513924357409,6.85064182934526,0.3531340199659639,495,0.6293176783742975
anti_reasons,0111100111001111001100011011110111011000011110011110,8.531749485336805,7.218443839757838,6.445706677167861,0.3422891282640944,495,0.6445104381109665
