reason_type,bitmap_index,max_cost,mean_cost,min_cost,std_cost,n_samples,robustness
anti_reasons,11011111111011011011011111111011111100111101111111101101111111111101100110011011001111101110111011011001101100011111110000111111111011011111111111111110011111111111111101100111110011111111001100111111110111111110001111100011110011000110011011011011111011011111110110110000110110110111111101111111111100110011110011011110110111011011111110001100110110111111110111110110011111111110111011111111011011000110111,102.35393761096549,91.79279628998488,85.30937435168556,3.3569297073542383,94,0.7015920186269228
anti_reasons,11011111111011011011011111111011111100111111111111101101111111111101101100011011001111101110111011011001101100011111110000111111111011011111111111111110011111111111111101100111110011111111001100111111110111111110001111100011110110000110011011011011111011011111110110110000110110110111111101111111111100110011110011011110110111011011111110001100110110111111110111110110011111111110111011111111011011000110111,101.9319127327399,92.14127905167875,86.05457644507385,3.1514297011562484,94,0.7028224118579012
anti_reasons,11011011111011011011011111011011011111001101111100001111111111111111100110111011111111101110111011011001100011011111111101111111111011011111111110111011011111111101111101100111110011111111011001100111111111111110111111100011011011001100111011011110111011111011011011000111111110110111111101111111111101110011110111011110110111111011011110001100110111101111111100110110011111111110110011111101111011000110111,101.8312659003776,90.59822295606259,85.30619060501306,3.48556961343047,94,0.703115842856042
anti_reasons,11011111111011011011011011111011111111001111111100001101111111111111011101110011001111101110111011011001101100011111111100111111111011011111111111111011111111111111110110110111110011111111001100110110110111111111001111100110110110110000011011110110111011011011110110110001100110110111111101111111111100110111110111111110110111011011111110001100110110111111110111110110011111111110110011111111001111000110111,101.70697783392076,90.89025011012279,85.13754669263524,2.8502200835695857,94,0.7034781987349249
anti_reasons,11011111111011011011011111111011111101100111111111101101111111111101100110011011001111101110111011011001101100011111110000111111111011110011111111111110011111111111111101100111110011111111001100111111110111110011001111100011110011000110111011011011111011011111110110110000110110110111111101111111111100110011110011011110110111011011111111001100110110111111110111110110011111111110111011111111011011000110111,101.67253168671233,90.59802868665707,83.85250356505111,3.322357318949553,94,0.7035786248200806
anti_reasons,11011111111011011011011111111011111100110111111111101101111111111101100110011011001111101110111011011001101100011111110000111111111011110011111111111110011111111111111101100111110011111111001100111111110111110011001111100011110011000110111011011011111011011111110110110000110110110111111101111111111100110011110011011110110111011011111111001100110110111111110111110110011111111011111011111111011011000110111,101.666234768043,90.72897727524773,83.46238014086853,3.307966690081928,94,0.7035969831835481
anti_reasons,11011111111011001111011011111011111111001111111100011001111111111111011101110011001111101110111011011001101100011111111100110111111011011111111111111011111111111111110110110111110011111111001100110110110111111111001111100110110110110000011011110110111011011011110110110001100110110111111101111111111100110111110111111110110111011011111110001100110110111111110111110110011111111110110011111111001111000110111,101.6445518138773,90.72982458023426,84.77744481485836,2.8544696748062317,94,0.7036601987933606
anti_reasons,11011111111011011011011011111011111111001111111100011001111111111111011101110011001111101110111011011001101100011111111100111111111011011111111111111011111111111111110110110111110011111111001100110110110111111111001111100011110110110000011011110110111011011011110110110001100110110111111101111111111100110111110111111110110111011011111110001101100110111111110111110110011111111110110011111111001111000110111,101.55640226411252,90.72049734876931,85.18042952855816,2.833124733944628,94,0.7039171945652696
anti_reasons,11011111111011011011011111111011111100110111111111101101111111111101100110011011001111101110111011011001101100011111110000111111111011110011111110111110011111111111111101100111110011111111001100111111110111110011001111100011110011000110111011011011111011011111110110110000110110110111111101111111111100110011110011011110110111011011011111001100110110111111110111110110011111111110111011111101111011000110111,101.43828516932264,90.66633987675938,84.0512546749186,3.2958217365198634,94,0.7042615592731118
anti_reasons,11011011111011011011111111111111111111001111110011111110011001111111100111111011111111111110111011011001100011011111000111110011111111110011111111111011011111111101101101100111100011111011001111111111111111110011111011100111110111001100111011011011111011011011110011000111111110110110110111111111111101110110110111110110111111111110110111110011001101101110111100111100110111111110001111101101111100110110111,101.39053107647764,89.52954339825709,81.45330437299481,4.360744356732833,94,0.7044007840335929
anti_reasons,11001111111011011011011111011011011111001101111100001111111111111111100110111011111111101110111011011001100011011111111101111111111011011111111111111011011111111101111101100111110110111111011001100111111111111110111111100011011011001100111011011110111011111011011011000111111110110111110111111111111101110011110111011110110111111011111110001100110111101111111100110110011111111110110011111111011011000110111,101.36049742311069,89.91805437035295,83.17070820627444,3.6192467839694578,94,0.7044883457052167
anti_reasons,11011111101111001101101101111011111111111111110011011110111011111101101110111011011111100110111011011011101110011011000111110011111111011011111110111111011111111111110111110110110011111111011101110111110111111111011111100011111111111110111111111011111011111111011111111110110111101101111111111111111100110111110111110110111111011011011110001111000111111111110110111110111110111111111111101101101101111111111,101.15624674177786,95.12054114327073,89.79774967566533,2.3907187894379547,94,0.7050838287411725
anti_reasons,01111111101101101101101111111011111100111101111111011001111111101111111111100110111011111001100110110111011000110110111101110111111011011111111111111011111111100111110110110110110011110011011111111110110110110111111111100011011011011110111111111111111011011111110110011001111101101101111101101111111111111111111111111110111111111011110110011101110111101110111100110110011110111110011011111101101100110011011,101.10686076616955,87.52067661965509,77.19520375913658,5.015596526061354,94,0.7052278111773482
anti_reasons,11011111101111001101101101111011111111111111110111011110111011111101100110111011111111100110111011011011101110011011000111110011111111011011111110111111011111111111110111110110110011111111011101110111110111111111011111100011111111111110111111011011111011111111011111111110110111101101111111111111111100110111110111110110111111011011011110001111000111111111110110111110111110111111111111101101101101111111111,101.02388515176678,95.0872135587135,89.90904275003432,2.3871650525294443,94,0.7054697225896012
anti_reasons,11011111101111001101101101111011111111111111110011011110111011111101101110111011111111100110111011011011101110011011000111110011111111011011111110111111011111111111110111110110110011111111011101110111110111111111011111100011111111111110111111011011111011111111011111111110110111101101111111111111111100110111110111110110111111011011011110001111000111111111110110111110111110111111111111101101101101111111111,101.01911598950471,95.1493410964495,89.9407064263735,2.366059874697257,94,0.705483626852756
anti_reasons,11011111101111001101101101111011111111111111111111011110111011111101101110111011011111100110111011011001101110011011000111110011111111011011111110111111011111111111110111110110110011111111011101110111111111111111011111100011111111111110111111011011111011111111011111111110110111101101111111111111111100110111110111110110111111011011011110001111000111111111110110111100111110111111111011101101101101110111111,100.98391532286966,94.68176216464958,89.2692713199849,2.484357801748534,94,0.7055862527030039
anti_reasons,01111111101101101101101111111011111100111101111111011001111111101111111111100110111011111001100110110111011000110110110001110111111011011111111111111011111111100111110110110110110011110011011111111110110110110111111111100011011011011110111111111111111011011111110110110001111101100111111101101111111111111111111011111110111111111011110110011101110111101110111100110110011110111110011011111101101100110011011,100.97321617359897,88.09978750290855,78.16655926147592,4.845151158274405,94,0.7056174455580204
anti_reasons,11011111111011011011011011111011111111001111111100011001111111111111011101110011001111101110111011011001101100011111111100111111111011011111111111111011111111111111110110110111100011111111001100110110110111111111001111100110110110110000011011110110111011011011110110110001100110110111111101111111111100110111110111111110110111011011111110001100110110111111110111110110011111111110110011111111001101100110111,100.97293625853466,90.17779581639576,84.70736293986047,2.802196912816781,94,0.7056182616369252
anti_reasons,11011111101111001101101101111011111111111111110111011110111011111101101110011011011111100110111011011011101110011011000111110011111111011011111110111111011111111111110111110110110011111111111101110111110111111111011111100011111111111110111111011011111011111111011111111100110111101101111111111111111100110111110111110110111111011011011110001111000111111111110110111110111110111111111111101101101101111111111,100.89435689700944,94.55349981592911,89.28364784761715,2.4470281792776407,94,0.7058473559853953
anti_reasons,11011111101111001101101101111011111111111111110111011110111011111101101110111011011111100110111011011011101110011011000111110011111111011011111110111111011111111111110111110110110011111111011101110111111111111111011111100011111111111110111111011011111011111111011111111110110111101101111111111111111100110111110111110110111111011011011110001111000111111111110110111100111110111111111111101101101101111111111,100.89287329177594,94.70838253516744,89.32079602392535,2.5451510312437313,94,0.7058516813650847
anti_reasons,01111111101101101101101111111011111100111101111111011001111111101111111111100110001111111001100110110111011000110110111101110111111011011111111111111011111111100111110110110110110011110011011111111110110110110111111111100011011011011110111111111111111011011111110110110000111101101101111101101111111111111111111111111110111111111011110110011101110111101110111100110110011110111110011011111101101100110011011,100.80919764809023,87.7969416844387,78.1960301739795,4.580483254079969,94,0.7060956336790372
anti_reasons,11011111101111001101111101111011111111111111110111011110011011111101101110111011011111100110111011011011101110011011000111110011111111011111111110111111011111111111110111110110110011111111011101110111111111111111001111100011111111111110111111011011111011111111011111111110110111101101111111111111111100110111110111110110111111011011011110001111000111101111110110111110110110111111111111101101101101111111111,100.78067874949834,94.61965633509612,88.86604150439236,2.6552114384279224,94,0.7061787791559815
anti_reasons,11011111101111001101101101111011111111111111110111011110111011111101101110111011011111100110111011011011101110011011000111110011111111011011111110111111011111111111110111110110110011111111011101110111111111111111011111100011111111111110111111011011111011111111011111111110110111101101111111111111111100110111110111110110111111011011011110001111000111111111110110111110111110111111111111101101101101100111111,100.7748324631406,94.49728212301947,89.13076779970343,2.4670238919961687,94,0.7061958237226222
anti_reasons,11011111101111001101101101111011111111111111110111011110111011111101101110111011011111100110111011011011101110011011000111110011111111011011111110111111011111111111110111110110110011111111011101110111111111111111011111100011111111111110111111011011111011111111011111111000110111101101111111111111111100110111110111110110111111011011011110001111000111111111110110111110111110111111111111101101101101111111111,100.7647291651394,94.80203815027087,89.41172419943864,2.4300914380916385,94,0.7062252794019259
anti_reasons,11011111101111001101101101111011111111111111110111011110111011111101101110111011011111100110111011011011101110011011000111110011111111011011111110111111011111111111110111110110110011111111011101110111110111111111011111100011111111111110111111111011111011111111011111111000110111101101111111111111111100110111110111110110111111011011011110001111000111111111110110111110111110111111111111101101101101110111111,100.76226680765161,94.80839468582914,89.63107476496293,2.3446432122025556,94,0.70623245828673
anti_reasons,11011111111011001111011111111011111100111111111111101101111111111101100110011011001111101110111011011001101100011111110000110111111011011111111110111110011111111111111101100111110011111111001100111111110111111110001111100011110110000110011011011011111011011111110110110000110110110111111101111111111100110011110011011110110111011011011110001100110110111111110111110110011111111110111011111101111011000110111,100.7465933287954,91.80714138882276,86.22379511585193,3.0071281306635154,94,0.7062781535603633
anti_reasons,11011111011011001111011111111011011101111111110111111101111110011111100110011011001111101110111011011001101100011111011101110111111011011111111111111011111111111110110110110111100011111111001100110110110111110011001111100011011110111100011011011110111011111011011110110000110110110111111101111110111100011111110011011110110111011011111110001100110111101111111101101101110111111110110011111011011001100110111,100.7464206411679,87.97787420277653,81.46647696896487,3.3678732726994185,94,0.7062786570228341
anti_reasons,11011111101111001101101101111011111111111111110111011110111011111101101110111011011111100110111011011011101110011011000111110011111111011011111110111111011111111111110111110110110011111111011101110111110111111111011111100011111111111110111111111011111011111111011111111000110111101101111101111111111100110111110111110110111111011011011110001111000111111111110110111110111110111111111111101101101101111111111,100.6600344389879,94.60392181164987,89.32007102553115,2.3631111141592913,94,0.7065305118396854
anti_reasons,11011111101111001101101101111011111111111111110111011110111011011101100110111011011111100110111011011011101110011011000111110011111111011111111110111111011111111111110111110110110011111111011101110111110111111111011111100011111111111110111111111011111011111111011111111110110111101101111111111111111100110111110111110110111111011011011110001111000111111111110110111110111110111111111111101101101101100111111,100.61379198279653,94.52419237160174,89.15287975628739,2.336836599144753,94,0.70666532949622
anti_reasons,01111111101101101101101111111011111100111101111111011001111111101111111111100110111011111001100110110111001100110110111101110111111011011111111111111011111111100111110110110110110011110011011111111110110110110111111111100011011011011110111111111111111011011111110011110001111101101101111101101111111111110111111111111110111111111011110110011101110111101110111100110110011110111110011011111101101100110011011,100.57132495072489,87.02454329979935,76.78394047261298,4.93717520123076,94,0.7067891400853502
anti_reasons,11011111101111001101101101111011111111111111110111011110111011111101101110011011011111100110111011011011101110011011000111110011111111011011111110111111011111111111110111110110110011111111011101110111110111111111011111100011111111111110111111111011111011111111011110111110110111101101111111111111111100110111110111110110111111011011011110001111000111111111110110111110111110111111111111101101101101111111111,100.56288808827665,94.65810265127342,89.60492585799015,2.3328154417652023,94,0.7068137373519632
anti_reasons,11011111101111001101101101111011111111111111110011011110111011111101101110011011011111100110111011011001101110011011000111110011111111011011111110111111011111111101110111110110110011111111011101110111110111111111001111100011111111111110011111111011111011111111011111111100110111101101111111111111111100110111110111110110111111011011011110001111000111111111110111111110111110111111111111101101101101111111111,100.5545111435078,94.47758059284486,89.2429189974324,2.4874217143852615,94,0.7068381599314641
anti_reasons,11011111111011011011011011111011111101110111111111111100011001111101100110011011001111101110111011011001101100011111110000111111111011110011111110111110011111111110111101100110110011111111001100111111110111110011111111100011011011000110111011011011111011011111110110110000110110110110111101111111111100110111110011011110110111011011011111001100110110111111110111111101100111111110111011101101101101110110111,100.51961251419634,88.05085325510545,81.0882216823875,3.558128719922394,94,0.7069399052064247
anti_reasons,11011011111011011011011111011011011111001101111100001111111111111111100110111011001111101110111011011001100011011111111101111111111011011111111111111011011111100111111101100111110011111111011001100111111111111110111111100011011011001100111011011110111011111011011011011101101110110111111101111111111101110011110111011110110111111011111110001100110111101111111100110110011111111110110011111111011011000110111,100.50481703932074,89.65564574163801,84.69131647188212,3.396072225347088,94,0.7069830407016888
anti_reasons,11011111111011011011011011111011111101110111111111111100011001111101100110011011001111101110111011011001101100011111110000111111111011110011111110111110011111111111101101100110110011111111001100111111110111110011111111100011011011000110111011011011111011011111110110110000110110110110110111111111111100110111110011011110110111011011011111001100110110111111110111111101100111111110111011101101101101110110111,100.4741192800292,88.00424532142941,80.97702278426941,3.791593695858629,94,0.707072538542189
anti_reasons,11011011111011011011111111111111111111001111110011111110011001111111100111111011111111111110111011011001100011011111000111111110111111110011111111111110011111111100111101100111100011111011001111111111111111111110111011100111110111000110111011011011111011011011110011000111111110110110110111111111111101110110110111110011111011111110110111110011001101101110111100111100110111111110001111101101111100110110111,100.47328806709379,88.29848752787636,80.39784124828441,4.2310834381517255,94,0.7070749619035166
anti_reasons,11011011111011011011111111111111011111001111110011101110011001111111100111111011111111111110111011011001100011011111000111111110111111110011111111111110011111100111101101100111100011111011001111111111111111111110111011100111110111001100111011011011111011011011011011000111111110110110110111111111111101110110110111110110111111111110110111110011001101101110111100110110110111111110001111101101111100110110111,100.36854720286605,87.65389930016153,79.41783060170528,4.558876845337504,94,0.7073803288546179
anti_reasons,11011111101111001101101101111011111111111111110011011110111011111101111110111011011111100110111011011011101110011011000111110011111111011011111110111111011111111111110111110110110011111111111101110111110111111111011111100011111110111110111111011011111011111111011111111000110111101101111111111111111100110111110111110110111111011011011110001111000111111111110110111110111110111111111111101101101101100111111,100.33724980245407,94.15891341306059,89.32346250183993,2.224767305908507,94,0.7074715749199589
anti_reasons,11011111101111001101101101111011111111111111110111011110111011111101101110111011011111100110111011011011101110011111000111110011111111011011111110111111011111111111110111110110110011111111011101110111110111111111001111100011111111111110111111011011111011111111011111111100110111101101111101111111111100110111110111110110111111011011011110001111000111101111110110111110111110111111111111101101101101111111111,100.29433477677424,94.5398058815515,88.99987985079827,2.487378388437731,94,0.7075966916129031
anti_reasons,11011111111011011011011011111011111101110111111111111100011001111101100110011011001111101110111011011001101100011111110000111111111011110011111110111110011111111111101101100110110011111111001100111111110111110011111111100011011011000110111011011011111011011111110110110000110110110110111101111111111100110011110011011110110111011011011111001100110110111111110111111100110111111110111011101101101101110110111,100.2741105500003,88.0245255432999,81.41011148630155,3.646924971108944,94,0.7076556543731769
anti_reasons,11011111101111001101101101111011111111111111110011011110111011111101101110111011011111100110111011011001101110011011000111110011111111011011111110111111011111111111110111110110110011111111111101110111110111111111011111100011111111111110111111011011111011111111011110111100110111101101101111111111111100110111110111110110111111011011011110001111000111111111110110111110111110111111111011101101101101111111111,100.23514298538005,93.74317488217534,87.98233043242821,2.395885430017814,94,0.7077692624332943
anti_reasons,11011111101111001101101101111011111111111111110111011110111011111101101110011011011111100110111011011011101110011011000111110011111111011011111110111111011111111111110111110110110011111111011101110111110111111111011111100011111111111110111111011011111011111111011110111110110111101101111111111111111100110111110111110110111111011111011110001111000111111111110110111110110110111111111111101101101101111111111,100.17000752064553,94.14735446335706,88.7442420702873,2.5729378646501004,94,0.7079591617473892
anti_reasons,11011111101111001101101101111011111111111111110111011110111011111101100110111011111111100110111011011001101110011011000111110011111111011011111110111111011111111111110111110110110011111111011101110111110111111111011111100011111111111110111111011011111011111111011111111110110111101101111111111111111100110110110111110110111111011011011110001111000111111111110110111110111110111111111111101101101101111111110,100.13225740113658,93.79571101314704,88.46669944255909,2.4450816173403798,94,0.7080692204048495
anti_reasons,11011111011011011001111111111011011101111111110111111101111110011111100110011011001111101110111011011001101100011111011101111111111011011111111111111011111111111110110110110111110011111111001100110110110111110011001111100011110110000110011011011110111011111011011110110000110110110111111101111110111100011111110011011110110111011011110110001100110111101111101101101101110111111110110011111001111011000110011,100.08246703380806,87.74194848444071,81.54633669302923,3.1886020899718965,94,0.7082143818256326
anti_reasons,11011111101111001101101101111011111111111111110111011110011011111101101110011011011111100110111011011011101110011011000111110011111111011011111110111111011111111111110111110110110011111111111101110111110111111111011111100011111111111110011111011011111011111111011111111110110111101101101111111111111100110111110111110110111111111011011110001111000111111111110110111110110110111111111111101101101101110111110,100.03918980944242,93.05347177822317,87.30983748301554,2.61956181874627,94,0.7083405544914215
anti_reasons,11011111101111001101101101111011111111111111110111011110111011111101101110011011011011100110111011011011101110011011000111110011111111011011111110111111011111111111100111110110110011111111011101110111110111111111011111100011111111111110111111111011111011111111011111111110110111101101111111111111111100110111110111110110111111011011011110001111000111111111110110111110111110111111111111101101101101111111111,99.933352831663,93.99217262453162,89.14879607746475,2.2954916296773495,94,0.7086491171088543
anti_reasons,11011111101111001101111101111011011111111111110111011110111011111101101110111011011111100110111011011011101110011011000111110011111111011011111110111111011111111111110111110110110011111111011101110111111111111111011111100011111111111110111111011011111011111111011111111110110111101101111111111111111100110111110111110110111111011011011110001111000111111111110110111100110110111111111011101101101101100111111,99.92358667266933,93.36224707798533,88.05559037996338,2.6181479113776054,94,0.7086775898755997
anti_reasons,11011111011011011011101111101111111101101101111111101111110111111011101101111110111011111111100110110001101100011110000110111111111110110110111111110111110111111001101101101101111110111110011111111111110111111111001101100111110011011100011011111111111011011011110110110001111100110111111101110111111110110011110011111110111111111011111111011100110110111111111101110110011111011011001111111111101100011011111,99.92233057786399,86.87629997015213,79.75885404374004,3.1613908609441532,94,0.7086812519595802
anti_reasons,11011011101111001101101101111011111111111111110111011110111011111101101110011011011111100110111011011011101110011011000111110011111111011011111110111111011111111111110111110110110011111111011101110111110111111111011111100011111111111110111111011011111011111111011111111110110111101101111111111111111100110111110111110110111111011011011110001111000111111111110110111110111110111111111111101101101101111111110,99.91242805444853,93.55007274632605,87.75352628864546,2.5677492595722304,94,0.7087101222902376
anti_reasons,11011111101101101111101111111011111100110111110001111111111111111111111111100110110011111000110011011011011000110110111101111100111011011111111111111110111001100110110110110111110011011111001111110110110110110011111111100011011011011110111111011011111011011111110110110001111101101101111101101111111100110111111111111110111111111110111110011101110111101111111100111100011110111011001111111111101111000110111,99.87016747424403,87.55636636304212,78.79734487052006,5.229068086836048,94,0.7088333309788803
anti_reasons,11011111101111001101101101111011111111111111110111011110111011111101100110111011011111100110111011011011101110011011000111110011111111011011110110111111011111111111110111110110110011111111011101110111110111111111011111100011111111111110111111011011111011111111011111111100110111101101111111111111111100110110110111110110111111011011011110001111000111111111110110111110111110111111111111101101101101110111111,99.84254138270839,93.21371079152537,87.34174380653532,2.637665966525629,94,0.7089138735198006
anti_reasons,11011111101111001101111111111011111111111110110111001110011011011111100111110011001111100110111011011001101100011111111100110111111011011111111111111011011011111111101101100111110011111111001111110111110111111110001111100011110110110000011111011110111011011111110110110001101101101101111101111111111101100110110111011110011111111011111011001101110110111111111101110110011110111110110011111011011011000110110,99.7838699720061,88.33666465878056,82.15230436401848,2.7996536078462553,94,0.7090849271953175
anti_reasons,11011111111011011011011111111011111101111111110111111001111111111111000111111110111001101110111011011001101100011111110000111111111011011111111111111011111111101111110110110111110011111111001100110110110111111111001111100011110110110000110110110110111011011110110110110001110110110111111101111111111100110111110011011110110111011011111110011100110110111111110111110110011111111110110001111111011011000110111,99.774862561994,90.13404500292366,84.84043725256886,3.0687750649049255,94,0.7091111878659067
anti_reasons,11011011111011011011001111111011011111001111111111111110011011011111100111111011111111101110011011011001100110011110111101110011111011110011111111111110011111111111101101100111110110111110001111101111111111111110111011100011110110000110011011011111111011111111011011000111111110110110111101111111111100110110110111110110110111111110110111011000110111101110111101101100110111111110111011101101101100111011111,99.75132552455057,88.0881310743101,79.74359846235951,4.163088279686632,94,0.7091798089663248
anti_reasons,11011111101111001101101101111011111111111111110111011110011011011101101110111011011111100110111011011001101110011011000111110011111111011011111110111111011111111111110111110110110011111111011101110111110111111111011111100011111111111110111111011011111011111111011111111000110111101101111111111111111100110111110111110110111111011011011110001111001111111111110110111110111110111111111111101101101101110111110,99.73661492689612,93.76997992153197,88.24543570155387,2.4154026654014378,94,0.7092226970061337
anti_reasons,11011111101111001101111111111011111111111110110001111110011011011101100111110011001111100110111011011001101100011111111100110111111011011111111111111011011011111110111101100111110011111111001111110111110111111110001111100011110110111110011111011011111011011111110110110001101101101101111101111111111101100110110111011110011111111011111011001101110110111111110111111100110110111110110011111011011011000110110,99.55730266382537,88.10183807089405,82.0114501623852,2.8616073080621436,94,0.709745473283308
anti_reasons,11011101101111001111111111111011111111111111110001111110011011011111101101111110111011011100111011011001101100011111000110110111011111110011110111111011011011111001101101100111110011111111001111110111110111111111001111100011110110111111100111110110111110110111110110110001111101101101101101110111110110110011011111111110111111111111111111011111110110111111111100111100110110111011001111101111111011000110111,99.47555886365755,88.5373742744596,83.03229534563309,2.541262302678301,94,0.7099837934004153
anti_reasons,11011111101111011011111011111011011101101111111111011110011111101111100111111011111111101111100110110111011000110111110001111111111110110011111111111110011111100111101101100111111110111110011111111111111110110111001111100011110110000110011011111111111011111011011011000111111110110111111100111111111110111011111011011110110111111011111111001100110111101111111100111100011110011011001111111111101100111011111,99.43725687684324,90.43487524925608,83.9204266833308,2.8493561378874834,94,0.7100954610004571
anti_reasons,11001111111001101101111111111111111101111101110111100110011110011111111110011011001111101110111011011001100110011111011101110111111111011111111111111011011111111111100111100111110011011111001111110111110111110011001111100111110011111110011011011110111011011111110110011000110110110111111101111110111100110111110011111110110111110110111110110011001101101111111101101101100111111110110011111011011111000011110,99.40519206862541,86.07371716985624,78.30932197834862,3.435459930669701,94,0.7101889444063398
anti_reasons,11011111111011011011011111111011111101111111110111111001111111111111001101111110111001101110111011011001101100011111110000111111111011011111111111111011111111101111110110110111110011111111001100110110110111111111001111100011110110110000110110110110111011011110110110110001110110110111111101111111111100110111110011011110110111011011111110011100110110111111110111110110011111111110110011011111011011000110111,99.39993631391125,89.34523893871071,83.40205774860016,3.35601745451498,94,0.7102042673063812
anti_reasons,11011011111011011011111111111111111111001111110011111110011001111111100111111011011111111110111011011001100110011111000110111110111111110011111111111110011111111101101101100111100011111011001111111111111111111110111011101100110111001100111011011011111011011011110011000111111110110110110111111111111101100110110111110110111111111110110111110011001100110110111100111100110111111110001111101101111100110110111,99.37608231426941,86.95765546610578,78.66888622608379,4.418432783429266,94,0.7102738124948413
anti_reasons,11011011111011011011001111111011011111001111111111111110011011011111100111111011111111101110011011011001100110011110111101111110111011110011111111111110011111111110111101100111110110111110001111101111111111111110111011100011110110000110011011011111111011111111011011000111111110110110111101111111111100110110110111110110110111111110110111011000110111101110111101101100110111111110111011101101101100111011111,99.28637531052208,87.5869774594238,80.18948773039014,3.8810714504001087,94,0.7105353489489152
anti_reasons,11011101101111001111101111111011111111111111110001111110011011011111101101111110111011011100111011011001101100011110000111110111011111110011110111111110011011111001101101100111110011111111001111110111110111111111001111100011110110110001100111110110111110110111110110110001111101101101101101110111110110011011011111111110111111111111111111011111110111101111111100111100011110111011001111101111101111000110111,99.26851015942928,88.29617295480047,83.4743956084873,2.399509768523255,94,0.710587433937524
anti_reasons,11011011111011011011001111111011011111001111111111111110110011011111100111111011111111101110011011011001100110011110111101111110111011110011111111111110011111111111101101100111110110111110001111101111111111111110111011100011110110000110011011011111111011111111011011000111111110110110111101111111111100110110110111110110110111111110110111011000110111101110111101101100110111111110111011101101101100111011111,99.23640273346128,87.52698755456619,79.85230371393747,4.014482645062799,94,0.7106810415934073
anti_reasons,11011011111011011011001111111011011111001111111111111110011011011111100111111011111111101110011011011001100110011110111101111110111011110011111111111110011111111111101101100111110110111110001111101111111111111110111011100011110110000110011011011111111011111111011011000111111110110110110111111111111100110110110111110110110111111110110111011000110111101110111101101100110111111110111011101101101100111011111,99.21906080911299,87.54036952574776,79.37768700983271,4.245015715856707,94,0.7107316011396123
anti_reasons,11011111111011011001111111111011111101111111110111111001111111111111000111111110111001101110111011011001101100011111110000111111111011011111111111111011111111101111110110110111110011111111001100110110110111111111001111100011110110110000110110110110111011011110110110110001110110110111111101111111111100110111110011011110110111011011111110011100110110111111110111110110011111111110110011011111011011000110011,99.08288199231966,89.53733858800649,84.0869462894947,3.1387044482008593,94,0.7111286239290973
anti_reasons,11011111101111001101111111111001111111111110110001111110011011011111100111110011001111100110111011011001101100011111111100110111111011011111111111111011011011111111101101100111110011111111001111110111110111111110001111100011110110110000011111011110111011011111011110110001101101101101111101111111111101100110110111011110011111111011111011001101110110111111111101111100011110111110110011111011011011000110011,99.03318687969275,88.4251129113032,83.28549689110221,2.430600246870811,94,0.7112735076393797
anti_reasons,11011111111011011011101111111011111101101101111111101101111111101111111101100110111011111001100110110111001100110110110000111111111011011111111111111110111111101101110110110110110011111111011111111110110110110111111111100011011011000110111011111011111011011111110110110001110110110110111101101101111110110111111011111110111111011011111110011100110110111111111101110110011111111011001111101111101101100110111,99.03258651634484,87.8979992513578,80.42835827051641,4.290322397819218,94,0.7112752579698401
anti_reasons,11011111001111011011101111101111111101101111110001111111100111111011101101111110111011111111100110110001101100011110000110111111111110110110111111110111110110011001100111101101111110111110011111111111110111111111001101100111110110011100011011111111111011011011110110110001111100110111111101110111111110011011110011111011111011111011111111011100110110111111111101111100011110011011001111111111101100011011111,98.97649183086168,85.81682857591863,80.96968376088233,2.606708956464118,94,0.7114387993269339
anti_reasons,11011111111001111011111011111011011100111111111111101110011111101111100111111011111111101110110110110001111000110111110001111111111110110011111111111110011111111101101101100111111110110110011011001111111110110011001111100011110110011100011011011111111011111011011011000111111110110111111101101111111110111011111011011110110111111011111111001100110111101111111100110110011111011011001111111111101100111011111,98.93964280376919,88.84371249320274,81.25006001956221,3.3283840463284515,94,0.7115462308928012
anti_reasons,11011101101101101101111111101101111101111111110111011100011110011101111111110011001111101110111011011001101100011111011001110111111011011111111111111011111011111111100110110111110011011111001111111110110111110011001111100111110110111110011111011011111011111111011110110000110110110111111101111110110110011111110011111110110111011011111110001100110111101111110111101101110110111110110011111011011011000110110,98.91296832065943,87.65286137764683,80.23080424231756,3.1326118803112206,94,0.7116239990651329
anti_reasons,11011111111011001111011011111011111101110111111111111100011001111101100110011011001111101110111011011001101100011111110000110111111011110011111110111110011111111111101101100110110011111111001100111111110111110011111111100011011011000110111011011011111011011111110110110000110110110110111101111111111100110111110011011011110011011011011111001100110110111111110111111101100111111110111011101101101101110110111,98.8834839430639,87.12351544155703,81.21445449115522,3.3838096780679376,94,0.711709959349668
anti_reasons,11011111111011011011101111111011011100111111111111111110110111101111100111111011111111101110110110110011011000110110110001111111111110110011111111111110011111111101101101100111111110111011001111111111111110110011001111100011110110011100011011011111111011111011011011000111111110110111111100111111111110111011111011011110110111111011111111001100110111101111111100111100011111011011001111111111101100111011111,98.86163919563316,90.19400643190147,84.13931692426169,3.141200019606304,94,0.7117736466599616
anti_reasons,11011111001111011001111111111001111101111111110111011101111110011111100110011011001111101110111011011001101100011111011000111111111011011111111111111011111111111110110110110111110011111111001100110110110111110011001111100011110110111100011011011110111011111011011110011000110110110111111101111110110110011111110011011110110111011011111110001100110110111111111101101101110110111110110011111011011011000110011,98.78620897919052,86.97270374268574,80.40248474527151,3.3858419641283266,94,0.711993559827433
anti_reasons,11001111111001101101111111111111111101111111110111100110011110011111111110011011001111101110111011011001100110011111011101110111111111011111111111111011011111111111100111100111110011011111001111110111110111110011001111100111110110111110011011011110111011011111110110110000110110110111110111111110111100110111110011111011110011110110111110110011001101101111111101101101100111111110011011111011011111000110110,98.73967114781544,86.15042112038671,77.87522458483392,3.507421693037904,94,0.7121292386361066
anti_reasons,11011111111011011011101111111011111101111101111111101101111111101111111101100110111011101101100110110111011000110110111100111111111011011111111111111110111111111001110110110110110011111011011111111110110110110111111111100011011011000110111011111011111011011111110110110001110110110110111101100111111110111111111110111011110011011011111110011100110110111111111101110111110111111011001111101111101100110110111,98.70614088123969,88.3139913857946,81.22475764120337,3.895167206273255,94,0.7122269945153361
anti_reasons,11011101101101101101111111101101111101111111110001111100011110011111111111110011001111101110111011011001101100011111011001110111111011011111111111111011111011111111100110110111110011011111001111111110110111110011001111100111110110111110011111011011111011111111011110110000110110110111110111111110110110011111110011111110110111011011110110001101100111101111101101101101110110111110110011111001111011000110110,98.5406546762803,86.39649517057984,77.94284729699928,3.060052942219506,94,0.7127094615851887
anti_reasons,11011111101101101111101111111011111100110111110001111111111111111111111111100110110011111001100011011111011000110110111101110110111011011111111111111110111011100110110110110111110011011111011111110110110110110111111111100011011011011110111111111111111011011111110110110001111101101101110111101111111100110111111111111011111011111110111110011101110111101111111100111100011110111011001111111111101111000011111,98.52537033582945,87.77210069021902,80.15034058524735,4.63389985903896,94,0.7127540223445206
anti_reasons,11011101101111001111101111111011111111111111110001111110011011011111101101111110111011011100111011011001101100011110000111110111011111110011110111111110011011111000111101100111110011111111001111110111110111111111001111100011110110111111100111110110111110110111110110011001111101101101101101110111110110011011011111111110111111111111111111011111110111101111111100111100110110111011001111101111101111000110111,98.44385469929857,87.71690821836467,83.29872991868163,2.308934028350351,94,0.7129916772615201
anti_reasons,11011111111011001101111111101111111111111111110111111001111111111111100111111110110011001100111011011011001100011111111100110011111111110011111111111011011111111001111101100111110011111111001111110111110111111100001111100111110110110001100110110110111110110111110110110001111100111101111101111101111101100011110111110110110111111111111111011100110110111111111100110110011111111011110001111111011011000110110,98.39113201273209,88.52046889148716,83.183890094567,3.130589372614822,94,0.7131453877179823
anti_reasons,11011111101101101111101111111011101100110111110001111111111111111111111111100110011011111001100011011001111000110110110001111100111011011111111111111110111001100110110110110111110011011111011111110110110110110111110011100110011011011110111111111011111011011111110110110001111101100111111101101111111101100111111011111110111111111110111110011101110111101111111100111100011110111011001111111111101111000110111,98.33976819852943,87.44295082372275,79.67229838141137,4.446944579820743,94,0.713295136447436
anti_reasons,01111111101101101101111111111011111101111111110111011111111110011111111111110110001111001110111011011110011000110111110000110111111011011111011111111011111111101110110110110111110011011111001111110111100111100111011011100110110110111110110111110110111110110111110011110001100110110111101101101111101101111111111011111110110111011111111110011100110110111111111101111101110110111110110011101111011011000110011,98.31310018835585,85.83015484486585,79.86607593272905,3.5796137614154766,94,0.7133728857482338
anti_reasons,01111101101101101101111101101111111100111111110001100111111110011101101110011011001111111110011011011001101100011111000110111100111110110110111111110111110110011111110111101101111110110111110001110111110111111111001111100111110110011110011111110110111111110111110110110000110110110111111101111111100110110011110011111110111111011111111111001100110110111111110111110110110110110110111011111011011011111110110,98.30469265370061,84.82135406460664,79.22470973321526,2.925331705506032,94,0.713397397511077
anti_reasons,11011111111001111011111011111011011100111111111111111110011111101101100111111011111111101111100011110111011000110111110001111111111110110011111111111110011111111101100111100111100011110110011111111111111110110111001111100011110110011100011011111111111011111011011011000111111110110111111100111111111110111011111011011110110111111011111111001101100111101111110110111100011111011011001111111111101100111011111,98.29108938090842,89.40156527049923,83.45902127926408,2.952472803117706,94,0.7134370571985178
anti_reasons,11011111101111011011011011111011111101111111111111001101111011011101100110011011001111101110011011011001101100011111110000111111111011110011111111111111011111111111111101101101110110111111001100111111110111111110001111100011110110000110011011011011111011011111110110110000110110110110110111111111111100110011110011011110110111011011110111001100110110111110110111110110110110111110111011101101101111110110111,98.22111495804255,89.05816100679644,83.30259359938248,3.290337939615481,94,0.7136410642622666
anti_reasons,11011101101101101101111111101101111101111101110001111100011110011111111110110011001111101110111011011001101100011111011001110111111011011111111111111011111011111111100110110111110011011111011011001110110111110011011111100111011011111110011111011011111011111111011110110000110110110111111101111110110110011111110011111110110111011011111110001100110111101111111101101101110110111110110011111011011011000110110,98.18474926030525,85.63250205344228,77.04895446463675,3.1800109020332936,94,0.7137470867046494
anti_reasons,11011111101111011001101111011011011100111111110001111100011111111111100111111011001111101110111011011001101100011110111101111110111110110011111111111110011011111101101101100111100011111110110001101111111111110011001111100011110110011100011111011111111111111011011011001100111110110111111101111111111101100110110110110110110111111111110111011000110111101110111100111100011110110110111011111101101100111011011,98.18242782718684,86.94263160444297,79.59926116208652,3.7024128973313792,94,0.7137538547312337
anti_reasons,11011111111011011011011011111011111101111111111111101101111011011101100110011011001101101110011011011001101100011111110000111111111011110011111111111111011111111111111100111101110110111111001100111110110111111110001111100011011110000110110011011011111011011111110110110000110110110110111101111111111100110111110011011110110111011011110111001100110110111110110111110111100111111110111011101101101111110110111,98.14416227042774,87.95039820795523,82.01306440680912,3.371165630790463,94,0.7138654161212019
anti_reasons,11011111111011011011111011111011111101111111111111101101111011011101100110011011001101101110011011011001101100011111110000111111111011110011111111111111011111111111110111101101110110111111001100111111110111111110001111100011110110000110110011011011111011011111110110110000110110110110111101111111111100110111110011011110110111011011110111001100110110111110110111110111100111111110001111101101101111110110111,98.10780442958024,88.97538974070744,83.54912261798582,3.1511142981034292,94,0.7139714156572005
anti_reasons,11001111111011011011011111111111111101111111111111001100011001111111100111111011001111111110011011011001100011011111000111110011111111011011111111111110111111111101101111100111110110111110001100111111110111110011111111111000111111111100111011011011111011011011110110011000110110110110110111111111111101110111110110110110111111110110110110110011001101100110111100110111100111111011111011101101111100011110111,98.01314171370106,86.55610630693202,76.88728149426858,4.39870440222377,94,0.7142474002516004
anti_reasons,11011111111011001101101111101111111111111111110111111001111111111111100110111110110011001100111011011001101100011110111101110011111111110011111111111011011111111001111101100111100011111111001111110111110111111111001111100111011110110001100110110110111110110111110110110001111100111101111101111101111101100110110111110110110111111111111111011100110111101111111100110110011111111110110001111111001101100110110,98.01030029253977,88.52679041260085,83.20229873775646,2.874049919623495,94,0.7142556842783097
anti_reasons,11001111111001101101101111111111111101111101110111100110011110011111111110011011001111101110111011011001100110011110011101110111111111011111111111111011011111111110111101100111100011011111001111110111110111110011001111100111110011111110011011011110111011011111110110110000110110110111111101111110111100110111110011111110110111110110111110110011000111101111111101101101100111111110110011111011001101100110110,98.00337334355945,85.83180780863495,78.53540952328684,3.065358588951633,94,0.7142758794648413
anti_reasons,11011111111011001101101111101101111101110111111111111110110110001111100110111011111111111001100011011111011000110110111101111100111110110011111111111111011111011111101100111101111110111110011111111110111110110111111111100111011011111110111011111111111011111111011011000111111110110110111101101111101100111111111110011110111111111011110111001100110111101111101101101101100111110110111011101101101100111011011,97.98845542172356,86.81376441172453,80.1634205654256,3.328810116763732,94,0.7143193719483278
anti_reasons,11011111111011011011101111111111111111111111111111111110011110011111100111111110110011111001100011011001101100110110111101111110111111011011011111111011011111111001100111100110110011111011011111111111110110111111001111100111110110000110011011111011111011011111110110110001110110111101100111110111101101100110111111110110111111011011111110110011000111101111111100111100110111111011001111101111101100110110111,97.97637713530793,89.39800381842147,81.75293214992753,3.020786449414831,94,0.7143545856113471
anti_reasons,11011111111011011001101111111011111100111101111111101111111111111111101101100110111011111000111011011110011000011110110001101111111011011011111110111110110111111001111101100110110011111011001111111111110110110110111111100011011011000110111011011011111011011111110110110001110110110111111101100111111100111011110011111110111111011011011110011100110110111110111101110110011111111110111011111101101100110110011,97.92802089658858,88.24998670298181,83.56407745889166,3.0161244828331446,94,0.7144955658991587
anti_reasons,11011111111011011001111011111011111101111111111111101101111011011101100110011011001101101110011011011001101100011111110000111111111011110011111111111111011111111111110111101101110110111111001100111111110111111110001111100011110110000110110011011011111011011111110110110000110110110110111101111111111100110111110011011110110111011011110111001100110110111110110111110111100111111110111011101101101111110110011,97.85878453012324,88.55060908591608,82.49251269684342,3.101865477313396,94,0.7146974211949759
anti_reasons,11011111101111011011101111111011111101111101110001111001111111101101111101100011111011111001100110110001111000110110110000111111111011011111111111111110111110011001110110110110110011111111011111111110110110110111111111100011011011000110111011111011111011011111110110110001110110110110110111101111111110111111111011111110111111011011111110001100110110111111110111110111110110111011001111101111101101100110111,97.7984175233115,88.11905510850234,82.58800768858623,3.279824227463093,94,0.7148734182993834
anti_reasons,11011111111011001101101111101101111101110111111111101110011111101101100110111011111111111001100110110001111000110110110000110110111110110011111111111111011111011111101101101101111110111110011111111111111110110111111111100111011011111110111011111111111011111111011011000111111110110110111101101111111110111111111011011110111111111011110111001100110110111111100111100111100111110110111011101101101100111011011,97.72069355157406,86.59035944160182,80.40726468037442,3.2154933501604717,94,0.7151000188000756
anti_reasons,11011111111011011011111111111001111100111111111111111001111111111101100110011011001111101110110011011110011000110111110001111111111110011011111111111011011111100111111101100110110011111111001111111111110110110011001111100011011110011100011011011011111011111011011110110000110110110111111101101111111100111011111011011110110111011011111110001100110111101111110110110110011111011011001111111111111001111110111,97.71260017798555,89.00105232417317,83.96285496351976,2.7806978640963336,94,0.7151236146414415
anti_reasons,11011111101111001101101111101101111101110111110001111110011111101101100110111011111111111001100110110111001100110110111100111100111110011011111111111111011110011111101101101101111110111110011111111111111110110111111111100111011011111110111011111111111011111111011011000111111110110110110111101111111110110111111110011110111111111011110110001100110110111111100111111101100110110110111011101101101100111011011,97.56436673358805,86.28007138998814,79.22338432319249,3.1722397923277588,94,0.7155557821178191
anti_reasons,11011111111011011011101111111111111111111111111111111110110111111111100111111110011011101101100110011001101100110110111101111110111111110011011111111011011111101101101101100110110011111011011111111111110110111111001111101100110110000110011011111011111011011111110110110001110110111101101101111101111101100110111111110110110111011011111111110011000111100111111100111100110111111011001111101111101100110110111,97.53923791136471,87.89350388219508,80.90047923071914,3.4650832074820697,94,0.7156290439901903
anti_reasons,11011101101101101111101111111011111101111111111111011111100111111011111001111110111011001101100110110001101100011110110001110111110111011111111111111011111111111000111111100111110011110111011111110111110111111111011001101100110110111111100111111011111011011111110110110001110111110110111101110111111110011011011011111011110011011011111110011111110111100111111100111100110110111011001111101111101111000110111,97.4981432691479,88.46441547931653,82.56269916916825,2.964502652747726,94,0.7157488534427174
anti_reasons,11011111111011001111101111111011011100111101111111101111111111101111100111110110001111111001100110110001111000110110111101110110111011011110111111011111011111011001111101101101111110111011011111111111110110110111001111100011110011011110111011111111111011111111011110110001100110110111111100110111111110111011111110011110111111011011111110011100110111101111111100110110011111011011001111111111101100111011111,97.48700063880898,88.9341375868686,83.79634453147845,2.9530224861934506,94,0.7157813392454548
anti_reasons,11011111111011011001101111111011111100111101111111101111111111111111101101100110111011101100111011011110001100110110111101101111111011110011111111111110110111111001110111100110110011111011001111111111110110110110111111100011011011000110111011011011111011011111110110110001110110110111111101100111111100110011111110111110110111011011110111011100110110111110111101110110011111111110111011111101101100011110011,97.44374362952098,86.88393646838024,81.32235721419569,3.599570048752529,94,0.7159074529751575
anti_reasons,11011111101111011011001111011011011101101111110001111100011111111111100111111011001111101110111011011001101100011110111101111110111110110011111111111110011011111101101101100111100011111110110001101111111111110011001111100011110110011100011111011111111111111011011011001100111110110111111101111111111101100110110110110110110111111111110111011001110111101110111100111100011110110110111011111101101100111011111,97.43081406205368,86.67353974383236,79.0907746632836,3.7477989366360127,94,0.7159451485071321
anti_reasons,11011011011011011011011011011011101111001111111110011100110110011111101101111011001111111110011011011001100011011111000111111111111011011011111110111110111111100111101111100111111100111110001101111111111101111110110011111000111111001100111011011111111011011011110110110000111110110110110111111110110110011011110111011011111011111011011110001100110111100111111100111100110111111110001111101101101100110011111,97.31281814505527,85.13592480401914,74.08167943684685,4.805457756229095,94,0.7162891599269525
anti_reasons,11011111101111001101101111101101111101110111111111011110011111101111100110111011111111111001100110110111011000110110111101111100111110110011111111111111011111011110111100111101111110111110011111111110111110110111111111100111011011111110111011111111111011111111011011000111111110110110111100111111111110111111111110011110111111111011110111001100110111101111101101101101100110110110001111101101101100111011011,97.28887617766375,86.16632400522076,78.68466345169529,3.2606401505895803,94,0.7163589615811552
anti_reasons,11011111111011001111101111111111111111111101111111111110011011011111101100111110110011111000111011011001101100110110111001100110111110011011011111111011011001111001101101100111110011111111001111111111110110111110111111100111011011111110111011011011111011011111110011110001111101101101101101111101110111100011111111011110111111111011111110110001110110111111111101111100110111011011001111101111101111000110111,97.27901096142996,86.43687344439451,81.00949875349703,2.9356794437380516,94,0.716387723144519
anti_reasons,11011101101101101101111111111011011111001111111100011001111111111101101111111110111011101101100011011001101100011111001100110111110011011111111111111011011111111001110111100111110011110111011111110111110111111111001111100110110110110000111111111110111011111111011011110001110111110111110111110111110110011011011111111011110011011011111110011101110110111111110110110110011110111110110011111111011011000110110,97.24727735286334,87.75171733644831,81.03835993633896,3.6515626535447505,94,0.7164802409537512
anti_reasons,11011111111011011011111111111011011100111111111111111001111111111101100110011011001111101110110011011110011000110111110000111111111110011011111111111110011111111101111101100111100011111111001111111111110110110011001111100011110110011100011011011011111011111011011110110000110110110111111100111111111100111011111011011011110011011011111110001100110110111111110110110110011111011011001111111111111001111110111,97.20732353468965,88.21816995140846,83.1453399238092,2.804117406080812,94,0.71659672438866
anti_reasons,11011011101111011011011111111111111101111111111110011100110011011111100111111011001111111110011011011001100110011111000110110011111111110011111111111110111111111101101110110111110110111110001100111110110111111110111111111000111111111100111011011011111011011011110011011000110110110110110111111111111101100111110110110110111111111110110111110011001100111100111100111101100110111110111011101101111100011110111,97.13391133055943,86.07632877982567,78.37105139875531,4.18445386006221,94,0.7168107541383106
anti_reasons,01111011011011011001111011011011001111001111111111011100110110011111100111111011001111101110011011011001100011011111001101111111110011011011111110111110111111111101101111100111111100111011011001101111111101111110110011111000111111110000111011011111111011011011011110110000111110110110110111111110110110011011011111011110110111111011011110001100110111100111111100111100011111111110111011101101101100110011011,97.12222892760131,83.78307751899825,73.12276609417741,5.0033713949854475,94,0.7168448136221537
anti_reasons,11011111111011011011101111111011111101101111111111101110111111101111101101111011110011101101100110110001111000110110111101111111111111110011110111111011011111111001101101100110110011111011011111111111110110110111001111100011110110000110011011111011111011011111110110110001110110110111101101101101111110110011111110111110110111011011111111001111000111101111111100110110011111111011001111101111101100011011111,97.1206101615159,88.25065261886519,82.6830768057033,3.803986772173559,94,0.716849533056805
anti_reasons,11011011111001111011011111111101111101111111110011011100110001111111100111111011001111111110011011011001100011011111000111110011111111110011111110111110111111100111101111100111100011110110001100111111110111111110111111111000111111111100111011011011111011011011011110011000110110110110110111111111111101110111110110110110111111011110011111110011001101100110111100111101100111111110001111101101111100110110111,97.06183820975234,85.73666639753579,78.3891529520606,4.311358490906695,94,0.7170208798549494
anti_reasons,11011111101111001101111111101111011111111111110001101101111111111111000110111110111011001101100011011111011000110111111101110011111111011111111111111011111011100111110111100111110011111111011111110111110110110111001111100111011110110001100111111110111011011111011110011001111101101101111101101111111100111011111111110011110011111011111110011111110111101111110110110110011110111110110011111111011011000110110,97.0130122515053,87.52381141542845,79.18942483381085,3.468719931242921,94,0.7171632295874482
anti_reasons,11011111101111001101101111101111111101111101110001111001111111111111000111111110111011011001100011011001111000110110110001110011111111011111111111111011111011101101110111100111110011111111011111110111110110110111001111100111110011110001100111111011111011011111110011110001111111100111111100111111111100111011111011110110111111111011111110011111110111101111110110110110011110111110110011111111001111000110110,96.91563678019565,88.89652937847269,82.04543640115634,3.079028400071938,94,0.7174471230898085
anti_reasons,01111101101101101101101101101111111100111111110001100111111111111101101110011011001101101110011011011001101100011110001100111100110110110110111111110011011110011111111101100111111110110111110001110111110111111111001111100111110110011110110111110110111111110111110110110000110110110111111101111111110110011011011011111110110111011111111111001100110110111111110111110110011110110110011011111111001111111110110,96.90672587998023,84.15189606354424,77.86318022932001,2.6186220564655707,94,0.7174731023907281
anti_reasons,11011111011011011011101111101111111101101111111111101111100111101101101101111110111011101111100110110001101100011110011100111111111110110110011111110111110111111001101101101101111110111110011111111111110111111111001101100111110110011100011011111111111011011011110110110001111100110111101101110111111110011011110011111110110111111011111111011100110110111111110111110110110111011011001111101111101100011011111,96.842096540771,85.1992645373875,78.81616135972227,3.1155743026267633,94,0.7176615261202012
anti_reasons,11011011101111001101101101111011011111111111110011011110011011011101100110011011011111100110111011011001101110011011000111110011111111011011110110111110011111111101100111110110110011111111111001110111110111111111011111100011111111111110011111011011111011111111011111110000110111101101111111111111111100110110110111110110111111011011011110001111001111101111110110111110111110111110111011101101101101110111110,96.74072268826492,88.85037033734667,82.23925850892748,3.0031661359221555,94,0.7179570767105978
anti_reasons,11011111101111011011001111011011011100111111110001111100011111111111100111111011001111101110111011011001101100011110111101111110111110110011111111111110011011111101101101100111100011111110110001101111111111110011001111100011110110011100011111011111111111111011011011001100111110110111111101111111111101100110110110110011110011111111110111011000110111101110111100111100011110110110111011111101101100111011111,96.69592422746564,86.32955978855527,79.61660351003019,3.5819683228601193,94,0.7180876844680302
anti_reasons,11011111111011011011101111111011111101111101111111111001111111101111111100110011111011111000110110110001111000110110000110111111111011011111111111111110111111111101110110110110110011111111011011001110110110110111111111100011011011000110111011110011111011011111110110110001110110110110111101101101111110111111111110111110111111011011111110001100110110111111111101110111110111111011001111101111101101100110111,96.6421185179068,87.53549027375165,82.60195713385372,2.8558928842251285,94,0.7182445524259278
anti_reasons,11011111111011001111111011111011111111001111111111111001111111111011011100111110111011111001100110110111001100011111111100110111111011011111111011111011111111101111111110110110110011111111011111101110110111110111011111101100011110111000011110111111111011011011110011110001110110110110110111101111111110110111110111111011111011011011011110011100110110110111110111110111110111111110001101101101101101110011111,96.62846916527862,85.66938379217774,78.74017073518573,3.389793362361469,94,0.7182843464569136
anti_reasons,11011111101101101101111111101111111101111111110111011001111110011111011111111110110011001110111011011001111000110111111100110111111111011111011111111011111011111001111111100111110011011111001111110111110110110111111111111000111110111111100111110110111110110111110110110001110110110111101100111101101101100110111110111110110111011111111110011101100110110111110111110110110110111110011011101111011011000011110,96.62270698460556,85.66980380194526,80.10443567497511,3.446412318947461,94,0.7183011458174765
anti_reasons,11011111101111001101101111111011011101111111111111011110110110001111101101110110001111101101100011110111011000110110110001111100111011011011111111111110011111011001101101100111111110111110011111111111110110110111001101100011110111111110111111111111111011111111011110110001100110110110110110110111101110111011111011111110110111011011110110011100110111101110111100111100110110111110111011101101101100111011011,96.59638720906798,87.46167232832745,82.49795782244439,2.366302376299866,94,0.7183778798569447
anti_reasons,11011011101111001101101101111011011111111111110011011110011011011101100110011011011111100110111011011001101110011011000111110011111111011011110110111110011111111101100111110110110011111111111001110111110111111111001111100011110111111110011111011011111011111111011111110000110111101101101111111111111100110110110111110110111111011011011110001111001111101111110110111110111110111110111011101101101101110111111,96.58170676708588,88.53155485578647,81.67196413875351,2.9667737606189863,94,0.7184206799793414
anti_reasons,11011101101101101101111111111011011111001111111100011001111111111111101111110110001111101101100011011001101100011111001101110111110011011111111111111011011111111001111101100111110011110111011111110111110111111111001111101100110110110000011111111110111011111111011110110001100111110111110111110111110110011011011111111011110110011011111110011101110111100111111100110110011110111011110011111111011011000110011,96.58077877055867,88.445118239923,82.9296872555616,2.7895639738866786,94,0.7184233855085753
anti_reasons,11011011101111001101101101111011011111111111110011011110011011111101100110011011011111100110111011011001101110011011000111110011111111011011110110111110011111111101100111110110110011111111111001110111110111111111001111100011110111111110011111011011111011111111011111110000110111101101101111111111111100110110110111110110111111011011011110001111001111101111110110111110111110111110111011101101101101110111110,96.56075894657975,88.15415515863847,81.36932493749367,3.027333399381032,94,0.718481752342333
anti_reasons,11011101101101101101111101111111011101111111111111011100110110011111100110011011001111101110110011011001101100011111001101110111011111011111111111111110011111111111101101100111111110110110011001110111110111111111001101100111110111111110111111110110111011111111011110011000110110110110110111111110110110011011011011011110110111011110110110110011001101101111101101101100110110111110111011101101111100111110011,96.5400069755766,83.79375154962855,76.6172975170083,4.865067568928778,94,0.7185422537155202
anti_reasons,11011111101111001101101111111011011101111111111111011111100111101111101101111110111011111001100110011111011000011110110001111100110011110011111111111011011001111001100111100111111110111110011111111111110110110111001101100011110111111110111111111111111011111111011110001101110110110110110110110111111100111011011011111110111111011011110111011100110111101110111100111100110110111110011011101101101100111011011,96.53171062465118,87.72583388494112,82.95689074943064,2.480327005339152,94,0.7185664413275475
anti_reasons,11011011101111001101101101111011011111111111110011011110011011011101100110011011011111100110111011011001101110011011000111110011111111011011110110111111011111111101100111110110110011111111111001110111110111111111011111100011110111111110011111011011111011111111011111110000110111101101101111111111111100110110110111110110111111011011011110001111001111101111110110111110111110111110111011101101101101110111110,96.523871205786,88.55744523726689,82.22566907234994,2.823327448019366,94,0.7185892967761341
anti_reasons,11011011101111001101101101111011011111111111110011011110011011011101100110011011011111100110111011011001101110011011000111110011111111011011110110111110011111111101100111110110110011111111111001110111110111111111001111100011110111111110011111011011111011111111011111110000110111101101101111111111111100110110110111110110111111011011011110001111001111111111110110111110111110111110111011101101101101110111110,96.51540009419685,88.3094472258763,81.74469193433966,2.85495618319783,94,0.7186139938944698
anti_reasons,11011011101111001101101101111011011111111111110011011110011011011101100110011011011111100110111011011001101110011011000111110011111111011011110110111110011111111101100111110110110011111111111001110111110111111111011111100011110111111110011111011011111011111111011111110000110111101101101111111111111100110111110111110110111111011011011110001111001111101111110110111110111110111110111011101101101101110111110,96.51144187914385,88.64948922815411,82.2235155367567,2.876203380103302,94,0.7186255338800471
anti_reasons,11011011101111001101101101111011011111111111110011011110011011011101100110011011011111100110111011011001101110011011000111110011111111011011111110111110011111111101100111110110110011111111111001110111110111111111011111100011110111111110011111011011111011111111011111110000110111101101101111111111111100110110110111110110111111011011011110001111001111101111110110111110111110111110111011101101101101110111110,96.48870182185388,88.5084155612492,82.19953059725505,2.8713113582764027,94,0.7186918314231665
anti_reasons,11011011101111001101101101111011011111111111110011011110011011011101100110011011011111100110111011011001101110011011000111110011111111011011110110111111011111111101100111110110110011111111111001110111110111111111001111100011110111111110011111011011111011111111011111110000110111101101101111111111111100110110110111110110111111011011011110001111001111101111110110111110111110111110111011101101101101110111110,96.48582672803971,88.50499066230778,82.14248522268272,2.827415581719679,94,0.7187002136208755
anti_reasons,11011111111011001111001111101111111101111110110111111111111011011111100111111110111001101110111011011011001100110110110001111100111111011111110111111011111001101110111110110111110011111111001100110110110111101100111111111000111110111111100110110110111011110111110110110001110111110111101101101111110110110111111011011011110011011011111011011111110111101101111101101101110111111011110011001111001111000110111,96.48399715016764,84.69999274423185,79.44166297445653,2.731418628084018,94,0.7187055476671498
anti_reasons,11011111111001101111101111111011011100111101111111101111111111101101101111111011111011101101100011110001111000110110111101111100111110110110111111011111011111011001111101101100110011110011011111111111110110110111001111100011110011011110011011111111111011111111011110110001110110110111111100111111111110111011111110011110110111011011111111001100110111101111110110110110011111011011001111111111101101111011111,96.48321485288635,88.33325341361076,82.23226847780684,3.4135061397567568,94,0.718707828417241
anti_reasons,11011011101111001101101101111011011111111111110011011110011011011101100110011011011111100110111011011001101110011011000111110011111111011011110110111110011111111101100111110110110011111111111001110111110111111111001111100011110111111110011111011011111011111111011111110000110111101101101111111111111100110111110111110110111111011011011110001111001111101111110110111110111110111110111011101101101101110111110,96.47339740139756,88.59703465319501,82.14033168708947,2.880006827396657,94,0.7187364507247884
anti_reasons,11011101101111001101101101111111011101111111111111011101100110011111100110011011001111101110011011011001101100011110001101110111011110011111111111111110011111111111101101100111111110111110001101110111110111111111001101100111110111111110111111110110111011111111011110011000110110110110110111111110110110011011011011011110110111011110110110110001100111101111101101101100110110110110111011101101101100111110011,96.4527080024887,84.21376433122785,77.39604734765462,4.391001207866579,94,0.7187967696720445
anti_reasons,11011011101111001101101101111011011111111111110011011110011011011101100110011011011111100110111011011001101110011011000111110011111111011011111110111110011111111101100111110110110011111111111001110111110111111111001111100011110111111110011111011011111011111111011111110000110111101101101111111111111100110110110111110110111111011011011110001111001111101111110110111110111110111110111011101101101101110111110,96.4506573441076,88.45596098629008,82.11634674758783,2.874924705586803,94,0.7188027482679078
anti_reasons,11011011101111001101101101111011011111111111110011011110011011011101100110011011011111100110111011011001101110011011000111110011111111011011110110111110011111111101100111110110110011111111111101110111110111111111001111100011110111111110011111011011111011111111011111110000110111101101101111111111111100110110110111110110111111011011011110001111001111101111110110111110111110111110111011101101101101110111110,96.44402400046137,88.53353051364068,81.80514953571212,2.909192329164069,94,0.7188220874622118
anti_reasons,11011111111011011011001101111011011101111111111111111110011110011111100111111011111111101110111011011001101100011110111101111110111011110011111111111110011111111101101101100111100011111110011001101101111111110011001111100011110110111100011011011110011011111011011011000111111110110110110111111111101100110111110110110110110111111011111111011001100111101111111100111101100111111011111011101111101100111011111,96.43439383656946,87.08703176881792,79.89898411532847,3.908226935284784,94,0.71885016374178
anti_reasons,11011011101111001101101101111011011111111111110011011110011011011101100110011011011111100110111011011001101110011011000111110011111111011011110110111110011111111101100111110110110011111111111001110111110111111111001111100011110111111110011111011011111011111111011111110000110111101101101111111111111100110110110111110110111111011011011110001111001111101111110110111110111110111110111011101101101101110110111,96.4323934161408,88.23043325262056,81.52483904333486,2.9613589851479754,94,0.7188559958713097
anti_reasons,11011011101111001101101101111011011111111111110011011110011011011101100110011011011111100110111011011001101110011011000111110011111111011011110110111110011111111101100111110110110011111111111001110111110111111111011111100011111111111110011111011011111011111111011111110000110111101101101111111111111100110110110111110110111111011011011110001111001111101111110110111110111110111110111011101101101101110111110,96.41280809896763,88.23626561113784,81.468256890241,2.97010545797565,94,0.7189130959213772
anti_reasons,11011011101111001101101101111011011111111111110011011110011011111101100110011011011111100110111011011001101110011011000111110011111111011011110110111110011111111101100111110110110011111111111001110111110111111111001111100011110111111110011111011011111011111111011111110000110111101101101111111111111100110110110111110110111111011011011110001111001111101111110110111110111110111110111011101101101101110110110,96.41144559563467,87.85303355547255,80.85275618749887,3.032638706151129,94,0.7189170682343012
anti_reasons,11011011101111001101101101111011011111111111110011011110011011011101100110011011011111100110111011011001101110011011000111110011111111011011110110111110011111111101100111110110110011111111111001110111110111111111001111100011110111111110011111011011111011111111011111110000110111101101111111111111111100110110110111110110111111011011011110001111001111101111110110111110111110111110111011101101101101110111110,96.40981369014985,88.53359864351877,82.05351709555389,2.96734142905618,94,0.7189218259762395
anti_reasons,11011111101111001101101101111011011111111111110011011110011011011101100110011011011111100110111011011001101110011011000111110011111111011011110110111110011111111101100111110110110011111111111001110111110111111111001111100011110111111110011111011011111011111111011111110000110111101101101111111111111100110110110111110110111111011011011110001111001111101111110110111110111110111110111011101101101101110111110,96.37876974889404,88.24652098383766,82.0095880265078,2.8445865735435976,94,0.7190123330936034
anti_reasons,11011011101111001101101101111011011111111111110011011110011011011101100110011011011111100110111011011001101110011011000111110011111111011011110110111110011111111101100111110110110011111111111001110111110111111111001111100011111111111110011111011011111011111111011111110000110111101101101111111111111100110110110111110110111111011011011110001111001111101111110110111110111110111110111011101101101101110111110,96.37476362122135,88.18381103617874,81.38507304057377,2.9756698439242038,94,0.7190240127661185
anti_reasons,11011111101101101101111111111011011111001111111100001101111111111001111001111110111011101101100110110111011000110111111101100110111110110011111111111011011001111001110111100111110011110111011111111111110111100111011011100110110111001110111111111011111011111111011110011101110110110111110110110111111110111011111111111110110111011011111111011100110110111111110111110110011110110110011011111111011011000110011,96.36692960620103,84.71264890418266,79.94831473375638,3.052939930389805,94,0.7190468524600553
anti_reasons,11011011101111001101101101111011011111111111110011011110011011011101100110011011011111100110111011011001101110011011000111110011111111011011110110111110011111111101100111110110110011111111111001110111110111111111001111100011110111111110011111011011111011111111011111110000110111101101101111111111111100110110110111110110111111011011011110001111001111111111110110111110111110111110111011101101101101110110110,96.36608674325177,88.00832562271037,81.195096770623,2.864702147224329,94,0.719049309786438
anti_reasons,11011111101111011011001111011011011100111111110001111100011111111111100111111011001111101110111011011001101100011110111100111110110110110011111111111110011011111101101101100111100011111110110001101111111111110011001111100011110110011100011111011111111111111011011011001100111110110111111101111111111101100110011110110110110111111111110111011000110110111110111100111100011110110110111011111101101100111011111,96.34024498530434,86.11148017903159,78.97789136740921,3.5818013096485024,94,0.719124650188617
anti_reasons,11011011101111001101101101111011011111111111110011011110011011011101100110011011011111100110111011011001101110011011000111110011111111011011110110111111011111111101100111110110110011111111111001110111110111111111001111100011110111111110011111011011111011111111011111110000110111101101101111111111111100110110110111110110111111011011011110001111001111101111110110111110111110111110111011101101101101110110110,96.33651337709463,88.20386905914187,81.626535142948,2.8407155595057687,94,0.7191355295128437
anti_reasons,11011011101111001101101101111011011111111111110011011110011011011101100110011011011111100110111011011001101110011011000111110011111111011011110110111110011111111101100111110110110011111111111001110111110111111111001111100011110111111110011111011011111011111111011111110000110111101101101111111111111100110111110111110110111111011011011110001111001111101111110110111110111110111110111011101101101101110110110,96.32408405045248,88.29591305002909,81.60314217288006,2.8902412968249918,94,0.7191717666167565
anti_reasons,11011111101111001111101111111111111111111101111111011110011011011101100110111110110011111000111011011011001100110110111101101100111110110011011111111011011001111001101101100111110011111111001111111111110110111100111111100111011011111110111011011011111011011111110110110001111101101101101101110111111101100011111111011110111111111011111111110001110110111111110111111100110110011011001111101111101111000011111,96.30321295431662,85.69685427810286,80.88289710738039,3.300521113809159,94,0.7192326152935375
anti_reasons,11011011101111001101101101111011011111111111110011011110011011011101100110011011011111100110111011011001101110011011000111110011111111011011111110111110011111111101100111110110110011111111111001110111110111111111001111100011110111111110011111011011111011111111011111110000110111101101101111111111111100110110110111110110111111011011011110001111001111101111110110111110111110111110111011101101101101110110110,96.30134399316252,88.15483938312417,81.53075308763013,2.888495835191064,94,0.719238064159876
anti_reasons,11011011101111001101101101111011011111111111110011011110011011011101100110011011011111100110111011011001101110011011000111110011111111011011110110111110011111111101100111110110110011111111111101110111110111111111001111100011110111111110011111011011111011111111011111110000110111101101101111111111111100110110110111110110111111011011011110001111001111101111110110111110111110111110111011101101101101110110110,96.29471064951629,88.23240891047476,81.24476917152728,2.9187920605367372,94,0.7192574033541799
anti_reasons,11011011101111001101101101111011011111111111110011011110011011011101100110011011011111100110111011011001101110011011000111110011111111011011110110111110011111111101110111110110110011111111111001110111110111111111011111100011110111111110011111011011111011111111011111110000110111101101101111111111111100110110110111110110111111011011011110001111001111101111110110111110111110111110111011101101101101110111110,96.29042476367236,88.29594928860398,81.68934679886138,2.8369508772558283,94,0.7192698986481856
anti_reasons,11011011101111001101101101111011011111111111110011011110011011011101100110011011011111100110111011011001101110011011000111110011111111011011110110111110011111111101100111110110110011111111111001110111110111111111001111100011110111111110011111011011111011111111011111110000110111101101111111111111111100110110110111110110111111011011011110001111001111101111110110111110111110111110111011101101101101110110110,96.26050033920477,88.23247704035283,81.41924570425924,2.976343046242766,94,0.7193571418682077
anti_reasons,11011111101111001111101111111011111100111101111111001110111111101111101100111110111011111001100110110111011000110110111101110110111110011110111111011011011001111001100111100110110011111011011111111111110110110111111111100011011011011110111111111111111011011111110110110001110110110111111101101101111110111011111110011110111111011011110110011100110111101110111100110110011110011011001111111101101100011011111,96.2592441208646,85.92225259289424,78.53421105394982,4.368318977585953,94,0.7193608043123481
anti_reasons,11011011101111001101101101111011111111111111110011011110011011011101100110011011011111100110111011011001101110011011000111110011111111011011110110111110011111111101100111110110110011111111111001110111110111111111001111100011110111111110011111011011111011111111011111110000110111101101101111111111111100110110110111110110111111011011011110001111001111101111110110111110111110111110111011101101101101110111110,96.25422617841605,88.24062865287718,81.43748723682526,2.928574909054313,94,0.719375433882169
anti_reasons,11011011101111001101101101111011011111111111110011011110011011011101100110011011011111100110111011011001101110011011000111110011111111011011110110111110011111111101110111110110110011111111111001110111110111111111001111100011110111111110011111011011111011111111011111110000110111101101101111111111111100110110110111110110111111011011011110001111001111101111110110111110111110111110111011101101101101110111110,96.25238028592608,88.24349471364486,81.60616294919416,2.841505432942488,94,0.7193808154929269
anti_reasons,11011111101111001101101101111011011111111111110011011110011011011101100110011011011111100110111011011001101110011011000111110011111111011011110110111110011111111101100111110110110011111111111001110111110111111111001111100011110111111110011111011011111011111111011111110000110111101101101111111111111100110110110111110110111111011011011110001111001111101111110110111110111110111110111011101101101101110110110,96.22945639794897,87.94539938067174,81.53559546276472,2.8559656707058,94,0.7194476489855715
anti_reasons,11011011101111001101101101111011011111111111110011011110011011011101100110011011011111100110111011011001101110011011000111110011111111011011110110111110011111111101100111110110110011111111111001110111110111111111001111100011111111111110011111011011111011111111011111110000110111101101101111111111111100110110110111110110111111011011011110001111001111101111110110111110111110111110111011101101101101110110110,96.22545027027627,87.88268943301281,80.87182361621956,2.983409606948286,94,0.7194593286580867
anti_reasons,11011011111011001111011011101111111011001111111110011100011110011111100111110011001111111110011011011001100011011111000111110111111011110011111110111110111111100111101111100111111100111110001101101111110111110011111011111000111111110000111011011111111011011011110011110000111110110110110111111110110110110011110111011011111011111011011111001100110111100111111100111100011111111110001111101101101100110011111,96.22288853217195,85.5362960718596,77.47587597117138,3.8808526514125945,94,0.7194667972822975
anti_reasons,11011011101111001101101101111011011111111111110011011110011011011101100110011011011111100110111011011001101110011011000111110011111111011011110110111110011111111111100111110110110011111111111001110111110111111111001111100011110111111110011111011011111011111111011111110000110111101101101111111111111100110110110111110110111111011011011110001111001111101111110110111110111110111110111011101101101101110111110,96.21723708631687,88.20083331902232,81.57285013521454,2.8340277836846774,94,0.7194832738008254
anti_reasons,11011011101111001101101101111011011111111111110011011110011011011101100110011011011111100110111011011001101110011011000111110011111111011011110110111110011111111101100111110110110011111111111001110111110111111111001111100011110111111110011111011011111011111111011111110000110111101101101111111111111100110110110111110110111111011011011110001111001111101111110110111110111110111110111111101101101101110111110,96.21684775000998,88.19696990823601,81.6735413262669,2.929895072299396,94,0.7194844088920992
anti_reasons,11011011101111001101101101111011011111111111110011011110011011011101100110011011011111100110111011011001101110011011000111110011111111011011110110111110011111111101100111110110110011111111111001110111110111111111011111100011110111111110011111011011111011111111011111110000110111101101101111111111111100110110110111110110111111011011011110001111001111101111110110111110111110111111111011101101101101110111110,96.2157020029991,88.22156245357785,81.69267117235448,2.906532079481132,94,0.7194877492623932
anti_reasons,01101111111011011011001111111111011101111111111111111100110110011111101101111011001111111110011011011001100111011011000111110011111111011111111111111011111111111101101111100111110110111111001101100111110111111110111111111000111111111100111011011110111011011011011110011100110110110110110111111111101101110011110110111011111011011110111110110011000111101101111100111100110111111110011011101111001111100110111,96.21241026483754,86.35481823099445,78.86262853386555,4.185104624481401,94,0.7194973461666544
anti_reasons,11011011101111001101101101111011011111111111110011011110011011011101100110011011011111100110111011011001101110011011000111110011111111011011110110111110011111111101100111110110110011111111111001110111110111111111001111100011110111111110011111011011111011111111011111110000110111101101101111111111111100110110110111110110111111011011011110001111001111101111110110111110111110111111111011101101101101110111110,96.17765752525281,88.16910787861873,81.6167896940143,2.911599933577495,94,0.7195986661071346
anti_reasons,11011011101111001101101101111011011111111111110011011110011011011101100110011011011111100110111011011001101110011011000111110011111111011011110110111110011111111101100111110110110011111111111001110111110111111111011111100011110111111110011111011011111011111111011111111000110111101101101111111111111100110110110111110110111111011011011110001111001111101111110110111110111110111110111011101101101101110111110,96.17570786113144,88.00728289818764,81.41623351800995,2.9289532535807226,94,0.7196043502590921
anti_reasons,11011011101111001101101101111011011111111111110011011110011011011101100110011011011111100110111011011001101110011011000111110011111111011011110110111110011111111101100111110110110011111111111001110111110111111111011111100011110111111110011111011011111011111111011111110000110111101101101111111111111100110110110111110110111111011011011110001111001111101111110110111110111110111110111011101101101101111111110,96.14809574950986,88.06817244758666,81.39311037827142,2.9130882009801797,94,0.7196848520422453
anti_reasons,11011011101111001101101101111011011111111111110011011110011011011101100110011011011111100110111011011001101110011011000111110011111111011011110110111110011111111101100111110110110011111111111001110111110111111111001111100011110111111110011111011011111011111111011111111000110111101101101111111111111100110110110111110110111111011011011110001111001111101111110110111110111110111110111011101101101101110111110,96.13766338338516,87.95482832322851,81.33304966834272,2.9332883423772595,94,0.7197152671038334
anti_reasons,11011011101111001101101101111011011111111111110011011110011011011101100110011011011111100110111011011001101110011011000111110011111111011011110110111110011111111101100111110110110011111111111001110111110111111111001111100011110111111110111111011011111011111111011111110000110111101101101111111111111100110110110111110110111111011011011110001111001111101111110110111110111110111110111011101101101101110111110,96.13638892161346,87.98863876214592,81.3776951919609,2.9126805850531103,94,0.7197189827358208
anti_reasons,11011011101111001101101101111011011111111111110011011110111011011101100110011011011111100110111011011001101110011011000111110011111111011011110110111110011111111101100111110110110011111111111001110111110111111111001111100011110111111110011111011011111011111111011111110000110111101101101111111111111100110110110111110110111111011011011110001111001111101111110110111110111110111110111011101101101101110111110,96.13435499695535,88.00600880158274,81.33900650636225,2.930425258789334,94,0.7197249125453197
anti_reasons,11011111101101101111101111111111111111110111110001111110011011011111111110111110110011101100111011011001111000110110111101101100111011110011111111111011110110011001101101100110110011011011001111110111110110110110111111100111011011110000111111011110111011011111110110110001111101101101111100111101111101100110111111111110110111111011111111110001110110111111111101111100011110111011001111101111101100110011111,96.11165186833851,85.30920840274031,79.21821313349356,4.129453019965188,94,0.719791102424669
anti_reasons,11011011101111001101101101111011011111111111110011011110011011011101100110011011011111100110111011011001101110011011000111110011111111011011110110111110011111111101100111110110110011111111111001110111110111111111001111100011110111111110011111011011111011111111011111110000110111101101101111111111111100110110110111110110111111011011011110001111001111101111110110111110111110111110111011101101101101111111110,96.11005127176358,88.01571787262758,81.3099265286042,2.9176455530006677,94,0.7197957688869867
anti_reasons,11011011101111001101101101111011111111111111110011011110011011011101100110011011011111100110111011011001101110011011000111110011111111011011110110111110011111111101100111110110110011111111111001110111110111111111001111100011110111111110011111011011111011111111011111110000110111101101101111111111111100110110110111110110111111011011011110001111001111101111110110111110111110111110111011101101101101110110110,96.10491282747097,87.93950704971127,80.91305740565191,2.936770902325526,94,0.7198107497741371
anti_reasons,11011011101111001101101101111011011111111111110011011110011011011101100110011011011111100110111011011001101110011011000111110011111111011011110110111110011111111101110111110110110011111111111001110111110111111111001111100011110111111110011111011011111011111111011111110000110111101101101111111111111100110110110111110110111111011011011110001111001111101111110110111110111110111110111011101101101101110110110,96.103066934981,87.94237311047893,81.31195233206626,2.852729195166711,94,0.719816131384895
anti_reasons,11011011101111001101101101111011011111111111110011011110011011011101100110011011011111100110111011011001101110011011000111110011111111011011110110111110011111111111100111110110110011111111111001110111110111111111001111100011110111111110011111011011111011111111011111110000110111101101101111111111111100110110110111110110111111011011011110001111001111101111110110111110111110111110111011101101101101110110110,96.06792373537179,87.89971171585641,81.30113823920541,2.8449026962533974,94,0.7199185896927935
anti_reasons,11011011101111001101101101111011011111111111110011011110011011011101100110011011011111100110111011011001101110011011000111110011111111011011110110111110011111111101100111110110110011111111111001110111110111111111001111100011110111111110011111011011111011111111011111110000110111101101101111111111111100110110110111110110111111011011011110001111001111101111110110111110111110111110111111101101101101110110110,96.0675343990649,87.89584830507009,80.96181534639996,2.931906155272287,94,0.7199197247840674
anti_reasons,11001111101111001101111101111011101101111111110011000110011001111111100111111011001111111110011011011001100011011111000111110111111110110011111111111111111111111110111110111101111100111111011001111100111101111110110011101100110111111110111111011110011011011111110110110000111111110110110111111111111101110111110011011011111011111011111111001101111101101101111101101101100110110011111011101111011111100110011,96.06133953260122,86.0680475388533,79.36466419906273,3.748512132668199,94,0.7199377856192384
anti_reasons,11011011101111001101101101111011011111111111110011011110011011011101100110011011011111100110111011011001101110011011000111110011111111011011110110111110011111111101100111110110110011111111111001110111110111111111001111100011110111111110011111011011111011111111011111110000110111101101101111111111111100110110110111110110111111011011011110001111001111101111110110111110111110111111111011101101101101110110110,96.02834417430773,87.86798627545281,80.90506371414736,2.9154861247123827,94,0.7200339819991028
anti_reasons,11011011101111001101101101111011011111111111110011011110011011111101100110011011011111100110111011011001101110011011000111110011111111011011110110111110011111111101100111110110110011111111111001110111110111111111001111100011110111111110011111011011111011111111011111110000110111101101101111111111111100110110110111110110111111011011011110001111001111101111110110111110111110111110111011101101101101100110110,96.0195235593947,87.3831302764008,80.34585760616922,3.004907632676277,94,0.7200596980775664
anti_reasons,11011011101111001101101101111011011111111111110011011110011011011101100110011011011111100110111011011001101110011011000111110011111111011011110110111110011111111101100111110110110011111111111001110111110111111111001111100011110111111110011111011011111011111111011111111000110111101101101111111111111100110110110111110110111111011011011110001111001111101111110110111110111110111110111011101101101101110110110,95.98835003244008,87.65370672006259,80.78552693556051,2.9416010253371168,94,0.7201505829958015
anti_reasons,11011011101111001101101101111011011111111111110011011110011011011101100110011011011111100110111011011001101110011011000111110011111111011011110110111110011111111101100111110110110011111111111001110111110111111111001111100011110111111110111111011011111011111111011111110000110111101101101111111111111100110110110111110110111111011011011110001111001111101111110110111110111110111110111011101101101101110110110,95.98707557066838,87.68751715897999,80.88937626887487,2.921340357010524,94,0.7201542986277889
anti_reasons,11011011101111001101101101111011011111111111110011011110111011011101100110011011011111100110111011011001101110011011000111110011111111011011110110111110011111111101100111110110110011111111111001110111110111111111001111100011110111111110011111011011111011111111011111110000110111101101101111111111111100110110110111110110111111011011011110001111001111101111110110111110111110111110111011101101101101110110110,95.98504164601027,87.7048871984168,80.82514956243547,2.9391861254522325,94,0.7201602284372879
anti_reasons,11011011101111001101101101111011011111111111110011011110011011011101100110011011011111100110111011011001101110011011000111110011111111011011110110111110011111111101100111110110110011111111111001110111110111111111001111100011110111111110011111011011111011111111011111110000110111101101101111111111111100110110110111110110111111011011011110001111001111111111110110111110111110111110111011101101101101100110110,95.9741647070118,87.53842234363863,80.68819818929335,2.839118512008117,94,0.7201919396297032
anti_reasons,11011011101111001101101101111011011111111111110011011110011011011101100110011011011111100110111011011001101110011011000111110011111111011011110110111110011111111101100111110110110011111111111001110111110111111111011111100011110111111110011111011011111011111111011111110000110111101101101111111111111100110110110111110110111111011011011110001111001111101111110110111110111110111110111011101101101101110110110,95.97063022765376,87.6708268891031,80.84183041405436,2.9328422038669557,94,0.7202022442342456
anti_reasons,11011111111011001111011111101111111101111110110111111111111011011111100111110110001111001110111011011110011000110111110001111100111111011111110111111011111001101110111110110111110011111111001100110110110111101100111111111000111110110001100110110011111011110111110110110000110111110111100111101111110110111111111011011011110011011011111011011111110111101101111101101100011111111110110011001111011011000110111,95.96832616297351,84.02164391664773,77.93203386800481,2.8826562358480863,94,0.720208961623984
anti_reasons,11011111101111001101101111101111111100111111110001101111111111111101100111111110111001111001100011011001101100011110111101111100110111110110111111011011111001100111110111100110110011111111011111110111110111111111001111100111110110011111100111111110111110110111110110110001111100111101111101111111111100110110011111110011111011111111111111011100110111101111110110110110011110111110110011111111001101100110110,95.96484350570967,87.39348431623293,80.39047487925046,3.466151525957002,94,0.7202191151437036
anti_reasons,11011011101111001101101101111011011111111111110011011110011011011101100110011011011111100110111011011001101110011011000111110011111111011011110110111110011111111101100111110110110011111111111001110111110111111111001111100011110111111110011111011011111011111111011111110000110111101101101111111111111100110110110111110110111111011011011110001111001111101111110110111110111110111110111011101101101101111110110,95.9607379208185,87.71459626946164,81.14163631482668,2.9165913457889765,94,0.7202310847789548
anti_reasons,11011011101111001101101101111011011111111111110011011110011011011101100110011011011111100110111011011001101110011011000111110011111111011011110110111111011111111101100111110110110011111111111001110111110111111111001111100011110111111110011111011011111011111111011111110000110111101101101111111111111100110110110111110110111111011011011110001111001111101111110110111110111110111110111011101101101101100110110,95.94459134085466,87.73396578007011,81.11963656161835,2.8171235062194406,94,0.720278159356109
anti_reasons,11011011101111001101101101111011011111111111110011011110011011011101100110011011011111100110111011011001101110011011000111110011111111011011110110111110011111111101100111110110110011111111111001110111110111111111001111100011110111111110011111011011111011111111011111110000110111101101101111111111111100110111110111110110111111011011011110001111001111101111110110111110111110111110111011101101101101100110110,95.93216201421251,87.82600977095733,81.0962435915504,2.8652903702163393,94,0.7203143964600218
anti_reasons,11011011101111001101101101111011011111111111110011011110011011011101100110011011011111100110111011011001101110011011000111110011111111011011111110111110011111111101100111110110110011111111111001110111110111111111001111100011110111111110011111011011111011111111011111110000110111101101101111111111111100110110110111110110111111011011011110001111001111101111110110111110111110111110111011101101101101100110110,95.90942195692254,87.68493610405241,81.02385450630048,2.8639587365325414,94,0.7203806940031412
anti_reasons,11011011101111001101101101111011011111111111110011011110011011011101100110011011011111100110111011011001101110011011000111110011111111011011110110111110011111111101100111110110110011111111111001110111110111111111001111100011110111111110011111011011111011111111011111110000110111101101111111111111111100110110110111110110111111011011011110001111001111101111110110111110111110111110111011101101101101100110110,95.86857830296479,87.76257376128108,80.91234712292959,2.9504212625329695,94,0.720499771711473
anti_reasons,11011101101111001101111101111111011101101111111111011100110110011111101100011011001111111110011011011001101100011111000111110111011111011111111110111110011111111111101101100111111110111110011001110111110111111111001101100111110111011110111111110110111011111111011110110000110110110110110111111110110110011011011011011110111111011110011110110011001101101111101101101100011110111110111011101101111100111110011,95.86585143272102,84.96230886065909,77.62767914921419,4.6073013594632615,94,0.7205077217704927
anti_reasons,11011111111011011001101101111011011101111111111111111110011110011101100111111011111101101110111011011001101100011110111101111110111011110011111111111110011111111101101101100111100011111110011001101101111111110011001111100011110110111100110011011110011011111011011011000111111110110110111101111111101100110111110110110110110111111011111111011001100111101111110110111101100111111011111011101111101100111110011,95.85242940709537,85.71815795607128,78.55334060905898,3.657042933837618,94,0.7205468530405383
anti_reasons,11011111101111001101101101111011011111111111110011011110011011011101100110011011011111100110111011011001101110011011000111110011111111011011110110111110011111111101100111110110110011111111111001110111110111111111001111100011110111111110011111011011111011111111011111110000110111101101101111111111111100110110110111110110111111011011011110001111001111101111110110111110111110111110111011101101101101100110110,95.83753436170899,87.47549610159999,81.02869688143507,2.8324561121607874,94,0.7205902788288367
anti_reasons,11011011101111001101111101111011101101111111110011000110011001111111101101111011001111101110011011011001100011011111011101110111110110110011111110111111111111111111101111101101111100111111011001111101111101111110110011101100110111111110111111011110011011011111110110110000111111110110110111111111111101110011011011011011110011111011011111001101111101101101111101101100110110110110111011101101111111100110011,95.71687159132122,85.17193117135037,76.91252472236987,4.298189998750306,94,0.720942065331425
anti_reasons,11011011101111001101101101111011111111111111110011011110011011011101100110011011011111100110111011011001101110011011000111110011111111011011110110111110011111111101100111110110110011111111111001110111110111111111001111100011110111111110011111011011111011111111011111110000110111101101101111111111111100110110110111110110111111011011011110001111001111101111110110111110111110111110111011101101101101100110110,95.712990791231,87.46960377063951,80.40615882432226,2.912696918673114,94,0.7209533796174024
anti_reasons,11011011101111001101101101111011011111111111110011011110011011011101100110011011011111100110111011011001101110011011000111110011111111011011110110111110011111111101110111110110110011111111111001110111110111111111001111100011110111111110011111011011111011111111011111110000110111101101101111111111111100110110110111110110111111011011011110001111001111101111110110111110111110111110111011101101101101100110110,95.71114489874103,87.4724698314072,80.8050537507366,2.829130780156113,94,0.7209587612281603
anti_reasons,11011011101111001101101101111011011111111111110011011110011011011101100110011011011111100110111011011001101110011011000111110011111111011011110110111110011111111101100111110110110011111111111001110111110111111111001111100011110111111110011111011011111011111111011111110000110111101101101111111111111100110110110111110110111111011011011110001111001111101111110110111110111110111111111011101101101101100110110,95.63642213806776,87.39808299638106,80.39816513281771,2.8873157201936377,94,0.721176611842368
anti_reasons,11011111111011011011001101111011011101111101111111111110011110011111100111111011111111101110111011011001101100011110111101111110111011110011111111111110011111111100111101100111100011111110011001101101111111110011001111100011110011111100011011011110011011111011011011000111111110110110111101111111101100110111110110110110110111111011111111011001100111101111111100111101100111111011111011101111101100111110111,95.62965499080174,86.63909580081756,79.76592601173529,3.4932429632626203,94,0.7211963411346888
anti_reasons,11011011101111001101101101111011011111111111110011011110011011011101100110011011011111100110111011011001101110011011000111110011111111011011110110111110011111111101100111110110110011111111111001110111110111111111001111100011110111111110011111011011111011111111011111111000110111101101101111111111111100110110110111110110111111011011011110001111001111101111110110111110111110111110111011101101101101100110110,95.5964279962001,87.18380344099086,80.27862835423086,2.915677238436587,94,0.7212932128390668
anti_reasons,11011101101101101101111111111011011111001111111111011110110111111011101111111110111011111001100110110001101100011111000111110111111011011111111111111011011111111001101101100111100011110011011111110111110111111111011001100110110111110000111111111110111011011111011110110001110111110111110111110111111110110011110111111011111011011011111110011101110111101111111100111100011110111011011011111111011000110110110,95.5451402008766,87.4929545437144,83.01069596437665,2.5215777386736553,94,0.7214427399391352
anti_reasons,11011111111011011011001101111011011101111111111111111110011110011111100111111011111111101110111011011001101100011110110001111110111011110011111111111110011111111101101100110111100011111110011001101100111111110011001111100011110110111100011011011110011011111011011011000111111110110110111101111111101100110111110011110110110111111011111111011001100111101111111100111101100111111011111011101111101100111110111,95.54328512872893,87.06652528190664,80.28327677487778,3.349586734473995,94,0.7214481483127437
anti_reasons,11011111111011001111101111111111111111111101111111111110011011011101100110111110011011111000111011011001101100011110000111101100110110110011110111111011011001111001101101100111110011111111001111111111110110111110111111101100011011111110111011011011111011011111110110011001111101101101101101111101111101100110011111011110111111111011111111110001110110110111110111111100110111011011001111101111101111000110111,95.53434016796979,83.98387138361855,78.65402984011523,3.3516393028684024,94,0.72147422691554
anti_reasons,11011101101101101111111111101111111101111111110001111110110111111011111001111110111011011001100110110001101100011111110001110111110111011111111111111011111110011001101110110111110011110111011111110110110111111111011101101100110110111111100111111110111011011111110011110001110111110110110111110111111110011011011011111011111011011011111110011111110111100111111100111100110110111011001111101111111011000110111,95.52042477631332,87.16860742709072,80.80873226130728,2.7472279955758308,94,0.7215147965705151
anti_reasons,11011111111011011011101101111011101101111111111111101101111111111111000111111110111011001110110011011111001100110110110000111111111011110011111111111110111111111001111111100111111110111111011001111111110111101100110011101100110110110000110110110111111011011011110110110001110110110111111101101101111100110011111011011110110111011011111111011100110110110111110111110110011111111011001101111111101111110011111,95.51548308970925,87.2681316335904,81.77161607832132,2.3099290836617032,94,0.7215292038200897
anti_reasons,11011111101101101101111111101101111101101111110001111001111111011111011111110110001111001110111011011110011000110111111100110111111111011111011111111011111011111001111110110111110011011111001111110110110110110111111111111000111111011111100111110110111110111111011110110001100110110111100110111101101101100110111110111110110111011111111110011100110110110111110111110110011110111110110011101111011011000110110,95.49557459725176,84.4693879493736,77.4170994392819,4.010012904985787,94,0.7215872460721523
anti_reasons,11011111111011011011101101111011101101111111111111111001111111111111000111111011111011001110110011011111011000110110110000111111111011011011111111111110111111111001111111100111111110111111011001111111110111101100110011101100110110110000110110110111111011011011110110110001110110110111111101101101111100111011111011011110110111011011111110001100110110110111110111110110011111111011001101111111101111110011111,95.48159977240068,87.76939054748902,82.91908999463172,2.146340651295512,94,0.7216279890017473
anti_reasons,11011111101111011011101111111011111101111111111111011110011111101111111101111011011011111001100110011111001110110110110001111111111111110011110111111110011111100110111101100110110011111011011111111111110110110111001111100011110111000110011011111011111011011111110110110001110110110111100111101101110111100110111011111110111111011011111111001111000111101111111100111100110110111011001111101111101100110110111,95.46806752206308,88.08515940407656,83.0029236768394,2.8915339836828564,94,0.7216674416266382
anti_reasons,11011111111011001101111111101111111111111111110111111001111110011101100111111110110011001100111011011001101100011111111001110011111111011011011111111011011111111001111101100111110011111111001111110111110111111111001111100111110110110001100110110110111110110111110110110001111100111101101101111101100111100110110111110110110111111111111110011100110111101111110110110110110111111110011001101111011011000110110,95.43269928153235,86.46487478626112,81.23985967485334,3.1237934995937593,94,0.7217705560305179
anti_reasons,11001111101111001101101101111011011111111111110011001100011011011111100110011011001111100110111011011001100011011011000111110011111111110011110111111110011111111101101101100111110011111111001101110111110111110011001111100011110110111110011111011110111011111111011011110000110111101101100111111111111101110011110111110110111111011011111111001111000111101111111100110110110110111110111011101111001111000110110,95.4108417905618,85.91486791939234,78.72379324979433,3.10391195451309,94,0.7218342804939889
anti_reasons,11011111101101101101101111111011111101111111110111011111111111111011011000111110111011011001100110011111011000110110110000110111111011011111111111111011011111101110111101100111110011110111011111110111110111100111001111101100011110110000110111111110111110110111110011110001110111110110110111101111110110111011111011111011111011011111111110011101110110110111110111111100011110111110110011101111001111000110110,95.39107956574252,84.00762067266407,75.3813475953511,3.9869831482337696,94,0.7218918963097886
anti_reasons,11011011111011011001101101111011011111001111111110011110011011011111100111111011111111111110011011011001100011011011000111110011111011011111111111111011011111111100111101100111111100111110001101101101111111111110011011100110110110000110011011011110011011111011011011000111111110110110110111111111111101110111110111110110111111111110110110011001100111101110111100111101100111111110011011101101101100111011011,95.3527369842892,84.0836660844197,74.3550990179215,4.567202486858041,94,0.7220036822615475
anti_reasons,11001111111011011011101111111011111111111111111111101110011111111111100111111110011011111001100110011001100110110110111100110011111111110011110111111011011111111001101100110110110011111011011111111110110110111111001111100011110110000110011011111011111011011111110011110001110110111101101101111101111101100110111111110110111111011011111111011011000110111111111100110110110111111011001111101111101100110110111,95.25932267193329,86.36660733567585,80.45561497268443,3.537488543111062,94,0.7222760271955297
anti_reasons,11011011101111001101111101111011101101111111110011000110011001111101100111111011001111111110110011011001100011011111000111110111111110011011111111111111111111100111101111101101111100111111011001111101111101111110110011101100110111111110111111011110011011011111110110110000111111110110110111111111111101110111110011011011111011111011111110001101111101100111110110111101100110110110111011101111011111100011011,95.17673780488414,86.077570091174,79.61703197759572,3.6293024986808464,94,0.7225167994026702
anti_reasons,11011011011011011011001111111001111011001111111110011101100111111111101101110011001111111110011011011001100011011011000111111111011111011111111111111011111111100110111111100111110110111110011011001111110111111110110011011000111111110001100110011111111011111011011110110000110110110111110111111111110110011011011111011110111111011011111110001100110111101100111100111100011111111011001101111101101100111011111,95.15831620948676,83.96038320347004,75.5571059875001,4.297949123265857,94,0.7225705066778811
anti_reasons,11011111101111001101111111101111111100111101110001101111111111111111100110111110111011001101100011011001101100011111111101111100111111110011111111011011111001100111110111100111110011111111011111110111110111111111001111101100011011011111100111111110111110110111110110110001111100111101111101111111111100110110110111110011110011111111111111011100110111100111111100110110011110111110011011111111011011000110110,95.11732579754711,86.58615293671886,79.36477477394119,3.658515737186692,94,0.7226900122520492
anti_reasons,11011111111011011011101101111011101101111111111111111001111111111111000111111110111011001110110011011011011000011110110000111111110011110011111111111110111111111001111111100111111110111111001101111111110111101100110011101100110110110000110110110111111011011011110110110001110110110111111101101101111100111011011011011110110111011011111111011100110110110111110111110110011111111011001101111111101111110011111,95.1168656026321,87.34084547060439,82.17862845491707,2.251256032339144,94,0.7226913539281863
anti_reasons,11011111111011011001111011111011111111001111111111101101111111111011011101111110111001111001100110011111011000011111000110111111111011011111111011111011111111101111111110110110110011111111011111101110110111110111011011101100110110111000110110111111111011011011110110011001110110110110111100111111111100111111110111111110111111011011011110011100110110110111110111110111110111111011011001101101101101110011011,95.09043421854228,84.49992040496693,77.58616447850486,3.049446169683633,94,0.7227684133570196
anti_reasons,11011111101111001101111111011011111001111111100111011111111110011111100111111110111011011110111011011001101100011111000110110111111111011111011111111011111111101110111111100111110011111111011001111101110111111111110011101100110110111111100111110110110110110111110110110001110110110111101101111110111100110011110011011011111011011111111011011100110110110111111101111100110110111110110011101111011011000110110,95.0283008024375,85.33635582585426,77.84925145907103,4.406540469958115,94,0.7229495603427478
anti_reasons,11011111101101101111101111101111111111110111110001111110011111101111100111100110110011101100111110011011001100011110111101111100111111011111011111111110011001111001101101100110110011110011001111111111110110110110111111100111011011111110111111011111111011011111110011011001111111101101101101101101111101100011110111110110110111111011111110011111000111101111111100111100110110111011001111101111101100110011111,95.01135432732958,85.02821531044606,78.71371031926473,4.018171104827764,94,0.7229989669757155
anti_reasons,11011001101101101101111101111101111101111101110011011100110001111111100111111011001111101110011011011001100011011111001101110111110111011110111111011110011111111111101101100111111100110110011001110111110111111110001111100111110011111110011111011111111011111111011110001100110111110110111101111111110110011011011011011011110110011110110110110011001101101111101101101100110110111110111011101101111100111011011,94.96558071600631,82.30290039625335,74.26408969255692,4.696973848805274,94,0.7231324177375908
anti_reasons,11011101101101101101111111111011011111001111111100011111100111111111101111111110111011111000110110011001101100011111111101110111111011011111111111111011011111111001101100110111111110110111011011000110110111111111011001100011110111110000111111110110111011011111011011110001110111110111110111110111111100110011110111111011111011011011111110011101110111101111111100111100011110111110110011111111011011100110110,94.94351516574379,87.02161793979,81.84047270868929,2.7773789276092162,94,0.723196748787919
anti_reasons,11001111011011011011001111111011001111001111111110000111100111111111100111110011001111101110111011011001100011011011001101111111011111011111111111111110111111111101101111100110110011111011011011001111110111111110110001111000111111110001100110011111111011111011011110110000110110110111110111111111110110011011011111011110110111011011110110001100110111100110111100111100011111111110111001111101101100111011111,94.92030203795925,84.68251674486494,77.39372522080613,3.8725781208840444,94,0.7232644255453083
anti_reasons,01111111111011011011101111111011111101101111111111111110110111101111111101111011110011111001100110011111011000110110111001111111111111011011110111111110011111111001101100110110110011111011011111111110110110110111001111100011110110000110011011111011111011011111110110011001110110110111110110111101110111100111111110111110111111011011111110001111000111101111111100111100011111111011001111101111101100110110111,94.91645908488027,86.9886241768046,81.6877248680042,2.8580662094839564,94,0.723275629490145
anti_reasons,11011111101101101101111111111011111101111111110111001111111111111001111001111110111001111001100110110111011000110111110000110111111011011111111110111011011111101110111100110111110011110111011111110110110110110111001111100011110110111110110111111110111110110111110011011001110111110110111101101111111110111011111011111011111011011111011110011101110110111111110111110110110110111110110011101101111011000110110,94.88706545035905,84.90900204896911,76.11148779599652,3.670877807469746,94,0.7233613252176121
anti_reasons,11011111101101101101101111111011111101111111111100011001111111101111101111111011111011011000110011110011011000110110110000111100111111011111111011111011011001101111110111100111110011011111001111110111110110110011001111100011110110110001100111011110111110110111110011110001110110110111111101101111111110111011111011111110111111011111011110001100110110111111111101110110011011111110011011111101101111000110011,94.86704868928875,86.00402419099527,78.53661392026181,3.530780414137342,94,0.7234196831216071
anti_reasons,11011111101101101101101111101111111101111111110001101101111110011111011111111110110011001110111011011011011000110110111000110111111111011111011110111011111011111001111111100110110011011111001111110111110110110111111111111000111110111111100111110110111110110111110110110001110110110111101101101101100111100110111110111011110011011111011110011100110110110111110111110110110110111110110011101101101101100110110,94.8258366390346,84.07175789624692,76.37340431085892,3.7598801355622817,94,0.7235398348716192
anti_reasons,11001111001111011011011111111001111111001111111100011100110110011111101101111011001101101110111011011001100110011111111000111111011011011111111111111011011111111111101101100111110011111111001111100111110111111111001101100110110110111000110111110011111011111110011110000110110111110110111101111110110110011011011111111011110011011011111110001101110110111111111101111100110110111110110011101111011011000110111,94.79138034687823,84.61806690108556,76.10365832500473,4.415574820909344,94,0.7236402905338828
anti_reasons,11011111101101101101111111111011111101111111110111011111111111111011011001110110001111001111100110110111001110110111110000110111111011011111111111111011011111101110111101100111110011110111011111110111110111100111011011100110110110110000110111111110111110110111110110110001100111110110111101101111111110110011111011111011110011011111111110011101110110111111110111111100011110111110001111101111011011000110110,94.78716489205395,84.87663401423593,76.4143314827511,4.016688328766018,94,0.7236525804896387
anti_reasons,11011111111011001111101111111001111100111111111111101111111111101111100111111110111001111001100110011111001100110110111101110110111110011110111111011111011111101101110111101100110011111011011111111111110110110111001111100011110110011110110011111111111011111111011110110001110110110111111101101101111100110011111110011110111111011011111110011101100111101111111100110110011111011011001111111111101100111011111,94.78361611574488,86.91857555585618,81.49303031283095,3.5643612527093285,94,0.723662926776254
anti_reasons,11011111101111001101101111111011011101111111111111011111100111101111101101110110001111101101100110110111011000110110110001111100111011110011111111111110011111011000111101100111111110111110011111111111110110110111001101100110110111111110111111111111111011111111011011110001100110110110110110110111111110111011111011111011110011011011110111011100110111101110111100111100110110111011111011101101101100111011011,94.77270180506272,85.62117612863806,79.36967472602443,2.6952054841024218,94,0.7236947469240154
anti_reasons,11011111101111001101101111111011011101111111111111011110110111101111101101111110111011111000110110110011011000011110110001110110110011110011111111111110011111011001101101100111111110111110001111111111110110110111001101101100110111111110111111110111111011111111011110110001110110110110110110110111111110111011011011111110111111011011110111011100110111100110111100111100110110111011111011101101101100111011011,94.76009969355192,85.36064895095829,79.82614569674372,2.624430126563556,94,0.7237314877739012
anti_reasons,11011111101111001101111111101111111100111101110001101111111110011111100111111110111011011001100011011001101100011111111101111100110111011111111111011011111001101101110111100111110011111111011111110111110111111111001111100111110011011111100111111110111110110111110110011001111100111101111101111111101100110110011111110110111111111111111110011100110111101111111100110110110110111110110011111011011011000011011,94.74424424908374,87.08428407915248,80.87500760819121,3.2263243372054387,94,0.7237777135595227
anti_reasons,11011111101111001101111111101111111100111111110111101101111111111111000111110011001111101101100011011001111000011111111100111100110110110011111111111011011001111001111100110111110011111111011111110110110110110111001111100111110110011110011111111110111110110111110110110001101101101101111101101101111100111110011111011110110111111111111111001101110110111111110110110110011011110011110011111111011011000011110,94.72144584818109,84.97017239798636,78.4908812927207,4.114319016757384,94,0.7238441812006382
anti_reasons,11011111101111001101111111101111111100111111110001101111111111111111100110111110111001111001100011011001101100011111111101111100111111011111111111011011111001101101110111100111110011111111011111110111110111111111001111101100011110011111100111111110111011110111110110000111111100111101111101111111111100110110110111110011111011111110111110011100110111100111111100110110011110111110110011111111011011000110110,94.71994643736059,87.67247598116248,81.24705339292149,2.9676988393475434,94,0.7238485526607563
anti_reasons,11011111101111001101101111101111111100111101110111111001111111111111000111111110111011111001100011011001111000110110111101111100111110011011111111111011011001101101110111100110110011111111011111110111110110110111001111100111110011011110011111111110111011110111110110110001111101101101111100111111111100111011111111011110111111111110111110011101110111101111110110110110011011110011110011111111101101100110011,94.71825492364826,86.78139258995016,79.80864502693895,4.039572657940322,94,0.7238534841876144
anti_reasons,11011111101101101101111111011011111001111111100111011111111110011111100111111011111011011110111011011001101100011111000110110111111111011111011111111011111111101110111111100111110011110111011001111101110111111111110011101100110110111111100111110110110110110111110110011001110110110111101101111110111100110111110011011110111111011111111011001100110110110111111101111101100110111110110011101111011011000110110,94.71365863736055,85.148692877973,77.42510304358285,3.9498480700110403,94,0.723866884439182
anti_reasons,11011111101111001101101111111011111111001111101100011111111111111011111100111110111011011001100011110111011000110110111101101100111011011111011110111011111001101110110110110110110011111011011111111111100111100111011011100110011110001100110111111111111011011111110110011001110110110111101101101111111110111111111111111110111111011011011011011101100110111111111101111100011110111110011011101101101100011011011,94.70260199615223,81.78289778824578,73.84640567900708,4.263623189002562,94,0.7238991195447457
anti_reasons,11011111111011011011011101111011001101111111111111100110110110011111100111111011001101111110011011011001101100011111000111111111111011011111111110111110111111111111101111100111110110111110011001111101110111111110110011111000111110000110110011011110011011011011011110001100110111110110111101111110111100110111110011011011111011011011011110001101111101101101111101101101100111111110001111101101111100110110111,94.69180302042714,84.92345742679483,75.47996383091254,4.827957188353063,94,0.7239306034389879
anti_reasons,11011111011011011011011111111011011111001111111100011101100110011111101100111011001101101110111011011001101100011111111000111111011011011111111111111011011111111111101101100111110011111111001111100111110111111111001101100011011110001100110011110110111011111110011110011100110111110110111101111110110110011011011111111011110011011011111110001101110110111111111101111100110111111011110011001111011011000110111,94.67958885925296,84.22489509948427,76.47985785643506,4.2836622805833455,94,0.7239662132383295
anti_reasons,11011101101101101101111101111111011101111111111111011101100110011111100110011011001111111110011011011001101100011111000111110111011111011111111111111011011111111110111100110111111110110011011001110110110111111111001101100111110111111110111111110110111011111111011110110000110110110110110111111110110110011011011011011110111111011110110110110011001101101111101101101100110110111011011011101101111100111110011,94.66061387558317,83.89918201508189,76.40764824332904,3.8327290384031625,94,0.7240215338904281
anti_reasons,11011111101111011001101111111011111100111101111111001111111111111101101101100110111011111000111011011110001100011110111101101111111011110011111111111110110111101101111100110110110011111011001111111110110110110110111111100011011011000110111011011011111011011111110110011001110110110111111101111101111100110011110110111110111111011011110111011100110110111110110111110110011110111110111011111101101100110110011,94.65719578884426,84.89042310814934,78.87754053526746,3.5859643410355537,94,0.7240314991578884
anti_reasons,11111011011001111011001111111011011011001111111110011101100111111111100111110011001111111110011011011011000011011011000110111111011111011111111111111110111111111100111111100111110110110110011011001111110111111100110011111000111111110001100110011111111011111011011110110000110110110111110111111111110110011011011111011110111111011011110110001100110110111100111100111100011111111011001101111101101100111011111,94.62751240981963,83.15250805792196,73.74200432184497,4.447078186109475,94,0.7241180396215171
anti_reasons,11011111111011011011101111111011111101111111111111111110011111101111100110111011110011111001100110110111011000011110110000110011111111011011110111111110011111111001100110110110110011111011011111111110110110110111011111100011011110000110011011111011111011011111110110110001110110110110111100111111111111100110110011110110111111011011111110001111000110111111111100111100110111111011001111101111101100110110111,94.5529812499369,86.95877484123677,81.47157094232826,3.2748895340584947,94,0.724335331632837
anti_reasons,11001101101101101101101111111011011111001111111100011110110111111011101111111110111011111001100110110001100110011110111101110111111011011111111111111011011111111001100111100110110011110111011111110111110111111111011001100110110111110000111111111110111011011111011011110001110111110111110111110111111110011011110111111011111011011011111110011101110111101111111100111100011110111110110011111111001101100110011,94.46774020677634,86.89121468112221,82.51363848008758,2.757734800784473,94,0.724583847793655
anti_reasons,11011011101111001101101101111011011111111111110011011100011011011111100110110011001111100110111011011001100011011011000111110011111111011011110111111110011111100111101101100111110011111111001101110111110111111110001111100011011110111110011111011110111011111111011110110000110111101101101101111111111101110110110111110110111111011011111110001111000111101111111100111100110110111011111011101111001111000011110,94.45909555423773,86.01413175701946,79.93359381344256,2.6403809423301796,94,0.7246090508622807
anti_reasons,11011111101101111011011101111011101101111111111111011100110110011111100111111011001111101110011011011001101100011111011100111111111011011111111110111110111111111111101111100111111100110111001101100111110111111110110011111000111110000110011011011110011011011011110110011100110111110110111101111110111100110111110011011011110011011011011110001101111100111101111101101101100110111110111011101101111111100110111,94.45814239674311,86.00288291554513,78.4101737078276,4.079288416343654,94,0.7246118297471047
anti_reasons,11011101101101101101111111111011111101101111111100011111100111111011101111111110111011111001100110110001101100011111110000110111110011011111111111111011011111111000111101100110110011110111011111110111110111111111011001100110110111110000111111111110111011011111110110011001110111110111110111110111111110011011011011111011111011011011111110011101110110111111111100111100110110111110011011111011011001100110011,94.40040626480321,85.57682065454647,79.32394022033327,3.363133253889508,94,0.7247801566623813
anti_reasons,11011111101111001101101111111011111111001111101100001101111111111111011001111110111011101110110011110001111000011110111101101100111011011111111110111011011001111001111101100110110011111111001111110111110110110011001111100110110110001100011111011110111011011111110011110001110110110111110111101101111110111011110111111110110111011011011011011100110110111111110111110110011110111110110011111101101101110011011,94.38658337136974,86.34193122486235,81.51798594282893,2.560233484912404,94,0.7248204566432369
anti_reasons,01111111101111001111001111111011111111001111101100011111111111111011101101110110001101111001100011011111011000011110111001110111110011011111111011111011011111100110111101100111100011111011011111101111110111110111001111100110110110110000110111111111111011011111110110110001101100110110111101101111110111111011011111111110111111111011011011011100110111101111111100111100011110111110110011101101101100110011111,94.35241069374226,85.96784882044192,81.10039135308763,2.87201148763065,94,0.7249200854409847
anti_reasons,11011101101111001111011111011011011101111111110111001100110110011111100110011011001111101110111011011001101100011111110001110111011011011111111111111011111111111101101110110110110011111111001101100110110111111110011111111000111110111110011111011110111011111111011110110000110111110110111101111111101100011111011011011011110011011011111110001101110111100111111100110111100110111110011011101111011001100110111,94.34881275388676,85.71673912306996,80.2123073162203,3.246707784906632,94,0.7249305750615547
anti_reasons,11011111101111001101111111011011111001111111100111011111111110011111100111111110111011001110111011011001101100011111011100110111111111011111011111111011111111101110111111100111110011111111011001111101110111111111110011101100110110111111100111110110110110110111110011110001110110110111101101111110111100110111110011011110110111011111111011011100110110110111111101111101100110111110110011101111011011000110110,94.3416851308689,85.25979695259187,78.46536487249298,3.688204089068785,94,0.7249513553035892
anti_reasons,11011011111001111001111111111011101101111111111110001100011001111111100111111011001111111110011011011001100011011111000111110011110111110011111111111110111111100111101111100111110110110110001100111111110111111110110011111000111111111100111011011011111011011011110011011000110110110110110111111111111101110111011110110011111011110110110111001111001101101100111100110111100111111110111011101101111100011110011,94.32972824101898,82.8208205750336,75.42738615731172,4.2737794227896995,94,0.724986215040761
anti_reasons,01111111101111001111001111111011111101101111101100001111111111111011101101111110111011011001100110110111011000011110110001110111111011011111111011111011011111100110111101100111100011111011011111101111110111110111001111100011110110110000110111111111111011011111110110110001111100110110111101101111111111111011110011111011111011111011011011011101110111101111111100110110011110111110011011101101101100011011111,94.26973576226845,84.38092255102119,77.19565799664666,3.7872390418881774,94,0.7251611202266226
anti_reasons,11011111101111001101111111011011111001111110110111011111111110011111100111111110111011011110111011011001101100011111000110110111111111011111011111111011111111101110111111100110110011111111011001111101110111111111110011101100110110111111100111110110110110110111110110011001110110110111101101111110111100110111110011011110111111011111111011011100110110110111111101111101100110111110110011101111011001100110110,94.26081958892274,85.15200121293843,78.41765890787555,3.621923247980087,94,0.7251871149010999
anti_reasons,01111111101101101101101111111001111101111111110111011111111110011111111111111110111011001110111011011110011000110110110000110111111011011111011111111011111111101110110110110111110011011111001111110111100111100011011011100110110110111110110111011110111110110111011011110001110110110111101101101111101101111111111011111011110011011111110110011100110110111111101101111101110110111110110011101101101111000110110,94.24999937350464,83.05642176430788,77.21675039858187,3.2316773633316305,94,0.7252186607186454
anti_reasons,11011111111011011011001111101101111100111111111111100110011111111111100111110011001111101110110011011110001100110110111100111110111110110011111111111110011111111101100111100111110110111110001100111111110110110011001111100111110110000110011011011111111011111011011110110000110110110111110111101111111101100110111110110110110111110110110111001100110110111111101100110110011111110110111011111101101100111011111,94.22748929891358,83.7413899847673,75.09584886877519,3.874948517834586,94,0.7252842877582695
anti_reasons,11011111111011001111101111111011011100111101111111111001111110011101100110011011001111101110110011011110011000110110110001110111111110110011011111111110011111111101111101100111111110111111001111111111110110110011001111100011110011011100011011011011111011111011011011110000110110110111101101101111101100111011111011011110110111011011111111001100110111101111110110110110110111011011001111101111101111111110111,94.20855506110236,86.44356363807037,80.46139464623738,2.817746087659496,94,0.7253394896177774
anti_reasons,11011111111011001111101111111011011100111111111111101111111111101111100111111110111001111000110110110011011000110110000110111100111110110110111111011111011111011001111101101101111110111011001111111111110110110011001111100011110110011110110011011111111011111111011110011001110110110111111100110111111110111011111110011011111011011011111111011100110110111111111100110110011111011011001111111111101100111011111,94.19511668098136,85.45003242427155,80.369077948499,2.842286563637477,94,0.7253786685685675
anti_reasons,01111111101101101101111111111011011101111111110111011111111110011111111110111110111011001110111011011110011000110111110000110111111011011111011111111011111111101110110110110111110011011111001111110111100111100011011011100110011110111110110111011011111110110111011011110001110110110111101101101111101101111111111011111110110111011111110110011100110110111111101101111101110110111110110011101101111011000110110,94.1942295051625,83.45438472371885,77.73983888573257,2.812224287615206,94,0.7253812550869898
anti_reasons,01111111101101101111101111101111111111110111110001111110011111101111100111100011110011111000111110110011011000011110111101111100111111011111011111111011011001111001101111100110110011110011001111111111110110110110111111101100011011111110111111011111111011011111110110110001111101101101100111101101111111100110110111111110111111111011111110001111000111100111111100111100110110111011001111101111101100011011111,94.1546555976073,84.22394046537433,76.98503273513954,4.102915818910604,94,0.7254966309107659
anti_reasons,11011111111011011011001101111011101101111111111111111100110110011101100111111011001111111110011011011001101100011110000111111111111011011111111110111110111111100111101111100111111100111111001101101101110111110011110011111000111110111100011011011110011011011011110110011100110111110110111101111110111100110111110011011011111011011011011110001101110111101101110110111101100111111110001111101101101111100110111,94.13814651869978,86.50685494637936,79.97779651455564,3.359102125558594,94,0.7255447623361522
anti_reasons,11011001101111001101101101101111111101111111110001111100011011011101100110011011001111111110011011011001100110011110000111110111111110011111111110011111011011111111101101101101111100111111001101110111110111111110011011100111110111111110111111011110111011011111110110011000110111110110110111111111111100011011110011011011111011011011011110001101110111101111110111101100110110110110111011101101101100110011011,94.12994204022323,85.43407443696762,78.84664744169508,3.3805002408992597,94,0.7255686820984746
anti_reasons,11001101101111001101101101111101111101111101110011001100011001111111100110111011001111111110011011011001100011011110000111110111110111110110111111011011011111111111101101100111111100111110001101110111110111111110001111100111011011111110011111011110111011111111011110001100110111110110111101111111110110011111011011011011111110011110110111110011000111101111101101100111100110111110011011101101101100111110011,94.12502222292487,82.59545455964081,75.15248678890353,3.708101222261276,94,0.7255830255891403
anti_reasons,11011111101101101101111111111011111101111111110111011111111110011011011001111110111011011001100011011111001100110111110000110111111011011111111111111011011111101110111101100111100011110111011111110111110111100111001111100110110110111110110111111110111110110111110110000111110111110110111101101111101100110011111011111011111011011111111110011101110110111111110111111100110110111011110011101111011001100110110,94.11394155306199,84.42692835362767,76.89214081667669,3.627637485584484,94,0.7256153307490905
anti_reasons,11011011011011011011011011011011011111001111111110011100011110011111100111110011001101101110011011011001100011011111001101111111110111110011111110111011111111111101101111100111111110111110011001101101110111111111011011101100110110001101100110110110110011111011011110110000110111110110111101111110110110110011011111011011110011011011011111001111110111100111111100111100011111111110011001101101101100111110111,94.0931791413981,81.50626790936428,72.17464168527937,4.998878426718173,94,0.7256758625615216
anti_reasons,11011111101101101111101111101111111111110111110001111110011110001101100111100110110011101100111011110110011000110110111101111100111111011111011111111110011001111001100111100110110011110011001111111111110110110011111111100111011011111110111111011111111011011111110110011001111101101101101101100111101111100110111111110110110111111011111110011111000111101111110110111100110110111011001111101111101100011011111,94.07090479484529,83.02275929522128,75.17435727680557,4.835281247510705,94,0.7257408023473898
anti_reasons,11011001101111001101111101101111111101111111110001111100011011011111100110011011001111111110110011011001100110011111000111110111111110110110111110011111011011111110111101101101110110111110011001110111110111111110011111100111011111111110111111011011111011011111110110011000110111110110110111111111111100110011110011011011111011011011011111001101111101101111111101101100110110110110111011101101111100011110011,93.99962701583117,83.62281767459012,77.52087590632031,3.2634424035020357,94,0.7259486092832911
anti_reasons,11011111101101101111101111101111111100110111110001101110111111111111100110110011001111101110111011011110011000110110110001111100111110110011111111111011011001111101101101100111100011110011001111110111110110110011111111100111011011011110111111011110111011011111110011011001100110110111111101101111111100110110111011111110110111011011111111011000110111101111111100110110011110011011001111111111101100011110111,93.99266984958872,84.87905249943566,78.51387922349105,3.781533177096984,94,0.7259688925667968
anti_reasons,11011101101101101101111111111011111111001111111100011111100111101101101111111110111011111001100110110001101100011111111101110111111011011111011111111011011111111001100111100110110011110111011111110111110111111111011001100110110111110000111111111110111011011111110110000111110111110111100111110111111110110011110111111011111011011011111110011101110111101111110110111100110110111011110011101111011001100110110,93.98662875713698,86.41905749978869,81.54473934694933,2.686283552910727,94,0.7259865050812333
anti_reasons,11011111101111001101101101111011011101111111111111011111100110011111101101111110111011101110110011011011011000110110110001111100111011110011111111111110011111011001101101100111110110111110001101110111110110110110001101100011110111111110111111011110111011111111011011001101110111110110110110110110110110111011111011011011110011011011111111011101110111101111111100111100110110111110111011101111001100110110011,93.94074285880696,84.67651329952801,80.99805911755962,2.4594283207057615,94,0.7261202832104754
anti_reasons,11011111101101101111101111111111111111110111110001111110110011011101111110111110110011111000111011011110011000110110111100111100111011110011110111111110110110011001100111100110110011011111011011000111110110110011111111100111011011111110111111011011111011011111110110110001111101101101101101100111111100110110111111111110111111111011111111110001110110111111110111111100110110111011001111101111101101100110111,93.91893814520648,82.66812315870855,75.58768675043906,4.351260685914765,94,0.7261838538040628
anti_reasons,11011111111011011001101111101101111100111111111111100110011111111101100111110011001111101110011011011110011000110110110001111110111110110011111111111011011111111101101100110111110110111110001100111110110110110011001111100111110110011100011011011111111011111011011110110000110110110111111100111111111101100110111011110110110111110110110111001100110111101111100110111100011111110110011011111101101100111011011,93.90291453463858,83.26217741181567,75.14090095066818,3.8055523111553793,94,0.7262305698698583
anti_reasons,11011111101101101111101111111111111111100111110001111110011011111111101110111110110011101100111011011011011000110110111100111100111011110011110111111110110110011001101101100110110011011111001111110111110110110110111111100111011011011110111111011110111011011111110011110001111101101101101101100111111100110011111111111110110111111011111111110001110110111111111101111100011110111011001111101111101101100011111,93.8706531249622,83.53583599319039,77.7138220906635,3.9149434100147325,94,0.7263246264578361
anti_reasons,11011111101101101111101111101111011111001111111111011110110111111011101101111110111011011001100011110111011000110110111100110110111110110011111111111011011001101111101101100110110011011011011111111111110110110111001101101100110110011000110111111111111011011111011110011001110110110111111101101101111110111011111111111110111111011011111111011100110110110111111101111100011110011011001111111111101100110011111,93.76893508910692,84.43356955105462,77.81418507716273,3.7942824313678076,94,0.7266211804982305
anti_reasons,11011111101101101101101111101111111100111111110001101111111111101101101111111011111001111001100110110111001100011110000110110110111111011011111111111011111011111001110111100111110011011111011111110111110110110111001111101100110110011111100111111110111110110111110110110001110110111101111101111101111110110011110111111110111111011111111110001100110110110111110110110110011110111110011011111111001111000011011,93.74414696954945,86.21112838776217,80.4438963667669,3.319566381995604,94,0.726693449068369
anti_reasons,11011011011011011011011011011011011111001111111110011100011110011101100111110011001101111110011011011001100011011111000111111111110111110011111110111110111111111100110111100111111110111110011001111101110111111111011011100011110110000111100110110110110011111011011110110000110111110110111101111110110110011011011111011011111011011011011111001111110111100111110110111100110111111011001101101101101100111110111,93.74302622192248,81.21502939704452,72.22898192321483,4.548280208084706,94,0.7266967165541618
anti_reasons,11011111101101101101101111111011111101111111110110011001111111101101101111110011001101111001100110110111011000110110111100111100111111011111111011111011011001101111110111100111110011011111011111110111110110110111001111100011110110110001100111111110111110110111110011110001100110110111111101101111111110111011111110111011111011011111011110001100110110111111110111110110011011111110110011111101101111000110011,93.70042321308307,84.90887817930815,76.26964718394656,3.8502229732953452,94,0.7268209235770173
anti_reasons,01101111011011001111011011011011011111001111111110011100011110011111100111110011001101111110011011011001100011011111000111110111110111011011111110111110111111111100111111100111111110111110001101101101110111111111011011101100110110001101100110110110110011111011011110110000110111110110111101111110110110011011011111011011111011011011011110001111110111100111111100111100110111111110111001101101101100111110111,93.68492589476118,81.45939903022392,72.16054560010457,5.101372974039865,94,0.7268661052630869
anti_reasons,11001111011001111011001111111011011011001111111110011101100111111111101110110011001111111110011011011001100011011011000111111111011111011111111111111110111111111100111111100111110110110110001111101111110111110011110011001100011111110001100110011111111011111011011011110000110110110111110111111111110110011011011111011011111011011011110110001100110111101100111100111100011111111110111001111101101100111011111,93.64467190838296,82.13351246662388,73.70310163683601,4.91551626420128,94,0.7269834638239564
anti_reasons,11011111101101101101111111101111111101111111110001111001111110011111011111111110110011001110111011011110011000011111111100110111110111011111011111111011111011111001111111100111110011011111011011000111110110110011111111111000111110111111100111011110111110110111110110110001110110110111101100110111101101100110011110111011110011011111111110011100110110110111110111110110110110111110110011101111011011000110011,93.64422180182565,84.35207723838394,77.4045875017576,3.1434359453616136,94,0.7269847760879719
anti_reasons,11011111111011011011101111111011111101111111111111111110011111101111100111111110011011111001100110110111011000110110110000110011111111110011011111111110011111111001100111100110110011111011011111111111110110110111001111100011110110000110011011111011111011011111110110011001110110110111100111101101111111100110111011110011111011011011111111011111000110111111111100111100110111111011001111101111101100011110111,93.560781099276,85.89190203931736,79.69598569141695,3.033504859523577,94,0.727228043442344
anti_reasons,11011111101101101101101111111011011111001101101100011111111111101101111111111110111011111001100011110111001100110110111101110111111011011111111011111011111111100110110110110111110011011111011111110111100111100111001111100110110011110000011111111110111011110111011110011001111100110110111101101111111110110111111111111110111111111011011011011100110111101111110110111100011110111110011011101101101111000011011,93.54551989635904,84.23065585909771,78.09558621313137,3.5527460035299376,94,0.727272536745309
anti_reasons,11011111101111001101101111111011111111001110111100011001111111111001111001110110001111111001100011110111001100011110111101101100110011011111111110111011011001101101111100110110110011111111011111110110110110110111001111100110110111001100011111111110111011011111110110110001100110110111110111101101111110110011011111111110111111011011011011011100110110111111110111110110011110111110011011111101101101110110011,93.50844775462805,83.97895829836999,77.58420938505049,3.5983055357573925,94,0.7273806187911719
anti_reasons,11011111111011011011001111011011111111001111101111111111100111111111111001111110111001101110111011011001101100011110111000111111110011011111111011111011011111111001100110110111100011111110011001100110110111111110001101100110110110011000110011011011111011011011110110110001110110110111111101110111110110110011011111111110110111011011011011011100110110111111111101111100011111111110001111111101101100110110111,93.46676964318155,84.79122258019484,78.87999864707177,2.6716941614712684,94,0.7275021293201704
anti_reasons,11011111111011011011011011111011111111001111111111111001111111111011011101111110111001111000110110011111001100011111111100111111111011011111111011111011111111101111111110110110110011111111011011001111100111110111011011101100110110001100110110110111111011011011110110110001110110110110111101101111111100110111110111111110111111011011011110011101100110110111110111110110011111111110011001101101101100011011111,93.45373293674005,82.52396457002578,74.40340739646896,3.3598479131794723,94,0.7275401372106705
anti_reasons,11011111101101101101111111111011011111001111111100011001111111111011011001111110111011111000111110011111001100110111111001101100111110110011111111111011011001111001110110110111110011110111011011001110110111100111001111100110110111001110111111110011111011111111011110011101110110110111110110110111110110110011111111111011111011011011111111011100110110111111110111110110011110110011110011111111011011000110110,93.40704288444564,81.44668668186388,75.16787289767386,3.619711890403773,94,0.7276762598121118
anti_reasons,11011111101101101111101111101111111100110111110001111110011111111111100110110011001111101110110011011110011000110110111101111100111011110011111111111110011001100111100111100110110011110011001111110111110110110011111111100111011011011110111111011111111011011111110011110001100110110111111101101111111101100110111110110110110111011011111111001101100111101111111100111100011011011011001111111111101100110011111,93.37655976411891,83.76645030498361,76.81465240937973,4.415887939708231,94,0.7277651318830353
anti_reasons,11011011011011011011011111111011011111001111110011011100011011111111100110011011001111111110111011011011000011011111000111111111110111110011111111111110011111100111101101100110110011111011001111100111110111111100001111100011110111011001100110110110111011111011011110011000110110110110110111111111110110011011011111011011111011011011111111001100110111101111111100111100011111111110111001101111011000110011111,93.36699572854486,83.7720082964572,74.90953876544569,4.266466077659861,94,0.7277930153686738
anti_reasons,11011111111011011011011011111011111111001111111111101101111111111011011101111110001101111000110110110011011000011111000110111111111011011111111011111011111111101111110110110110110011111111001111101111100111110111011011100110110110111000110110110111111011011011110011011001100110110110111101101111111110111111110111111110111111011011011110011100110110110111110111110111110111111110001101101101101101110011111,93.35660990887959,82.64448247709919,76.30210441950415,3.035996062372697,94,0.7278232947262986
anti_reasons,11011111111011011011001111011011111111001111101111111111100111111111111001111110111001101110111011011001101100011110111000111111110011011111111011111011011111111001100111100111100011111110011001100111110111111110001101100110110110001100110011011110111011011011110011110001110110110111111101110111110110110011011111111110110111011011011011011100110110111111111101111100011111111110011011111101101100011110111,93.3446003129805,84.77249795254978,78.85239040170347,2.844384863090936,94,0.7278583081254213
anti_reasons,11001101101101101111111111111011011111001111111110001100011011011101100110011011001111111110111011011001100011011111000111110111110111110011111111111110011111100111101101100111110011110111001111110111110111111111001111100011011111111001100110110110111011111011011110011000110110110110110111111111110110011011011111011110111111011011111111001100110111101111110110110110110110111110001101101111011011000110111,93.3212545393926,84.89618166186725,78.48153052405445,3.330869886392812,94,0.7279263716052694
anti_reasons,01101111111011001101101101111111111101111111111111111110110110011101100111111011011011111110011011011001100111011011000110110011111110011111111111111110111111111111101110110111110110111111011001110110110111111110111111111000111111111100111011011110111011011011110110011100110110110110110111111111101101110110110110110110111111011110111110110001100110111101110110111100110111110110111011101111001111100110011,93.31330512420925,84.04487793259449,77.97627885545975,3.0098364860358804,94,0.7279495477428302
anti_reasons,11011111101111001101101111101111111100111111110111111001111110011111001100111110111011111001100011011001101100110110111101110110111110110011011111111011011001111001111101100110110011111111011111110111110110110111011111100111011110011110011111111110111110110111110110110001111101101101101101101101101100110011111111011110111111111111111111011101110111101111110110110110110011110110011011101111001101110110011,93.30368944959845,84.24021104844425,75.9971740036638,4.285500329637261,94,0.7279775817795964
anti_reasons,11011111011011011011001111111001111111001111111100011100110110011101101101111011001101101110111011011001101100011110111000111111011011011111111111111011011111111111101101100111110011111111001111100111110111111111011001100110110110111000110110110110111011111110011011011100110111110110111101111110110110011011011111111011110011011011111110001101110110111111110111111100110111111110110011001111001111000110111,93.28018405255936,82.35677061183176,72.6099436482254,4.538984851394432,94,0.7280461106339378
anti_reasons,11011101101111001111011111011011011101111101110111000110110110011101100110011011001111101110111011011001101100011111110001110111011011011111111111111011111111100111100110110111110011111111011000110110110111111110011111100110011011111110011111011110111011111111011110110000110111110110111101111111101100011111011011011011110011011011111110001101110111101101110110111101100110111110110011101111011011000110111,93.26722643315655,83.48213504239786,77.49220971969075,3.4122380149935503,94,0.7280838879499809
anti_reasons,11011111101101101111101111101111111111001101111111011111100111111011111001111110001111001101100011110111011000110110111101100110111110110011111111111011011001111000111101100110110011011011011111111111110110110111001101101100110011011000111111111111111011011111110110011001100110110111111100111101111110111011111111111110110111011011111111011101100110110111111101111100011110011011001111111111101100110011111,93.2595362788089,82.8866838571102,76.23675744246383,3.8630244366318816,94,0.728106308225047
anti_reasons,11011111101111011011001111111011111111111101101111011111111111111001111100111110111011101101100110110111011000110110111100111111111011011111011011111011111111101110110110110110110011111110011111100111100110110111001111100011011011111100011111111011111011011011110110110001110110111101101101101111111110111111111111111011110011011011011011011100110110111111110111111101110110111110011011101101101100011110111,93.18717556465,83.46436390237541,75.6012313423143,3.8727712452994245,94,0.7283172724062682
anti_reasons,11011111111011001111011111101111111101111110110111111111111011011101100111110110001111001110111011011110011000110111110000111100111111011111110111111011111001101110111110110111100011111111001101100110110110111100111111111000111110111111100110110110111011110111110011110001100111110111101101101111110110111111111011011011110011011011111011011111110110111101110111101101110111111110110011001111011001100110111,93.1672021274197,82.68567464092601,76.48897247875854,2.845212347798444,94,0.7283755040016918
anti_reasons,11011111101111001101111111101101111100111101110111111001111111111111000111110110001111101101100011011001101100110111110001110110111110110011111111111011011001111001111111100111110011111111011111110111110110110111001111101100110011011110011111111110111110110111011011110001101101100111111101111101111100110011111011011110110111111111111111011101110111100111110110110110011011110011110011111111011011000110110,93.13899120755835,84.01709067652783,77.5016882018705,3.5578888487433975,94,0.7284577515814625
anti_reasons,11011111111011001111101111111111111111110111111111111110011001111111100110111110110011111000111011011011011000011110111001101100110011110011111111111110011111011001101101100110110011111011001111111111110110110110111111100111011011110000111011011011111011011111110110110001111101101101100110110111110110110110011111110110111111111011111111110001110110111111111101111100011111011011001111101111101100110011111,93.1173361258113,83.10894465447805,77.46284507424008,3.764250015595494,94,0.7285208859305793
anti_reasons,11011111101111001101101101111011011101101111111111011111100110011111100111111110111011101110110011011111011000011110110001111100111011110011111111111110011001111001101101100111110110111111011001110111110110110110001101100011110111011110111111011110111011111111011011011101110111110110110110110110110110111011110011011011110011011011111111011101110111101111111100111100011110111110111011101111001111100110011,93.0709943930179,84.79988118705913,81.47900666204083,2.261842651230418,94,0.7286559930232714
anti_reasons,11011111111011011011011101111011101101111111111111111100110110011111100111111011001101111110011011011001101100011111000110111111110011011111111110111110111111111111101111100111111100111011011001110111110111111110110011111000111110000110110011011110011011011011110110011100110111110110111101111110111100110111011011011011111011011011011110001101111100110111111101101101100111111110001111101101111100110110111,93.04909410399542,85.40015660456262,76.81644956091027,4.01932089893877,94,0.728719842262404
anti_reasons,11011111101101101101101111111101111101111111110001111111100111101111101110111110110011111001100110011001111000011110110000111100111011011111011111111011011011111001100111100111100011110011011111110111110110110111001101100111011110111110011111111110111011111111011110110001110110110111101101101101111101100011110011111110111111110110110110110001100110111110111100111100110110111110110011101101101100111011011,93.03760818772575,84.53919589661967,76.97350968757644,3.168059130454928,94,0.7287533288987588
anti_reasons,11011111101111001111101111111111011111000111111111011110011001111111100110111110011011111000111011011001111000110110111101101100111011110011110111111110110111011001101101100110110011111111001111111111110110110011111111101100011011001110111011011011111011011111011110110001111101100111100111101101111101100110111111110110111111111011111111110001110110110111111101111100110110011011001111101111101101100110111,92.9963333421052,81.73722324263419,75.36256813925966,4.277306408630942,94,0.7288736637256408
anti_reasons,11011111101111001101111111101111111101111111110001111001111111111111000111111110111001111001100011011111011000110111110001110011111110011111111111111011111011101101110111100111110011111111011111110111110110110111011011100111110110110000110111111110111011011111110110110001111101100111111100111111111100111011111011110011111011111011110110011101110111101111100110110110011110110110011011111101111011000011110,92.9944773277994,85.27502498510636,77.60868382449999,2.808549292176324,94,0.7288790748460658
anti_reasons,11011111101101101101111111101111111101111111110111111001111110011111000111110110001111111001100011011001111000011111110000110110111110110011111111111011011001111001111101100111110011110111011111110111110110110111001111100111110110011110011111111110111110110111110011110001101101100111110111101101101100111110110011011110111111111111111111011101110110111111110110110110110011110110110011111011011011000110011,92.98225521010663,84.29947062889161,78.12215630958693,3.4374596237948745,94,0.7289147078422546
anti_reasons,01111101101101101101111101101111111100111111110111000111111111111101101110011011001111101110011011011001101100011111001100111100111110110110111111110011110110011111111100110111111110110111110001110110110111111111011011100111110110011110011111110110111111011111110011110000110110110111111101111111110110011011110011111110110111011111110111001100110110111111100111110110011110110110011011111101111000011110110,92.96159766485111,81.96660532838858,76.3963524681067,2.4350152066190383,94,0.7289749339217169
anti_reasons,11011111101111001111101111111011111100111101111111011110110111101111100110111011111011101101100110110111001100110110111100111100111110110110111110011110011001111001101101100110110011111110011111111111110110110111111111100011011011011110111111111111111011011111110110011001110110110111111101101101111110110011111110011110110111011011011111001100110110111110111100111100110110011110001111111001101100011011111,92.93999220850162,84.58475910071449,79.58955988364261,3.2012605612052702,94,0.7290379235903743
anti_reasons,11011111101101101101101111111011111101111111111100011001111111101111101111110110001111001101100110110111011000110110111100111100111111011111111011111011011001101111111101100110110011011111011111110111110110110111001111100110110110110001100111111011111110110111110011110001100110110111111100111111111110111011111110111011110011011111011110011100110110111111111101110110011011111110110011111101101101100110011,92.88094505547335,83.81054868853397,75.76882585309134,3.892559250441279,94,0.7292100727245675
anti_reasons,11011101111011011011011111111011011111001111111100011100110110011111101100111011001101101110111011011001101100011111111000111111011011011111111111111011011111111111100110110111110011111111001111100110110111111111011101100110011110111000110110110011111011111110011110011100110111110110111101111110110110011011011111111011110011011011111110001101110110111111111101111100110111111110110011001111011011000110111,92.86168122692315,82.77282095740904,74.27639559562517,4.420884393518404,94,0.7292662354900199
anti_reasons,11001111101111001111101111111011111101111101111111011110110111101111101100111110111011111001100110110001100110011110111101111100110011110110111111011110011001111001101101100110110011111110011111111111110110110111111111100011011011011110111111111111111011011111110110011001110110110111111101111101111110110011011110011110111111011011110111011100110111101110111100111100110110011011001111111001101100011011111,92.83881800813431,84.16165215699664,78.88704418869762,2.977774164017422,94,0.7293328921045648
anti_reasons,11011111101101101111101111101111111111001111111111011110110111101101101101111011111011011001100110110111001100110110000111101100111110011011111111111011011001111001100111100110110011011011011111111111110110110111001101100111110110001110110111111111111011011111110011110001110110110111111101101111111110110011111111111011111011011011111110001100110110111111110111111100011110011011001111111111101100110011111,92.8230599164741,84.22203760639715,76.89430476258825,3.4731651762253,94,0.7293788340627577
anti_reasons,11011111111011011011001111101101111100111111111111100110110111111111100111110011001111101110110011011011001100110110111101111110111110110011111111111110011111100111101101100111110110111011001101101111110110110110001111100111110110000110011011011111111011111011011110110000110110110111111101101111111101100110111110110011110011110110110111001100110111101111101100111100011111110110111011111101101100111011111,92.81016507941318,82.74333131188587,75.64806180389792,3.3412012682023935,94,0.7294164283399033
anti_reasons,01101111111011011001101111011111111101111111111111111100110110011111100110111011001111111110011011011001100111011011000110110011111110011111111111111110111111111101100110110111110110111111011001110110110111111110111111100110011111111100111011011110111011011011110011011100110110110110110111111111101101110110110110110110111111011110111110110001100110111101111100111100110111110110111011101111001111100110011,92.79493730540449,81.95697624041117,74.40724115575546,3.8122373185103418,94,0.7294608241824942
anti_reasons,11011111101101101101101111111011111101101111101100011111111110001111111110111110111011111000110011110001111000110110110000110111111011011111111011111011111111100110110110110110110011011111011011000111100111100011001111100011011111111100011111011110111011110111110110110001111100110110110111101111101110111111111011111110111111111011011011011100110110111111111100111101110110111110110011101101101101100110110,92.77905251496855,83.1544062604781,77.72362502987947,3.4752432213107416,94,0.729507135524873
anti_reasons,11011111111011001111001111011011111111001111101111111111100111111111111001111110111001101110111011011001101100011110111000110111110011011111111011111011011111111000111101100111100011111011011000110111110111111110011001100110110110011000110011011110111011011011110110110001110110110111111101110111110110110011011111111110110111011011011011011100110110111111111101111100011111111110011011111101101100011110111,92.77611670664743,84.69487577396333,79.42542378295315,2.6495258422011974,94,0.7295156947328063
anti_reasons,01111101101111011011011011111011111111001111101100011110110110011111101101111110111011101100011011011001101100011111111101111111111011011111111011111011011111111001100111100111111100111011001111100111110111111110001101100110110111011000111111011110111011011011110110011101110110110110110111110110111100110011110111111011110011011011011011011100110111101111111100111100011110111011110011101101101100110110111,92.77266230489067,83.57287940869936,78.78163102756687,2.9132775675747316,94,0.7295257658749543
anti_reasons,11011111101101101101101111111011111111001111101100001111111111111011111101111110111011011000111110011111011000011110111000111100111011011111011110111011111001101110110110110110110011110011011011001111100111100011011011100110110110001100110111011111111011011111110110110001110110110111101101101111110110111111110111111110111111011011011011011100110110111111111101110111110110111110110011101101101100110011011,92.73873192508837,81.42772645512704,75.25583580838092,3.7701808851013143,94,0.7296246882650484
anti_reasons,01101111101111001101111101111011101101111111110111001100011110011111111101110011001101111110011011011001100111011111000111110111111011011111111011111011111111111101100111100110110011111011001101111101110111111110111011100011110110111110110111011110011011011111110110110000110110110110111101110110111101110111110011111110111111011011011110001100111101101111111101100111100110111110110011101101111100011110110,92.71227038235209,84.61804413294769,79.62551499238377,3.114690741953617,94,0.7297018356199647
anti_reasons,11011111101111011001101111111001111101101101111111001111111111111111101101100110111011111000111011011110011000110110111101101111111011110011111111111110110111111001111101100110110011111011001111111111110110110110111111100011011011000110111011011011111011011111011011110001110110110111111101101101111100111011111110111011111011011011110111011100110110111110111101110110011110111110111011111101101100110011011,92.67512172734591,84.55466154275405,79.24475659335992,3.1756626127113945,94,0.7298101407366009
anti_reasons,11011111101111001111101111111011111100111101111111011110110111101101101100111110111011111001100110110111011000110110111111110110111011110110111111011110011001111001100110110110110011111110011111111110110110110111111111100011011011011110111111111111111011011111110011110001110110110111111100111101111110111011111110011011111011011011110111011100110111101110110110111100011110011110001111111101101100011011111,92.6689585820086,83.78637436717815,77.8752035064383,3.1881535941404744,94,0.729828109090354
anti_reasons,11011111101101101101101111101111111100110111110111011110111111111101111110111110110011111000110110011011001100011110111100111100110011011111111111111011011001111000111101100111100011011111001111110111110110110111111111100111011011011110111111110110111110110111110011110001111100111101111101101101111101100110011111111110111111111111111110011100110110111111110110111100011110111011011011111111101101110110011,92.65561920030203,83.8108421412012,75.88399444027911,4.097523715394049,94,0.7298669994160291
anti_reasons,11001111011011011001111111111111111101111111110011100110011011011111100111110011001111101110011011011001100011011111001100111111110111011111111111111011011111111100110111100111111100111011001111110111110111111110011111100111110111111101100011011011111011011011110110110000110110110110110111111111110110011011011011011110110111011110111110110011101100111111101100111100110111111011011011101101111100110110011,92.65239191225949,84.29510062478917,77.52437840140531,3.389706873684343,94,0.7298764084190685
anti_reasons,11001101101111001101111101101111111101111111110110000110111011011111100110011011001111111110011011011001100011011111000111110111111110110110111111011111011011111110111100111101111110111110011001110110110111110011011011100111110111111110111111011011111011011111110011110000110111110110110111111111111100110111110011011011111011011011011111001101111101101111111101101101100110110011111011101101111100110110011,92.6488055937014,82.91734457902999,77.52393124736761,3.2627447116275294,94,0.729886864158305
anti_reasons,11011011001111011011001111111111111101111111110001111100011011011111100110110011001111111110011011011001100110011110000111111111110111011111111111111110011110011100111101100111111100111011001111110111110111111110001111100111011111111101100011011110111011011011110110110000110110110110110111111111110110110011011011011110111111011110110110110011100111101111101100111100110110111110001111101101101100011110111,92.60599091590271,84.54849024486627,77.1861735772207,3.608510770250644,94,0.7300116882918288
anti_reasons,01111111101111001111001111111011111111001110111111011111111111111111101101111110111001111001100110011001101100011110111100110111111011011111111011111011011111100110111100110111100011111110011111101110110111110111001111100110110110001100110111111111111011011111110110110001111100110110111101101111111101110011110111111011111011111011011011011101110110111111111100111100110110111110011011101101101100110011111,92.56612173760384,85.01312286334377,80.1463300345243,2.838747681108832,94,0.7301279249632542
anti_reasons,11011111101101101101101111111001111101101111101100011001111111101101111001110110001111101111100110110001111000110110110000111100111011011111111110111011011001111001111100110110110011110111011111110110110110110111001111100110110110011000011111111110111011011111011110110001100110110111111100110111111110111011111011111110110111011011011011011100110110111111110111110110011110111110110011111101101101110110011,92.55936165896797,84.49760798948681,78.0958316595436,2.943648948855335,94,0.7301476336473237
anti_reasons,11011111011011011011011111111101111101111111110011111100011011011101100111110011001111101110011011011011000110011111011000111111110111011111111111111110011111111101101101100111111100111110001111100111110111111100001111101100110111111101100011011110111011011011011110110000110110110110110111111111110110011011011011011110110111011110110110110011101100110111100110111100110111111110111011101101111100110011111,92.51721058349376,82.49487536684785,73.70563559723682,4.589372347423043,94,0.7302705230801931
anti_reasons,01101111111011001111001111011111111101111111111111111100110110011111100110111011001111111110011011011001100111011011000111110011111110011111111111111110111111111101100111100110110011111111011001100111110111111110111111100110011111111100111011011011111011011011110110011100110110110110110111111111101101110110110110110011111011011110111110110001110111101101111100111100110111110110111011101111001101100110111,92.46536849981857,82.80985731621594,75.21556422162206,3.854154059506386,94,0.730421666181287
anti_reasons,11011101101101101101111111111011011111001111111100011001111110011101101111111110111001101101100011011001101100011111001101110111110011011111011111111011011111111001111101100111100011110111011111110111110111111111001111100110110110110000110111111110111011111111011110000111110111110111101101110111100110110011011111111011110110011011111110011101110111101111110110110110110110111110110011101111011001100110110,92.44822380206725,84.80336505843655,79.11944240975463,2.8403893335258603,94,0.730471650722836
anti_reasons,11011111101111001101101111111011011101111110111100011111111111111001111101111011111011011001100110011111011000011110110001101100111011011111011110111011111001101110110110110110110011111011011111111110110111100111001111100110110110111000110111111111111011011111011110011001110110110111101101101111111100111111110011111110111111011011011011001101100110111111110111111101110110111011110011101101101100110011011,92.44599888471024,82.36906267337191,75.3928508316737,3.496539199507736,94,0.7304781373623608
anti_reasons,11011101101101101101111111111011111111001111101100011110110111111111101110111110111011101101100110011001101100011111001100110111110011011111111111111011011111111001101101100111111110110011011111110111110111111111011001100011011111111000111111111110111011011111110110011001110111110111110111110111110110110011011111111011110011011011111011011101110110111111111100111100110110111110110011111011011000110110110,92.42120709327719,84.92643507913344,79.5027328736989,2.9502951164262092,94,0.7305504166376758
anti_reasons,11001111111001101101101101111011011111001101110011011110011011011111100111111011111111101110011011011001100011011011011101110011111011011111111111111011011111111101101101100111111110110110011001111101111111110011011011100110110011001100011011011110011011111011011011000111111110110110111101111111111101110111110111110110110111111110110110011001100111101110111100111101100111111110011011101101101100111110011,92.3922194301634,82.05425458413379,71.85895034239226,4.072721385546063,94,0.7306349287750338
anti_reasons,11011011111011001101101111011011001101111111110110011100011011011111100111111011001111111110111011011001100011011110000111110111111111011111111011111011111111111110111111100110110011111111011001101101111101110011110011111000111110111100011011011110011011011011011110110000111110110110111101111111111101110011110011011110111111111011011110001111000111101101111101101100110111111110110011101101101101100110011,92.36921317256395,85.07137877703964,78.71779385992208,3.5675434935253127,94,0.7307020024123501
anti_reasons,11011111101101101101101111111011111101101111101100011111111111101111111110110011001111101101100110110111001100110110110001110111111011011111111011111011111111100110110110110110110011011111011111110111100111100111011111100110011110111100011111111110111011110111110011110001101100110110110111101111111110110111111011111011110011111011011011001100110111101111111100111101110110111110110011101101101101100110110,92.34802021740548,82.29630495111252,77.28029209081542,3.3200059168202536,94,0.7307637894536283
anti_reasons,11011111101111011011111011101111111101111111111111001111111111101101101100111110111001111000110110110011011000110111000111111111111110110011110111111011011111101101111101100111100011111111001111111111110110110111001111100111011110110000110011110111111011011011110110011001110110110111111101101111111110111011111110011110111111011011110111011100110111101110110110110110011110110110001111101101101100011011111,92.27896789078667,84.60099607585221,79.52690028409965,2.5927732758617568,94,0.7309651081901263
anti_reasons,01101111111011011001101101111011011111001111111110011110011001111111100110111011111111111110011011011001100011011011000111110011111011011111111110111110011111111101101101100111111100111110001101111101111111111110011011100110011110001100011011011110011011111011011011000111111110110110111101111111111101110011110111110011111011111110011110011001100111101110111100111100110111111110111011101101101100111110011,92.22273152241131,82.64331268500126,73.71517719236508,4.460200324872928,94,0.7311290626168767
anti_reasons,11011011111001101111011111011011101101111111110110001100011011011101100111111011001111111110011011011001100110011111000110110111111111011111111011111011111111111111101111100111110110110111011001101101111101111110110011111000111110111100011011011110011011011011110110110000111110110110111101111111111100110111110011011011111011111011011110001111001100110111110111100111100111111110110011101101111111100011111,92.18690660443531,83.2379087833679,74.61151189382808,4.1151194275744905,94,0.7312335084418795
anti_reasons,11011011111011011011001101111011011111001111111110001110011011011111100111111011111111111110110011011001100011011011000110110011110011011111111111111011011111111111101101100111111100111011011001101101111111111110011011100110110110001100011011011110011011111011011011000111111110110110110111111111111101110111011111110110111111111110110110011000110110111110111100110111100111111011001111101101101100111011111,92.09721893648958,82.27454589390004,72.63061416505056,4.1044663342969026,94,0.7314949885233539
anti_reasons,11001111011011011011001111111011011111001111111110001100011011011111100110011011001111101110111011011001100011011110001101111111110111110011111111111110011111111101101101100111110011111111001100110111110111111111001111101100110111011001100110110011111011111011011110110000110110110110110111111111110110110011011111011110110111011011111111001100110111100111111100110110011111111011111001101111001111000110111,92.09380254045118,84.20921255035768,76.8079819214575,3.2616344626905507,94,0.7315049488616583
anti_reasons,11001111011001111011011111111111111101111111110011111100011001111101100111110011001111101110011011011001100110011111001100111111110111011111111110111110011111111101101101100111111100110110001111100111110111111110001111100111110111111101100011011110111011011011110110110000110110110110110111111111110110011011011011011011110011011110011110110011111100111111110110111100110111111110001111101101111100011110111,92.05909468645116,84.0041931687862,75.42690870383203,4.292780028126895,94,0.7316061379403755
anti_reasons,11011111011011001101101111111011111101111101110111101111100110011111111001111110111011111110111011011011000110011011000111110111011011011111111110111011011111111001100111100110110011111011001101110111110111111100001101100110110011110000111011011110111011011110110110110001110111110110111101110110110110011011011011111011111011011011011110011101110111101111111100110110011111111110011011101101101100110011011,92.05664617404511,82.39852059743686,78.28430687289679,2.499004262607413,94,0.7316132764605099
anti_reasons,11001111101111001101111101111001101101111111111100011101100110011111111101111110001111101110111011011001100110011111011101110111111011011111111011111011011111111001101101100111100011111110011001100111110111110011110011000110110110111110011111011110111011011111011110011000110111110110111101110111101100110111110011111011011011011011011110011101111101101111111100111101100110111011110011101101111100110110011,92.0298314139041,82.52855695967955,76.84492275450458,3.2702080971553342,94,0.7316914536037782
anti_reasons,11011111101101101111101111101111111101101111111111011111100111101111101101111110111011011000110110110011001100110110110001101100111011110011111111111011011001101100111101100110110011011011001111111111110110110111001101100111110110011000110111110111111011011111110110011001110110110111111101101101111110110011111011111011111011011011111111011100110110111111111101111100011110011011001111111111101100110011111,91.9975538365839,82.57605183347431,74.02849255471088,4.133153687600808,94,0.7317855573277436
anti_reasons,11011111101101101101101111101111111100110111110001111110110111111111111110111011110011111000110110011011011000110110000111110110111011011111111111111011011011111001101101100111110011011111001111110111110110110111111111100111011011011110111111110110111011110111110110110001111100111101111100111101111101100110111111111011111011111110111110001100110111101111111100111100110110111011011011111011101111000011011,91.99127660746652,83.37815581169092,77.18232064115537,3.2102983403138956,94,0.7318038582872697
anti_reasons,11011111101101101101101111111101111111001111110001111111100110001111111110111110110011111001100011110111011000110110111101110110111011011111011110111011011001111000111101100111100011110110011111110111110110110111001101101100011110001110011111111011111011111111011011110001110110110111101101101101101111100110111111111110111111111110011110110001100111100110111100111100110110111110011011101101101100111110011,91.98852178549153,81.63634103013699,73.66972494582367,3.4959443025910044,94,0.7318118898382171
anti_reasons,11011111101111001111101111101101111100110111110001111110011111111111100110110011001111101110110011011011011000110110111100111100111110011011111111111110011001111101101100110111111110111011001111110110110110110011111111100111011011011110111111011011111011011111011011110001100110110111111101101111111100110110111110110110110111011011111110011000110110111111111100111100011011011011001111111111101100110110111,91.88614661357917,82.25331319303552,75.07601742317675,4.495686464864666,94,0.7321103597271744
anti_reasons,11011111101101101101101111101111111100110111110001111110110111111111111110111011011011101100110110011111011000110110110000111100111011011111011111111011011001111001101100110111110011011111011011000110110110110011111111100111011011011110111111011110111011110111110110110001111100110111101101101101111101100110111011111110110111111110111110001100110110111111111100111100110110111011110011101111101111000110011,91.82104145030344,82.456944109045,74.77916806170236,4.052180481486553,94,0.7323001706988238
anti_reasons,11011011111011001111001111011011111101111111110111111100110110011111111101110011001101111110011011011001101100011011000110110111111011011111111011111011111111111101101111100110110011111011011001101101110111111111011011101100110110111110110110110110011011011111110110110000110111110110111101111110111100110111110011111011111011011011011110001101110110111101111100111101100111111011110001101101101100110110111,91.81975809403606,83.24810306131829,76.6363059418268,3.5036150001453934,94,0.7323039122622855
anti_reasons,11001111101111001111001101111011111001111111111100011101100110011111111101111110001101101110111011011001100011011110011101110111111011011111111011111011011111111001100110110111100011111110011001100110110111110011110011000110110110111110110111011110111011011111110110011000110111110110111101110111101101110111110011111011011011011011011110011101110111101111111100111101100110111110011011101101101100110110111,91.77557657602648,81.3733684448598,75.72508959836614,3.3872623775857584,94,0.7324327213526924
anti_reasons,11011001101101101101111101111101111101111101110111011100011001111101100111111011001111111110011011011001100110011111000110110111110111110110111110011011011111111111101101100111111100110110011001110111110111111110001111101100110011111110011111011111111011111111011110001100110111110110111101111111110110011011011011011011111110011110011111110011001100110111100111101100110110111110011011101101111100111011011,91.75231874685335,80.40420152166736,73.72112778615394,3.912079833664664,94,0.7325005284348298
anti_reasons,01111011011011011011011011011001111111001111111110011100011110011101100111110011001101111110011011011001100011011111000110111111110110110011111110111110111111111100111111100111111110111110011001101101110111111111011011101100110110110000110110110110110011111011011110110000110111110110111101111110110110110011011111011011111011011011011111001101110110110111110110111100011111110110111001101101101100111110111,91.74172069768314,78.9442521515415,68.87290934333197,4.85712448078868,94,0.732531426537367
anti_reasons,11011111111011011001101111101111111101111111111111101111111110001101101101111011111011111001100011011111011000110110000111111111111110011011110111111011011111111001111101100111111110111111011111111111110110110111001111101100110110000110011011111111111011011011110110110001110110110110111100111101101100111011111110011011111011011011110110001100110111100110110110110110110111110110011011101101101100011011011,91.74066234338865,84.65878055536751,79.95579962729161,2.2844310962247585,94,0.7325345121184004
anti_reasons,11011011111011001111001111011011111101111111110111111100110110011111111101110011001101111110011011011011000110011011000111110111111011011111111011111011111111100111101111100111111110111011001100111101110111111100011011101100110110111110110110110110011011011111110110110000110111110110111101111110111100110111110011111011111011011011011110001101110111101101111100111101100111111110110001101101101100011110111,91.6746643782276,82.98149929784411,76.81253202048389,3.4838973142872702,94,0.7327269260109983
anti_reasons,11011101101101101101111111111001111111001111101100011111100111111111101111111110111011111000110110011001101100011111001100110111111011011111111111111011011111111000110111100111111110110011011011000111110111111111001101100110110111011000111111110110111011011111011110110001110111110111110111110111110110011011110111111011111011011011111011011101110110111111111100111100011110111110110011111011011000110011110,91.64362769731238,83.48590531313447,76.93170909051808,3.3769814292757623,94,0.7328174119611883
anti_reasons,11011111101101101101101111111011111111001111101100001111111111101111111111111011001111111001100011011111011000110110000111110111111011011111111011111011111111100110110110110111110011011111011111110110110111100111011011101100110110001100011111111011111011110111110011011001101100110110111100111111111100111111111111111110111111111011011011001100110111100111111100110110011110111110110011101101101111000110110,91.62279096226587,83.37625421617597,78.98654589901228,2.7536757987032456,94,0.7328781604598662
anti_reasons,01111101101111011011001111111011111111001111101100011111100110011111101101110110001111101100110011011001101100011110111101111111111011011111111011111011011111111000111101100111111100111110001111100111110111110011001101101100110111001100111111011110111011011011110011110001100110110110110111110110111100110011110111111110110111011011011011011100110111100111111100111100110110111110110011101101101100110110111,91.61489350572192,83.14606883526106,78.65150282166397,2.454556914784603,94,0.7329011851145133
anti_reasons,11011111101101101101101111101111111100111101110001101111111111101111001111111110111011111000111110011011011000011110111101110110110111110011111111111011111001111001110111100111110011011111001111110111110110110011011011101100110011011111100111011110111110110111110110000111110110111101111100110111111100111011011111111110111111011111111111011100110111100111110110110110011110111110110011111111001111000011110,91.5921989734386,83.84021260706037,78.10398035499706,3.265846006669123,94,0.7329673499316659
anti_reasons,01111111101111001111101111111011101111110111110001111110011001111101101100111110110011111000111011011110011000110110111101101100111110011011110111111110111110001100111101100110110011111111001111111111110110110011110011101100011011111110111011011011111011011111110110110001111101101101101101101111111101100011111111110110111111111011111110011001110110110111110111111100110110011011001111101111101101100110111,91.59105942131129,79.79785437257479,72.55033323734699,4.829077987164166,94,0.7329706722410749
anti_reasons,11011111101101101111101111101111011101101111111111011111100111111011111001111110111011011001100011011111011000011110110001101100110110110011111111111011011001111001101101100110110011011011011111111111110110110111001101101100110110011000011111111111111011011111011110011001110110110111111100111101111100111011011011111011111011011011111111011100110110110111111101111100011110011011001111111111101100110011111,91.56546042574476,82.87127638789829,76.04529597361251,3.3067728787132933,94,0.7330453048812107
anti_reasons,11011001101101101101111101111011001101111110110011011110011001111111100110110011001101111110011011011001100011011111000110110111111011011111111111111110111011111111101111100111111100110011001101111101110111111110110011101100011110111110110111011110011011011111011110110001101101110110111101111110111100011111110011011011111011111011111011001101111100110111111100111101100110111110111011101111011100110110011,91.36177420153257,83.17445297830547,77.74568790107905,3.304541404421106,94,0.7336391422695843
anti_reasons,01111111101111001101101111111011111101101111101100001111111111111011101101110011001111011000110110110111011000011110110001110111111011011111111011111011011111100110111100110111100011111110011011001110110111110011001111100110110110111000111111011111111011011111110110110001101100110110110111101111111111111011110011111110111111111011011011001100110111101111111100110110110110111110110011101101101100110011011,91.19475903855157,82.27321709070264,77.10499974665044,2.9095295930537204,94,0.7341260669429983
anti_reasons,11001101111011011011001111111011111101101111110111111110110110011101101101111110111011101110111011011001100110011011001101111111011011011111111110111011011111111001100111100110110011111110001100110111110111111110001101100110110110000110011011011110111011011110110110110001110111110110111101110110110110011011011011111011110011011011011110011101110111101111110110111100011111111110110011101101101100011011111,91.178596121652,82.1511876217989,77.383980649973,2.6442907229744206,94,0.7341731891497025
anti_reasons,11001111101111001111011101111011101101111111111100011101100110011101101101111110011011101110111011011011000011011111011101110111111011011111111011111011011111111000111101100111100011111110001101100111110111111100110011000110110110111110011111011110111011011111110110011000110111110110111101110111101101110011110011111011011011011011011110011101111101101111110110111100110110111110011011101101111101110110111,91.14622871868379,81.96075714409987,76.2252992904705,3.243167510047007,94,0.734267554756024
anti_reasons,11011011011011011001101111111011111101111111110111111111100110011111111000111110111011101110111011011011000110011011011001111111011011011111111110111011011111111001101100110110110011111011001101110110110111111100011101100110011110000110011011011011111011011111110110110001110111110110111101110110110110011011011011111011110011011011011110011101110111101111111100111100110111111110011011101101101100011110011,91.12015573989359,81.8802371304528,76.84173844115865,2.569761777214978,94,0.7343435692714473
anti_reasons,11011011101101111011011111011001101101111111110110011100011011011111100111111011001111111110011011011001100011011111000111111111110110011111111011111011111111111110111111100111110110110111011001101111111101110011110011111000111110111100011011011111011011011011011110110000111110110110111101111111111101110011011011011011111011111011011110001101101101101101111101101100110110110110110011101101111111100011111,91.11319480627098,83.08682001779307,75.37864173476972,4.346174690697542,94,0.7343638635385685
anti_reasons,11001111111011001111001111011011111101111111110111111100110110011111111101110011001101111110011011011001100110011011000111110111111011011111111011111011111111111101100110110111111110111011011001101100110111111111011011100110110110111110110110110111011011011111110110110000110111110110111101111110111100110111110011111011111011011011011110001101110111101101111100111101100111111110110001101101101100110011111,91.05331626298221,82.52834384575867,76.14231448325046,3.5130400262162045,94,0.7345384365510723
anti_reasons,11011111101111001111101111101111111100110111110001111110011110011111100110110011001111101110110011011110001100011110111000111100111110110011111111111110011001111101101101100111100011111011001111110111110110110011111111100111011011011110111111011011111011011111110110110001100110110111110111101111100111100110110110110110110111011011111111011001100110111111111100111100110110011011001111111011101100110110111,91.05171116254182,82.1887986859774,75.42259274399612,3.894573631339248,94,0.7345431161441929
anti_reasons,11011111101101101101101111111011111101101111111100011001111111101101101111111011111011011000110110011111011000110110000110111100111111011111111011111011011001101111110111100111110011011111011011000111110110110011001111100110110110011001100111011011111110110111110110110001110110110111111100111111111100111011111110111110111111011111011110001100110110111111110111110110011011111011110011111101101111000110011,91.04205711425122,82.22095375498293,76.00469709160676,3.3162055199296296,94,0.7345712620575766
anti_reasons,11011111101101101101111111111001111111001111111100011001111111111001111001111110111011101101100110110111011000110111111101100110111110110011011111111011011001111001111100110111100011110111011111111110110110110111001111100110110111001110111111111011111011111111011110011101110110110111100110110111111110111011111111111011110011011011110111011100110110111111100111110110110110110110110011101101111001100110110,90.92133823584874,80.75724477636842,74.49197360618444,3.047862168834248,94,0.7349232121403827
anti_reasons,11011011101111011001101111011011101101111111110110001100011011011111101101111011001111111110011011011001100011011110000110111111111111011111111011111011111111111111111111100111110110111111011001101101111101110011110011111000111110111100011011011110011011011011110011011000111110110110111101111111111101110011110011011011111011111011011110001111000110111101111101110110110110111110110011101101101111100110011,90.91213941569623,83.66893232050472,77.09764284997544,3.4892653443514727,94,0.7349500308580285
anti_reasons,11011001101111001101101101111011001101111110110001101110011110011111100110111011001101111110011011011001100011011110000111110111111011011111111110111110111011111101101111100111111100111011011001111101111101111110110011101100011110111110110111011110011011011111011110110001101111110110111101111110111100011111110011011011111011111011011011001101110111100111111100110111100110111110111011101101101100111011011,90.82001741660422,82.75052647824724,76.56728041424756,3.098313259215369,94,0.7352186081148565
anti_reasons,11011001101111001101111101111101111101101111110011111100011011111111100110111011001101111110110011011001100110011111000111110111110110110110111111011110011111100111101101100111111100111110011001110111110111111110001111101100011110011110110111011110111011111111011110001100110111110110111101111111110110110011011011011011111110011110110111110001111101100111101100111100011011110110111011101101111100111110011,90.75021995023303,79.87344900112824,73.27446826678262,3.6312473350783434,94,0.7354220992704577
anti_reasons,11011111011011011011001111011011111111001110111111111111100111111111111000111110111001101110111011011001101100011110111000111111110011011111111011111011011111111001101100110111100011111110011001100110110111111110001101101100011110011000110011011110111011011011110011110001110110110111111101110111110110011011011111111110110111011011011011011100110110110111111101111100011111111110011011111101101100011110111,90.73219858496593,82.60606016335717,77.88757183032916,2.552662165893202,94,0.7354746396939769
anti_reasons,11011011111011001111011111011001101101111111110110011110110011011111100111111011001101111110011011011001100011011111000111110111110111011111111011111011111111111111101110110111100011111111011001101100111101111110110011111000111110111100110011011110011011011011011110011000111110110110111101111111111101110111011011011110111111111011011110001111001101101101111101101101100111111110011011101101111101100011111,90.71015789184526,82.19247521578765,74.19495492147841,4.658082349162287,94,0.7355388982745037
anti_reasons,11011111101101101111001111101111111101101111110001111110110111111111100111111011011011101110110011011001101100110110111101110110111011110011111111111011011110011101101101100111111100110110001100111111110110110110001111101100110110011100011011011111111011011011110110110001110110110111111101101111111101100011111110110110110111011110110111011000110111100111101100111100011110111110110011111101101100011011111,90.6516269546486,83.52405862294479,78.64766394906918,2.386716543263377,94,0.7357095424062723
anti_reasons,11011011001111001111011111011111111101111111110001111100011011011111100110110011001111111110011011011001100011011111000111110111011111011111111110111011011110011111101101100111111110111011001101101111110111111111001111101100011111111101100110110111111011011011110110011000110110110110110111111111110110011011011011011011111011011011011110110011101101100110111101101100110110111110011011001101111100011011111,90.57300867975796,80.83358721060584,71.99519638677565,4.704856801546828,94,0.7359387502047873
anti_reasons,11011111101101101101111111101111111100111111110111001111111111101111001111111110111001111001100110110001111000110111110001110110111110110011011111111011111001101101110110110111110011011111011111110110110110110111001111100111110110011110110111111011111110110111110110110001110110110111101100111101111110111011111011111110111111011111110111011100110111101111100110110110110110110110001111101101111011000110110,90.54731038108022,83.00505418336016,75.52191186474776,3.791802418541779,94,0.7360136723583667
anti_reasons,11011111011011011001111111011001111101111111110111111110011110011101100111111011001101101110111011011001101100011111011001111111011111011111111111111011011111111100111101100111100011111111011001100111110111111110011011100011110110111100110011011110111011111110011110000110110111110110111101111110110110011111011011011011110011011011111110001111000111101111110110111101100111111011110011101111011001100011011,90.54556402491332,82.03757308684645,73.47556453746535,4.1876071819062926,94,0.7360187637757629
anti_reasons,01101111011011011011001111111011111101101111110111111110110110011111111001111110111011101110111011011001100110011011011001111111011011011111111110111011011111111001101100110110110011111011001100110110110111110011001101100110110110011100111011011110111011011110110011110001110111110110110111110110110110011011011011111011110011011011011110011101110111101111111100111100011111111110110011101101101100110011111,90.53607008739885,80.86865762629913,75.53180350556974,2.8132676805513066,94,0.7360464428938809
anti_reasons,11001111111001101101101111011011101101111111110011011100011011011101100111111011001111111110110011011001100011011110000111110111110111011111111011111011111111111111101111100111110110110111011001111101110111111110110011111000111110111100011011011110011011011011110110011000111100110110110111111111111101110111011011011011111011111011011110001111000111101101110111101101100111111110110011101101101111110110011,90.49360291889145,82.8764497805064,76.05661413346265,3.8902495908455186,94,0.7361702538807829
anti_reasons,11011011101111001111001111001111111101111111110111011100110110011111111101110011001101111110011011011001100110011011000111110111111011011111111011111011111111111101100111100110110011111110011001101111110111111111011011100110110110111110110110110011011011011111110011110000110111110110111101111110111100110111110011111011111011011011011110001101110111101101111100111101100110111011110001101101101100110110111,90.35284660165823,81.96792994344898,75.97607283491568,3.387566453878482,94,0.7365806221525999
anti_reasons,11011111101111011011001111111001111111111111101111011111111111111011100110111011111001111001100110110111011000011110111100110011110011011111011011111011111111101110110110110110110011111110011111100110110111100111001111100110011110000110110111111110111011011011011110001101110110111101101101101111111110111111011111110110111111011011011011001100110110111111111101111101110110111110011011101101101100110110111,90.3281053920102,82.15477302113334,75.00032625214155,2.5939276827067523,94,0.7366527539591539
anti_reasons,11001111011011001101111111011011111101101111110011111100011011011111101101110011001111101110011011011001100011011111001101110111011111011111111111111011011111111111101101100110110011111110011001101111110111111111001111100011110111011101100110110111111011011011110011011000110110110110110111111111110110011011011011011110110111011011110110011011101101101110111101101100011111111110011011001101111100110011011,90.20516183101574,80.42582637565147,73.12005133589732,4.224552370114055,94,0.7370111899970386
anti_reasons,01101111001111001101111101111011001101111111110111001100011111011111101101110110001101111110011011011001100111011111000110110111111011011111111011111011111111111001100111100111110110111110011001111111110111111110110011100110110110110000110111011011011011011111011110110000110110110110111101110110111100011011110011111110111111011011011110011100111100111111111101100110011110111110110011101101111100110110110,90.01166483232858,81.81319317340268,74.58638384859839,3.547956255253651,94,0.7375753211885464
anti_reasons,11011001101111001101101101111011011101111111110011011100110110011111100111110011001101111110111011011001100011011011000110110111011011011111111111111011011111111111101101100110110011111110011001111111110111111110001101100011110110110000110111011011111011011111011110110000110110110111101101111110110110011011011011011011111011011110111110011001110110111111111101101100011110111011011011101101101100110110011,89.9762392136335,81.30032981361218,73.79774656424416,3.8106765601440187,94,0.7376786028757041
anti_reasons,11011111011011001111001111011001111101111101110111101110111110011111100110111011001111101110111011011001101100011110011001110111011111011111111111111011011111100111101100110111100011111011011001100110110111111110001111100110011011111100011011011110111011111111011110000110110111110110111101111110110110011111011011011011110110011011111110001111000111101111111100110111100111111110110011101111001100110110111,89.92983982238448,82.12021834006904,75.84537716877122,3.5957387057018577,94,0.7378138780688499
anti_reasons,11011111001111011011001111111011011101111111110001111100011110011111100111111011001101101110111011011001101100011110011001111111011111011111111111111011011110000111101100110111100011111110001101100110110111111110001111101100110110111100110011011110111011111110011110001100110111110110111101111110110110011111011011011011110110011011110110001111000111100111101100111101100110111110110011101101101100110110111,89.80941882792315,81.56832718511801,74.6708616588727,4.095712608650073,94,0.7381649596853552
anti_reasons,11011111001111011011001111011011011101111101110111000110011110011111100110111011001111101110110011011001101100011110011001111111011111011111111111111011011111111100110110110111110110111011011001100110110111111110001111100011011011111100011011011110111011111110011110011100110111110110111101111110110110011111011011011011110110011011111110001111000111101111111100111101110110111110110011101111001100111011111,89.7765028132395,80.94882043568849,74.07224918828959,3.429421480409732,94,0.738260924742742
anti_reasons,01101101101111001101101101111011111101111111110011011101100110011111100110110011001101111110111011011001100011011011000111110111011011011111110111111110011111100111101101100110110011111110011001111111110111111110011101100011011110110000110111011011111011011111110110011000110110110111111101111110110110110011011011011110111111011110110110001101100111101111101100111100011110111110111011101101101100110110011,89.65669117330671,80.56968715869615,75.38697230632259,3.448695228329638,94,0.7386102298154323
anti_reasons,01101111101111001101111101111011101101111111110111011100011110011111100111110110001101111110110011011001100111011111000111110011111011011111111011111011111111111001100110110111110110111110011001111100110111111110110011100110110110111110110111011110011011011111110110000110110110110110110111110110111101110111110011110110111111011011011110011100111101101101111101101101100110111110011011101101111100110011110,89.65376654872742,80.92684380133818,75.32070761444541,3.6546211274080433,94,0.7386187564177042
anti_reasons,11001111011011011011011011001111011111001111111111011100011110011111101101110011001101111110110011011001100110011111000111111111110110110011111110111110111111111100111110110111111110111110001101101110110111110011001111101100110110111000110110011111111011111011011011110000110111110110111101111110110110011011011111011011111011011011011111001101110111100111111100111100110111110011111001101101101100111011111,89.43013007660188,79.7921310116669,72.17611421804305,3.875939810643554,94,0.7392707577941636
anti_reasons,11011001111011001101111101111001111101111111110111111100110110011111100111111011001111101110011011011001101100011111011101110111111111011111111110111011011111100110111101100111110110111110011001101111110111110011011011100110110110111100011011011011011011011011011110001100110111110110111101111110111100011111110011011011011011011011011110001111001101101111111100111101100111111011011011101101111100110110011,89.13594793965007,81.45433594865203,74.44143037212271,3.5920776143951163,94,0.7401284316628278
anti_reasons,11001101101111001101101101111011111101111111110011000110110110011111100111110011001101111110111011011001100011011011000111110111011011011111110111111011011111111111101100110110110011111110001101111110110111111110011001100011110110111110110111011011111011011111110110110000110110110111101101111110110110011011011011011110111111011110110110001101100111101111101101101100110110111110001111101101101100011110011,89.10306484702099,80.4787424281348,75.2912698589788,3.193166137131912,94,0.7402243007375482
anti_reasons,11011111111011011011001111101111111101101111110111111110110111111111100111110011001111101110110011011110011000110110111001111110111011110011111111111011011111100111101101100111100011111110001100111111110110110110001111101100110110000110011011011111111011011011110110110001100110110111111100111111110110110110111110011011110011011110110111011000110111100111111100111100011111111011110011111101101100011011111,89.07956198433503,82.80838936687861,78.00991131107975,2.2631839980726762,94,0.7402928222031049
anti_reasons,11001101111011011011001101111011111101101111110111111110110110011111100111111011001101101110011011011001100110011110011101111111111111011111111110111011011111111101101101100111110110111111011001101101110111111110011011100110110110011100110011011011011011011011110011000110110111110110111101111110111100011011110011011011011011011011011110011011000111101111111100111100011111111110011011101101101111100110111,88.5370676987577,80.14993339664495,72.04218970918187,4.2647010965362355,94,0.7418744381960417
anti_reasons,01101111101111001101111101111011101101111111110001111100110011011111111101111110001101111110110011011001101100011111000110110111111011011111111011111011111110011001101111100111110110111110011001111101110111110011110011101100110110111110110111011110011011011111110011011000110110110110111101110110111101110111110011111110111111011011011110011100111100110111111101101101100110111110110011101101111100011011110,88.49544272443518,80.60834645113684,74.93289623879801,3.0487185359701043,94,0.7419957938063114
anti_reasons,11001101101101101101101111101111111111001111101100011111100110011111101110111011111011111001100011011001100110011110001101110111111011011111111111111011011111111001101100110111111110110011011111110110110111111111011001101100011111001100111111111110111011011111110110011001110111110111110111110111100110011011110111111011111011011011111011001101110111100111111100111100110110111110110011111011001100110110011,88.45638011807046,82.70870282491292,78.06220826847027,2.4975462836711513,94,0.7421096789560628
anti_reasons,11011111101101101101101111111101111111001101110001111110110110001101111111111110110011111000110011110011011000110110111101110110111011011111011111111011011001111001101101100111111110110110001111110111110110110111001101100111110011001110011111110110111011111111011110110001110110110111101101101101101111100110111111111011111011110110110110110001100111101110110110111100110110111011110011101101101100111011011,88.35648772234316,80.00833128507571,72.8279346447868,3.211552361391433,94,0.7424009104304864
anti_reasons,11011001101111011001111101111011111101111111110001101100110110011111101101111011001111101110011011011001101100011111011101111111111111011111111110111011011110011101101101100111110110111110001101110111110111111110011011100011110110000110011011011110011011011011110110001100110111110110111101111110111100011011110011011011011011011011011110011011001101101111111100110110110110111011011011101101111100110110011,88.2618704464158,81.42299502876554,74.87082002090743,3.24711223684846,94,0.7426767625468926
anti_reasons,11011001101111011011001101111011111101111111110111001100110110011111100110011011001101101110111011011001101100011110011101111111011011011111111011111011111111111101101111100111100011111111011001100111110111111111011111101100011110111100110111110011111011011110110011011000110111110110111101111110111100110011011011011011110011011011011110001101110111101101111100110110110110111110110011101101101101100110111,88.14203853619462,80.37325196602472,73.49848699285548,3.620689758046513,94,0.7430261267166338
anti_reasons,11001101101111011011011101111011111101111101110111000110110110011111101100011011001101101110011011011001100110011111011101111111011011011111111011111011111111111101101111100111111110111111001101100111110111111111011011101100110011111100110111110110111011011110110110011000110111110110111101111110111100110011011011011011110011011011011110001101111101101101111100111100110110111011011011101101111111100011111,87.96181299704222,79.68718356675036,73.45430668850196,3.8228722479146326,94,0.743551565606291
anti_reasons,11011111101101111011001111101111111101101101110001111110011111111111100110111011011011101110011011011110001110110110111001111110111011110011111111111011011110011101101100110111111100110110001101101110110110110110011111101100011011011100011011011111111011011011110011110001110110110111111101101111110110110110111110110110110111011110110111011000110111100111101100111100011110111110011011111101101100011011111,87.47556800871938,80.07213643806938,73.99451250063923,3.0882173285509626,94,0.7449691894789523
anti_reasons,11011001101101101111001101111011111101111111110001111100110110011111100110011011001101101110011011011001100110011110011101110111011011011111111011111011111110011101101111100110110011110011011001100111110111111111011011101100110110111110110111110110111011011111110011110000110111110110111101111110111100011111011011011011110011011011011110001101110111100111111100111101100110111110011011101101101100110011111,87.42233632519428,80.4903730044341,73.96840990467732,3.5477693688266725,94,0.7451243838915619
anti_reasons,11011001101111011001111101111011111101111111110111011100110011011111100110111011001101101110011011011001100110011111011101111111011011011111111011111011111111100111101110110111111110111111011001100110110111110011011011101100011110000110110111011110111011011111110011011000110111110110111101111110111100011111011011011011110011011011011110001101111101100111111100111101100110111110110011101101111111100011011,87.2495813839918,80.0862671398771,73.91454865568016,3.6532407273742185,94,0.7456280426122688
anti_reasons,11011111111011001111001111101111111100111111110111111110011110011111100110111011011001101110110011011110011000110110110001110110111011110011011111111011011111111101100110110111111100111110001100111110110110110110001111100111011110011100110011011111111011011011110011110001110110110111101100111111101101100110111011110011110011011110110111011000110111101111101100111100110111111110110011101101101100011011111,87.20393910679753,79.64243349343923,73.82483703129363,2.605744179544291,94,0.745761110475809
anti_reasons,01111001101111001101111101111001101101111100110001101110011110011111100110111011001101111110111011011001100011011111000110110111110011011111111111111011111011111101100111100110110011111111011001111101111101111110110011100110011011111110111111011110011011011111011110011001101111110110111101111110111100110111011011011011111011111011111011001101111100111101111100110111100110111110011011101111011101100110011,87.04577232434046,79.62613423697405,73.70412652735851,3.1812894573053025,94,0.7462222381214564
anti_reasons,01101101101111001101101101111011111101111111110011000111100011011111101100110011001101111110111011011001100011011011000111110111011011011111110111111110011111111111101101100110110011111011011001111111110111111110001101100011011110111110110111011011111011011111110110110000110110110111101101111110110110011011011011011011111011011110110110011000110111101111101101100110110110111110001111101101101100110110011,87.004079976441,78.18839663225822,71.940072888142,3.243771228232292,94,0.7463437901561487
